# This file uses centimeters as units for non-parametric coordinates.

mtllib LightWooded2OBJ.mtl
g default
v 3.211758 2.186276 -0.376523
v 3.211758 2.281954 -0.376523
v 3.584391 2.210193 -0.140748
v 3.581189 2.198235 -0.141512
v 3.572439 2.189480 -0.143600
v 3.560487 2.186276 -0.146451
v 3.584611 2.210193 -0.236761
v 3.581406 2.198235 -0.236249
v 3.572648 2.189480 -0.234848
v 3.560685 2.186276 -0.232936
v 3.548334 2.210193 -0.346455
v 3.545409 2.198235 -0.345095
v 3.537417 2.189480 -0.341379
v 3.526500 2.186276 -0.336304
v 3.479110 2.210193 -0.459093
v 3.476539 2.198235 -0.457157
v 3.469514 2.189480 -0.451868
v 3.459918 2.186276 -0.444643
v 3.383716 2.210193 -0.563648
v 3.381539 2.198235 -0.561279
v 3.375593 2.189480 -0.554808
v 3.367470 2.186276 -0.545969
v 3.271489 2.210193 -0.649886
v 3.269777 2.198235 -0.647160
v 3.265100 2.189480 -0.639714
v 3.258710 2.186276 -0.629543
v 3.153416 2.210193 -0.709365
v 3.152307 2.198235 -0.706336
v 3.149279 2.189480 -0.698059
v 3.145141 2.186276 -0.686753
v 3.041053 2.210193 -0.736263
v 3.040813 2.198235 -0.733026
v 3.040156 2.189480 -0.724182
v 3.039259 2.186276 -0.712100
v 2.945400 2.210193 -0.727948
v 2.946432 2.198235 -0.724821
v 2.949250 2.189480 -0.716279
v 2.953099 2.186276 -0.704610
v 2.875820 2.210193 -0.685232
v 2.878273 2.198235 -0.682978
v 2.884975 2.189480 -0.676820
v 2.894129 2.186276 -0.668407
v 2.839124 2.210193 -0.612298
v 2.842327 2.198235 -0.611534
v 2.851077 2.189480 -0.609446
v 2.863029 2.186276 -0.606595
v 2.838904 2.210193 -0.516285
v 2.842110 2.198235 -0.516797
v 2.850867 2.189480 -0.518198
v 2.862830 2.186276 -0.520110
v 2.875182 2.210193 -0.406591
v 2.878107 2.198235 -0.407951
v 2.886099 2.189480 -0.411667
v 2.897016 2.186276 -0.416743
v 2.944405 2.210193 -0.293953
v 2.946977 2.198235 -0.295889
v 2.954001 2.189480 -0.301178
v 2.963598 2.186276 -0.308403
v 3.039799 2.210193 -0.189398
v 3.041976 2.198235 -0.191767
v 3.047923 2.189480 -0.198238
v 3.056046 2.186276 -0.207077
v 3.152026 2.210193 -0.103160
v 3.153738 2.198235 -0.105886
v 3.158416 2.189480 -0.113332
v 3.164806 2.186276 -0.123503
v 3.270099 2.210193 -0.043681
v 3.271208 2.198235 -0.046711
v 3.274237 2.189480 -0.054987
v 3.278374 2.186276 -0.066293
v 3.382462 2.210193 -0.016783
v 3.382702 2.198235 -0.020020
v 3.383359 2.189480 -0.028865
v 3.384256 2.186276 -0.040946
v 3.478115 2.210193 -0.025098
v 3.477083 2.198235 -0.028225
v 3.474265 2.189480 -0.036767
v 3.470416 2.186276 -0.048436
v 3.547695 2.210193 -0.067814
v 3.545242 2.198235 -0.070068
v 3.538541 2.189480 -0.076226
v 3.529386 2.186276 -0.084639
v 3.584391 2.258037 -0.140748
v 3.581189 2.269996 -0.141512
v 3.572439 2.278750 -0.143600
v 3.560487 2.281954 -0.146451
v 3.584611 2.258037 -0.236761
v 3.581406 2.269996 -0.236249
v 3.572648 2.278750 -0.234848
v 3.560685 2.281954 -0.232936
v 3.548334 2.258037 -0.346455
v 3.545409 2.269996 -0.345095
v 3.537417 2.278750 -0.341379
v 3.526500 2.281954 -0.336304
v 3.479110 2.258037 -0.459093
v 3.476539 2.269996 -0.457157
v 3.469514 2.278750 -0.451868
v 3.459918 2.281954 -0.444643
v 3.383716 2.258037 -0.563648
v 3.381539 2.269996 -0.561279
v 3.375593 2.278750 -0.554808
v 3.367470 2.281954 -0.545969
v 3.271489 2.258037 -0.649886
v 3.269777 2.269996 -0.647160
v 3.265100 2.278750 -0.639714
v 3.258710 2.281954 -0.629543
v 3.153416 2.258037 -0.709365
v 3.152307 2.269996 -0.706336
v 3.149279 2.278750 -0.698059
v 3.145141 2.281954 -0.686753
v 3.041053 2.258037 -0.736263
v 3.040813 2.269996 -0.733026
v 3.040156 2.278750 -0.724182
v 3.039259 2.281954 -0.712100
v 2.945400 2.258037 -0.727948
v 2.946432 2.269996 -0.724821
v 2.949250 2.278750 -0.716279
v 2.953099 2.281954 -0.704610
v 2.875820 2.258037 -0.685232
v 2.878273 2.269996 -0.682978
v 2.884975 2.278750 -0.676820
v 2.894129 2.281954 -0.668407
v 2.839124 2.258037 -0.612298
v 2.842327 2.269996 -0.611534
v 2.851077 2.278750 -0.609446
v 2.863029 2.281954 -0.606595
v 2.838904 2.258037 -0.516285
v 2.842110 2.269996 -0.516797
v 2.850867 2.278750 -0.518198
v 2.862830 2.281954 -0.520110
v 2.875182 2.258037 -0.406591
v 2.878107 2.269996 -0.407951
v 2.886099 2.278750 -0.411667
v 2.897016 2.281954 -0.416743
v 2.944405 2.258037 -0.293953
v 2.946977 2.269996 -0.295889
v 2.954001 2.278750 -0.301178
v 2.963598 2.281954 -0.308403
v 3.039799 2.258037 -0.189398
v 3.041976 2.269996 -0.191767
v 3.047923 2.278750 -0.198238
v 3.056046 2.281954 -0.207077
v 3.152026 2.258037 -0.103160
v 3.153738 2.269996 -0.105886
v 3.158416 2.278750 -0.113332
v 3.164806 2.281954 -0.123503
v 3.270099 2.258037 -0.043681
v 3.271208 2.269996 -0.046711
v 3.274237 2.278750 -0.054987
v 3.278374 2.281954 -0.066293
v 3.382462 2.258037 -0.016783
v 3.382702 2.269996 -0.020020
v 3.383359 2.278750 -0.028865
v 3.384256 2.281954 -0.040946
v 3.478115 2.258037 -0.025098
v 3.477083 2.269996 -0.028225
v 3.474265 2.278750 -0.036767
v 3.470416 2.281954 -0.048436
v 3.547695 2.258037 -0.067814
v 3.545242 2.269996 -0.070068
v 3.538541 2.278750 -0.076226
v 3.529386 2.281954 -0.084639
vt 0.386742 0.851838
vt 0.386742 0.785839
vt 0.419630 0.785839
vt 0.419630 0.851838
vt 0.378522 0.851313
vt 0.378522 0.786192
vt 0.386742 0.710436
vt 0.419630 0.710436
vt 0.427850 0.851313
vt 0.427850 0.786192
vt 0.386742 0.901973
vt 0.419630 0.901973
vt 0.378522 0.900423
vt 0.372505 0.849878
vt 0.372505 0.787154
vt 0.378522 0.711371
vt 0.386742 0.633009
vt 0.419630 0.633009
vt 0.427850 0.711371
vt 0.427850 0.900423
vt 0.433868 0.849878
vt 0.433868 0.787154
vt 0.386742 0.931335
vt 0.419630 0.931335
vt 0.378522 0.929186
vt 0.372505 0.896190
vt 0.372505 0.713925
vt 0.378522 0.634340
vt 0.386742 0.561139
vt 0.419630 0.561139
vt 0.427850 0.634340
vt 0.433868 0.713925
vt 0.433868 0.896190
vt 0.427850 0.929186
vt 0.372505 0.637976
vt 0.378522 0.562767
vt 0.386742 0.501859
vt 0.419630 0.501859
vt 0.427850 0.562767
vt 0.433868 0.637976
vt 0.372505 0.567215
vt 0.378522 0.503733
vt 0.427850 0.503733
vt 0.433868 0.567215
vt 0.319663 0.901973
vt 0.319663 0.851838
vt 0.352551 0.851838
vt 0.352551 0.901973
vt 0.311443 0.900423
vt 0.311443 0.851313
vt 0.319663 0.785839
vt 0.352551 0.785839
vt 0.360771 0.900423
vt 0.360771 0.851313
vt 0.319663 0.931335
vt 0.352551 0.931335
vt 0.311443 0.929186
vt 0.305426 0.896190
vt 0.305426 0.849878
vt 0.311443 0.786191
vt 0.319663 0.710436
vt 0.352551 0.710436
vt 0.360771 0.786191
vt 0.360771 0.929186
vt 0.366789 0.896190
vt 0.366789 0.849878
vt 0.305426 0.787154
vt 0.311443 0.711371
vt 0.319663 0.633009
vt 0.352551 0.633009
vt 0.360771 0.711371
vt 0.366789 0.787154
vt 0.305426 0.713925
vt 0.311443 0.634340
vt 0.319663 0.561139
vt 0.352551 0.561139
vt 0.360771 0.634340
vt 0.366789 0.713925
vt 0.305426 0.637976
vt 0.311443 0.562767
vt 0.319663 0.501859
vt 0.352551 0.501859
vt 0.360771 0.562767
vt 0.366789 0.637976
vt 0.305426 0.567215
vt 0.311443 0.503733
vt 0.360771 0.503733
vt 0.366789 0.567215
vt 0.345616 0.010215
vt 0.405065 0.010351
vt 0.246914 0.250066
vt 0.407025 0.002136
vt 0.344301 0.001992
vt 0.447554 0.031730
vt 0.274561 0.033714
vt 0.453337 0.025437
vt 0.271072 0.026210
vt 0.472439 0.072266
vt 0.200089 0.079482
vt 0.480461 0.069620
vt 0.195122 0.072886
vt 0.477588 0.131492
vt 0.130438 0.143031
vt 0.485893 0.132108
vt 0.486333 0.067683
vt 0.457570 0.020831
vt 0.124362 0.137447
vt 0.460165 0.204275
vt 0.072989 0.217792
vt 0.467937 0.207119
vt 0.491973 0.132560
vt 0.065998 0.213400
vt 0.420839 0.282341
vt 0.033663 0.295858
vt 0.427831 0.286733
vt 0.473626 0.209201
vt 0.025892 0.293014
vt 0.119914 0.133359
vt 0.060879 0.210184
vt 0.363391 0.357102
vt 0.016240 0.368641
vt 0.369467 0.362686
vt 0.432949 0.289949
vt 0.007935 0.368025
vt 0.020202 0.290932
vt 0.293740 0.420650
vt 0.021389 0.427867
vt 0.298706 0.427247
vt 0.373915 0.366774
vt 0.013368 0.430513
vt 0.001856 0.367573
vt 0.219268 0.466419
vt 0.046274 0.468403
vt 0.222757 0.473923
vt 0.040491 0.474696
vt 0.007496 0.432450
vt 0.148213 0.489918
vt 0.088764 0.489781
vt 0.149528 0.498141
vt 0.086804 0.497997
vt 0.036258 0.479302
vt 0.526492 0.510219
vt 0.585941 0.510082
vt 0.684642 0.749934
vt 0.524531 0.502003
vt 0.587255 0.501859
vt 0.656995 0.533581
vt 0.484002 0.531597
vt 0.478219 0.525304
vt 0.660485 0.526077
vt 0.731467 0.579350
vt 0.459117 0.572133
vt 0.451096 0.569487
vt 0.736434 0.572753
vt 0.801118 0.642898
vt 0.453968 0.631359
vt 0.445663 0.631975
vt 0.445224 0.567550
vt 0.473986 0.520698
vt 0.807195 0.637314
vt 0.858567 0.717659
vt 0.471391 0.704142
vt 0.463620 0.706986
vt 0.439583 0.632427
vt 0.865559 0.713267
vt 0.897893 0.795725
vt 0.510717 0.782208
vt 0.503726 0.786600
vt 0.457930 0.709068
vt 0.811643 0.633226
vt 0.870677 0.710051
vt 0.905665 0.792881
vt 0.915316 0.868508
vt 0.568166 0.856969
vt 0.562090 0.862553
vt 0.498607 0.789816
vt 0.911354 0.790799
vt 0.923621 0.867892
vt 0.910167 0.927734
vt 0.637816 0.920518
vt 0.632850 0.927114
vt 0.557641 0.866641
vt 0.929701 0.867440
vt 0.918189 0.930380
vt 0.885282 0.968270
vt 0.712289 0.966286
vt 0.708800 0.973790
vt 0.924060 0.932317
vt 0.891065 0.974563
vt 0.842792 0.989648
vt 0.783343 0.989785
vt 0.782028 0.998008
vt 0.895298 0.979169
vt 0.844752 0.997864
vt 0.291490 0.501859
vt 0.291490 0.583022
vt 0.258602 0.583022
vt 0.258602 0.501859
vt 0.299710 0.503036
vt 0.299710 0.583784
vt 0.291490 0.660260
vt 0.258602 0.660260
vt 0.250382 0.503036
vt 0.250382 0.583784
vt 0.299710 0.660425
vt 0.291490 0.726011
vt 0.258602 0.726011
vt 0.250382 0.660425
vt 0.299710 0.725302
vt 0.250382 0.725302
vt 0.203559 0.726011
vt 0.203559 0.644848
vt 0.236447 0.644848
vt 0.236447 0.726011
vt 0.195339 0.724834
vt 0.195339 0.644086
vt 0.203559 0.567610
vt 0.236447 0.567610
vt 0.244667 0.724834
vt 0.244667 0.644086
vt 0.195339 0.567445
vt 0.203559 0.501859
vt 0.236447 0.501859
vt 0.244667 0.567445
vt 0.195339 0.502568
vt 0.244667 0.502568
vn 0.975600 -0.052889 0.213092
vn 0.983601 -0.052814 -0.172454
vn 0.983601 0.052814 -0.172454
vn 0.975599 0.052888 0.213094
vn 0.902174 -0.052902 -0.428117
vn 0.902174 0.052902 -0.428116
vn 0.795832 -0.052975 -0.603196
vn 0.795833 0.052975 -0.603195
vn 0.675687 -0.052999 -0.735281
vn 0.675687 0.053000 -0.735281
vn 0.533940 -0.052975 -0.843861
vn 0.533940 0.052975 -0.843861
vn 0.350518 -0.052903 -0.935061
vn 0.350518 0.052903 -0.935061
vn 0.088898 -0.052817 -0.994639
vn 0.088898 0.052817 -0.994639
vn -0.294599 -0.052888 -0.954156
vn -0.294599 0.052888 -0.954156
vn -0.522498 -0.051063 -0.851110
vn -0.522499 0.051064 -0.851110
vn -0.892137 -0.051064 -0.448869
vn -0.975599 -0.052890 -0.213093
vn -0.975599 0.052890 -0.213093
vn -0.892137 0.051063 -0.448871
vn -0.983601 -0.052819 0.172453
vn -0.983601 0.052819 0.172453
vn -0.902174 -0.052906 0.428116
vn -0.902174 0.052906 0.428116
vn -0.795833 -0.052979 0.603195
vn -0.795833 0.052979 0.603195
vn -0.675687 -0.053001 0.735281
vn -0.675687 0.053001 0.735281
vn -0.533940 -0.052974 0.843861
vn -0.533940 0.052975 0.843861
vn -0.350518 -0.052902 0.935061
vn -0.350518 0.052902 0.935061
vn -0.088899 -0.052817 0.994639
vn -0.088899 0.052817 0.994639
vn 0.294599 -0.052889 0.954156
vn 0.294600 0.052887 0.954156
vn 0.522498 -0.051063 0.851110
vn 0.522499 0.051061 0.851110
vn 0.892136 -0.051066 0.448871
vn 0.892135 0.051066 0.448874
vn 0.022749 -0.999733 -0.004050
vn 0.020697 -0.999776 0.004410
vn 0.000000 -1.000000 0.000000
vn 0.022989 -0.999676 -0.010934
vn 0.021779 -0.999626 -0.016517
vn 0.018973 -0.999607 -0.020646
vn 0.014621 -0.999626 -0.023094
vn 0.008956 -0.999676 -0.023830
vn 0.002117 -0.999733 -0.023009
vn -0.006140 -0.999776 -0.020250
vn -0.014963 -0.999794 -0.013750
vn -0.020697 -0.999776 -0.004410
vn -0.022749 -0.999733 0.004050
vn -0.022989 -0.999676 0.010933
vn -0.021779 -0.999626 0.016516
vn -0.018973 -0.999607 0.020646
vn -0.014621 -0.999626 0.023094
vn -0.008956 -0.999676 0.023830
vn -0.002117 -0.999733 0.023009
vn 0.006140 -0.999776 0.020250
vn 0.014963 -0.999794 0.013750
vn 0.020697 0.999776 0.004411
vn 0.022749 0.999733 -0.004048
vn 0.000000 1.000000 -0.000000
vn 0.022990 0.999676 -0.010931
vn 0.021779 0.999626 -0.016516
vn 0.018973 0.999607 -0.020647
vn 0.014621 0.999626 -0.023095
vn 0.008956 0.999676 -0.023829
vn 0.002117 0.999733 -0.023010
vn -0.006140 0.999776 -0.020252
vn -0.014963 0.999794 -0.013750
vn -0.020697 0.999776 -0.004411
vn -0.022749 0.999733 0.004050
vn -0.022989 0.999676 0.010933
vn -0.021779 0.999626 0.016514
vn -0.018973 0.999607 0.020647
vn -0.014621 0.999626 0.023095
vn -0.008956 0.999676 0.023829
vn -0.002117 0.999733 0.023010
vn 0.006140 0.999776 0.020252
vn 0.014963 0.999794 0.013750
vn 0.513348 -0.851010 0.110709
vn 0.511144 -0.854733 -0.090357
vn 0.942004 -0.265394 0.205415
vn 0.950556 -0.261934 -0.166838
vn 0.681753 -0.716560 0.147496
vn 0.691857 -0.711645 -0.122045
vn 0.464500 -0.857634 -0.220690
vn 0.786129 -0.492656 -0.373217
vn 0.407806 -0.859127 -0.309184
vn 0.692978 -0.493808 -0.525295
vn 0.345772 -0.859573 -0.376265
vn 0.653413 -0.259757 -0.711040
vn 0.477522 -0.708484 -0.519637
vn 0.273696 -0.859129 -0.432421
vn 0.464990 -0.493811 -0.734803
vn 0.180738 -0.857632 -0.481458
vn 0.305599 -0.492657 -0.814799
vn 0.046935 -0.854729 -0.516948
vn 0.086089 -0.261949 -0.961234
vn 0.063272 -0.711637 -0.699693
vn -0.153604 -0.851011 -0.502181
vn -0.284120 -0.265393 -0.921326
vn -0.204460 -0.716559 -0.666887
vn -0.388637 -0.849363 -0.357132
vn -0.505353 -0.258811 -0.823186
vn -0.510436 -0.720723 -0.469057
vn -0.513352 -0.851007 -0.110708
vn -0.862867 -0.258814 -0.434139
vn -0.942002 -0.265400 -0.205416
vn -0.681750 -0.716563 -0.147492
vn -0.511150 -0.854728 0.090359
vn -0.950550 -0.261955 0.166836
vn -0.691857 -0.711645 0.122046
vn -0.464503 -0.857632 0.220691
vn -0.786125 -0.492664 0.373217
vn -0.407809 -0.859126 0.309184
vn -0.692976 -0.493813 0.525294
vn -0.345774 -0.859572 0.376267
vn -0.653411 -0.259765 0.711039
vn -0.477525 -0.708480 0.519640
vn -0.273698 -0.859127 0.432424
vn -0.516332 -0.259894 0.816000
vn -0.377304 -0.708679 0.596167
vn -0.180738 -0.857631 0.481458
vn -0.338951 -0.260440 0.904037
vn -0.247598 -0.709469 0.659810
vn -0.046935 -0.854729 0.516948
vn -0.086090 -0.261947 0.961235
vn -0.063272 -0.711638 0.699692
vn 0.153604 -0.851011 0.502182
vn 0.284120 -0.265394 0.921326
vn 0.204460 -0.716560 0.666887
vn 0.388640 -0.849360 0.357136
vn 0.505353 -0.258811 0.823186
vn 0.510442 -0.720712 0.469066
vn 0.862863 -0.258828 0.434138
vn 0.513347 0.851010 0.110708
vn 0.388637 0.849361 0.357138
vn 0.942002 0.265393 0.205421
vn 0.862858 0.258826 0.434150
vn 0.681753 0.716560 0.147496
vn 0.510437 0.720713 0.469070
vn 0.511144 0.854733 -0.090355
vn 0.691858 0.711645 -0.122045
vn 0.950556 0.261934 -0.166838
vn 0.464500 0.857634 -0.220689
vn 0.786130 0.492656 -0.373215
vn 0.407806 0.859127 -0.309186
vn 0.692978 0.493808 -0.525295
vn 0.345772 0.859573 -0.376267
vn 0.477523 0.708486 -0.519634
vn 0.653412 0.259757 -0.711040
vn 0.273695 0.859129 -0.432421
vn 0.464992 0.493813 -0.734801
vn 0.180738 0.857630 -0.481460
vn 0.305599 0.492658 -0.814799
vn 0.046934 0.854729 -0.516948
vn 0.063272 0.711639 -0.699690
vn 0.086090 0.261948 -0.961235
vn -0.153603 0.851012 -0.502180
vn -0.204459 0.716564 -0.666883
vn -0.284121 0.265392 -0.921327
vn -0.388636 0.849361 -0.357138
vn -0.510432 0.720721 -0.469064
vn -0.505359 0.258815 -0.823181
vn -0.513352 0.851007 -0.110712
vn -0.681750 0.716563 -0.147496
vn -0.862864 0.258813 -0.434145
vn -0.942001 0.265400 -0.205419
vn -0.511150 0.854729 0.090359
vn -0.691857 0.711645 0.122046
vn -0.950550 0.261955 0.166835
vn -0.464503 0.857631 0.220694
vn -0.786125 0.492664 0.373217
vn -0.407808 0.859125 0.309188
vn -0.692975 0.493812 0.525295
vn -0.345772 0.859573 0.376267
vn -0.477523 0.708486 0.519634
vn -0.653411 0.259766 0.711039
vn -0.273696 0.859128 0.432422
vn -0.377303 0.708687 0.596158
vn -0.516332 0.259894 0.816000
vn -0.180738 0.857631 0.481459
vn -0.247597 0.709468 0.659811
vn -0.338952 0.260441 0.904037
vn -0.046934 0.854730 0.516947
vn -0.063271 0.711642 0.699687
vn -0.086090 0.261947 0.961235
vn 0.153603 0.851012 0.502180
vn 0.204459 0.716567 0.666880
vn 0.284122 0.265388 0.921327
vn 0.505361 0.258801 0.823184
s 1
g PaintPad StoolObjects
usemtl lambert7SG
f 3/1/1 7/2/2 87/3/3 83/4/4
f 7/2/2 11/7/5 91/8/6 87/3/3
f 11/7/5 15/17/7 95/18/8 91/8/6
f 15/17/7 19/29/9 99/30/10 95/18/8
f 19/29/9 23/37/11 103/38/12 99/30/10
f 23/195/11 27/196/13 107/197/14 103/198/12
f 27/196/13 31/201/15 111/202/16 107/197/14
f 31/201/15 35/206/17 115/207/18 111/202/16
f 35/55/17 39/45/19 119/48/20 115/56/18
f 39/45/21 43/46/22 123/47/23 119/48/24
f 43/46/22 47/51/25 127/52/26 123/47/23
f 47/51/25 51/61/27 131/62/28 127/52/26
f 51/61/27 55/69/29 135/70/30 131/62/28
f 55/69/29 59/75/31 139/76/32 135/70/30
f 59/75/31 63/81/33 143/82/34 139/76/32
f 63/211/33 67/212/35 147/213/36 143/214/34
f 67/212/35 71/217/37 151/218/38 147/213/36
f 71/217/37 75/222/39 155/223/40 151/218/38
f 75/23/39 79/11/41 159/12/42 155/24/40
f 79/11/43 3/1/1 83/4/4 159/12/44
f 10/89/45 6/90/46 1/91/47
f 14/95/48 10/89/45 1/91/47
f 18/99/49 14/95/48 1/91/47
f 22/103/50 18/99/49 1/91/47
f 26/109/51 22/103/50 1/91/47
f 30/114/52 26/109/51 1/91/47
f 34/121/53 30/114/52 1/91/47
f 38/127/54 34/121/53 1/91/47
f 42/133/55 38/127/54 1/91/47
f 46/138/56 42/133/55 1/91/47
f 50/137/57 46/138/56 1/91/47
f 54/132/58 50/137/57 1/91/47
f 58/126/59 54/132/58 1/91/47
f 62/120/60 58/126/59 1/91/47
f 66/113/61 62/120/60 1/91/47
f 70/108/62 66/113/61 1/91/47
f 74/102/63 70/108/62 1/91/47
f 78/98/64 74/102/63 1/91/47
f 82/94/65 78/98/64 1/91/47
f 6/90/46 82/94/65 1/91/47
f 86/142/66 90/143/67 2/144/68
f 90/143/67 94/147/69 2/144/68
f 94/147/69 98/151/70 2/144/68
f 98/151/70 102/155/71 2/144/68
f 102/155/71 106/161/72 2/144/68
f 106/161/72 110/166/73 2/144/68
f 110/166/73 114/173/74 2/144/68
f 114/173/74 118/179/75 2/144/68
f 118/179/75 122/185/76 2/144/68
f 122/185/76 126/190/77 2/144/68
f 126/190/77 130/191/78 2/144/68
f 130/191/78 134/186/79 2/144/68
f 134/186/79 138/180/80 2/144/68
f 138/180/80 142/174/81 2/144/68
f 142/174/81 146/167/82 2/144/68
f 146/167/82 150/162/83 2/144/68
f 150/162/83 154/156/84 2/144/68
f 154/156/84 158/152/85 2/144/68
f 158/152/85 162/148/86 2/144/68
f 162/148/86 86/142/66 2/144/68
f 5/92/87 6/90/46 10/89/45 9/93/88
f 3/1/1 4/5/89 8/6/90 7/2/2
f 4/5/91 5/14/87 9/15/88 8/6/92
f 9/93/88 10/89/45 14/95/48 13/97/93
f 7/2/2 8/6/90 12/16/94 11/7/5
f 8/6/92 9/15/88 13/27/93 12/16/94
f 13/97/93 14/95/48 18/99/49 17/101/95
f 11/7/5 12/16/94 16/28/96 15/17/7
f 12/16/94 13/27/93 17/35/95 16/28/96
f 17/101/95 18/99/49 22/103/50 21/107/97
f 15/17/7 16/28/96 20/36/98 19/29/9
f 16/28/96 17/35/95 21/41/97 20/36/99
f 21/107/97 22/103/50 26/109/51 25/112/100
f 19/29/9 20/36/98 24/42/101 23/37/11
f 20/118/99 21/107/97 25/112/100 24/119/101
f 25/112/100 26/109/51 30/114/52 29/117/102
f 23/195/11 24/199/101 28/200/103 27/196/13
f 24/119/101 25/112/100 29/117/102 28/125/103
f 29/117/102 30/114/52 34/121/53 33/124/104
f 27/196/13 28/200/103 32/205/105 31/201/15
f 28/125/103 29/117/102 33/124/104 32/131/106
f 33/124/104 34/121/53 38/127/54 37/130/107
f 31/201/15 32/205/105 36/209/108 35/206/17
f 32/131/106 33/124/104 37/130/107 36/136/109
f 37/130/107 38/127/54 42/133/55 41/135/110
f 35/55/17 36/57/108 40/49/111 39/45/19
f 36/136/109 37/130/107 41/135/110 40/141/112
f 41/135/110 42/133/55 46/138/56 45/140/113
f 39/45/21 40/49/114 44/50/115 43/46/22
f 40/49/112 41/58/110 45/59/113 44/50/116
f 45/140/113 46/138/56 50/137/57 49/139/117
f 43/46/22 44/50/115 48/60/118 47/51/25
f 44/50/116 45/59/113 49/67/117 48/60/119
f 49/139/117 50/137/57 54/132/58 53/134/120
f 47/51/25 48/60/118 52/68/121 51/61/27
f 48/60/119 49/67/117 53/73/120 52/68/121
f 53/134/120 54/132/58 58/126/59 57/128/122
f 51/61/27 52/68/121 56/74/123 55/69/29
f 52/68/121 53/73/120 57/79/122 56/74/123
f 57/128/122 58/126/59 62/120/60 61/122/124
f 55/69/29 56/74/123 60/80/125 59/75/31
f 56/74/123 57/79/122 61/85/124 60/80/126
f 61/122/124 62/120/60 66/113/61 65/115/127
f 59/75/31 60/80/125 64/86/128 63/81/33
f 60/129/126 61/122/124 65/115/127 64/123/129
f 65/115/127 66/113/61 70/108/62 69/110/130
f 63/211/33 64/215/128 68/216/131 67/212/35
f 64/123/129 65/115/127 69/110/130 68/116/132
f 69/110/130 70/108/62 74/102/63 73/104/133
f 67/212/35 68/216/131 72/221/134 71/217/37
f 68/116/132 69/110/130 73/104/133 72/111/135
f 73/104/133 74/102/63 78/98/64 77/100/136
f 71/217/37 72/221/134 76/225/137 75/222/39
f 72/111/135 73/104/133 77/100/136 76/105/138
f 77/100/136 78/98/64 82/94/65 81/96/139
f 75/23/39 76/25/137 80/13/140 79/11/41
f 76/105/138 77/100/136 81/96/139 80/106/141
f 6/90/46 5/92/87 81/96/139 82/94/65
f 5/14/87 4/5/91 80/13/141 81/26/139
f 4/5/89 3/1/1 79/11/43 80/13/142
f 85/145/143 86/142/66 162/148/86 161/149/144
f 83/4/4 84/9/145 160/20/146 159/12/44
f 84/9/147 85/21/143 161/33/144 160/20/148
f 86/142/66 85/145/143 89/146/149 90/143/67
f 85/21/143 84/9/147 88/10/150 89/22/149
f 84/9/145 83/4/4 87/3/3 88/10/151
f 90/143/67 89/146/149 93/150/152 94/147/69
f 89/22/149 88/10/150 92/19/153 93/32/152
f 88/10/151 87/3/3 91/8/6 92/19/153
f 94/147/69 93/150/152 97/154/154 98/151/70
f 93/32/152 92/19/153 96/31/155 97/40/154
f 92/19/153 91/8/6 95/18/8 96/31/155
f 98/151/70 97/154/154 101/160/156 102/155/71
f 97/40/154 96/31/155 100/39/157 101/44/156
f 96/31/155 95/18/8 99/30/10 100/39/158
f 102/155/71 101/160/156 105/165/159 106/161/72
f 101/160/156 100/170/157 104/171/160 105/165/159
f 100/39/158 99/30/10 103/38/12 104/43/160
f 106/161/72 105/165/159 109/172/161 110/166/73
f 105/165/159 104/171/160 108/177/162 109/172/161
f 104/203/160 103/198/12 107/197/14 108/204/162
f 110/166/73 109/172/161 113/178/163 114/173/74
f 109/172/161 108/177/162 112/183/164 113/178/163
f 108/204/162 107/197/14 111/202/16 112/208/165
f 114/173/74 113/178/163 117/184/166 118/179/75
f 113/178/163 112/183/164 116/188/167 117/184/166
f 112/208/165 111/202/16 115/207/18 116/210/168
f 118/179/75 117/184/166 121/189/169 122/185/76
f 117/184/166 116/188/167 120/193/170 121/189/169
f 116/64/168 115/56/18 119/48/20 120/53/171
f 122/185/76 121/189/169 125/194/172 126/190/77
f 121/65/169 120/53/170 124/54/173 125/66/172
f 120/53/174 119/48/24 123/47/23 124/54/175
f 126/190/77 125/194/172 129/192/176 130/191/78
f 125/66/172 124/54/173 128/63/177 129/72/176
f 124/54/175 123/47/23 127/52/26 128/63/178
f 130/191/78 129/192/176 133/187/179 134/186/79
f 129/72/176 128/63/177 132/71/180 133/78/179
f 128/63/178 127/52/26 131/62/28 132/71/180
f 134/186/79 133/187/179 137/181/181 138/180/80
f 133/78/179 132/71/180 136/77/182 137/84/181
f 132/71/180 131/62/28 135/70/30 136/77/182
f 138/180/80 137/181/181 141/175/183 142/174/81
f 137/84/181 136/77/182 140/83/184 141/88/183
f 136/77/182 135/70/30 139/76/32 140/83/185
f 142/174/81 141/175/183 145/168/186 146/167/82
f 141/175/183 140/182/184 144/176/187 145/168/186
f 140/83/185 139/76/32 143/82/34 144/87/188
f 146/167/82 145/168/186 149/163/189 150/162/83
f 145/168/186 144/176/187 148/169/190 149/163/189
f 144/219/188 143/214/34 147/213/36 148/220/191
f 150/162/83 149/163/189 153/157/192 154/156/84
f 149/163/189 148/169/190 152/164/193 153/157/192
f 148/220/191 147/213/36 151/218/38 152/224/194
f 154/156/84 153/157/192 157/153/195 158/152/85
f 153/157/192 152/164/193 156/158/196 157/153/195
f 152/224/194 151/218/38 155/223/40 156/226/197
f 158/152/85 157/153/195 161/149/144 162/148/86
f 157/153/195 156/158/196 160/159/148 161/149/144
f 156/34/197 155/24/40 159/12/42 160/20/198
g default
v 3.066332 1.988562 -0.159450
v 3.066332 2.184867 -0.159450
v 3.684700 2.027819 -0.360370
v 3.681578 2.012796 -0.359355
v 3.672683 2.000060 -0.356465
v 3.659374 1.991550 -0.352141
v 3.643672 1.988562 -0.347039
v 3.592348 2.027819 -0.541622
v 3.589690 2.012796 -0.539692
v 3.582128 2.000060 -0.534195
v 3.570804 1.991550 -0.525969
v 3.557447 1.988562 -0.516266
v 3.448505 2.027819 -0.685465
v 3.446574 2.012796 -0.682808
v 3.441078 2.000060 -0.675243
v 3.432852 1.991550 -0.663920
v 3.423150 1.988562 -0.650564
v 3.267252 2.027819 -0.777818
v 3.266237 2.012796 -0.774694
v 3.263349 2.000060 -0.765801
v 3.259024 1.991550 -0.752490
v 3.253922 1.988562 -0.736790
v 3.066332 2.027819 -0.809640
v 3.066332 2.012796 -0.806356
v 3.066332 2.000060 -0.797005
v 3.066332 1.991550 -0.783009
v 3.066332 1.988562 -0.766501
v 2.865413 2.027819 -0.777818
v 2.866429 2.012796 -0.774694
v 2.869318 2.000060 -0.765801
v 2.873643 1.991550 -0.752490
v 2.878744 1.988562 -0.736790
v 2.684160 2.027819 -0.685465
v 2.686091 2.012796 -0.682808
v 2.691587 2.000060 -0.675243
v 2.699814 1.991550 -0.663920
v 2.709518 1.988562 -0.650564
v 2.540318 2.027819 -0.541622
v 2.542975 2.012796 -0.539692
v 2.550541 2.000060 -0.534195
v 2.561863 1.991550 -0.525969
v 2.575218 1.988562 -0.516265
v 2.447966 2.027819 -0.360370
v 2.451089 2.012796 -0.359355
v 2.459983 2.000060 -0.356465
v 2.473295 1.991550 -0.352140
v 2.488995 1.988562 -0.347039
v 2.416142 2.027819 -0.159450
v 2.419429 2.012796 -0.159450
v 2.428778 2.000060 -0.159450
v 2.442773 1.991550 -0.159450
v 2.459282 1.988562 -0.159450
v 2.447966 2.027819 0.041470
v 2.451089 2.012796 0.040455
v 2.459983 2.000060 0.037565
v 2.473295 1.991550 0.033240
v 2.488995 1.988562 0.028139
v 2.540318 2.027819 0.222722
v 2.542975 2.012796 0.220792
v 2.550541 2.000060 0.215295
v 2.561863 1.991550 0.207069
v 2.575218 1.988562 0.197365
v 2.684160 2.027819 0.366565
v 2.686091 2.012796 0.363908
v 2.691587 2.000060 0.356342
v 2.699814 1.991550 0.345020
v 2.709518 1.988562 0.331664
v 2.865413 2.027819 0.458917
v 2.866429 2.012796 0.455794
v 2.869318 2.000060 0.446900
v 2.873643 1.991550 0.433590
v 2.878744 1.988562 0.417889
v 3.066332 2.027819 0.490740
v 3.066332 2.012796 0.487456
v 3.066332 2.000060 0.478104
v 3.066332 1.991550 0.464109
v 3.066332 1.988562 0.447600
v 3.267252 2.027819 0.458917
v 3.266237 2.012796 0.455794
v 3.263349 2.000060 0.446900
v 3.259024 1.991550 0.433590
v 3.253922 1.988562 0.417889
v 3.448505 2.027819 0.366564
v 3.446574 2.012796 0.363908
v 3.441078 2.000060 0.356342
v 3.432852 1.991550 0.345020
v 3.423150 1.988562 0.331664
v 3.592347 2.027819 0.222722
v 3.589690 2.012796 0.220792
v 3.582126 2.000060 0.215295
v 3.570803 1.991550 0.207069
v 3.557446 1.988562 0.197365
v 3.684700 2.027819 0.041470
v 3.681578 2.012796 0.040455
v 3.672683 2.000060 0.037565
v 3.659374 1.991550 0.033240
v 3.643672 1.988562 0.028139
v 3.716523 2.027819 -0.159450
v 3.713240 2.012796 -0.159450
v 3.703887 2.000060 -0.159450
v 3.689893 1.991550 -0.159450
v 3.673384 1.988562 -0.159450
v 3.684700 2.145610 -0.360370
v 3.681578 2.160633 -0.359355
v 3.672683 2.173369 -0.356465
v 3.659374 2.181879 -0.352141
v 3.643672 2.184867 -0.347039
v 3.592348 2.145610 -0.541622
v 3.589690 2.160633 -0.539692
v 3.582128 2.173369 -0.534195
v 3.570804 2.181879 -0.525969
v 3.557447 2.184867 -0.516266
v 3.448505 2.145610 -0.685465
v 3.446574 2.160633 -0.682808
v 3.441078 2.173369 -0.675243
v 3.432852 2.181879 -0.663920
v 3.423150 2.184867 -0.650564
v 3.267252 2.145610 -0.777818
v 3.266237 2.160633 -0.774694
v 3.263349 2.173369 -0.765801
v 3.259024 2.181879 -0.752490
v 3.253922 2.184867 -0.736790
v 3.066332 2.145610 -0.809640
v 3.066332 2.160633 -0.806356
v 3.066332 2.173369 -0.797005
v 3.066332 2.181879 -0.783009
v 3.066332 2.184867 -0.766501
v 2.865413 2.145610 -0.777818
v 2.866429 2.160633 -0.774694
v 2.869318 2.173369 -0.765801
v 2.873643 2.181879 -0.752490
v 2.878744 2.184867 -0.736790
v 2.684160 2.145610 -0.685465
v 2.686091 2.160633 -0.682808
v 2.691587 2.173369 -0.675243
v 2.699814 2.181879 -0.663920
v 2.709518 2.184867 -0.650564
v 2.540318 2.145610 -0.541622
v 2.542975 2.160633 -0.539692
v 2.550541 2.173369 -0.534195
v 2.561863 2.181879 -0.525969
v 2.575218 2.184867 -0.516265
v 2.447966 2.145610 -0.360370
v 2.451089 2.160633 -0.359355
v 2.459983 2.173369 -0.356465
v 2.473295 2.181879 -0.352140
v 2.488995 2.184867 -0.347039
v 2.416142 2.145610 -0.159450
v 2.419429 2.160633 -0.159450
v 2.428778 2.173369 -0.159450
v 2.442773 2.181879 -0.159450
v 2.459282 2.184867 -0.159450
v 2.447966 2.145610 0.041470
v 2.451089 2.160633 0.040455
v 2.459983 2.173369 0.037565
v 2.473295 2.181879 0.033240
v 2.488995 2.184867 0.028139
v 2.540318 2.145610 0.222722
v 2.542975 2.160633 0.220792
v 2.550541 2.173369 0.215295
v 2.561863 2.181879 0.207069
v 2.575218 2.184867 0.197365
v 2.684160 2.145610 0.366565
v 2.686091 2.160633 0.363908
v 2.691587 2.173369 0.356342
v 2.699814 2.181879 0.345020
v 2.709518 2.184867 0.331664
v 2.865413 2.145610 0.458917
v 2.866429 2.160633 0.455794
v 2.869318 2.173369 0.446900
v 2.873643 2.181879 0.433590
v 2.878744 2.184867 0.417889
v 3.066332 2.145610 0.490740
v 3.066332 2.160633 0.487456
v 3.066332 2.173369 0.478104
v 3.066332 2.181879 0.464109
v 3.066332 2.184867 0.447600
v 3.267252 2.145610 0.458917
v 3.266237 2.160633 0.455794
v 3.263349 2.173369 0.446900
v 3.259024 2.181879 0.433590
v 3.253922 2.184867 0.417889
v 3.448505 2.145610 0.366564
v 3.446574 2.160633 0.363908
v 3.441078 2.173369 0.356342
v 3.432852 2.181879 0.345020
v 3.423150 2.184867 0.331664
v 3.592347 2.145610 0.222722
v 3.589690 2.160633 0.220792
v 3.582126 2.173369 0.215295
v 3.570803 2.181879 0.207069
v 3.557446 2.184867 0.197365
v 3.684700 2.145610 0.041470
v 3.681578 2.160633 0.040455
v 3.672683 2.173369 0.037565
v 3.659374 2.181879 0.033240
v 3.643672 2.184867 0.028139
v 3.716523 2.145610 -0.159450
v 3.713240 2.160633 -0.159450
v 3.703887 2.173369 -0.159450
v 3.689893 2.181879 -0.159450
v 3.673384 2.184867 -0.159450
v 2.648052 1.988562 -0.179483
v 2.637885 1.988562 -0.199436
v 2.622051 1.988562 -0.215271
v 2.602098 1.988562 -0.225438
v 2.579979 1.988562 -0.228941
v 2.557860 1.988562 -0.225438
v 2.537908 1.988562 -0.215271
v 2.522074 1.988562 -0.199436
v 2.511907 1.988562 -0.179483
v 2.508404 1.988562 -0.157365
v 2.511907 1.988562 -0.135247
v 2.522074 1.988562 -0.115294
v 2.537908 1.988562 -0.099459
v 2.557860 1.988562 -0.089292
v 2.579979 1.988562 -0.085789
v 2.602098 1.988562 -0.089292
v 2.622051 1.988562 -0.099459
v 2.637885 1.988562 -0.115294
v 2.648052 1.988562 -0.135247
v 2.651555 1.988562 -0.157365
v 2.579979 1.988562 -0.157365
v 3.134749 1.988562 0.310837
v 3.124583 1.988562 0.290884
v 3.108747 1.988562 0.275049
v 3.088795 1.988562 0.264883
v 3.066677 1.988562 0.261379
v 3.044559 1.988562 0.264883
v 3.024606 1.988562 0.275049
v 3.008770 1.988562 0.290884
v 2.998604 1.988562 0.310837
v 2.995101 1.988562 0.332955
v 2.998604 1.988562 0.355073
v 3.008771 1.988562 0.375026
v 3.024606 1.988562 0.390861
v 3.044559 1.988562 0.401028
v 3.066677 1.988562 0.404531
v 3.088795 1.988562 0.401028
v 3.108747 1.988562 0.390861
v 3.124582 1.988562 0.375026
v 3.134749 1.988562 0.355073
v 3.138252 1.988562 0.332955
v 3.066335 0.745773 0.478935
v 3.066677 1.988562 0.332955
v 3.134749 1.988562 -0.655993
v 3.124583 1.988562 -0.675946
v 3.108747 1.988562 -0.691781
v 3.088795 1.988562 -0.701947
v 3.066677 1.988562 -0.705450
v 3.044559 1.988562 -0.701947
v 3.024606 1.988562 -0.691781
v 3.008770 1.988562 -0.675946
v 2.998604 1.988562 -0.655993
v 2.995101 1.988562 -0.633875
v 2.998604 1.988562 -0.611756
v 3.008771 1.988562 -0.591803
v 3.024606 1.988562 -0.575969
v 3.044559 1.988562 -0.565802
v 3.066677 1.988562 -0.562299
v 3.088795 1.988562 -0.565802
v 3.108747 1.988562 -0.575969
v 3.124582 1.988562 -0.591804
v 3.134749 1.988562 -0.611756
v 3.138252 1.988562 -0.633875
v 3.066335 0.745773 -0.779855
v 3.066677 1.988562 -0.633875
v 3.623714 1.988562 -0.179483
v 3.613548 1.988562 -0.199436
v 3.597713 1.988562 -0.215271
v 3.577761 1.988562 -0.225438
v 3.555642 1.988562 -0.228941
v 3.533524 1.988562 -0.225438
v 3.513570 1.988562 -0.215271
v 3.497736 1.988562 -0.199436
v 3.487569 1.988562 -0.179483
v 3.484066 1.988562 -0.157365
v 3.487569 1.988562 -0.135247
v 3.497737 1.988562 -0.115294
v 3.513570 1.988562 -0.099459
v 3.533524 1.988562 -0.089292
v 3.555642 1.988562 -0.085789
v 3.577761 1.988562 -0.089292
v 3.597713 1.988562 -0.099459
v 3.613547 1.988562 -0.115294
v 3.623714 1.988562 -0.135247
v 3.627217 1.988562 -0.157365
v 3.702955 0.745773 -0.159450
v 3.555642 1.988562 -0.157365
v 2.488277 0.768321 -0.176613
v 2.483673 0.756856 -0.175578
v 2.474011 0.748714 -0.172766
v 2.433362 0.745773 -0.159329
v 2.480396 0.768513 -0.192132
v 2.476232 0.756975 -0.190119
v 2.467774 0.748749 -0.184697
v 2.468119 0.768812 -0.204449
v 2.464669 0.757163 -0.201621
v 2.458156 0.748805 -0.194034
v 2.452645 0.769187 -0.212361
v 2.450137 0.757401 -0.208958
v 2.446168 0.748877 -0.199868
v 2.435491 0.769598 -0.215090
v 2.434075 0.757666 -0.211425
v 2.433043 0.748957 -0.201669
v 2.418329 0.769993 -0.212369
v 2.418065 0.757927 -0.208799
v 2.420093 0.749036 -0.199330
v 2.402844 0.770339 -0.204463
v 2.403667 0.758160 -0.201363
v 2.408563 0.749107 -0.193163
v 2.390553 0.770610 -0.192144
v 2.392271 0.758345 -0.189860
v 2.399509 0.749165 -0.183826
v 2.382661 0.770784 -0.176619
v 2.384963 0.758464 -0.175417
v 2.393727 0.749202 -0.172228
v 2.379941 0.770840 -0.159408
v 2.382439 0.758503 -0.159429
v 2.391711 0.749214 -0.159444
v 2.382660 0.770772 -0.142197
v 2.384941 0.758456 -0.143434
v 2.393649 0.749199 -0.146635
v 2.390552 0.770589 -0.126673
v 2.392235 0.758330 -0.128973
v 2.399384 0.749161 -0.134971
v 2.402841 0.770310 -0.114355
v 2.403631 0.758140 -0.117449
v 2.408439 0.749102 -0.125555
v 2.418324 0.769959 -0.106450
v 2.418042 0.757904 -0.109998
v 2.420017 0.749029 -0.119328
v 2.435485 0.769561 -0.103731
v 2.434072 0.757642 -0.107369
v 2.433042 0.748949 -0.116972
v 2.452641 0.769151 -0.106462
v 2.450153 0.757379 -0.109844
v 2.446239 0.748870 -0.118802
v 2.468115 0.768781 -0.114374
v 2.464697 0.757144 -0.117200
v 2.458268 0.748799 -0.124700
v 2.480392 0.768491 -0.126693
v 2.476259 0.756962 -0.128722
v 2.467885 0.748745 -0.134113
v 2.488276 0.768310 -0.142211
v 2.483690 0.756849 -0.143279
v 2.474079 0.748712 -0.146102
v 2.490993 0.768259 -0.159412
v 2.486247 0.756816 -0.159432
v 2.476196 0.748702 -0.159445
v 3.121769 0.769194 0.458175
v 3.118419 0.757406 0.460647
v 3.109470 0.748878 0.464555
v 3.097196 0.745773 0.468907
v 3.113488 0.768826 0.441974
v 3.110692 0.757172 0.445371
v 3.103203 0.748808 0.451794
v 3.092847 0.745773 0.459673
v 3.100593 0.768534 0.429118
v 3.098589 0.756989 0.433227
v 3.093210 0.748753 0.441595
v 3.085729 0.745773 0.452242
v 3.084348 0.768351 0.420864
v 3.083301 0.756874 0.425423
v 3.080490 0.748719 0.435026
v 3.076566 0.745773 0.447446
v 3.066340 0.768293 0.418020
v 3.066338 0.756838 0.422737
v 3.066335 0.748708 0.432777
v 3.066335 0.745773 0.445827
v 3.048333 0.768353 0.420864
v 3.049378 0.756875 0.425439
v 3.052200 0.748720 0.435088
v 3.056143 0.745773 0.447571
v 3.032088 0.768538 0.429117
v 3.034105 0.756991 0.433254
v 3.039534 0.748754 0.441696
v 3.047089 0.745773 0.452446
v 3.019194 0.768830 0.441973
v 3.022020 0.757175 0.445398
v 3.029610 0.748809 0.451896
v 3.040107 0.745773 0.459880
v 3.010913 0.769200 0.458174
v 3.014310 0.757409 0.460663
v 3.023400 0.748879 0.464619
v 3.063910 0.745773 0.494238
v 3.008057 0.769606 0.476136
v 3.011715 0.757672 0.477537
v 3.021467 0.748958 0.478561
v 3.010905 0.769998 0.494102
v 3.014469 0.757930 0.494360
v 3.023934 0.749037 0.492329
v 3.019181 0.770343 0.510313
v 3.022279 0.758162 0.509491
v 3.030477 0.749108 0.504596
v 3.032076 0.770615 0.523179
v 3.034362 0.758348 0.521469
v 3.040401 0.749166 0.514234
v 3.048326 0.770790 0.531441
v 3.049538 0.758469 0.529148
v 3.052735 0.749203 0.520388
v 3.066341 0.770854 0.534287
v 3.066338 0.758512 0.531799
v 3.066335 0.749217 0.522529
v 3.084356 0.770788 0.531441
v 3.083144 0.758468 0.529167
v 3.079958 0.749203 0.520459
v 3.100607 0.770611 0.523180
v 3.098336 0.758345 0.521500
v 3.092353 0.749165 0.514347
v 3.113501 0.770338 0.510313
v 3.110439 0.758159 0.509522
v 3.102347 0.749108 0.504708
v 3.121777 0.769992 0.494102
v 3.118263 0.757926 0.494379
v 3.108944 0.749036 0.492397
v 3.124624 0.769600 0.476136
v 3.121020 0.757668 0.477538
v 3.111428 0.748957 0.478561
v 3.124278 0.770015 -0.795832
v 3.120728 0.757942 -0.796098
v 3.111267 0.749040 -0.794070
v 3.098508 0.745773 -0.790309
v 3.115627 0.770361 -0.812775
v 3.112541 0.758174 -0.811967
v 3.104345 0.749112 -0.807078
v 3.093387 0.745773 -0.799509
v 3.102151 0.770633 -0.826223
v 3.099870 0.758361 -0.824530
v 3.093833 0.749170 -0.817302
v 3.085816 0.745773 -0.806668
v 3.085168 0.770811 -0.834857
v 3.083956 0.758483 -0.832585
v 3.080755 0.749207 -0.823833
v 3.076527 0.745773 -0.811225
v 3.066341 0.770877 -0.837831
v 3.066338 0.758528 -0.835365
v 3.066335 0.749222 -0.826102
v 3.066335 0.745773 -0.812839
v 3.047514 0.770812 -0.834857
v 3.048714 0.758484 -0.832603
v 3.051893 0.749208 -0.823901
v 3.056098 0.745773 -0.811360
v 3.030532 0.770637 -0.826222
v 3.032784 0.758363 -0.824559
v 3.038759 0.749171 -0.817411
v 3.046695 0.745773 -0.806885
v 3.017055 0.770365 -0.812775
v 3.020094 0.758177 -0.811995
v 3.028177 0.749113 -0.807185
v 3.038987 0.745773 -0.799723
v 3.008405 0.770021 -0.795831
v 3.011893 0.757945 -0.796115
v 3.021203 0.749042 -0.794135
v 3.033759 0.745773 -0.790440
v 3.005426 0.769630 -0.777052
v 3.009005 0.757687 -0.778455
v 3.018587 0.748963 -0.779480
v 3.031631 0.745773 -0.779855
v 3.008410 0.769224 -0.758278
v 3.011736 0.757425 -0.760745
v 3.020674 0.748884 -0.764653
v 3.032951 0.745773 -0.769008
v 3.017066 0.768855 -0.741343
v 3.019839 0.757191 -0.744730
v 3.027319 0.748813 -0.751151
v 3.037675 0.745773 -0.759033
v 3.030541 0.768563 -0.727904
v 3.032527 0.757007 -0.731999
v 3.037897 0.748758 -0.740363
v 3.045379 0.745773 -0.751012
v 3.047521 0.768377 -0.719277
v 3.048554 0.756890 -0.723818
v 3.051359 0.748724 -0.733415
v 3.055282 0.745773 -0.745837
v 3.066340 0.768317 -0.716304
v 3.066338 0.756852 -0.721002
v 3.066335 0.748713 -0.731035
v 3.066335 0.745773 -0.744086
v 3.085161 0.768375 -0.719277
v 3.084116 0.756889 -0.723834
v 3.081292 0.748724 -0.733475
v 3.077348 0.745773 -0.745959
v 3.102140 0.768559 -0.727905
v 3.100130 0.757004 -0.732025
v 3.094702 0.748758 -0.740461
v 3.087145 0.745773 -0.751211
v 3.115616 0.768850 -0.741343
v 3.112801 0.757187 -0.744757
v 3.105214 0.748813 -0.751250
v 3.094716 0.745773 -0.759234
v 3.124270 0.769218 -0.758278
v 3.120888 0.757421 -0.760762
v 3.111803 0.748883 -0.764716
v 3.099329 0.745773 -0.769134
v 3.127254 0.769624 -0.777053
v 3.123612 0.757683 -0.778456
v 3.113865 0.748962 -0.779480
v 3.100599 0.745773 -0.779855
v 3.758131 0.770829 -0.178301
v 3.755889 0.758496 -0.177118
v 3.747189 0.749212 -0.173949
v 3.734645 0.745773 -0.169747
v 3.749467 0.770656 -0.195344
v 3.747815 0.758376 -0.193107
v 3.740669 0.749175 -0.187138
v 3.730141 0.745773 -0.179201
v 3.735972 0.770386 -0.208868
v 3.735206 0.758191 -0.205843
v 3.730400 0.749117 -0.197764
v 3.722937 0.745773 -0.186952
v 3.718969 0.770040 -0.217549
v 3.719266 0.757958 -0.214074
v 3.717295 0.749046 -0.204769
v 3.713600 0.745773 -0.192211
v 3.700126 0.769648 -0.220538
v 3.701542 0.757699 -0.216975
v 3.702578 0.748966 -0.207398
v 3.702955 0.745773 -0.194354
v 3.681286 0.769237 -0.217544
v 3.683766 0.757434 -0.214235
v 3.687686 0.748886 -0.205305
v 3.692044 0.745773 -0.193030
v 3.664292 0.768863 -0.208859
v 3.667692 0.757196 -0.206103
v 3.674122 0.748815 -0.198634
v 3.682008 0.745773 -0.188282
v 3.650807 0.768564 -0.195337
v 3.654913 0.757007 -0.193369
v 3.663284 0.748759 -0.188011
v 3.673936 0.745773 -0.180534
v 3.642151 0.768372 -0.178298
v 3.646701 0.756887 -0.177282
v 3.656302 0.748723 -0.174490
v 3.668725 0.745773 -0.170572
v 3.639168 0.768304 -0.159412
v 3.643874 0.756845 -0.159432
v 3.653909 0.748710 -0.159445
v 3.666958 0.745773 -0.159450
v 3.642152 0.768361 -0.140526
v 3.646716 0.756880 -0.141586
v 3.656358 0.748721 -0.144418
v 3.668839 0.745773 -0.148365
v 3.650811 0.768542 -0.123487
v 3.654939 0.756993 -0.125511
v 3.663375 0.748755 -0.130945
v 3.674123 0.745773 -0.138502
v 3.664296 0.768832 -0.109964
v 3.667718 0.757176 -0.112791
v 3.674214 0.748809 -0.120382
v 3.682198 0.745773 -0.130879
v 3.681291 0.769201 -0.101278
v 3.683784 0.757411 -0.104673
v 3.687743 0.748879 -0.113761
v 3.692163 0.745773 -0.126235
v 3.700130 0.769611 -0.098282
v 3.701545 0.757674 -0.101937
v 3.702578 0.748959 -0.111689
v 3.702955 0.745773 -0.124955
v 3.718973 0.770006 -0.101270
v 3.719254 0.757936 -0.104833
v 3.717237 0.749039 -0.114302
v 3.713479 0.745773 -0.127063
v 3.735975 0.770357 -0.109950
v 3.735182 0.758172 -0.113052
v 3.730304 0.749111 -0.121258
v 3.722738 0.745773 -0.132222
v 3.749468 0.770635 -0.123473
v 3.747789 0.758363 -0.125771
v 3.740571 0.749170 -0.131822
v 3.729939 0.745773 -0.139845
v 3.758132 0.770818 -0.140515
v 3.755873 0.758489 -0.141745
v 3.747128 0.749209 -0.144960
v 3.734520 0.745773 -0.149195
v 3.761117 0.770892 -0.159408
v 3.758662 0.758538 -0.159429
v 3.749403 0.749225 -0.159444
v 3.736136 0.745773 -0.159450
vt 0.126968 0.528018
vt 0.126968 0.471371
vt 0.166924 0.471371
vt 0.166924 0.528018
vt 0.121872 0.528335
vt 0.121872 0.471974
vt 0.126968 0.426415
vt 0.166924 0.426415
vt 0.172020 0.528335
vt 0.172020 0.471974
vt 0.126968 0.590812
vt 0.166924 0.590812
vt 0.121872 0.590812
vt 0.117552 0.529238
vt 0.117552 0.473692
vt 0.121872 0.427245
vt 0.172020 0.427245
vt 0.172020 0.590812
vt 0.176340 0.529238
vt 0.176340 0.473692
vt 0.126968 0.653606
vt 0.166924 0.653606
vt 0.121872 0.653289
vt 0.117552 0.590812
vt 0.117552 0.429610
vt 0.176340 0.429610
vt 0.176340 0.590812
vt 0.172020 0.653289
vt 0.126968 0.710254
vt 0.166924 0.710254
vt 0.121872 0.709651
vt 0.117552 0.652386
vt 0.114665 0.530590
vt 0.114665 0.590812
vt 0.179227 0.530590
vt 0.179227 0.590812
vt 0.176340 0.652386
vt 0.172020 0.709651
vt 0.126968 0.755210
vt 0.166924 0.755210
vt 0.121872 0.754379
vt 0.117552 0.707933
vt 0.114665 0.651034
vt 0.179227 0.651034
vt 0.176340 0.707933
vt 0.172020 0.754379
vt 0.117552 0.752015
vt 0.176340 0.752015
vt 0.056439 0.710287
vt 0.056439 0.653639
vt 0.096395 0.653639
vt 0.096395 0.710287
vt 0.051343 0.709684
vt 0.051343 0.653322
vt 0.056439 0.590845
vt 0.096395 0.590845
vt 0.101491 0.709684
vt 0.101491 0.653322
vt 0.056439 0.755243
vt 0.096395 0.755243
vt 0.051343 0.754412
vt 0.047022 0.707966
vt 0.047022 0.652419
vt 0.051343 0.590845
vt 0.056439 0.528051
vt 0.096395 0.528051
vt 0.101491 0.590845
vt 0.101491 0.754412
vt 0.105811 0.707966
vt 0.105811 0.652419
vt 0.047022 0.752048
vt 0.047022 0.590845
vt 0.051343 0.528368
vt 0.056439 0.471404
vt 0.096395 0.471404
vt 0.101491 0.528368
vt 0.105811 0.590845
vt 0.105811 0.752048
vt 0.044136 0.651068
vt 0.044136 0.590845
vt 0.047022 0.529271
vt 0.051343 0.472007
vt 0.056439 0.426448
vt 0.096395 0.426448
vt 0.101491 0.472007
vt 0.105811 0.529271
vt 0.108698 0.651068
vt 0.108698 0.590845
vt 0.044136 0.530623
vt 0.047022 0.473725
vt 0.051343 0.427278
vt 0.101491 0.427278
vt 0.105811 0.473725
vt 0.108698 0.530623
vt 0.047022 0.429643
vt 0.105811 0.429643
vt 0.026051 0.008647
vt 0.030901 0.008712
vt 0.033184 0.422569
vt 0.026948 0.422569
vt 0.025727 0.004758
vt 0.030272 0.004798
vt 0.034751 0.008814
vt 0.038133 0.422569
vt 0.020675 0.008626
vt 0.020035 0.422569
vt 0.020681 0.004744
vt 0.024849 0.001996
vt 0.028577 0.002008
vt 0.033867 0.004862
vt 0.015299 0.008643
vt 0.013123 0.422569
vt 0.015633 0.004756
vt 0.020685 0.001992
vt 0.010449 0.008705
vt 0.006887 0.422569
vt 0.011083 0.004794
vt 0.016515 0.001995
vt 0.006599 0.008803
vt 0.001938 0.422569
vt 0.007482 0.004856
vt 0.012768 0.002007
vt 0.437763 0.009288
vt 0.442616 0.009347
vt 0.441720 0.422433
vt 0.435484 0.422433
vt 0.438477 0.005128
vt 0.442991 0.005168
vt 0.447995 0.009366
vt 0.448633 0.422433
vt 0.433913 0.009196
vt 0.430536 0.422433
vt 0.434882 0.005065
vt 0.440363 0.002013
vt 0.443988 0.002026
vt 0.447988 0.005181
vt 0.453373 0.009343
vt 0.455546 0.422433
vt 0.437445 0.001994
vt 0.447983 0.002030
vt 0.452987 0.005165
vt 0.458225 0.009281
vt 0.461782 0.422433
vt 0.451987 0.002025
vt 0.457507 0.005123
vt 0.462075 0.009186
vt 0.466731 0.422433
vt 0.455632 0.002012
vt 0.461108 0.005058
vt 0.458575 0.001992
vt 0.109642 0.008907
vt 0.114705 0.008782
vt 0.161926 0.422533
vt 0.155690 0.422533
vt 0.108869 0.004909
vt 0.113643 0.004829
vt 0.118723 0.008684
vt 0.166875 0.422533
vt 0.104028 0.009045
vt 0.148777 0.422533
vt 0.103590 0.004997
vt 0.107648 0.002016
vt 0.111636 0.001992
vt 0.117439 0.004767
vt 0.098413 0.009178
vt 0.141864 0.422533
vt 0.098327 0.005085
vt 0.103270 0.002043
vt 0.093347 0.009295
vt 0.135628 0.422533
vt 0.093594 0.005164
vt 0.098946 0.002069
vt 0.089325 0.009388
vt 0.130679 0.422533
vt 0.089850 0.005227
vt 0.095098 0.002094
vt 0.092086 0.002113
vt 0.226797 0.008784
vt 0.231861 0.008909
vt 0.185813 0.422532
vt 0.179577 0.422532
vt 0.227868 0.004830
vt 0.232639 0.004909
vt 0.237474 0.009047
vt 0.192726 0.422532
vt 0.222780 0.008684
vt 0.174628 0.422532
vt 0.224072 0.004767
vt 0.229899 0.001992
vt 0.233875 0.002016
vt 0.237912 0.004998
vt 0.243089 0.009180
vt 0.199638 0.422532
vt 0.238232 0.002043
vt 0.243170 0.005086
vt 0.248156 0.009297
vt 0.205874 0.422532
vt 0.242535 0.002069
vt 0.247899 0.005165
vt 0.252177 0.009389
vt 0.210823 0.422532
vt 0.246369 0.002094
vt 0.251642 0.005228
vt 0.249381 0.002113
vt 0.328645 0.009184
vt 0.333940 0.009301
vt 0.291177 0.422531
vt 0.284941 0.422531
vt 0.328728 0.005089
vt 0.333688 0.005168
vt 0.338143 0.009394
vt 0.296126 0.422531
vt 0.322776 0.009052
vt 0.278028 0.422531
vt 0.323215 0.005001
vt 0.328095 0.002069
vt 0.332160 0.002094
vt 0.337614 0.005231
vt 0.316908 0.008914
vt 0.271115 0.422531
vt 0.317685 0.004912
vt 0.323535 0.002043
vt 0.335355 0.002113
vt 0.311616 0.008789
vt 0.264880 0.422531
vt 0.312683 0.004833
vt 0.318920 0.002016
vt 0.307416 0.008690
vt 0.259930 0.422531
vt 0.308703 0.004771
vt 0.314712 0.001992
vt 0.349436 0.009303
vt 0.354731 0.009186
vt 0.398435 0.422531
vt 0.392199 0.422531
vt 0.349679 0.005168
vt 0.354642 0.005090
vt 0.360600 0.009054
vt 0.405348 0.422531
vt 0.345233 0.009395
vt 0.387250 0.422531
vt 0.345753 0.005231
vt 0.351183 0.002094
vt 0.355261 0.002070
vt 0.360162 0.005002
vt 0.366468 0.008916
vt 0.412261 0.422531
vt 0.347987 0.002113
vt 0.359841 0.002043
vt 0.365697 0.004913
vt 0.371761 0.008791
vt 0.418497 0.422531
vt 0.364475 0.002016
vt 0.370702 0.004834
vt 0.375961 0.008691
vt 0.423446 0.422531
vt 0.368695 0.001992
vt 0.374681 0.004771
vt 0.498775 0.009359
vt 0.504102 0.009300
vt 0.505381 0.422430
vt 0.499145 0.422430
vt 0.498406 0.005175
vt 0.503403 0.005135
vt 0.508329 0.009209
vt 0.510330 0.422430
vt 0.492871 0.009380
vt 0.492232 0.422430
vt 0.492877 0.005190
vt 0.497415 0.002026
vt 0.501537 0.002014
vt 0.507383 0.005072
vt 0.486966 0.009355
vt 0.485320 0.422430
vt 0.487350 0.005173
vt 0.492882 0.002030
vt 0.504858 0.001994
vt 0.481640 0.009293
vt 0.479084 0.422430
vt 0.482358 0.005130
vt 0.488355 0.002025
vt 0.477414 0.009199
vt 0.474135 0.422430
vt 0.478383 0.005066
vt 0.484249 0.002012
vt 0.480948 0.001992
vt 0.051956 0.008727
vt 0.057281 0.008662
vt 0.056911 0.422566
vt 0.050675 0.422566
vt 0.052572 0.004807
vt 0.057599 0.004766
vt 0.063184 0.008639
vt 0.063824 0.422566
vt 0.047730 0.008828
vt 0.045726 0.422566
vt 0.048592 0.004870
vt 0.054246 0.002008
vt 0.058472 0.001996
vt 0.063178 0.004751
vt 0.069087 0.008658
vt 0.070737 0.422566
vt 0.063174 0.001992
vt 0.068755 0.004763
vt 0.074412 0.008719
vt 0.076973 0.422566
vt 0.067870 0.001996
vt 0.073779 0.004802
vt 0.078638 0.008818
vt 0.081921 0.422566
vt 0.072081 0.002007
vt 0.077755 0.004864
vt 0.929300 0.514349
vt 0.956248 0.567238
vt 0.775811 0.625866
vt 0.961156 0.565644
vt 0.933475 0.511317
vt 0.965534 0.625866
vt 0.887328 0.472376
vt 0.970694 0.625866
vt 0.890360 0.468202
vt 0.965316 0.564292
vt 0.937014 0.508746
vt 0.956248 0.684494
vt 0.834438 0.445428
vt 0.961156 0.686088
vt 0.836033 0.440521
vt 0.892931 0.464664
vt 0.929300 0.737383
vt 0.775811 0.436142
vt 0.933474 0.740416
vt 0.775811 0.430983
vt 0.837384 0.436361
vt 0.887328 0.779356
vt 0.717183 0.445428
vt 0.890360 0.783530
vt 0.937013 0.742987
vt 0.965316 0.687440
vt 0.715589 0.440521
vt 0.775811 0.426609
vt 0.894649 0.462299
vt 0.838287 0.433582
vt 0.834438 0.806304
vt 0.664294 0.472376
vt 0.836033 0.811211
vt 0.892931 0.787069
vt 0.661261 0.468202
vt 0.714237 0.436361
vt 0.775811 0.423686
vt 0.775811 0.815590
vt 0.622321 0.514349
vt 0.775811 0.820749
vt 0.837384 0.815371
vt 0.618147 0.511317
vt 0.658690 0.464664
vt 0.713334 0.433582
vt 0.717183 0.806304
vt 0.595373 0.567238
vt 0.715589 0.811211
vt 0.775811 0.825123
vt 0.838287 0.818151
vt 0.894649 0.789433
vt 0.590466 0.565644
vt 0.614608 0.508746
vt 0.656972 0.462299
vt 0.664294 0.779356
vt 0.586087 0.625866
vt 0.661261 0.783530
vt 0.714237 0.815371
vt 0.775811 0.828046
vt 0.580927 0.625866
vt 0.586306 0.564292
vt 0.622321 0.737383
vt 0.595373 0.684494
vt 0.618147 0.740416
vt 0.658690 0.787069
vt 0.713334 0.818151
vt 0.590466 0.686088
vt 0.614608 0.742987
vt 0.656972 0.789433
vt 0.586306 0.687440
vt 0.560515 0.687222
vt 0.533567 0.740111
vt 0.380077 0.628595
vt 0.565422 0.688817
vt 0.537741 0.743144
vt 0.491595 0.782084
vt 0.569801 0.628595
vt 0.574961 0.628595
vt 0.569582 0.690168
vt 0.541281 0.745715
vt 0.494627 0.786258
vt 0.438705 0.809033
vt 0.560515 0.569967
vt 0.565422 0.568372
vt 0.497198 0.789797
vt 0.440300 0.813939
vt 0.380077 0.818318
vt 0.533567 0.517078
vt 0.537741 0.514045
vt 0.441651 0.818099
vt 0.380077 0.823478
vt 0.321449 0.809033
vt 0.491595 0.475105
vt 0.494627 0.470931
vt 0.541280 0.511474
vt 0.569582 0.567021
vt 0.498916 0.792161
vt 0.442554 0.820879
vt 0.380077 0.827852
vt 0.319855 0.813939
vt 0.268561 0.782084
vt 0.438705 0.448157
vt 0.440300 0.443250
vt 0.497198 0.467392
vt 0.380077 0.830774
vt 0.318503 0.818099
vt 0.265528 0.786258
vt 0.226588 0.740111
vt 0.380077 0.438871
vt 0.380077 0.433711
vt 0.441651 0.439090
vt 0.317601 0.820879
vt 0.262957 0.789797
vt 0.222414 0.743144
vt 0.199640 0.687222
vt 0.321449 0.448157
vt 0.319855 0.443250
vt 0.380077 0.429337
vt 0.442554 0.436310
vt 0.498916 0.465028
vt 0.261239 0.792161
vt 0.218875 0.745715
vt 0.194733 0.688817
vt 0.190354 0.628595
vt 0.268561 0.475105
vt 0.265528 0.470931
vt 0.318503 0.439090
vt 0.380077 0.426415
vt 0.190573 0.690168
vt 0.185194 0.628595
vt 0.199640 0.569967
vt 0.226588 0.517078
vt 0.222414 0.514045
vt 0.262957 0.467392
vt 0.317601 0.436310
vt 0.194733 0.568372
vt 0.218875 0.511474
vt 0.261239 0.465028
vt 0.190573 0.567021
vt 0.159509 0.788374
vt 0.156331 0.794610
vt 0.138234 0.781462
vt 0.151383 0.799559
vt 0.160603 0.781462
vt 0.145146 0.802737
vt 0.159509 0.774549
vt 0.138234 0.803831
vt 0.156331 0.768313
vt 0.131321 0.802737
vt 0.151383 0.763364
vt 0.125085 0.799559
vt 0.145146 0.760187
vt 0.120136 0.794610
vt 0.138234 0.759092
vt 0.116959 0.788374
vt 0.131321 0.760187
vt 0.115864 0.781462
vt 0.125085 0.763364
vt 0.116959 0.774549
vt 0.120136 0.768313
vt 0.210690 0.863939
vt 0.207513 0.870175
vt 0.189415 0.857026
vt 0.202564 0.875124
vt 0.211785 0.857026
vt 0.196328 0.878301
vt 0.210690 0.850114
vt 0.189415 0.879396
vt 0.207512 0.843878
vt 0.182502 0.878301
vt 0.202564 0.838929
vt 0.176266 0.875124
vt 0.196328 0.835752
vt 0.171317 0.870175
vt 0.189415 0.834657
vt 0.168140 0.863939
vt 0.182502 0.835752
vt 0.167045 0.857026
vt 0.176266 0.838929
vt 0.168140 0.850114
vt 0.171318 0.843878
vt 0.261872 0.863939
vt 0.258694 0.870175
vt 0.240596 0.857026
vt 0.253745 0.875124
vt 0.262966 0.857026
vt 0.247509 0.878301
vt 0.261872 0.850114
vt 0.240596 0.879396
vt 0.258694 0.843878
vt 0.233684 0.878301
vt 0.253745 0.838929
vt 0.227448 0.875124
vt 0.247509 0.835752
vt 0.222499 0.870175
vt 0.240596 0.834657
vt 0.219322 0.863939
vt 0.233684 0.835752
vt 0.218227 0.857026
vt 0.227448 0.838929
vt 0.219322 0.850114
vt 0.222499 0.843878
vt 0.313053 0.863939
vt 0.309876 0.870175
vt 0.291778 0.857026
vt 0.304927 0.875124
vt 0.314148 0.857026
vt 0.298691 0.878302
vt 0.313053 0.850114
vt 0.291778 0.879396
vt 0.309876 0.843878
vt 0.284865 0.878302
vt 0.304927 0.838929
vt 0.278629 0.875124
vt 0.298691 0.835752
vt 0.273681 0.870175
vt 0.291778 0.834657
vt 0.270503 0.863939
vt 0.284865 0.835752
vt 0.269409 0.857026
vt 0.278629 0.838929
vt 0.270503 0.850114
vt 0.273681 0.843878
vt 0.439761 0.850938
vt 0.452466 0.846739
vt 0.450517 0.843010
vt 0.453149 0.850902
vt 0.447510 0.840092
vt 0.452487 0.855072
vt 0.443764 0.838269
vt 0.453160 0.841315
vt 0.449546 0.837721
vt 0.450551 0.858819
vt 0.439662 0.837706
vt 0.445004 0.835427
vt 0.447545 0.861761
vt 0.435614 0.838437
vt 0.439984 0.834657
vt 0.443786 0.863604
vt 0.449555 0.864105
vt 0.453168 0.860504
vt 0.432011 0.840364
vt 0.434980 0.835477
vt 0.439661 0.864176
vt 0.445009 0.866404
vt 0.429181 0.843282
vt 0.430481 0.837801
vt 0.435591 0.863440
vt 0.439984 0.867178
vt 0.427374 0.846907
vt 0.431972 0.861494
vt 0.434973 0.866356
vt 0.426744 0.850902
vt 0.429142 0.858551
vt 0.430469 0.864027
vt 0.427350 0.854905
vt 0.414932 0.846200
vt 0.416291 0.849086
vt 0.406646 0.852220
vt 0.420127 0.847726
vt 0.418168 0.843738
vt 0.408820 0.858606
vt 0.412707 0.843878
vt 0.420739 0.852103
vt 0.415045 0.840550
vt 0.409843 0.842379
vt 0.419963 0.856428
vt 0.411070 0.838497
vt 0.420509 0.841731
vt 0.416726 0.837935
vt 0.406646 0.841873
vt 0.417901 0.860275
vt 0.406646 0.837794
vt 0.411948 0.835496
vt 0.403460 0.842418
vt 0.414777 0.863288
vt 0.402228 0.838517
vt 0.406646 0.834657
vt 0.400631 0.843942
vt 0.410903 0.865198
vt 0.398269 0.840582
vt 0.401346 0.835501
vt 0.398449 0.846265
vt 0.406646 0.865845
vt 0.411899 0.867920
vt 0.416647 0.865523
vt 0.395168 0.843770
vt 0.396573 0.837943
vt 0.397092 0.852193
vt 0.402395 0.865176
vt 0.406647 0.868742
vt 0.393227 0.847746
vt 0.392796 0.841739
vt 0.398540 0.863252
vt 0.401396 0.867914
vt 0.392623 0.852103
vt 0.395439 0.860240
vt 0.396653 0.865514
vt 0.393394 0.856406
vt 0.379984 0.845863
vt 0.381584 0.848738
vt 0.371529 0.852005
vt 0.385572 0.847562
vt 0.383409 0.843497
vt 0.382238 0.852005
vt 0.377617 0.843625
vt 0.386384 0.852122
vt 0.380123 0.840302
vt 0.381841 0.855356
vt 0.374714 0.842201
vt 0.385739 0.856737
vt 0.376036 0.838261
vt 0.380399 0.858450
vt 0.371529 0.841697
vt 0.383680 0.860945
vt 0.371529 0.837551
vt 0.382010 0.838043
vt 0.377036 0.835525
vt 0.378033 0.860957
vt 0.368330 0.842159
vt 0.380395 0.864317
vt 0.367016 0.838239
vt 0.371530 0.834657
vt 0.374971 0.862599
vt 0.365391 0.843557
vt 0.376203 0.866500
vt 0.382091 0.866954
vt 0.386051 0.862974
vt 0.362911 0.840268
vt 0.366022 0.835520
vt 0.371529 0.863184
vt 0.362982 0.845796
vt 0.371529 0.867263
vt 0.377086 0.869514
vt 0.359603 0.843463
vt 0.361043 0.838034
vt 0.368074 0.862637
vt 0.361348 0.848697
vt 0.366849 0.866519
vt 0.371530 0.870399
vt 0.357424 0.847542
vt 0.364979 0.861020
vt 0.360683 0.852005
vt 0.362641 0.864348
vt 0.365972 0.869519
vt 0.356606 0.852122
vt 0.362572 0.858513
vt 0.361095 0.855395
vt 0.359335 0.860976
vt 0.360963 0.866962
vt 0.357258 0.856756
vt 0.356998 0.862983
vt 0.344415 0.846462
vt 0.345823 0.849417
vt 0.335919 0.852635
vt 0.349743 0.848104
vt 0.347706 0.843982
vt 0.346289 0.852635
vt 0.342164 0.844040
vt 0.350435 0.852637
vt 0.344496 0.840661
vt 0.345784 0.855840
vt 0.339246 0.842396
vt 0.349724 0.857164
vt 0.340400 0.838471
vt 0.344352 0.858763
vt 0.335919 0.841726
vt 0.347675 0.861270
vt 0.335801 0.837650
vt 0.345998 0.838136
vt 0.341016 0.835563
vt 0.342101 0.861145
vt 0.332509 0.842140
vt 0.344466 0.864571
vt 0.331146 0.838304
vt 0.335477 0.834657
vt 0.339208 0.862757
vt 0.329372 0.843624
vt 0.340382 0.866746
vt 0.326907 0.840389
vt 0.329922 0.835513
vt 0.335919 0.863416
vt 0.326849 0.846046
vt 0.335801 0.867562
vt 0.341012 0.869705
vt 0.345991 0.867136
vt 0.323520 0.843709
vt 0.324898 0.838054
vt 0.332546 0.863016
vt 0.325221 0.849159
vt 0.331165 0.866915
vt 0.335478 0.870610
vt 0.321338 0.847935
vt 0.320904 0.842034
vt 0.329431 0.861565
vt 0.324668 0.852635
vt 0.326936 0.864845
vt 0.329927 0.869755
vt 0.320590 0.852637
vt 0.326908 0.859182
vt 0.325256 0.856099
vt 0.323549 0.861544
vt 0.324906 0.867218
vt 0.321355 0.857333
vt 0.320912 0.863242
vt 0.046990 0.759125
vt 0.046990 0.815772
vt 0.007033 0.815772
vt 0.007033 0.759125
vt 0.052086 0.759728
vt 0.052086 0.816090
vt 0.046990 0.878567
vt 0.007033 0.878567
vt 0.001938 0.759728
vt 0.001938 0.816090
vt 0.052086 0.878567
vt 0.046990 0.941361
vt 0.007033 0.941361
vt 0.001938 0.878567
vt 0.052086 0.941043
vt 0.046990 0.998008
vt 0.007033 0.998008
vt 0.001938 0.941043
vt 0.052086 0.997405
vt 0.001938 0.997405
vt 0.064091 0.998008
vt 0.064091 0.941361
vt 0.104048 0.941361
vt 0.104048 0.998008
vt 0.058995 0.997405
vt 0.058995 0.941043
vt 0.064091 0.878567
vt 0.104048 0.878567
vt 0.109144 0.997405
vt 0.109144 0.941043
vt 0.058995 0.878567
vt 0.064091 0.815772
vt 0.104048 0.815772
vt 0.109144 0.878567
vt 0.058995 0.816090
vt 0.064091 0.759125
vt 0.104048 0.759125
vt 0.109144 0.816090
vt 0.058995 0.759728
vt 0.109144 0.759728
vt 0.682201 0.415747
vt 0.677365 0.415620
vt 0.724073 0.001992
vt 0.730310 0.001992
vt 0.681122 0.419699
vt 0.676581 0.419618
vt 0.672003 0.415480
vt 0.717161 0.001992
vt 0.671561 0.419528
vt 0.666640 0.415347
vt 0.710248 0.001992
vt 0.666557 0.419439
vt 0.661800 0.415229
vt 0.704012 0.001992
vt 0.662058 0.419361
vt 0.585976 0.006458
vt 0.590815 0.006339
vt 0.634425 0.419705
vt 0.628189 0.419705
vt 0.586222 0.002330
vt 0.590726 0.002250
vt 0.596178 0.006204
vt 0.641338 0.419705
vt 0.595737 0.002161
vt 0.601540 0.006065
vt 0.648250 0.419705
vt 0.600763 0.002072
vt 0.606376 0.005939
vt 0.654486 0.419705
vt 0.605308 0.001992
vt 0.541482 0.415841
vt 0.536405 0.415904
vt 0.537795 0.001992
vt 0.544031 0.001992
vt 0.540856 0.419758
vt 0.536078 0.419797
vt 0.530777 0.415923
vt 0.530882 0.001992
vt 0.530776 0.419809
vt 0.525149 0.415903
vt 0.523969 0.001992
vt 0.525476 0.419796
vt 0.520072 0.415840
vt 0.517734 0.001992
vt 0.520703 0.419757
vt 0.891608 0.006154
vt 0.896686 0.006214
vt 0.895509 0.419297
vt 0.889273 0.419297
vt 0.892323 0.001993
vt 0.897065 0.002034
vt 0.902317 0.006235
vt 0.902422 0.419297
vt 0.902316 0.002049
vt 0.907947 0.006213
vt 0.909334 0.419297
vt 0.907569 0.002033
vt 0.913026 0.006153
vt 0.915570 0.419297
vt 0.912316 0.001992
vt 0.947630 0.415129
vt 0.942322 0.415069
vt 0.943456 0.001992
vt 0.949692 0.001992
vt 0.946917 0.419292
vt 0.941943 0.419251
vt 0.936438 0.415047
vt 0.936543 0.001992
vt 0.936437 0.419235
vt 0.930554 0.415069
vt 0.929630 0.001992
vt 0.930929 0.419250
vt 0.925247 0.415128
vt 0.923395 0.001992
vt 0.925950 0.419291
vt 0.553710 0.005964
vt 0.559016 0.005901
vt 0.558090 0.419804
vt 0.551854 0.419804
vt 0.554330 0.002044
vt 0.559339 0.002005
vt 0.564898 0.005881
vt 0.565003 0.419804
vt 0.564897 0.001992
vt 0.570780 0.005901
vt 0.571916 0.419804
vt 0.570453 0.002005
vt 0.576086 0.005963
vt 0.578152 0.419804
vt 0.575458 0.002043
vt 0.882957 0.415213
vt 0.877643 0.415330
vt 0.833511 0.001992
vt 0.839747 0.001992
vt 0.882718 0.419350
vt 0.877736 0.419429
vt 0.871754 0.415464
vt 0.826598 0.001992
vt 0.872196 0.419517
vt 0.865866 0.415603
vt 0.819685 0.001992
vt 0.866641 0.419607
vt 0.860555 0.415730
vt 0.813449 0.001992
vt 0.861617 0.419688
vt 0.784732 0.005946
vt 0.790043 0.006071
vt 0.743861 0.419694
vt 0.737625 0.419694
vt 0.785801 0.001992
vt 0.790822 0.002072
vt 0.795931 0.006210
vt 0.750773 0.419694
vt 0.796373 0.002161
vt 0.801820 0.006344
vt 0.757686 0.419694
vt 0.801907 0.002250
vt 0.807134 0.006463
vt 0.763922 0.419694
vt 0.806886 0.002330
vn 0.950778 -0.024195 -0.308926
vn 0.808781 -0.024199 -0.587612
vn 0.808781 0.024200 -0.587611
vn 0.950778 0.024195 -0.308926
vn 0.587612 -0.024200 -0.808781
vn 0.587612 0.024201 -0.808781
vn 0.308925 -0.024197 -0.950778
vn 0.308925 0.024197 -0.950779
vn -0.000000 -0.024197 -0.999707
vn -0.000000 0.024197 -0.999707
vn -0.308928 -0.024199 -0.950778
vn -0.308928 0.024199 -0.950778
vn -0.587615 -0.024200 -0.808779
vn -0.587615 0.024200 -0.808779
vn -0.808781 -0.024198 -0.587611
vn -0.808781 0.024198 -0.587611
vn -0.950778 -0.024202 -0.308928
vn -0.950778 0.024202 -0.308928
vn -0.999707 -0.024206 -0.000000
vn -0.999707 0.024206 0.000000
vn -0.950777 -0.024202 0.308928
vn -0.950778 0.024202 0.308928
vn -0.808781 -0.024198 0.587612
vn -0.808781 0.024198 0.587612
vn -0.587614 -0.024199 0.808779
vn -0.587614 0.024199 0.808779
vn -0.308928 -0.024199 0.950778
vn -0.308928 0.024199 0.950778
vn -0.000000 -0.024196 0.999707
vn 0.000000 0.024196 0.999707
vn 0.308926 -0.024196 0.950778
vn 0.308925 0.024196 0.950778
vn 0.587613 -0.024197 0.808780
vn 0.587613 0.024198 0.808780
vn 0.808781 -0.024196 0.587612
vn 0.808781 0.024197 0.587612
vn 0.950777 -0.024193 0.308928
vn 0.950778 0.024193 0.308928
vn 0.999707 -0.024192 0.000000
vn 0.999707 0.024192 -0.000000
vn 0.009231 -0.999935 -0.006705
vn 0.010851 -0.999935 -0.003525
vn 0.000000 -1.000000 -0.000000
vn 0.006707 -0.999935 -0.009230
vn 0.003526 -0.999935 -0.010851
vn 0.000000 -0.999935 -0.011410
vn -0.003526 -0.999935 -0.010851
vn -0.006706 -0.999935 -0.009230
vn -0.009231 -0.999935 -0.006706
vn -0.010851 -0.999935 -0.003526
vn -0.011410 -0.999935 -0.000000
vn -0.010851 -0.999935 0.003525
vn -0.009231 -0.999935 0.006706
vn -0.006706 -0.999935 0.009231
vn -0.003526 -0.999935 0.010851
vn -0.000000 -0.999935 0.011410
vn 0.003526 -0.999935 0.010852
vn 0.006707 -0.999935 0.009230
vn 0.009231 -0.999935 0.006705
vn 0.010851 -0.999935 0.003525
vn 0.011410 -0.999935 0.000000
vn 0.010852 0.999935 -0.003526
vn 0.009231 0.999935 -0.006707
vn 0.000000 1.000000 -0.000000
vn 0.006707 0.999935 -0.009231
vn 0.003526 0.999935 -0.010852
vn -0.000000 0.999935 -0.011410
vn -0.003526 0.999935 -0.010852
vn -0.006707 0.999935 -0.009231
vn -0.009231 0.999935 -0.006708
vn -0.010852 0.999935 -0.003526
vn -0.011411 0.999935 -0.000000
vn -0.010852 0.999935 0.003526
vn -0.009231 0.999935 0.006708
vn -0.006707 0.999935 0.009231
vn -0.003526 0.999935 0.010852
vn -0.000000 0.999935 0.011410
vn 0.003526 0.999935 0.010852
vn 0.006707 0.999935 0.009231
vn 0.009231 0.999935 0.006706
vn 0.010852 0.999935 0.003525
vn 0.011411 0.999935 -0.000000
vn 0.352688 -0.928698 -0.114592
vn 0.300009 -0.928701 -0.217967
vn 0.651507 -0.728510 -0.211688
vn 0.554212 -0.728506 -0.402652
vn 0.869394 -0.405412 -0.282480
vn 0.739551 -0.405398 -0.537324
vn 0.217970 -0.928699 -0.300011
vn 0.402652 -0.728513 -0.554202
vn 0.537311 -0.405407 -0.739555
vn 0.114594 -0.928698 -0.352687
vn 0.211687 -0.728516 -0.651501
vn 0.282480 -0.405410 -0.869395
vn 0.000000 -0.928698 -0.370837
vn 0.000000 -0.728518 -0.685026
vn 0.000000 -0.405412 -0.914134
vn -0.114595 -0.928698 -0.352687
vn -0.211688 -0.728516 -0.651500
vn -0.282475 -0.405418 -0.869393
vn -0.217971 -0.928699 -0.300011
vn -0.402651 -0.728514 -0.554202
vn -0.537309 -0.405419 -0.739550
vn -0.300014 -0.928699 -0.217969
vn -0.554194 -0.728523 -0.402645
vn -0.739547 -0.405419 -0.537313
vn -0.352683 -0.928700 -0.114595
vn -0.651496 -0.728522 -0.211683
vn -0.869390 -0.405420 -0.282482
vn -0.370832 -0.928700 -0.000000
vn -0.685031 -0.728514 0.000001
vn -0.914130 -0.405421 -0.000000
vn -0.352682 -0.928700 0.114594
vn -0.651493 -0.728524 0.211683
vn -0.869389 -0.405421 0.282482
vn -0.300014 -0.928699 0.217969
vn -0.554192 -0.728526 0.402644
vn -0.739547 -0.405419 0.537314
vn -0.217972 -0.928699 0.300011
vn -0.402650 -0.728516 0.554200
vn -0.537309 -0.405419 0.739551
vn -0.114594 -0.928698 0.352686
vn -0.211687 -0.728519 0.651498
vn -0.282475 -0.405418 0.869393
vn -0.000000 -0.928698 0.370837
vn -0.000000 -0.728520 0.685025
vn -0.000000 -0.405412 0.914134
vn 0.114594 -0.928698 0.352687
vn 0.211687 -0.728516 0.651500
vn 0.282481 -0.405405 0.869397
vn 0.217972 -0.928698 0.300014
vn 0.402653 -0.728513 0.554201
vn 0.537315 -0.405400 0.739557
vn 0.300014 -0.928698 0.217973
vn 0.554204 -0.728512 0.402652
vn 0.739550 -0.405406 0.537319
vn 0.352692 -0.928696 0.114596
vn 0.651499 -0.728517 0.211689
vn 0.869388 -0.405423 0.282482
vn 0.370845 -0.928695 -0.000000
vn 0.685024 -0.728521 0.000000
vn 0.914124 -0.405435 0.000001
vn 0.352687 0.928698 -0.114592
vn 0.370844 0.928695 -0.000001
vn 0.651504 0.728514 -0.211686
vn 0.685020 0.728524 0.000000
vn 0.869394 0.405412 -0.282481
vn 0.914124 0.405435 -0.000000
vn 0.300008 0.928701 -0.217969
vn 0.554211 0.728509 -0.402648
vn 0.739551 0.405401 -0.537321
vn 0.217969 0.928700 -0.300010
vn 0.402651 0.728516 -0.554199
vn 0.537311 0.405410 -0.739554
vn 0.114594 0.928701 -0.352681
vn 0.211686 0.728520 -0.651497
vn 0.282480 0.405410 -0.869395
vn -0.000000 0.928700 -0.370833
vn -0.000000 0.728522 -0.685022
vn -0.000000 0.405413 -0.914134
vn -0.114594 0.928699 -0.352684
vn -0.211686 0.728520 -0.651497
vn -0.282474 0.405421 -0.869392
vn -0.217970 0.928700 -0.300009
vn -0.402649 0.728519 -0.554197
vn -0.537309 0.405422 -0.739548
vn -0.300013 0.928699 -0.217969
vn -0.554191 0.728527 -0.402642
vn -0.739548 0.405419 -0.537312
vn -0.352681 0.928700 -0.114596
vn -0.651492 0.728525 -0.211683
vn -0.869390 0.405420 -0.282483
vn -0.370831 0.928701 -0.000001
vn -0.685028 0.728517 -0.000000
vn -0.914130 0.405422 -0.000000
vn -0.352681 0.928700 0.114595
vn -0.651490 0.728527 0.211683
vn -0.869389 0.405421 0.282482
vn -0.300012 0.928699 0.217970
vn -0.554189 0.728529 0.402641
vn -0.739548 0.405419 0.537312
vn -0.217971 0.928700 0.300010
vn -0.402649 0.728519 0.554197
vn -0.537310 0.405419 0.739550
vn -0.114593 0.928699 0.352684
vn -0.211686 0.728520 0.651496
vn -0.282475 0.405417 0.869393
vn -0.000000 0.928700 0.370833
vn 0.000000 0.728523 0.685021
vn 0.000000 0.405412 0.914134
vn 0.114594 0.928700 0.352681
vn 0.211686 0.728520 0.651497
vn 0.282480 0.405404 0.869398
vn 0.217971 0.928698 0.300013
vn 0.402648 0.728519 0.554197
vn 0.537311 0.405406 0.739556
vn 0.300013 0.928698 0.217974
vn 0.554199 0.728519 0.402646
vn 0.739549 0.405413 0.537315
vn 0.352691 0.928696 0.114595
vn 0.651495 0.728521 0.211686
vn 0.869389 0.405423 0.282481
vn 0.000005 1.000000 0.000000
vn 0.000004 1.000000 0.000000
vn 0.000000 1.000000 -0.000001
vn 0.000003 1.000000 -0.000005
vn 0.000002 1.000000 -0.000007
vn 0.000000 1.000000 -0.000005
vn -0.000002 1.000000 -0.000005
vn -0.000003 1.000000 -0.000002
vn -0.000004 1.000000 -0.000005
vn -0.000005 1.000000 -0.000005
vn -0.000005 1.000000 0.000000
vn -0.000005 1.000000 0.000000
vn -0.000004 1.000000 0.000000
vn -0.000003 1.000000 0.000000
vn -0.000002 1.000000 0.000002
vn 0.000000 1.000000 0.000005
vn 0.000002 1.000000 0.000007
vn 0.000003 1.000000 -0.000000
vn 0.000004 1.000000 -0.000000
vn 0.000005 1.000000 0.000005
vn 0.000005 1.000000 0.000000
vn 0.000003 1.000000 0.000000
vn 0.000002 1.000000 0.000000
vn -0.000000 1.000000 0.000000
vn 0.000003 1.000000 -0.000005
vn 0.000002 1.000000 -0.000007
vn -0.000000 1.000000 -0.000005
vn -0.000002 1.000000 -0.000005
vn -0.000003 1.000000 -0.000002
vn -0.000004 1.000000 0.000000
vn -0.000005 1.000000 0.000000
vn -0.000005 1.000000 0.000000
vn -0.000005 1.000000 0.000000
vn -0.000004 1.000000 0.000000
vn -0.000003 1.000000 0.000000
vn -0.000002 1.000000 0.000002
vn -0.000000 1.000000 0.000005
vn 0.000002 1.000000 0.000007
vn 0.000003 1.000000 0.000005
vn 0.000004 1.000000 0.000005
vn 0.000005 1.000000 0.000005
vn 0.000005 1.000000 0.000000
vn 0.000003 1.000000 0.000000
vn 0.000002 1.000000 0.000000
vn -0.000000 1.000000 0.000000
vn 0.000003 1.000000 -0.000005
vn 0.000002 1.000000 -0.000007
vn -0.000000 1.000000 -0.000005
vn -0.000002 1.000000 -0.000005
vn -0.000003 1.000000 -0.000002
vn -0.000004 1.000000 0.000000
vn -0.000005 1.000000 0.000000
vn -0.000005 1.000000 0.000000
vn -0.000005 1.000000 0.000000
vn -0.000004 1.000000 0.000000
vn -0.000003 1.000000 0.000000
vn -0.000002 1.000000 0.000002
vn -0.000000 1.000000 0.000005
vn 0.000002 1.000000 0.000007
vn 0.000003 1.000000 0.000005
vn 0.000004 1.000000 0.000005
vn 0.000005 1.000000 0.000005
vn 0.000005 1.000000 0.000000
vn 0.000003 1.000000 0.000000
vn 0.000002 1.000000 0.000000
vn -0.000000 1.000000 0.000001
vn 0.000003 1.000000 0.000000
vn 0.000002 1.000000 -0.000002
vn -0.000000 1.000000 -0.000005
vn -0.000002 1.000000 -0.000007
vn -0.000003 1.000000 0.000000
vn -0.000004 1.000000 0.000000
vn -0.000005 1.000000 -0.000005
vn -0.000005 1.000000 0.000000
vn -0.000005 1.000000 0.000000
vn -0.000004 1.000000 0.000000
vn -0.000003 1.000000 0.000005
vn -0.000002 1.000000 0.000007
vn 0.000000 1.000000 0.000005
vn 0.000002 1.000000 0.000005
vn 0.000003 1.000000 0.000002
vn 0.000004 1.000000 0.000005
vn 0.000005 1.000000 0.000005
vn 0.000005 1.000000 0.000000
vn 0.942529 -0.126275 -0.309344
vn 0.800974 -0.109089 -0.588676
vn 0.808440 -0.107821 -0.578618
vn 0.944835 -0.124426 -0.302993
vn 0.579714 -0.082575 -0.810625
vn 0.593585 -0.082013 -0.800581
vn 0.300263 -0.049304 -0.952581
vn 0.319346 -0.049290 -0.946356
vn -0.009298 -0.012613 -0.999877
vn 0.011782 -0.012757 -0.999849
vn -0.317374 0.023752 -0.948003
vn -0.298338 0.023928 -0.954160
vn -0.592963 0.056132 -0.803271
vn -0.579243 0.057006 -0.813159
vn -0.809515 0.081406 -0.581428
vn -0.802263 0.083093 -0.591160
vn -0.947399 0.097279 -0.304914
vn -0.945262 0.099592 -0.310743
vn -0.994745 0.102383 -0.000132
vn -0.994482 0.104912 0.000167
vn -0.947568 0.096289 0.304701
vn -0.945262 0.098547 0.311076
vn -0.809772 0.079511 0.581332
vn -0.802241 0.081104 0.591466
vn -0.593182 0.053497 0.803289
vn -0.579178 0.054267 0.813393
vn -0.317468 0.020623 0.948045
vn -0.298260 0.020716 0.954260
vn -0.009287 -0.015926 0.999830
vn 0.011785 -0.016112 0.999801
vn 0.300295 -0.052462 0.952403
vn 0.319197 -0.052445 0.946236
vn 0.579720 -0.085260 0.810342
vn 0.593306 -0.084664 0.800512
vn 0.800923 -0.111032 0.588383
vn 0.808110 -0.109721 0.578722
vn 0.942479 -0.127293 0.309081
vn 0.944616 -0.125416 0.303268
vn 0.991179 -0.132531 -0.000137
vn 0.991455 -0.130451 0.000160
vn 0.952609 -0.048738 -0.300268
vn 0.810651 -0.081457 -0.579836
vn 0.800774 -0.080801 -0.593492
vn 0.946447 -0.048641 -0.319173
vn 0.588696 -0.107327 -0.801198
vn 0.578909 -0.105967 -0.808477
vn 0.309301 -0.123843 -0.942866
vn 0.303296 -0.121915 -0.945065
vn -0.000023 -0.129466 -0.991584
vn 0.000028 -0.127321 -0.991862
vn -0.309347 -0.123683 -0.942872
vn -0.303250 -0.121751 -0.945101
vn -0.588751 -0.107022 -0.801198
vn -0.578897 -0.105653 -0.808527
vn -0.810698 -0.081039 -0.579829
vn -0.800786 -0.080365 -0.593535
vn -0.952631 -0.048250 -0.300276
vn -0.946461 -0.048125 -0.319212
vn -0.999885 -0.011952 0.009318
vn -0.999860 -0.011997 -0.011671
vn -0.947981 0.024155 0.317410
vn -0.954133 0.024412 0.298387
vn -0.803221 0.056437 0.593001
vn -0.813146 0.057375 0.579226
vn -0.581335 0.081784 0.809544
vn -0.591182 0.083526 0.802202
vn -0.304791 0.097887 0.947376
vn -0.310806 0.100259 0.945171
vn -0.000023 0.103357 0.994644
vn 0.000028 0.105958 0.994371
vn 0.304757 0.097735 0.947402
vn 0.310865 0.100086 0.945170
vn 0.581314 0.081494 0.809588
vn 0.591231 0.083199 0.802199
vn 0.803226 0.056032 0.593033
vn 0.813188 0.056925 0.579211
vn 0.947989 0.023671 0.317421
vn 0.954152 0.023884 0.298368
vn 0.999879 -0.012464 0.009319
vn 0.999853 -0.012547 -0.011664
vn 0.103379 -0.992192 -0.069763
vn 0.128151 -0.989741 0.063174
vn -0.000001 -1.000000 0.000010
vn 0.073973 -0.992527 -0.097046
vn 0.038299 -0.992733 -0.114082
vn -0.000536 -0.992797 -0.119811
vn -0.039283 -0.992735 -0.113732
vn -0.074699 -0.992531 -0.096444
vn -0.137067 -0.990371 0.019421
vn -0.008231 -0.998302 0.057673
vn 0.947917 0.025729 -0.317476
vn 0.803082 0.058083 -0.593032
vn 0.813077 0.059073 -0.579152
vn 0.954104 0.026038 -0.298342
vn 0.581169 0.083537 -0.809484
vn 0.591114 0.085334 -0.802061
vn 0.304675 0.099776 -0.947216
vn 0.310796 0.102211 -0.944965
vn -0.000019 0.105407 -0.994429
vn 0.000028 0.108079 -0.994142
vn -0.304705 0.099953 -0.947188
vn -0.310741 0.102383 -0.944964
vn -0.581182 0.083876 -0.809440
vn -0.591063 0.085661 -0.802064
vn -0.803074 0.058554 -0.592995
vn -0.813038 0.059522 -0.579160
vn -0.947906 0.026286 -0.317464
vn -0.954083 0.026566 -0.298362
vn -0.999908 -0.009813 -0.009414
vn -0.999884 -0.009841 0.011666
vn -0.952745 -0.046123 0.300251
vn -0.946546 -0.045979 0.319275
vn -0.810872 -0.078930 0.579876
vn -0.800918 -0.078229 0.593641
vn -0.588933 -0.104938 0.801340
vn -0.579034 -0.103532 0.808703
vn -0.309451 -0.121622 0.943106
vn -0.303331 -0.119641 0.945345
vn -0.000018 -0.127420 0.991849
vn 0.000030 -0.125215 0.992130
vn 0.309409 -0.121802 0.943096
vn 0.303376 -0.119805 0.945309
vn 0.588887 -0.105280 0.801329
vn 0.579051 -0.103843 0.808651
vn 0.810837 -0.079402 0.579861
vn 0.800919 -0.078663 0.593584
vn 0.952721 -0.046680 0.300240
vn 0.946534 -0.046495 0.319236
vn 0.999902 -0.010402 -0.009395
vn 0.999878 -0.010392 0.011683
vn 0.104977 -0.991035 -0.082645
vn 0.121916 -0.991480 -0.045863
vn -0.000001 -1.000000 0.000001
vn 0.077142 -0.990665 -0.112395
vn 0.041143 -0.990415 -0.131854
vn 0.000642 -0.990313 -0.138849
vn -0.040029 -0.990400 -0.132308
vn -0.076453 -0.990638 -0.113101
vn -0.104777 -0.991002 -0.083283
vn -0.122056 -0.991448 -0.046183
vn -0.126673 -0.991927 -0.005915
vn -0.118511 -0.992399 0.033160
vn -0.099149 -0.992803 0.067171
vn -0.070939 -0.993110 0.093271
vn -0.036744 -0.993301 0.109563
vn 0.000460 -0.993361 0.115041
vn 0.037578 -0.993306 0.109235
vn 0.071520 -0.993122 0.092706
vn 0.099387 -0.992820 0.066559
vn 0.118452 -0.992421 0.032706
vn 0.126439 -0.991956 -0.006014
vn 0.947011 0.101542 -0.304728
vn 0.809295 0.085709 -0.581116
vn 0.801967 0.087514 -0.590924
vn 0.944840 0.103993 -0.310585
vn 0.592925 0.060475 -0.802983
vn 0.579084 0.061451 -0.812949
vn 0.317515 0.028129 -0.947836
vn 0.298308 0.028393 -0.954047
vn 0.009502 -0.008223 -0.999921
vn -0.011780 -0.008289 -0.999896
vn -0.300137 -0.044928 -0.952837
vn -0.319410 -0.044835 -0.946555
vn -0.579782 -0.078235 -0.811007
vn -0.593795 -0.077587 -0.800867
vn -0.801274 -0.104794 -0.589048
vn -0.808819 -0.103427 -0.578891
vn -0.943018 -0.122019 -0.309561
vn -0.945346 -0.120057 -0.303164
vn -0.991735 -0.128299 -0.000136
vn -0.992019 -0.126092 0.000161
vn -0.942966 -0.123059 0.309309
vn -0.945127 -0.121048 0.303450
vn -0.801226 -0.106780 0.588757
vn -0.808495 -0.105330 0.579000
vn -0.579788 -0.080979 0.810733
vn -0.593524 -0.080240 0.800807
vn -0.300174 -0.048158 0.952668
vn -0.319270 -0.047994 0.946448
vn 0.009495 -0.011611 0.999888
vn -0.011783 -0.011645 0.999863
vn 0.317615 0.024928 0.947892
vn 0.298232 0.025181 0.954161
vn 0.593159 0.057778 0.803009
vn 0.579031 0.058714 0.813188
vn 0.809553 0.083767 0.581040
vn 0.801946 0.085526 0.591243
vn 0.947179 0.100528 0.304542
vn 0.944837 0.102948 0.310942
vn 0.994299 0.106626 -0.000130
vn 0.994008 0.109304 0.000166
vn 0.112853 -0.990675 -0.076335
vn 0.132013 -0.990441 -0.040002
vn 0.000000 -1.000000 0.000001
vn 0.083116 -0.991037 -0.104582
vn 0.046120 -0.991481 -0.121815
vn 0.005943 -0.991960 -0.126414
vn -0.033030 -0.992434 -0.118254
vn -0.066935 -0.992842 -0.098915
vn -0.092933 -0.993155 -0.070758
vn -0.109134 -0.993351 -0.036662
vn -0.114559 -0.993416 0.000402
vn -0.108765 -0.993365 0.037363
vn -0.092300 -0.993185 0.071164
vn -0.066257 -0.992887 0.098922
vn -0.032553 -0.992491 0.117904
vn 0.006015 -0.992026 0.125887
vn 0.045729 -0.991549 0.121404
vn 0.082401 -0.991100 0.104551
vn 0.112080 -0.990726 0.076814
vn 0.131510 -0.990469 0.040939
vn 0.138506 -0.990362 0.000559
vn 0.315549 -0.942793 -0.107567
vn -0.005762 -0.999983 0.000017
vn 0.267725 -0.941389 -0.205206
vn 0.775434 -0.576629 -0.257295
vn 0.660350 -0.568080 -0.491145
vn 0.192232 -0.939093 -0.284872
vn 0.479020 -0.554130 -0.680793
vn 0.095015 -0.936066 -0.338752
vn 0.246538 -0.536009 -0.807411
vn -0.015443 -0.932572 -0.360653
vn -0.016051 -0.515473 -0.856755
vn -0.030729 -0.996993 -0.071142
vn -0.314402 -0.263086 -0.912106
vn -0.231465 -0.733503 -0.639060
vn -0.221301 -0.734054 -0.642021
vn -0.051611 -0.996838 -0.060423
vn -0.582821 -0.237089 -0.777244
vn -0.421574 -0.723205 -0.547037
vn -0.414023 -0.723621 -0.552231
vn -0.068120 -0.996712 -0.043880
vn -0.796019 -0.216378 -0.565273
vn -0.573963 -0.714706 -0.399702
vn -0.569933 -0.714938 -0.405018
vn -0.078678 -0.996630 -0.023190
vn -0.932899 -0.202900 -0.297542
vn -0.672887 -0.708812 -0.211681
vn -0.671801 -0.708881 -0.214874
vn -0.082343 -0.996604 -0.000338
vn -0.980199 -0.198017 -0.000547
vn -0.708025 -0.706185 -0.001585
vn -0.708027 -0.706184 -0.001257
vn -0.078785 -0.996636 0.022572
vn -0.933346 -0.202233 0.296591
vn -0.675357 -0.707159 0.209332
vn -0.674107 -0.707212 0.213147
vn -0.068279 -0.996722 0.043386
vn -0.796742 -0.215132 0.564730
vn -0.577885 -0.711647 0.399509
vn -0.573553 -0.711856 0.405337
vn -0.051755 -0.996852 0.060069
vn -0.583490 -0.235501 0.777225
vn -0.425374 -0.719157 0.549427
vn -0.417459 -0.719557 0.554946
vn -0.030792 -0.997008 0.070900
vn -0.284195 -0.490771 0.823637
vn -0.233674 -0.728995 0.643400
vn -0.015295 -0.932250 0.361490
vn -0.015820 -0.511621 0.859066
vn 0.095850 -0.935783 0.339297
vn 0.247844 -0.532609 0.809260
vn 0.193420 -0.938867 0.284811
vn 0.480913 -0.551425 0.681654
vn 0.268836 -0.941234 0.204464
vn 0.662139 -0.566209 0.490896
vn 0.316212 -0.942712 0.106322
vn 0.776507 -0.575670 0.256205
vn 0.332191 -0.943212 -0.000715
vn 0.815228 -0.579140 -0.000710
vn 0.389780 -0.919294 -0.054504
vn 0.405184 -0.870551 -0.279224
vn 0.809888 -0.531310 -0.248578
vn 0.682175 -0.550041 -0.481759
vn 0.290953 -0.875230 -0.386418
vn 0.491282 -0.564848 -0.663015
vn 0.151338 -0.878303 -0.453519
vn 0.256481 -0.574435 -0.777330
vn -0.000898 -0.879596 -0.475721
vn -0.000509 -0.578120 -0.815952
vn -0.152502 -0.879131 -0.451521
vn -0.257128 -0.575844 -0.776073
vn -0.290449 -0.876845 -0.383123
vn -0.490907 -0.567602 -0.660937
vn -0.342606 -0.924273 -0.168345
vn -0.680493 -0.553994 -0.479605
vn -0.338596 -0.939858 -0.044942
vn -0.807088 -0.536208 -0.247165
vn -0.358601 -0.933404 0.012761
vn -0.856474 -0.515963 0.015327
vn -0.082794 -0.996099 0.030518
vn -0.912303 -0.262796 0.314073
vn -0.639501 -0.733398 0.230577
vn -0.642434 -0.733943 0.220468
vn -0.080198 -0.994879 0.061509
vn -0.777446 -0.236876 0.582638
vn -0.547570 -0.723130 0.421011
vn -0.552753 -0.723543 0.413461
vn -0.064863 -0.993613 0.092335
vn -0.565393 -0.216085 0.796014
vn -0.400106 -0.714617 0.573792
vn -0.405472 -0.714852 0.569718
vn -0.036008 -0.992732 0.114832
vn -0.297465 -0.202412 0.933029
vn -0.211720 -0.708624 0.673072
vn -0.215022 -0.708699 0.671946
vn 0.000772 -0.992680 0.120771
vn -0.000321 -0.197218 0.980360
vn -0.001205 -0.705861 0.708350
vn -0.001024 -0.705860 0.708351
vn 0.035155 -0.993480 0.108450
vn 0.296983 -0.201061 0.933475
vn 0.210128 -0.706729 0.675559
vn 0.213782 -0.706778 0.674361
vn 0.059302 -0.994705 0.083938
vn 0.565322 -0.213542 0.796750
vn 0.400660 -0.711096 0.577767
vn 0.406344 -0.711295 0.573537
vn 0.071368 -0.995921 0.055205
vn 0.777939 -0.233454 0.583362
vn 0.550701 -0.718470 0.424887
vn 0.556125 -0.718857 0.417097
vn 0.073376 -0.996917 0.027809
vn 0.824322 -0.489962 0.283602
vn 0.644633 -0.728161 0.232873
vn 0.346308 -0.935892 0.064627
vn 0.859729 -0.510526 0.015155
vn 0.224589 -0.971016 -0.081782
vn 0.192727 -0.969881 -0.148956
vn 0.912715 -0.261500 -0.313957
vn 0.777795 -0.235509 -0.582727
vn 0.643112 -0.733524 -0.219883
vn 0.640183 -0.732977 -0.230020
vn 0.548328 -0.722648 -0.420852
vn 0.553526 -0.723067 -0.413259
vn 0.141280 -0.968909 -0.203114
vn 0.565635 -0.214637 -0.796233
vn 0.400746 -0.714064 -0.574034
vn 0.406138 -0.714302 -0.569934
vn 0.075216 -0.968188 -0.238653
vn 0.297559 -0.200835 -0.933340
vn 0.212004 -0.708015 -0.673624
vn 0.215365 -0.708091 -0.672477
vn 0.000957 -0.967816 -0.251656
vn 0.000220 -0.195493 -0.980705
vn 0.001033 -0.705193 -0.709015
vn 0.000924 -0.705192 -0.709016
vn -0.073891 -0.967853 -0.240416
vn -0.297265 -0.199216 -0.933781
vn -0.210771 -0.706012 -0.676109
vn -0.214371 -0.706059 -0.674926
vn -0.141471 -0.968290 -0.205912
vn -0.565766 -0.211590 -0.796956
vn -0.401638 -0.710331 -0.578028
vn -0.407283 -0.710528 -0.573821
vn -0.194705 -0.969070 -0.151636
vn -0.778478 -0.231424 -0.583451
vn -0.551818 -0.717676 -0.424780
vn -0.557220 -0.718061 -0.417007
vn -0.227890 -0.970114 -0.083339
vn -0.913882 -0.256859 -0.314393
vn -0.645719 -0.727349 -0.232401
vn -0.648753 -0.727886 -0.222038
vn -0.512198 -0.858706 -0.016641
vn -0.860186 -0.509770 -0.014641
vn -0.481386 -0.865119 0.140845
vn -0.810204 -0.530536 0.249200
vn -0.404340 -0.870957 0.279184
vn -0.682394 -0.549281 0.482317
vn -0.290326 -0.875617 0.386012
vn -0.491426 -0.564142 0.663509
vn -0.151034 -0.878700 0.452852
vn -0.256577 -0.573813 0.777758
vn 0.000780 -0.880014 0.474947
vn 0.000433 -0.577601 0.816320
vn 0.151953 -0.879586 0.450821
vn 0.257013 -0.575416 0.776428
vn 0.289515 -0.877357 0.382656
vn 0.490769 -0.567281 0.661316
vn 0.401310 -0.873454 0.275734
vn 0.680370 -0.553765 0.480042
vn 0.476457 -0.868200 0.138624
vn 0.807028 -0.536053 0.247696
vn 0.506408 -0.862133 -0.016674
vn 0.856538 -0.515872 -0.014770
vn 0.240593 -0.967799 -0.074032
vn 0.206072 -0.968229 -0.141661
vn 0.933988 -0.197923 -0.297477
vn 0.797183 -0.210097 -0.566002
vn 0.675381 -0.705554 -0.214603
vn 0.676530 -0.705509 -0.211103
vn 0.578434 -0.709761 -0.402062
vn 0.574254 -0.709954 -0.407673
vn 0.151786 -0.969003 -0.194924
vn 0.583656 -0.229888 -0.778779
vn 0.425144 -0.717062 -0.552336
vn 0.417359 -0.717446 -0.557748
vn 0.083468 -0.970046 -0.228133
vn 0.314598 -0.255401 -0.914220
vn 0.232704 -0.726746 -0.646289
vn 0.222263 -0.727289 -0.649346
vn 0.016775 -0.858475 -0.512582
vn 0.014746 -0.508896 -0.860702
vn -0.140757 -0.864957 -0.481702
vn -0.249162 -0.529891 -0.810638
vn -0.279104 -0.870878 -0.404565
vn -0.482298 -0.548918 -0.682699
vn -0.385876 -0.875632 -0.290462
vn -0.663439 -0.564074 -0.491598
vn -0.452608 -0.878804 -0.151160
vn -0.777549 -0.574038 -0.256705
vn -0.474598 -0.880202 0.000615
vn -0.815955 -0.578116 0.000272
vn -0.450438 -0.879826 0.151699
vn -0.775988 -0.576116 0.256773
vn -0.382300 -0.877641 0.289124
vn -0.660905 -0.568117 0.490354
vn -0.275448 -0.873770 0.400818
vn -0.479739 -0.554673 0.679844
vn -0.138452 -0.868518 0.475927
vn -0.247517 -0.536941 0.806492
vn 0.016755 -0.862416 0.505922
vn 0.014871 -0.516633 0.856078
vn 0.081804 -0.971049 0.224436
vn 0.314095 -0.262142 0.912484
vn 0.230126 -0.733239 0.639846
vn 0.219866 -0.733798 0.642806
vn 0.148987 -0.969899 0.192611
vn 0.582878 -0.235752 0.777608
vn 0.420978 -0.722791 0.548042
vn 0.413251 -0.723223 0.553328
vn 0.203188 -0.968908 0.141183
vn 0.796428 -0.214444 0.565435
vn 0.574245 -0.714038 0.400491
vn 0.570029 -0.714289 0.406028
vn 0.238763 -0.968168 0.075117
vn 0.933535 -0.200213 0.297369
vn 0.673934 -0.707791 0.211767
vn 0.672731 -0.707875 0.215284
vn 0.251808 -0.967777 0.000843
vn 0.980901 -0.194508 0.000017
vn 0.709411 -0.704795 0.000759
vn 0.709410 -0.704795 0.000786
s 1
g StoolSmall
usemtl lambert7SG
f 165/227/199 170/228/200 270/229/201 265/230/202
f 170/228/200 175/233/203 275/234/204 270/229/201
f 175/943/203 180/944/205 280/945/206 275/946/204
f 180/944/205 185/949/207 285/950/208 280/945/206
f 185/949/207 190/954/209 290/955/210 285/950/208
f 190/954/209 195/958/211 295/959/212 290/955/210
f 195/285/211 200/275/213 300/278/214 295/286/212
f 200/275/213 205/276/215 305/277/216 300/278/214
f 205/276/215 210/281/217 310/282/218 305/277/216
f 210/281/217 215/291/219 315/292/220 310/282/218
f 215/291/219 220/300/221 320/301/222 315/292/220
f 220/300/221 225/309/223 325/310/224 320/301/222
f 225/963/223 230/964/225 330/965/226 325/966/224
f 230/964/225 235/969/227 335/970/228 330/965/226
f 235/969/227 240/974/229 340/975/230 335/970/228
f 240/974/229 245/978/231 345/979/232 340/975/230
f 245/265/231 250/255/233 350/256/234 345/266/232
f 250/255/233 255/247/235 355/248/236 350/256/234
f 255/247/235 260/237/237 360/238/238 355/248/236
f 260/237/237 165/227/199 265/230/202 360/238/238
f 174/539/239 169/540/240 163/541/241
f 179/545/242 174/539/239 163/541/241
f 184/551/243 179/545/242 163/541/241
f 189/556/244 184/551/243 163/541/241
f 194/561/245 189/556/244 163/541/241
f 199/570/246 194/561/245 163/541/241
f 204/577/247 199/570/246 163/541/241
f 209/584/248 204/577/247 163/541/241
f 214/593/249 209/584/248 163/541/241
f 219/600/250 214/593/249 163/541/241
f 224/599/251 219/600/250 163/541/241
f 229/592/252 224/599/251 163/541/241
f 234/583/253 229/592/252 163/541/241
f 239/576/254 234/583/253 163/541/241
f 244/569/255 239/576/254 163/541/241
f 249/560/256 244/569/255 163/541/241
f 254/555/257 249/560/256 163/541/241
f 259/550/258 254/555/257 163/541/241
f 264/544/259 259/550/258 163/541/241
f 169/540/240 264/544/259 163/541/241
f 269/608/260 274/609/261 164/610/262
f 274/609/261 279/613/263 164/610/262
f 279/613/263 284/619/264 164/610/262
f 284/619/264 289/624/265 164/610/262
f 289/624/265 294/629/266 164/610/262
f 294/629/266 299/638/267 164/610/262
f 299/638/267 304/645/268 164/610/262
f 304/645/268 309/652/269 164/610/262
f 309/652/269 314/661/270 164/610/262
f 314/661/270 319/668/271 164/610/262
f 319/668/271 324/669/272 164/610/262
f 324/669/272 329/662/273 164/610/262
f 329/662/273 334/653/274 164/610/262
f 334/653/274 339/646/275 164/610/262
f 339/646/275 344/639/276 164/610/262
f 344/639/276 349/630/277 164/610/262
f 349/630/277 354/625/278 164/610/262
f 354/625/278 359/620/279 164/610/262
f 359/620/279 364/614/280 164/610/262
f 364/614/280 269/608/260 164/610/262
f 168/542/281 169/540/240 174/539/239 173/543/282
f 167/548/283 168/542/281 173/543/282 172/549/284
f 165/227/199 166/231/285 171/232/286 170/228/200
f 166/231/285 167/240/283 172/241/284 171/232/286
f 173/543/282 174/539/239 179/545/242 178/547/287
f 172/549/284 173/543/282 178/547/287 177/554/288
f 170/228/200 171/232/286 176/242/289 175/233/203
f 171/232/286 172/241/284 177/251/288 176/242/289
f 178/547/287 179/545/242 184/551/243 183/553/290
f 177/554/288 178/547/287 183/553/290 182/559/291
f 175/943/203 176/947/289 181/948/292 180/944/205
f 176/567/289 177/554/288 182/559/291 181/568/292
f 183/553/290 184/551/243 189/556/244 188/558/293
f 182/559/291 183/553/290 188/558/293 187/566/294
f 180/944/205 181/948/292 186/953/295 185/949/207
f 181/568/292 182/559/291 187/566/294 186/575/295
f 188/558/293 189/556/244 194/561/245 193/565/296
f 187/566/294 188/558/293 193/565/296 192/574/297
f 185/949/207 186/953/295 191/957/298 190/954/209
f 186/575/295 187/566/294 192/574/297 191/582/298
f 193/565/296 194/561/245 199/570/246 198/573/299
f 192/574/297 193/565/296 198/573/299 197/581/300
f 190/954/209 191/957/298 196/961/301 195/958/211
f 191/582/298 192/574/297 197/581/300 196/591/301
f 198/573/299 199/570/246 204/577/247 203/580/302
f 197/581/300 198/573/299 203/580/302 202/590/303
f 195/285/211 196/287/301 201/279/304 200/275/213
f 196/287/301 197/297/300 202/288/303 201/279/304
f 203/580/302 204/577/247 209/584/248 208/589/305
f 202/590/303 203/580/302 208/589/305 207/598/306
f 200/275/213 201/279/304 206/280/307 205/276/215
f 201/279/304 202/288/303 207/289/306 206/280/307
f 208/589/305 209/584/248 214/593/249 213/597/308
f 207/289/306 208/305/305 213/306/308 212/298/309
f 205/276/215 206/280/307 211/290/310 210/281/217
f 206/280/307 207/289/306 212/298/309 211/290/310
f 213/597/308 214/593/249 219/600/250 218/604/311
f 212/298/309 213/306/308 218/315/311 217/307/312
f 210/281/217 211/290/310 216/299/313 215/291/219
f 211/290/310 212/298/309 217/307/312 216/299/313
f 218/604/311 219/600/250 224/599/251 223/601/314
f 217/607/312 218/604/311 223/601/314 222/605/315
f 215/291/219 216/299/313 221/308/316 220/300/221
f 216/299/313 217/307/312 222/316/315 221/308/316
f 223/601/314 224/599/251 229/592/252 228/594/317
f 222/605/315 223/601/314 228/594/317 227/602/318
f 220/300/221 221/308/316 226/317/319 225/309/223
f 221/308/316 222/316/315 227/321/318 226/317/319
f 228/594/317 229/592/252 234/583/253 233/585/320
f 227/602/318 228/594/317 233/585/320 232/595/321
f 225/963/223 226/967/319 231/968/322 230/964/225
f 226/606/319 227/602/318 232/595/321 231/603/322
f 233/585/320 234/583/253 239/576/254 238/578/323
f 232/595/321 233/585/320 238/578/323 237/586/324
f 230/964/225 231/968/322 236/973/325 235/969/227
f 231/603/322 232/595/321 237/586/324 236/596/325
f 238/578/323 239/576/254 244/569/255 243/571/326
f 237/586/324 238/578/323 243/571/326 242/579/327
f 235/969/227 236/973/325 241/977/328 240/974/229
f 236/596/325 237/586/324 242/579/327 241/587/328
f 243/571/326 244/569/255 249/560/256 248/562/329
f 242/579/327 243/571/326 248/562/329 247/572/330
f 240/974/229 241/977/328 246/981/331 245/978/231
f 241/587/328 242/579/327 247/572/330 246/588/331
f 248/562/329 249/560/256 254/555/257 253/557/332
f 247/572/330 248/562/329 253/557/332 252/563/333
f 245/265/231 246/267/331 251/257/334 250/255/233
f 246/267/331 247/273/330 252/268/333 251/257/334
f 253/557/332 254/555/257 259/550/258 258/552/335
f 252/563/333 253/557/332 258/552/335 257/564/336
f 250/255/233 251/257/334 256/249/337 255/247/235
f 251/257/334 252/268/333 257/258/336 256/249/337
f 258/552/335 259/550/258 264/544/259 263/546/338
f 257/258/336 258/269/335 263/260/338 262/250/339
f 255/247/235 256/249/337 261/239/340 260/237/237
f 256/249/337 257/258/336 262/250/339 261/239/340
f 169/540/240 168/542/281 263/546/338 264/544/259
f 168/259/281 167/240/283 262/250/339 263/260/338
f 167/240/283 166/231/285 261/239/340 262/250/339
f 166/231/285 165/227/199 260/237/237 261/239/340
f 268/611/341 269/608/260 364/614/280 363/615/342
f 267/245/343 268/261/341 363/262/342 362/253/344
f 265/230/202 266/235/345 361/244/346 360/238/238
f 266/235/345 267/245/343 362/253/344 361/244/346
f 269/608/260 268/611/341 273/612/347 274/609/261
f 268/611/341 267/616/343 272/617/348 273/612/347
f 267/245/343 266/235/345 271/236/349 272/246/348
f 266/235/345 265/230/202 270/229/201 271/236/349
f 274/609/261 273/612/347 278/618/350 279/613/263
f 273/612/347 272/617/348 277/622/351 278/618/350
f 272/246/348 271/236/349 276/243/352 277/252/351
f 271/236/349 270/229/201 275/234/204 276/243/352
f 279/613/263 278/618/350 283/623/353 284/619/264
f 278/618/350 277/622/351 282/627/354 283/623/353
f 277/622/351 276/634/352 281/635/355 282/627/354
f 276/951/352 275/946/204 280/945/206 281/952/355
f 284/619/264 283/623/353 288/628/356 289/624/265
f 283/623/353 282/627/354 287/636/357 288/628/356
f 282/627/354 281/635/355 286/642/358 287/636/357
f 281/952/355 280/945/206 285/950/208 286/956/358
f 289/624/265 288/628/356 293/637/359 294/629/266
f 288/628/356 287/636/357 292/643/360 293/637/359
f 287/636/357 286/642/358 291/649/361 292/643/360
f 286/956/358 285/950/208 290/955/210 291/960/361
f 294/629/266 293/637/359 298/644/362 299/638/267
f 293/637/359 292/643/360 297/650/363 298/644/362
f 292/643/360 291/649/361 296/658/364 297/650/363
f 291/960/361 290/955/210 295/959/212 296/962/364
f 299/638/267 298/644/362 303/651/365 304/645/268
f 298/644/362 297/650/363 302/659/366 303/651/365
f 297/304/363 296/294/364 301/283/367 302/295/366
f 296/294/364 295/286/212 300/278/214 301/283/367
f 304/645/268 303/651/365 308/660/368 309/652/269
f 303/651/365 302/659/366 307/666/369 308/660/368
f 302/295/366 301/283/367 306/284/370 307/296/369
f 301/283/367 300/278/214 305/277/216 306/284/370
f 309/652/269 308/660/368 313/667/371 314/661/270
f 308/313/368 307/296/369 312/303/372 313/314/371
f 307/296/369 306/284/370 311/293/373 312/303/372
f 306/284/370 305/277/216 310/282/218 311/293/373
f 314/661/270 313/667/371 318/673/374 319/668/271
f 313/314/371 312/303/372 317/312/375 318/320/374
f 312/303/372 311/293/373 316/302/376 317/312/375
f 311/293/373 310/282/218 315/292/220 316/302/376
f 319/668/271 318/673/374 323/670/377 324/669/272
f 318/673/374 317/676/375 322/674/378 323/670/377
f 317/312/375 316/302/376 321/311/379 322/319/378
f 316/302/376 315/292/220 320/301/222 321/311/379
f 324/669/272 323/670/377 328/663/380 329/662/273
f 323/670/377 322/674/378 327/671/381 328/663/380
f 322/319/378 321/311/379 326/318/382 327/322/381
f 321/311/379 320/301/222 325/310/224 326/318/382
f 329/662/273 328/663/380 333/654/383 334/653/274
f 328/663/380 327/671/381 332/664/384 333/654/383
f 327/671/381 326/675/382 331/672/385 332/664/384
f 326/971/382 325/966/224 330/965/226 331/972/385
f 334/653/274 333/654/383 338/647/386 339/646/275
f 333/654/383 332/664/384 337/655/387 338/647/386
f 332/664/384 331/672/385 336/665/388 337/655/387
f 331/972/385 330/965/226 335/970/228 336/976/388
f 339/646/275 338/647/386 343/640/389 344/639/276
f 338/647/386 337/655/387 342/648/390 343/640/389
f 337/655/387 336/665/388 341/656/391 342/648/390
f 336/976/388 335/970/228 340/975/230 341/980/391
f 344/639/276 343/640/389 348/631/392 349/630/277
f 343/640/389 342/648/390 347/641/393 348/631/392
f 342/648/390 341/656/391 346/657/394 347/641/393
f 341/980/391 340/975/230 345/979/232 346/982/394
f 349/630/277 348/631/392 353/626/395 354/625/278
f 348/631/392 347/641/393 352/632/396 353/626/395
f 347/274/393 346/272/394 351/264/397 352/271/396
f 346/272/394 345/266/232 350/256/234 351/264/397
f 354/625/278 353/626/395 358/621/398 359/620/279
f 353/626/395 352/632/396 357/633/399 358/621/398
f 352/271/396 351/264/397 356/254/400 357/263/399
f 351/264/397 350/256/234 355/248/236 356/254/400
f 359/620/279 358/621/398 363/615/342 364/614/280
f 358/270/398 357/263/399 362/253/344 363/262/342
f 357/263/399 356/254/400 361/244/346 362/253/344
f 356/254/400 355/248/236 360/238/238 361/244/346
s 4
f 365/677/401 366/678/402 385/679/403
f 366/678/402 367/680/404 385/679/403
f 367/680/404 368/682/405 385/679/403
f 368/682/405 369/684/406 385/679/403
f 369/684/406 370/686/407 385/679/403
f 370/686/407 371/688/408 385/679/403
f 371/688/408 372/690/409 385/679/403
f 372/690/409 373/692/410 385/679/403
f 373/692/410 374/694/411 385/679/403
f 374/694/411 375/696/412 385/679/403
f 375/696/412 376/697/413 385/679/403
f 376/697/413 377/695/414 385/679/403
f 377/695/414 378/693/415 385/679/403
f 378/693/415 379/691/416 385/679/403
f 379/691/416 380/689/417 385/679/403
f 380/689/417 381/687/418 385/679/403
f 381/687/418 382/685/419 385/679/403
f 382/685/419 383/683/420 385/679/403
f 383/683/420 384/681/421 385/679/403
f 384/681/421 365/677/401 385/679/403
s 5
f 386/698/422 387/699/423 407/700/424
f 387/699/423 388/701/425 407/700/424
f 388/701/425 389/703/426 407/700/424
f 389/703/426 390/705/427 407/700/424
f 390/705/427 391/707/428 407/700/424
f 391/707/428 392/709/429 407/700/424
f 392/709/429 393/711/430 407/700/424
f 393/711/430 394/713/431 407/700/424
f 394/713/431 395/715/432 407/700/424
f 395/715/432 396/717/433 407/700/424
f 396/717/433 397/718/434 407/700/424
f 397/718/434 398/716/435 407/700/424
f 398/716/435 399/714/436 407/700/424
f 399/714/436 400/712/437 407/700/424
f 400/712/437 401/710/438 407/700/424
f 401/710/438 402/708/439 407/700/424
f 402/708/439 403/706/440 407/700/424
f 403/706/440 404/704/441 407/700/424
f 404/704/441 405/702/442 407/700/424
f 405/702/442 386/698/422 407/700/424
s 6
f 408/719/443 409/720/444 429/721/445
f 409/720/444 410/722/446 429/721/445
f 410/722/446 411/724/447 429/721/445
f 411/724/447 412/726/448 429/721/445
f 412/726/448 413/728/449 429/721/445
f 413/728/449 414/730/450 429/721/445
f 414/730/450 415/732/451 429/721/445
f 415/732/451 416/734/452 429/721/445
f 416/734/452 417/736/453 429/721/445
f 417/736/453 418/738/454 429/721/445
f 418/738/454 419/739/455 429/721/445
f 419/739/455 420/737/456 429/721/445
f 420/737/456 421/735/457 429/721/445
f 421/735/457 422/733/458 429/721/445
f 422/733/458 423/731/459 429/721/445
f 423/731/459 424/729/460 429/721/445
f 424/729/460 425/727/461 429/721/445
f 425/727/461 426/725/462 429/721/445
f 426/725/462 427/723/463 429/721/445
f 427/723/463 408/719/443 429/721/445
s 7
f 430/740/464 431/741/465 451/742/466
f 431/741/465 432/743/467 451/742/466
f 432/743/467 433/745/468 451/742/466
f 433/745/468 434/747/469 451/742/466
f 434/747/469 435/749/470 451/742/466
f 435/749/470 436/751/471 451/742/466
f 436/751/471 437/753/472 451/742/466
f 437/753/472 438/755/473 451/742/466
f 438/755/473 439/757/474 451/742/466
f 439/757/474 440/759/475 451/742/466
f 440/759/475 441/760/476 451/742/466
f 441/760/476 442/758/477 451/742/466
f 442/758/477 443/756/478 451/742/466
f 443/756/478 444/754/479 451/742/466
f 444/754/479 445/752/480 451/742/466
f 445/752/480 446/750/481 451/742/466
f 446/750/481 447/748/482 451/742/466
f 447/748/482 448/746/483 451/742/466
f 448/746/483 449/744/484 451/742/466
f 449/744/484 430/740/464 451/742/466
s 8
f 452/323/485 456/324/486 366/325/487 365/326/488
f 456/324/486 459/329/489 367/330/490 366/325/487
f 459/983/489 462/984/491 368/985/492 367/986/490
f 462/984/491 465/989/493 369/990/494 368/985/492
f 465/989/493 468/992/495 370/993/496 369/990/494
f 468/992/495 471/995/497 371/996/498 370/993/496
f 471/357/497 474/349/499 372/352/500 371/358/498
f 474/349/499 477/350/501 373/351/502 372/352/500
f 477/350/501 480/355/503 374/356/504 373/351/502
f 480/355/503 483/363/505 375/364/506 374/356/504
f 483/363/505 486/368/507 376/369/508 375/364/506
f 486/368/507 489/372/509 377/373/510 376/369/508
f 489/998/509 492/999/511 378/1000/512 377/1001/510
f 492/999/511 495/1004/513 379/1005/514 378/1000/512
f 495/1004/513 498/1007/515 380/1008/516 379/1005/514
f 498/1007/515 501/1010/517 381/1011/518 380/1008/516
f 501/345/517 504/341/519 382/342/520 381/346/518
f 504/341/519 507/337/521 383/338/522 382/342/520
f 507/337/521 510/331/523 384/332/524 383/338/522
f 510/331/523 452/323/485 365/326/488 384/332/524
s 9
f 513/377/525 517/378/526 387/379/527 386/380/528
f 517/378/526 521/383/529 388/384/530 387/379/527
f 521/1013/529 525/1014/531 389/1015/532 388/1016/530
f 525/1014/531 529/1019/533 390/1020/534 389/1015/532
f 529/1019/533 533/1022/535 391/1023/536 390/1020/534
f 533/1022/535 537/1025/537 392/1026/538 391/1023/536
f 537/412/537 541/404/539 393/407/540 392/413/538
f 541/404/539 545/405/541 394/406/542 393/407/540
f 545/405/541 549/410/543 395/411/544 394/406/542
f 549/410/543 552/418/545 396/419/546 395/411/544
f 552/418/545 555/422/547 397/423/548 396/419/546
f 555/422/547 558/426/549 398/427/550 397/423/548
f 558/1028/549 561/1029/551 399/1030/552 398/1031/550
f 561/1029/551 564/1034/553 400/1035/554 399/1030/552
f 564/1034/553 567/1037/555 401/1038/556 400/1035/554
f 567/1037/555 570/1040/557 402/1041/558 401/1038/556
f 570/399/557 573/395/559 403/396/560 402/400/558
f 573/395/559 576/391/561 404/392/562 403/396/560
f 576/391/561 579/385/563 405/386/564 404/392/562
f 579/385/563 513/377/525 386/380/528 405/386/564
f 520/794/565 516/795/566 406/796/567
f 524/800/568 520/794/565 406/796/567
f 528/803/569 524/800/568 406/796/567
f 532/808/570 528/803/569 406/796/567
f 536/812/571 532/808/570 406/796/567
f 540/816/572 536/812/571 406/796/567
f 544/820/573 540/816/572 406/796/567
f 548/826/574 544/820/573 406/796/567
f 516/795/566 548/799/574 406/796/567
s 11
f 582/431/575 586/432/576 409/433/577 408/434/578
f 586/432/576 590/437/579 410/438/580 409/433/577
f 590/1043/579 594/1044/581 411/1045/582 410/1046/580
f 594/1044/581 598/1049/583 412/1050/584 411/1045/582
f 598/1049/583 602/1052/585 413/1053/586 412/1050/584
f 602/1052/585 606/1055/587 414/1056/588 413/1053/586
f 606/466/587 610/458/589 415/461/590 414/467/588
f 610/458/589 614/459/591 416/460/592 415/461/590
f 614/459/591 618/464/593 417/465/594 416/460/592
f 618/464/593 622/472/595 418/473/596 417/465/594
f 622/472/595 626/477/597 419/478/598 418/473/596
f 626/477/597 630/481/599 420/482/600 419/478/598
f 630/1058/599 634/1059/601 421/1060/602 420/1061/600
f 634/1059/601 638/1064/603 422/1065/604 421/1060/602
f 638/1064/603 642/1067/605 423/1068/606 422/1065/604
f 642/1067/605 646/1070/607 424/1071/608 423/1068/606
f 646/454/607 650/450/609 425/451/610 424/455/608
f 650/450/609 654/445/611 426/446/612 425/451/610
f 654/445/611 658/439/613 427/440/614 426/446/612
f 658/439/613 582/431/575 408/434/578 427/440/614
f 589/837/615 585/838/616 428/839/617
f 593/843/618 589/837/615 428/839/617
f 597/847/619 593/843/618 428/839/617
f 601/851/620 597/847/619 428/839/617
f 605/857/621 601/851/620 428/839/617
f 609/862/622 605/857/621 428/839/617
f 613/869/623 609/862/622 428/839/617
f 617/875/624 613/869/623 428/839/617
f 621/880/625 617/875/624 428/839/617
f 625/885/626 621/880/625 428/839/617
f 629/884/627 625/885/626 428/839/617
f 633/879/628 629/884/627 428/839/617
f 637/874/629 633/879/628 428/839/617
f 641/868/630 637/874/629 428/839/617
f 645/861/631 641/868/630 428/839/617
f 649/856/632 645/861/631 428/839/617
f 653/850/633 649/856/632 428/839/617
f 657/846/634 653/850/633 428/839/617
f 661/842/635 657/846/634 428/839/617
f 585/838/616 661/842/635 428/839/617
s 13
f 662/485/636 666/486/637 431/487/638 430/488/639
f 666/486/637 670/491/640 432/492/641 431/487/638
f 670/1073/640 674/1074/642 433/1075/643 432/1076/641
f 674/1074/642 678/1079/644 434/1080/645 433/1075/643
f 678/1079/644 682/1082/646 435/1083/647 434/1080/645
f 682/1082/646 686/1085/648 436/1086/649 435/1083/647
f 686/521/648 690/513/650 437/516/651 436/522/649
f 690/513/650 694/514/652 438/515/653 437/516/651
f 694/514/652 698/519/654 439/520/655 438/515/653
f 698/519/654 702/527/656 440/528/657 439/520/655
f 702/527/656 706/531/658 441/532/659 440/528/657
f 706/531/658 710/535/660 442/536/661 441/532/659
f 710/1088/660 714/1089/662 443/1090/663 442/1091/661
f 714/1089/662 718/1094/664 444/1095/665 443/1090/663
f 718/1094/664 722/1097/666 445/1098/667 444/1095/665
f 722/1097/666 726/1100/668 446/1101/669 445/1098/667
f 726/508/668 730/504/670 447/505/671 446/509/669
f 730/504/670 734/499/672 448/500/673 447/505/671
f 734/499/672 738/493/674 449/494/675 448/500/673
f 738/493/674 662/485/636 430/488/639 449/494/675
f 669/890/676 665/891/677 450/892/678
f 673/896/679 669/890/676 450/892/678
f 677/900/680 673/896/679 450/892/678
f 681/904/681 677/900/680 450/892/678
f 685/910/682 681/904/681 450/892/678
f 689/915/683 685/910/682 450/892/678
f 693/920/684 689/915/683 450/892/678
f 697/927/685 693/920/684 450/892/678
f 701/933/686 697/927/685 450/892/678
f 705/938/687 701/933/686 450/892/678
f 709/937/688 705/938/687 450/892/678
f 713/932/689 709/937/688 450/892/678
f 717/926/690 713/932/689 450/892/678
f 721/919/691 717/926/690 450/892/678
f 725/914/692 721/919/691 450/892/678
f 729/909/693 725/914/692 450/892/678
f 733/903/694 729/909/693 450/892/678
f 737/899/695 733/903/694 450/892/678
f 741/895/696 737/899/695 450/892/678
f 665/891/677 741/895/696 450/892/678
s 8
f 454/762/697 455/761/698 458/763/699
f 452/323/485 453/327/700 457/328/701 456/324/486
f 453/327/700 454/334/697 458/335/699 457/328/701
f 458/763/699 455/761/698 461/765/702
f 456/324/486 457/328/701 460/336/703 459/329/489
f 457/768/701 458/763/699 461/765/702 460/769/703
f 461/765/702 455/761/698 464/767/704
f 459/983/489 460/987/703 463/988/705 462/984/491
f 460/769/703 461/765/702 464/767/704 463/772/705
f 464/767/704 455/761/698 467/771/706
f 462/984/491 463/988/705 466/991/707 465/989/493
f 463/772/705 464/767/704 467/771/706 466/775/707
f 467/771/706 455/761/698 470/774/708
f 465/989/493 466/991/707 469/994/709 468/992/495
f 466/775/707 467/771/706 470/774/710 469/780/711
f 470/774/708 455/761/698 473/779/712
f 468/992/495 469/994/709 472/997/713 471/995/497
f 469/780/711 470/774/710 473/779/714 472/784/715
f 473/779/712 455/761/698 476/783/716
f 471/357/497 472/359/713 475/353/717 474/349/499
f 472/359/715 473/365/714 476/360/718 475/353/719
f 476/783/716 455/761/698 479/787/720
f 474/349/499 475/353/717 478/354/721 477/350/501
f 475/353/719 476/360/718 479/361/722 478/354/723
f 479/787/720 455/761/698 482/790/724
f 477/350/501 478/354/721 481/362/725 480/355/503
f 478/354/723 479/361/722 482/366/726 481/362/727
f 482/790/724 455/761/698 485/793/728
f 480/355/503 481/362/725 484/367/729 483/363/505
f 481/362/727 482/366/726 485/370/730 484/367/731
f 485/793/728 455/761/698 488/791/732
f 483/363/505 484/367/729 487/371/733 486/368/507
f 484/367/731 485/370/730 488/374/734 487/371/735
f 488/791/732 455/761/698 491/788/736
f 486/368/507 487/371/733 490/375/737 489/372/509
f 487/371/735 488/374/734 491/376/738 490/375/739
f 491/788/736 455/761/698 494/785/740
f 489/998/509 490/1002/737 493/1003/741 492/999/511
f 490/792/739 491/788/738 494/785/742 493/789/741
f 494/785/740 455/761/698 497/781/743
f 492/999/511 493/1003/741 496/1006/744 495/1004/513
f 493/789/741 494/785/742 497/781/743 496/786/744
f 497/781/743 455/761/698 500/776/745
f 495/1004/513 496/1006/744 499/1009/746 498/1007/515
f 496/786/744 497/781/743 500/776/745 499/782/746
f 500/776/745 455/761/698 503/773/747
f 498/1007/515 499/1009/746 502/1012/748 501/1010/517
f 499/782/746 500/776/745 503/773/747 502/777/748
f 503/773/747 455/761/698 506/770/749
f 501/345/517 502/347/748 505/343/750 504/341/519
f 502/777/748 503/773/747 506/770/749 505/778/750
f 506/770/749 455/761/698 509/766/751
f 504/341/519 505/343/750 508/339/752 507/337/521
f 505/343/750 506/348/749 509/344/751 508/339/752
f 509/766/751 455/761/698 512/764/753
f 507/337/521 508/339/752 511/333/754 510/331/523
f 508/339/752 509/344/751 512/340/753 511/333/754
f 455/761/698 454/762/697 512/764/753
f 454/334/697 453/327/700 511/333/754 512/340/753
f 453/327/700 452/323/485 510/331/523 511/333/754
s 9
f 515/797/755 516/795/566 520/794/565 519/798/756
f 513/377/525 514/381/757 518/382/758 517/378/526
f 514/381/757 515/388/755 519/389/756 518/382/758
f 519/798/756 520/794/565 524/800/568 523/802/759
f 517/378/526 518/382/758 522/390/760 521/383/529
f 518/806/758 519/798/756 523/802/759 522/807/760
f 523/802/759 524/800/568 528/803/569 527/805/761
f 521/1013/529 522/1017/760 526/1018/762 525/1014/531
f 522/807/760 523/802/759 527/805/761 526/811/762
f 527/805/761 528/803/569 532/808/570 531/810/763
f 525/1014/531 526/1018/762 530/1021/764 529/1019/533
f 526/811/762 527/805/761 531/810/763 530/815/764
f 531/810/763 532/808/570 536/812/571 535/814/765
f 529/1019/533 530/1021/764 534/1024/766 533/1022/535
f 530/815/764 531/810/763 535/814/765 534/819/766
f 535/814/765 536/812/571 540/816/572 539/818/767
f 533/1022/535 534/1024/766 538/1027/768 537/1025/537
f 534/819/766 535/814/765 539/818/767 538/825/768
f 539/818/767 540/816/572 544/820/573 543/824/769
f 537/412/537 538/414/768 542/408/770 541/404/539
f 538/825/768 539/818/767 543/824/769 542/830/770
f 543/824/769 544/820/573 548/826/574 547/829/771
f 541/404/539 542/408/770 546/409/772 545/405/541
f 542/408/770 543/415/769 547/416/771 546/409/772
f 547/829/771 548/826/574 551/833/773
f 545/405/541 546/409/772 550/417/774 549/410/543
f 546/409/772 547/416/771 551/420/773 550/417/774
f 551/833/773 548/826/574 554/836/775
f 549/410/543 550/417/774 553/421/776 552/418/545
f 550/417/774 551/420/773 554/424/777 553/421/778
f 554/836/775 548/826/574 557/834/779
f 552/418/545 553/421/776 556/425/780 555/422/547
f 553/421/778 554/424/777 557/428/781 556/425/782
f 557/834/779 548/799/574 560/831/783
f 555/422/547 556/425/780 559/429/784 558/426/549
f 556/425/782 557/428/781 560/430/785 559/429/786
f 560/831/783 548/799/574 563/827/787
f 558/1028/549 559/1032/784 562/1033/788 561/1029/551
f 559/835/786 560/831/785 563/827/789 562/832/790
f 563/827/787 548/799/574 566/821/791
f 561/1029/551 562/1033/788 565/1036/792 564/1034/553
f 562/832/790 563/827/789 566/821/793 565/828/794
f 566/821/791 548/799/574 569/817/795
f 564/1034/553 565/1036/792 568/1039/796 567/1037/555
f 565/828/794 566/821/793 569/817/797 568/822/798
f 569/817/795 548/799/574 572/813/799
f 567/1037/555 568/1039/796 571/1042/800 570/1040/557
f 568/822/798 569/817/797 572/813/801 571/823/802
f 572/813/799 548/799/574 575/809/803
f 570/399/557 571/401/800 574/397/804 573/395/559
f 571/401/802 572/403/801 575/402/805 574/397/806
f 575/809/803 548/799/574 578/804/807
f 573/395/559 574/397/804 577/393/808 576/391/561
f 574/397/806 575/402/805 578/398/809 577/393/808
f 578/804/807 548/799/574 581/801/810
f 576/391/561 577/393/808 580/387/811 579/385/563
f 577/393/808 578/398/809 581/394/810 580/387/811
f 516/795/566 515/797/755 581/801/810 548/799/574
f 515/388/755 514/381/757 580/387/811 581/394/810
f 514/381/757 513/377/525 579/385/563 580/387/811
s 11
f 584/840/812 585/838/616 589/837/615 588/841/813
f 582/431/575 583/435/814 587/436/815 586/432/576
f 583/435/816 584/442/817 588/443/818 587/436/819
f 588/841/813 589/837/615 593/843/618 592/845/820
f 586/432/576 587/436/815 591/444/821 590/437/579
f 587/436/819 588/443/818 592/449/822 591/444/823
f 592/845/820 593/843/618 597/847/619 596/849/824
f 590/1043/579 591/1047/821 595/1048/825 594/1044/581
f 591/854/823 592/845/822 596/849/826 595/855/827
f 596/849/824 597/847/619 601/851/620 600/853/828
f 594/1044/581 595/1048/825 599/1051/829 598/1049/583
f 595/855/827 596/849/826 600/853/830 599/860/831
f 600/853/828 601/851/620 605/857/621 604/859/832
f 598/1049/583 599/1051/829 603/1054/833 602/1052/585
f 599/860/831 600/853/830 604/859/834 603/867/835
f 604/859/832 605/857/621 609/862/622 608/866/836
f 602/1052/585 603/1054/833 607/1057/837 606/1055/587
f 603/867/835 604/859/834 608/866/838 607/873/839
f 608/866/836 609/862/622 613/869/623 612/872/840
f 606/466/587 607/468/837 611/462/841 610/458/589
f 607/468/839 608/474/838 612/469/842 611/462/843
f 612/872/840 613/869/623 617/875/624 616/878/844
f 610/458/589 611/462/841 615/463/845 614/459/591
f 611/462/843 612/469/842 616/470/846 615/463/847
f 616/878/844 617/875/624 621/880/625 620/883/848
f 614/459/591 615/463/845 619/471/849 618/464/593
f 615/463/847 616/470/846 620/475/848 619/471/849
f 620/883/848 621/880/625 625/885/626 624/888/850
f 618/464/593 619/471/849 623/476/851 622/472/595
f 619/471/849 620/475/848 624/479/850 623/476/851
f 624/888/850 625/885/626 629/884/627 628/886/852
f 622/472/595 623/476/851 627/480/853 626/477/597
f 623/476/851 624/479/850 628/483/852 627/480/853
f 628/886/852 629/884/627 633/879/628 632/881/854
f 626/477/597 627/480/853 631/484/855 630/481/599
f 627/889/853 628/886/852 632/881/854 631/887/855
f 632/881/854 633/879/628 637/874/629 636/876/856
f 630/1058/599 631/1062/855 635/1063/857 634/1059/601
f 631/887/855 632/881/854 636/876/856 635/882/857
f 636/876/856 637/874/629 641/868/630 640/870/858
f 634/1059/601 635/1063/857 639/1066/859 638/1064/603
f 635/882/857 636/876/856 640/870/858 639/877/859
f 640/870/858 641/868/630 645/861/631 644/863/860
f 638/1064/603 639/1066/859 643/1069/861 642/1067/605
f 639/877/859 640/870/858 644/863/860 643/871/861
f 644/863/860 645/861/631 649/856/632 648/858/862
f 642/1067/605 643/1069/861 647/1072/863 646/1070/607
f 643/871/861 644/863/860 648/858/862 647/864/863
f 648/858/862 649/856/632 653/850/633 652/852/864
f 646/454/607 647/456/863 651/452/865 650/450/609
f 647/864/863 648/858/862 652/852/864 651/865/865
f 652/852/864 653/850/633 657/846/634 656/848/866
f 650/450/609 651/452/865 655/447/867 654/445/611
f 651/452/865 652/457/864 656/453/866 655/447/867
f 656/848/866 657/846/634 661/842/635 660/844/868
f 654/445/611 655/447/867 659/441/869 658/439/613
f 655/447/867 656/453/866 660/448/868 659/441/869
f 585/838/616 584/840/812 660/844/868 661/842/635
f 584/442/817 583/435/816 659/441/869 660/448/868
f 583/435/814 582/431/575 658/439/613 659/441/869
s 13
f 664/893/870 665/891/677 669/890/676 668/894/871
f 662/485/636 663/489/872 667/490/873 666/486/637
f 663/489/874 664/496/875 668/497/876 667/490/877
f 668/894/871 669/890/676 673/896/679 672/898/878
f 666/486/637 667/490/873 671/498/879 670/491/640
f 667/490/877 668/497/876 672/503/880 671/498/881
f 672/898/878 673/896/679 677/900/680 676/902/882
f 670/1073/640 671/1077/879 675/1078/883 674/1074/642
f 671/907/881 672/898/880 676/902/884 675/908/885
f 676/902/882 677/900/680 681/904/681 680/906/886
f 674/1074/642 675/1078/883 679/1081/887 678/1079/644
f 675/908/885 676/902/884 680/906/886 679/913/887
f 680/906/886 681/904/681 685/910/682 684/912/888
f 678/1079/644 679/1081/887 683/1084/889 682/1082/646
f 679/913/887 680/906/886 684/912/888 683/918/889
f 684/912/888 685/910/682 689/915/683 688/917/890
f 682/1082/646 683/1084/889 687/1087/891 686/1085/648
f 683/918/889 684/912/888 688/917/890 687/925/891
f 688/917/890 689/915/683 693/920/684 692/924/892
f 686/521/648 687/523/891 691/517/893 690/513/650
f 687/925/891 688/917/890 692/924/892 691/931/893
f 692/924/892 693/920/684 697/927/685 696/930/894
f 690/513/650 691/517/893 695/518/895 694/514/652
f 691/517/893 692/524/892 696/525/894 695/518/895
f 696/930/894 697/927/685 701/933/686 700/936/896
f 694/514/652 695/518/895 699/526/897 698/519/654
f 695/518/895 696/525/894 700/529/896 699/526/897
f 700/936/896 701/933/686 705/938/687 704/941/898
f 698/519/654 699/526/897 703/530/899 702/527/656
f 699/526/897 700/529/896 704/533/898 703/530/899
f 704/941/898 705/938/687 709/937/688 708/939/900
f 702/527/656 703/530/899 707/534/901 706/531/658
f 703/530/899 704/533/898 708/537/900 707/534/901
f 708/939/900 709/937/688 713/932/689 712/934/902
f 706/531/658 707/534/901 711/538/903 710/535/660
f 707/942/901 708/939/900 712/934/902 711/940/903
f 712/934/902 713/932/689 717/926/690 716/928/904
f 710/1088/660 711/1092/903 715/1093/905 714/1089/662
f 711/940/903 712/934/902 716/928/904 715/935/905
f 716/928/904 717/926/690 721/919/691 720/921/906
f 714/1089/662 715/1093/905 719/1096/907 718/1094/664
f 715/935/905 716/928/904 720/921/906 719/929/907
f 720/921/906 721/919/691 725/914/692 724/916/908
f 718/1094/664 719/1096/907 723/1099/909 722/1097/666
f 719/929/907 720/921/906 724/916/910 723/922/911
f 724/916/908 725/914/692 729/909/693 728/911/912
f 722/1097/666 723/1099/909 727/1102/913 726/1100/668
f 723/922/911 724/916/910 728/911/914 727/923/915
f 728/911/912 729/909/693 733/903/694 732/905/916
f 726/508/668 727/510/913 731/506/917 730/504/670
f 727/510/915 728/512/914 732/511/918 731/506/919
f 732/905/916 733/903/694 737/899/695 736/901/920
f 730/504/670 731/506/917 735/501/921 734/499/672
f 731/506/919 732/511/918 736/507/922 735/501/923
f 736/901/920 737/899/695 741/895/696 740/897/924
f 734/499/672 735/501/921 739/495/925 738/493/674
f 735/501/923 736/507/922 740/502/926 739/495/927
f 665/891/677 664/893/870 740/897/924 741/895/696
f 664/496/875 663/489/874 739/495/927 740/502/926
f 663/489/872 662/485/636 738/493/674 739/495/925
g default
v 2.734153 1.640195 2.653757
v 2.734153 1.858244 2.653757
v 3.479020 1.694702 2.411735
v 3.471988 1.667449 2.414019
v 3.452777 1.647498 2.420261
v 3.426535 1.640195 2.428788
v 3.367774 1.694702 2.193403
v 3.361793 1.667449 2.197749
v 3.345451 1.647498 2.209622
v 3.323128 1.640195 2.225841
v 3.194506 1.694702 2.020135
v 3.190160 1.667449 2.026116
v 3.178287 1.647498 2.042458
v 3.162068 1.640195 2.064781
v 2.976174 1.694702 1.908890
v 2.973890 1.667449 1.915921
v 2.967648 1.647498 1.935132
v 2.959121 1.640195 1.961375
v 2.734153 1.694702 1.870557
v 2.734153 1.667449 1.877951
v 2.734153 1.647498 1.898150
v 2.734153 1.640195 1.925743
v 2.492131 1.694702 1.908890
v 2.494415 1.667449 1.915921
v 2.500658 1.647498 1.935132
v 2.509184 1.640195 1.961375
v 2.273800 1.694702 2.020135
v 2.278146 1.667449 2.026116
v 2.290019 1.647498 2.042458
v 2.306237 1.640195 2.064781
v 2.100531 1.694702 2.193404
v 2.106512 1.667449 2.197750
v 2.122854 1.647498 2.209622
v 2.145177 1.640195 2.225841
v 1.989286 1.694702 2.411735
v 1.996317 1.667449 2.414020
v 2.015529 1.647498 2.420261
v 2.041771 1.640195 2.428788
v 1.950953 1.694702 2.653757
v 1.958347 1.667449 2.653757
v 1.978547 1.647498 2.653757
v 2.006140 1.640195 2.653757
v 1.989286 1.694702 2.895778
v 1.996317 1.667449 2.893493
v 2.015529 1.647498 2.887251
v 2.041771 1.640195 2.878725
v 2.100531 1.694702 3.114110
v 2.106512 1.667449 3.109764
v 2.122854 1.647498 3.097891
v 2.145177 1.640195 3.081672
v 2.273800 1.694702 3.287378
v 2.278146 1.667449 3.281397
v 2.290019 1.647498 3.265055
v 2.306237 1.640195 3.242732
v 2.492131 1.694702 3.398623
v 2.494415 1.667449 3.391591
v 2.500658 1.647498 3.372380
v 2.509184 1.640195 3.346138
v 2.734153 1.694702 3.436956
v 2.734153 1.667449 3.429562
v 2.734153 1.647498 3.409363
v 2.734153 1.640195 3.381770
v 2.976174 1.694702 3.398623
v 2.973890 1.667449 3.391591
v 2.967648 1.647498 3.372380
v 2.959121 1.640195 3.346138
v 3.194506 1.694702 3.287378
v 3.190160 1.667449 3.281396
v 3.178287 1.647498 3.265055
v 3.162068 1.640195 3.242731
v 3.367774 1.694702 3.114109
v 3.361793 1.667449 3.109763
v 3.345451 1.647498 3.097891
v 3.323128 1.640195 3.081672
v 3.479019 1.694702 2.895778
v 3.471988 1.667449 2.893493
v 3.452777 1.647498 2.887251
v 3.426534 1.640195 2.878725
v 3.517352 1.694702 2.653757
v 3.509958 1.667449 2.653757
v 3.489758 1.647498 2.653757
v 3.462165 1.640195 2.653757
v 3.479020 1.803737 2.411735
v 3.471988 1.830990 2.414019
v 3.452777 1.850941 2.420261
v 3.426535 1.858244 2.428788
v 3.367774 1.803737 2.193403
v 3.361793 1.830990 2.197749
v 3.345451 1.850941 2.209622
v 3.323128 1.858244 2.225841
v 3.194506 1.803737 2.020135
v 3.190160 1.830990 2.026116
v 3.178287 1.850941 2.042458
v 3.162068 1.858244 2.064781
v 2.976174 1.803737 1.908890
v 2.973890 1.830990 1.915921
v 2.967648 1.850941 1.935132
v 2.959121 1.858244 1.961375
v 2.734153 1.803737 1.870557
v 2.734153 1.830990 1.877951
v 2.734153 1.850941 1.898150
v 2.734153 1.858244 1.925743
v 2.492131 1.803737 1.908890
v 2.494415 1.830990 1.915921
v 2.500658 1.850941 1.935132
v 2.509184 1.858244 1.961375
v 2.273800 1.803737 2.020135
v 2.278146 1.830990 2.026116
v 2.290019 1.850941 2.042458
v 2.306237 1.858244 2.064781
v 2.100531 1.803737 2.193404
v 2.106512 1.830990 2.197750
v 2.122854 1.850941 2.209622
v 2.145177 1.858244 2.225841
v 1.989286 1.803737 2.411735
v 1.996317 1.830990 2.414020
v 2.015529 1.850941 2.420261
v 2.041771 1.858244 2.428788
v 1.950953 1.803737 2.653757
v 1.958347 1.830990 2.653757
v 1.978547 1.850941 2.653757
v 2.006140 1.858244 2.653757
v 1.989286 1.803737 2.895778
v 1.996317 1.830990 2.893493
v 2.015529 1.850941 2.887251
v 2.041771 1.858244 2.878725
v 2.100531 1.803737 3.114110
v 2.106512 1.830990 3.109764
v 2.122854 1.850941 3.097891
v 2.145177 1.858244 3.081672
v 2.273800 1.803737 3.287378
v 2.278146 1.830990 3.281397
v 2.290019 1.850941 3.265055
v 2.306237 1.858244 3.242732
v 2.492131 1.803737 3.398623
v 2.494415 1.830990 3.391591
v 2.500658 1.850941 3.372380
v 2.509184 1.858244 3.346138
v 2.734153 1.803737 3.436956
v 2.734153 1.830990 3.429562
v 2.734153 1.850941 3.409363
v 2.734153 1.858244 3.381770
v 2.976174 1.803737 3.398623
v 2.973890 1.830990 3.391591
v 2.967648 1.850941 3.372380
v 2.959121 1.858244 3.346138
v 3.194506 1.803737 3.287378
v 3.190160 1.830990 3.281396
v 3.178287 1.850941 3.265055
v 3.162068 1.858244 3.242731
v 3.367774 1.803737 3.114109
v 3.361793 1.830990 3.109763
v 3.345451 1.850941 3.097891
v 3.323128 1.858244 3.081672
v 3.479019 1.803737 2.895778
v 3.471988 1.830990 2.893493
v 3.452777 1.850941 2.887251
v 3.426534 1.858244 2.878725
v 3.517352 1.803737 2.653757
v 3.509958 1.830990 2.653757
v 3.489758 1.850941 2.653757
v 3.462165 1.858244 2.653757
v 3.181398 1.640195 2.912256
v 3.165051 1.640195 2.880172
v 3.139590 1.640195 2.854711
v 3.107507 1.640195 2.838364
v 3.071943 1.640195 2.832731
v 3.036379 1.640195 2.838364
v 3.004295 1.640195 2.854711
v 2.978834 1.640195 2.880172
v 2.962487 1.640195 2.912256
v 2.956854 1.640195 2.947820
v 2.962487 1.640195 2.983384
v 2.978834 1.640195 3.015467
v 3.004295 1.640195 3.040929
v 3.036379 1.640195 3.057276
v 3.071943 1.640195 3.062908
v 3.107507 1.640195 3.057276
v 3.139590 1.640195 3.040929
v 3.165051 1.640195 3.015467
v 3.181398 1.640195 2.983384
v 3.187031 1.640195 2.947820
v 3.289325 0.747449 3.155018
v 3.071943 1.640195 2.947820
v 3.181398 1.640195 2.336390
v 3.165051 1.640195 2.304307
v 3.139590 1.640195 2.278846
v 3.107507 1.640195 2.262499
v 3.071943 1.640195 2.256866
v 3.036379 1.640195 2.262499
v 3.004295 1.640195 2.278846
v 2.978834 1.640195 2.304307
v 2.962487 1.640195 2.336390
v 2.956854 1.640195 2.371955
v 2.962487 1.640195 2.407519
v 2.978834 1.640195 2.439602
v 3.004295 1.640195 2.465063
v 3.036379 1.640195 2.481411
v 3.071943 1.640195 2.487043
v 3.107507 1.640195 2.481411
v 3.139590 1.640195 2.465063
v 3.165051 1.640195 2.439602
v 3.181398 1.640195 2.407519
v 3.187031 1.640195 2.371955
v 3.289325 0.747449 2.170278
v 3.071943 1.640195 2.371955
v 2.501111 1.640195 2.327032
v 2.484764 1.640195 2.294949
v 2.459303 1.640195 2.269488
v 2.427220 1.640195 2.253141
v 2.391656 1.640195 2.247508
v 2.356091 1.640195 2.253141
v 2.324008 1.640195 2.269488
v 2.298548 1.640195 2.294949
v 2.282200 1.640195 2.327032
v 2.276567 1.640195 2.362596
v 2.282200 1.640195 2.398161
v 2.298548 1.640195 2.430244
v 2.324008 1.640195 2.455705
v 2.356091 1.640195 2.472052
v 2.391656 1.640195 2.477685
v 2.427220 1.640195 2.472052
v 2.459303 1.640195 2.455705
v 2.484764 1.640195 2.430244
v 2.501111 1.640195 2.398161
v 2.506744 1.640195 2.362596
v 2.174273 0.747449 2.154275
v 2.391656 1.640195 2.362596
v 2.501111 1.640195 2.913837
v 2.484764 1.640195 2.881754
v 2.459303 1.640195 2.856293
v 2.427220 1.640195 2.839946
v 2.391656 1.640195 2.834313
v 2.356091 1.640195 2.839946
v 2.324008 1.640195 2.856293
v 2.298548 1.640195 2.881754
v 2.282200 1.640195 2.913837
v 2.276567 1.640195 2.949402
v 2.282200 1.640195 2.984966
v 2.298548 1.640195 3.017049
v 2.324008 1.640195 3.042511
v 2.356091 1.640195 3.058858
v 2.391656 1.640195 3.064491
v 2.427220 1.640195 3.058858
v 2.459303 1.640195 3.042511
v 2.484764 1.640195 3.017049
v 2.501111 1.640195 2.984966
v 2.506744 1.640195 2.949402
v 2.174273 0.747449 3.157723
v 2.391656 1.640195 2.949402
v 3.434231 0.864827 3.072356
v 3.438133 0.843377 3.077098
v 3.437331 0.821980 3.083293
v 3.431866 0.801691 3.090636
v 3.422007 0.783512 3.098764
v 3.408244 0.768341 3.107274
v 3.391263 0.756932 3.115743
v 3.371909 0.749850 3.123751
v 3.351148 0.747449 3.130897
v 3.409960 0.860351 3.020957
v 3.414041 0.839159 3.025748
v 3.414263 0.818335 3.033099
v 3.410616 0.798817 3.042681
v 3.403263 0.781483 3.054060
v 3.392538 0.767113 3.066725
v 3.378926 0.756357 3.080101
v 3.363045 0.749702 3.093582
v 3.345615 0.747449 3.106557
v 3.371361 0.855644 2.980185
v 3.375609 0.834791 2.984928
v 3.377111 0.814602 2.992972
v 3.375805 0.795896 3.003991
v 3.371745 0.779432 3.017538
v 3.365096 0.765876 3.033063
v 3.356128 0.755780 3.049936
v 3.345205 0.749554 3.067470
v 3.332771 0.747449 3.084953
v 3.322141 0.851170 2.954108
v 3.326522 0.830692 2.958740
v 3.329403 0.811133 2.967018
v 3.330678 0.793202 2.978643
v 3.330302 0.777551 2.993193
v 3.328289 0.764747 3.010139
v 3.324711 0.755255 3.028867
v 3.319697 0.749418 3.048700
v 3.313430 0.747449 3.068919
v 3.266889 0.848339 2.945264
v 3.271405 0.828030 2.949765
v 3.275673 0.808838 2.957848
v 3.279552 0.791397 2.969246
v 3.282914 0.776278 2.983587
v 3.285650 0.763977 3.000403
v 3.287669 0.754895 3.019147
v 3.288907 0.749326 3.039215
v 3.289325 0.747449 3.059958
v 3.211671 0.844678 2.954968
v 3.216213 0.824819 2.959337
v 3.221665 0.806212 2.966965
v 3.227864 0.789413 2.977625
v 3.234623 0.774924 2.990998
v 3.241740 0.763178 3.006682
v 3.249004 0.754528 3.024209
v 3.256195 0.749233 3.043055
v 3.263100 0.747449 3.062654
v 3.161382 0.843226 2.981977
v 3.165980 0.823514 2.986259
v 3.172486 0.805126 2.993183
v 3.180715 0.788583 3.002553
v 3.190433 0.774352 3.014104
v 3.201364 0.762839 3.027505
v 3.213195 0.754372 3.042375
v 3.225589 0.749193 3.058287
v 3.238188 0.747449 3.074785
v 3.121267 0.843077 3.023769
v 3.125932 0.823378 3.028012
v 3.133308 0.805014 3.034080
v 3.143189 0.788498 3.041802
v 3.155295 0.774296 3.050962
v 3.169283 0.762807 3.061299
v 3.184755 0.754358 3.072520
v 3.201269 0.749189 3.084303
v 3.218349 0.747449 3.096309
v 3.095328 0.844179 3.076199
v 3.100089 0.824365 3.080440
v 3.108151 0.805836 3.085532
v 3.119280 0.789130 3.091328
v 3.133150 0.774733 3.097659
v 3.149352 0.763069 3.104337
v 3.167407 0.754479 3.111166
v 3.186774 0.749220 3.117941
v 3.206875 0.747449 3.124460
v 3.085996 0.847280 3.133858
v 3.090897 0.827081 3.138140
v 3.099422 0.808056 3.142172
v 3.111304 0.790807 3.145828
v 3.126164 0.775878 3.148993
v 3.143530 0.763744 3.151564
v 3.162851 0.754789 3.153462
v 3.183510 0.749299 3.154626
v 3.204846 0.747449 3.155018
v 3.094482 0.849793 3.191498
v 3.099526 0.829444 3.195720
v 3.108303 0.810090 3.198494
v 3.120507 0.792404 3.199723
v 3.135712 0.777001 3.199366
v 3.153385 0.764422 3.197434
v 3.172905 0.755105 3.193997
v 3.193582 0.749381 3.189175
v 3.214686 0.747449 3.183139
v 3.119493 0.854060 3.242861
v 3.124666 0.833357 3.246990
v 3.133304 0.813396 3.248424
v 3.145068 0.794963 3.247104
v 3.159497 0.778781 3.243084
v 3.176025 0.765485 3.236521
v 3.194002 0.755598 3.227671
v 3.212726 0.749507 3.216882
v 3.231463 0.747449 3.204576
v 3.158579 0.858961 3.283058
v 3.163788 0.837909 3.287017
v 3.171771 0.817277 3.287089
v 3.182174 0.797986 3.283272
v 3.194537 0.780892 3.275733
v 3.208315 0.766751 3.264802
v 3.222904 0.756185 3.250957
v 3.237669 0.749657 3.234800
v 3.251970 0.747449 3.217031
v 3.207827 0.863984 3.308225
v 3.212912 0.842645 3.311971
v 3.219617 0.821360 3.310883
v 3.227606 0.801193 3.305015
v 3.236484 0.783145 3.294653
v 3.245816 0.768108 3.280300
v 3.255147 0.756816 3.262650
v 3.264029 0.749819 3.242551
v 3.272037 0.747449 3.220963
v 3.262254 0.869182 3.315844
v 3.267076 0.847501 3.319490
v 3.271960 0.825537 3.317848
v 3.276643 0.804479 3.311007
v 3.280871 0.785464 3.299331
v 3.284419 0.769511 3.283442
v 3.287096 0.757473 3.264178
v 3.288760 0.749988 3.242556
v 3.289325 0.747449 3.219710
v 3.317108 0.871663 3.305987
v 3.321491 0.850039 3.309544
v 3.324213 0.827837 3.307943
v 3.325118 0.806347 3.301275
v 3.324150 0.786805 3.289918
v 3.321361 0.770331 3.274512
v 3.316906 0.757857 3.255918
v 3.311030 0.750087 3.235170
v 3.304060 0.747449 3.213415
v 3.366664 0.873261 3.279061
v 3.370666 0.851591 3.282772
v 3.371413 0.829214 3.282129
v 3.368860 0.807458 3.277169
v 3.363155 0.787605 3.268180
v 3.354629 0.770823 3.255684
v 3.343773 0.758091 3.240404
v 3.331212 0.750148 3.223219
v 3.317667 0.747449 3.205115
v 3.406328 0.873169 3.237872
v 3.410083 0.851478 3.241868
v 3.409393 0.829110 3.242805
v 3.404297 0.807378 3.240628
v 3.395094 0.787555 3.235463
v 3.382315 0.770797 3.227609
v 3.366704 0.758082 3.217521
v 3.349162 0.750146 3.205783
v 3.330703 0.747449 3.193073
v 3.432255 0.871553 3.186323
v 3.435935 0.849871 3.190639
v 3.434532 0.827680 3.193442
v 3.428126 0.806232 3.194576
v 3.417077 0.786739 3.193975
v 3.402010 0.770303 3.191674
v 3.383776 0.757851 3.187803
v 3.363405 0.750087 3.182579
v 3.342046 0.747449 3.176299
v 3.441680 0.869368 3.129177
v 3.445489 0.847615 3.133787
v 3.444173 0.825628 3.138448
v 3.437803 0.804566 3.142912
v 3.426719 0.785545 3.146943
v 3.411517 0.769576 3.150328
v 3.393015 0.757511 3.152885
v 3.372215 0.750000 3.154478
v 3.350245 0.747449 3.155018
v 3.432262 0.871527 2.138266
v 3.435878 0.849884 2.134099
v 3.434325 0.827691 2.131467
v 3.427694 0.806226 2.130522
v 3.416356 0.786719 2.131321
v 3.400949 0.770279 2.133821
v 3.382331 0.757834 2.137883
v 3.361536 0.750081 2.143284
v 3.339711 0.747449 2.149725
v 3.406359 0.873060 2.086686
v 3.410099 0.851381 2.082824
v 3.409374 0.829022 2.082037
v 3.404228 0.807300 2.084374
v 3.394957 0.787492 2.089699
v 3.382098 0.770754 2.097705
v 3.366390 0.758058 2.107933
v 3.348734 0.750139 2.119796
v 3.330138 0.747449 2.132617
v 3.366711 0.873083 2.045476
v 3.370739 0.851390 2.041854
v 3.371540 0.829030 2.042552
v 3.369066 0.807312 2.047529
v 3.363459 0.787506 2.056496
v 3.355045 0.770767 2.068934
v 3.344310 0.758067 2.084124
v 3.331872 0.750142 2.101190
v 3.318449 0.747449 2.119148
v 3.317162 0.871439 2.018544
v 3.321584 0.849764 2.015018
v 3.324374 0.827585 2.016535
v 3.325376 0.806156 2.023009
v 3.324533 0.786685 2.034076
v 3.321892 0.770269 2.049112
v 3.317602 0.757835 2.067269
v 3.311906 0.750083 2.087526
v 3.305122 0.747449 2.108741
v 3.262305 0.868956 2.008699
v 3.267139 0.847214 2.005043
v 3.272018 0.825275 2.006488
v 3.276685 0.804285 2.012958
v 3.280898 0.785345 2.024110
v 3.284431 0.769454 2.039349
v 3.287100 0.757454 2.057861
v 3.288761 0.749985 2.078653
v 3.289325 0.747449 2.100604
v 3.207870 0.863768 2.016351
v 3.212922 0.842383 2.012588
v 3.219500 0.821124 2.013443
v 3.227286 0.801017 2.018877
v 3.235901 0.783037 2.028624
v 3.244929 0.768054 2.042210
v 3.253928 0.756798 2.058973
v 3.262461 0.749816 2.078094
v 3.270109 0.747449 2.098636
v 3.158608 0.858795 2.041562
v 3.163744 0.837721 2.037616
v 3.171500 0.817110 2.037369
v 3.181539 0.797860 2.040833
v 3.193421 0.780811 2.047857
v 3.206628 0.766709 2.058132
v 3.220580 0.756169 2.071208
v 3.234665 0.749654 2.086511
v 3.248265 0.747449 2.103368
v 3.119509 0.853964 2.081808
v 3.124593 0.833258 2.077733
v 3.132965 0.813308 2.076231
v 3.144299 0.794893 2.077361
v 3.158153 0.778732 2.081079
v 3.173984 0.765457 2.087239
v 3.191174 0.755585 2.095601
v 3.209052 0.749503 2.105838
v 3.226918 0.747449 2.117549
v 3.094485 0.849772 2.133216
v 3.099447 0.829430 2.129085
v 3.107983 0.810076 2.126344
v 3.119793 0.792388 2.125091
v 3.134464 0.776986 2.125369
v 3.151481 0.764409 2.127168
v 3.170251 0.755098 2.130426
v 3.190117 0.749378 2.135029
v 3.210386 0.747449 2.140815
v 3.085994 0.847286 2.190875
v 3.090836 0.827100 2.186711
v 3.099189 0.808073 2.182786
v 3.110784 0.790815 2.179225
v 3.125253 0.775879 2.176143
v 3.142136 0.763740 2.173639
v 3.160898 0.754786 2.171792
v 3.180948 0.749298 2.170660
v 3.201655 0.747449 2.170278
v 3.095309 0.844305 2.248574
v 3.100040 0.824484 2.244453
v 3.108010 0.805933 2.239491
v 3.118984 0.789199 2.233834
v 3.132638 0.774776 2.227649
v 3.148568 0.763091 2.221118
v 3.166304 0.754488 2.214436
v 3.185321 0.749222 2.207799
v 3.205055 0.747449 2.201404
v 3.121237 0.843266 2.301016
v 3.125900 0.823546 2.296885
v 3.133263 0.805150 2.290929
v 3.143120 0.788600 2.283315
v 3.155188 0.774364 2.274260
v 3.169126 0.762846 2.264021
v 3.184534 0.754375 2.252892
v 3.200971 0.749194 2.241192
v 3.217965 0.747449 2.229255
v 3.161339 0.843470 2.342812
v 3.165956 0.823720 2.338620
v 3.172506 0.805293 2.331746
v 3.180802 0.788710 2.322383
v 3.190609 0.774441 2.310800
v 3.201645 0.762893 2.297327
v 3.213593 0.754398 2.282353
v 3.226107 0.749199 2.266313
v 3.238823 0.747449 2.249671
v 3.211614 0.844964 2.369815
v 3.216182 0.825055 2.365506
v 3.221689 0.806404 2.357839
v 3.227973 0.789561 2.347042
v 3.234845 0.775030 2.333436
v 3.242099 0.763245 2.317434
v 3.249516 0.754561 2.299519
v 3.256869 0.749241 2.280238
v 3.263932 0.747449 2.260183
v 3.266817 0.848662 2.379502
v 3.271346 0.828298 2.375034
v 3.275625 0.809057 2.366829
v 3.279514 0.791568 2.355155
v 3.282887 0.776401 2.340395
v 3.285632 0.764054 2.323034
v 3.287660 0.754932 2.303641
v 3.288905 0.749336 2.282857
v 3.289325 0.747449 2.261367
v 3.322065 0.851479 2.370641
v 3.326424 0.830960 2.366027
v 3.329223 0.811354 2.357576
v 3.330358 0.793373 2.345595
v 3.329790 0.777671 2.330521
v 3.327539 0.764820 2.312905
v 3.323687 0.755290 2.293389
v 3.318377 0.749428 2.272690
v 3.311803 0.747449 2.251566
v 3.371285 0.855926 2.344539
v 3.375470 0.835054 2.339821
v 3.376782 0.814824 2.331620
v 3.375168 0.796065 2.320272
v 3.370693 0.779545 2.306243
v 3.363539 0.765942 2.290104
v 3.353998 0.755809 2.272512
v 3.342456 0.749561 2.254184
v 3.329382 0.747449 2.235863
v 3.409895 0.860578 2.303737
v 3.413878 0.839396 2.299001
v 3.413831 0.818539 2.291568
v 3.409757 0.798967 2.281780
v 3.401839 0.781577 2.270083
v 3.390434 0.767162 2.257010
v 3.376055 0.756376 2.243148
v 3.359347 0.749706 2.229122
v 3.341055 0.747449 2.215557
v 3.434186 0.864980 2.252306
v 3.437975 0.843563 2.247658
v 3.436884 0.822143 2.241487
v 3.430967 0.801805 2.234104
v 3.420518 0.783575 2.225881
v 3.406054 0.768367 2.217228
v 3.388284 0.756938 2.208571
v 3.368079 0.749850 2.200336
v 3.346420 0.747449 2.192924
v 3.441675 0.869384 2.195434
v 3.445380 0.847684 2.190958
v 3.443816 0.825693 2.186420
v 3.437067 0.804603 2.182070
v 3.425494 0.785553 2.178139
v 3.409716 0.769566 2.174841
v 3.390568 0.757499 2.172351
v 3.369066 0.749995 2.170803
v 3.346344 0.747449 2.170278
v 2.369117 0.849797 2.117914
v 2.364072 0.829449 2.113669
v 2.355293 0.810095 2.110873
v 2.343084 0.792408 2.109625
v 2.327873 0.777004 2.109966
v 2.310193 0.764424 2.111885
v 2.290667 0.755106 2.115314
v 2.269983 0.749381 2.120131
v 2.248873 0.747449 2.126167
v 2.344108 0.854080 2.066559
v 2.338935 0.833376 2.062407
v 2.330292 0.813413 2.060953
v 2.318521 0.794977 2.062255
v 2.304084 0.778791 2.066260
v 2.287548 0.765491 2.072813
v 2.269562 0.755601 2.081657
v 2.250829 0.749507 2.092444
v 2.232085 0.747449 2.104752
v 2.305026 0.858995 2.026372
v 2.299816 0.837942 2.022391
v 2.291827 0.817306 2.022299
v 2.281417 0.798010 2.026100
v 2.269046 0.780909 2.033627
v 2.255259 0.766761 2.044551
v 2.240660 0.756190 2.058393
v 2.225888 0.749658 2.074552
v 2.211582 0.747449 2.092325
v 2.255780 0.864028 2.001215
v 2.250694 0.842689 1.997447
v 2.243985 0.821398 1.998516
v 2.235991 0.801224 2.004370
v 2.227106 0.783167 2.014723
v 2.217768 0.768121 2.029070
v 2.208431 0.756823 2.046719
v 2.199544 0.749820 2.066821
v 2.191533 0.747449 2.088415
v 2.201354 0.869227 1.993603
v 2.196532 0.847547 1.989935
v 2.191647 0.825578 1.991559
v 2.186963 0.804513 1.998386
v 2.182732 0.785488 2.010053
v 2.179183 0.769526 2.025938
v 2.176504 0.757480 2.045201
v 2.174838 0.749990 2.066826
v 2.174273 0.747449 2.089677
v 2.146502 0.871708 2.003463
v 2.142120 0.850084 1.999883
v 2.139398 0.827879 2.001465
v 2.138496 0.806380 2.008117
v 2.139467 0.786830 2.019463
v 2.142257 0.770345 2.034862
v 2.146716 0.757864 2.053453
v 2.152593 0.750089 2.074201
v 2.159566 0.747449 2.095957
v 2.096944 0.873297 2.030387
v 2.092944 0.851628 2.026653
v 2.092200 0.829248 2.027275
v 2.094757 0.807485 2.032216
v 2.100467 0.787625 2.041190
v 2.108999 0.770836 2.053674
v 2.119860 0.758097 2.068948
v 2.132426 0.750149 2.086130
v 2.145973 0.747449 2.104234
v 2.057276 0.873191 2.071571
v 2.053523 0.851501 2.067551
v 2.054217 0.829131 2.066591
v 2.059316 0.807396 2.068746
v 2.068527 0.787568 2.073892
v 2.081311 0.770805 2.081731
v 2.096928 0.758085 2.091808
v 2.114475 0.750147 2.103540
v 2.132935 0.747449 2.116248
v 2.031345 0.871558 2.123114
v 2.027666 0.849877 2.118774
v 2.029071 0.827686 2.115945
v 2.035481 0.806237 2.114788
v 2.046533 0.786743 2.115368
v 2.061604 0.770305 2.117651
v 2.079842 0.757852 2.121509
v 2.100217 0.750087 2.126724
v 2.121577 0.747449 2.133002
v 2.021917 0.869365 2.180256
v 2.018109 0.847611 2.175620
v 2.019424 0.825625 2.170935
v 2.025793 0.804564 2.166446
v 2.036875 0.785544 2.162393
v 2.052078 0.769575 2.158990
v 2.070577 0.757511 2.156419
v 2.091377 0.750000 2.154819
v 2.113346 0.747449 2.154275
v 2.029358 0.864796 2.237067
v 2.025456 0.843348 2.232301
v 2.026257 0.821956 2.226082
v 2.031721 0.801673 2.218717
v 2.041578 0.783499 2.210571
v 2.055339 0.768334 2.202046
v 2.072318 0.756928 2.193565
v 2.091671 0.749849 2.185550
v 2.112431 0.747449 2.178402
v 2.053626 0.860304 2.288458
v 2.049545 0.839116 2.283645
v 2.049321 0.818300 2.276272
v 2.052967 0.798790 2.266673
v 2.060317 0.781464 2.255278
v 2.071039 0.767102 2.242602
v 2.084647 0.756352 2.229218
v 2.100525 0.749701 2.215733
v 2.117954 0.747449 2.202757
v 2.092223 0.855586 2.329224
v 2.087975 0.834739 2.324459
v 2.086473 0.814559 2.316396
v 2.087777 0.795863 2.305363
v 2.091835 0.779409 2.291805
v 2.098481 0.765863 2.276273
v 2.107446 0.755774 2.259396
v 2.118367 0.749552 2.241861
v 2.130798 0.747449 2.224379
v 2.141442 0.851107 2.355296
v 2.137062 0.830636 2.350643
v 2.134182 0.811086 2.342347
v 2.132907 0.793166 2.330710
v 2.133283 0.777526 2.316153
v 2.135296 0.764732 2.299202
v 2.138873 0.755248 2.280472
v 2.143885 0.749417 2.260640
v 2.150151 0.747449 2.240424
v 2.196694 0.848273 2.364137
v 2.192179 0.827972 2.359615
v 2.187914 0.808791 2.351515
v 2.184038 0.791361 2.340104
v 2.180679 0.776254 2.325756
v 2.177945 0.763963 2.308936
v 2.175928 0.754888 2.290190
v 2.174690 0.749324 2.270124
v 2.174273 0.747449 2.249383
v 2.251915 0.844620 2.354429
v 2.247375 0.824768 2.350039
v 2.241926 0.806170 2.342394
v 2.235732 0.789381 2.331722
v 2.228977 0.774902 2.318341
v 2.221863 0.763166 2.302651
v 2.214603 0.754523 2.285122
v 2.207414 0.749231 2.266277
v 2.200511 0.747449 2.246680
v 2.302207 0.843176 2.327419
v 2.297611 0.823471 2.323116
v 2.291108 0.805091 2.316174
v 2.282883 0.788556 2.306789
v 2.273170 0.774334 2.295228
v 2.262244 0.762829 2.281819
v 2.250416 0.754367 2.266944
v 2.238026 0.749192 2.251030
v 2.225429 0.747449 2.234532
v 2.342325 0.843038 2.285627
v 2.337661 0.823345 2.281363
v 2.330287 0.804987 2.275276
v 2.320410 0.788478 2.267537
v 2.308307 0.774282 2.258364
v 2.294322 0.762799 2.248016
v 2.278853 0.754354 2.236788
v 2.262342 0.749188 2.225001
v 2.245262 0.747449 2.212993
v 2.368266 0.844153 2.233201
v 2.363506 0.824343 2.228938
v 2.355445 0.805819 2.223825
v 2.344317 0.789117 2.218010
v 2.330448 0.774725 2.211664
v 2.314246 0.763064 2.204973
v 2.296192 0.754477 2.198135
v 2.276824 0.749220 2.191354
v 2.256722 0.747449 2.184833
v 2.377602 0.847278 2.175549
v 2.372701 0.827080 2.171245
v 2.364175 0.808056 2.167191
v 2.352293 0.790806 2.163515
v 2.337431 0.775878 2.160333
v 2.320063 0.763744 2.157748
v 2.300740 0.754789 2.155839
v 2.280081 0.749299 2.154669
v 2.258742 0.747449 2.154275
v 2.368266 0.844153 3.078797
v 2.363541 0.824356 3.083047
v 2.355582 0.805831 3.088129
v 2.344622 0.789123 3.093892
v 2.330984 0.774725 3.100166
v 2.315072 0.763060 3.106768
v 2.297353 0.754474 3.113501
v 2.278351 0.749219 3.120168
v 2.258626 0.747449 3.126571
v 2.342325 0.843038 3.026371
v 2.337671 0.823349 3.030628
v 2.330325 0.804991 3.036696
v 2.320493 0.788480 3.044404
v 2.308452 0.774282 3.053534
v 2.294546 0.762798 3.063827
v 2.279167 0.754353 3.074991
v 2.262755 0.749188 3.086709
v 2.245778 0.747449 3.098645
v 2.302207 0.843176 2.984579
v 2.297601 0.823465 2.988895
v 2.291072 0.805085 2.995872
v 2.282803 0.788553 3.005315
v 2.273028 0.774334 3.016957
v 2.262026 0.762830 3.030468
v 2.250110 0.754369 3.045459
v 2.237623 0.749192 3.061502
v 2.224925 0.747449 3.078132
v 2.251915 0.844620 2.957569
v 2.247359 0.824754 2.962000
v 2.241870 0.806157 2.969764
v 2.235610 0.789374 2.980633
v 2.228765 0.774902 2.994284
v 2.221538 0.763169 3.010310
v 2.214146 0.754526 3.028229
v 2.206813 0.749232 3.047500
v 2.199761 0.747449 3.067536
v 2.196694 0.848273 2.947861
v 2.192176 0.827955 2.952453
v 2.187911 0.808776 2.960756
v 2.184037 0.791353 2.972500
v 2.180679 0.776254 2.987306
v 2.177946 0.763967 3.004690
v 2.175928 0.754892 3.024087
v 2.174690 0.749326 3.044862
v 2.174273 0.747449 3.066336
v 2.141442 0.851107 2.956703
v 2.137089 0.830628 2.961443
v 2.134297 0.811078 2.969995
v 2.133164 0.793162 2.982051
v 2.133733 0.777526 2.997176
v 2.135981 0.764734 3.014822
v 2.139828 0.755250 3.034348
v 2.145133 0.749418 3.055045
v 2.151703 0.747449 3.076159
v 2.092223 0.855586 2.982774
v 2.088042 0.834748 2.987623
v 2.086729 0.814568 2.995936
v 2.088339 0.795868 3.007376
v 2.092805 0.779409 3.021476
v 2.099948 0.765861 3.037665
v 2.109477 0.755772 3.055288
v 2.121010 0.749551 3.073632
v 2.134080 0.747449 3.091958
v 2.053626 0.860304 3.023540
v 2.049645 0.839147 3.028413
v 2.049690 0.818329 3.035973
v 2.053760 0.798805 3.045874
v 2.061671 0.781464 3.057665
v 2.073067 0.767094 3.070814
v 2.087439 0.756345 3.084731
v 2.104145 0.749698 3.098792
v 2.122443 0.747449 3.112374
v 2.029358 0.864796 3.074932
v 2.025572 0.843397 3.079720
v 2.026667 0.822003 3.086031
v 2.032587 0.801697 3.093544
v 2.043040 0.783500 3.101883
v 2.057510 0.768322 3.110633
v 2.075287 0.756917 3.119363
v 2.095505 0.749845 3.127646
v 2.117184 0.747449 3.135079
v 2.021917 0.869365 3.131742
v 2.018214 0.847665 3.136366
v 2.019783 0.825677 3.141052
v 2.026540 0.804590 3.145546
v 2.038123 0.785543 3.149605
v 2.053915 0.769561 3.153011
v 2.073079 0.757497 3.155582
v 2.094598 0.749994 3.157181
v 2.117338 0.747449 3.157723
v 2.031345 0.871558 3.188885
v 2.027739 0.849923 3.193195
v 2.029312 0.827730 3.195971
v 2.035975 0.806260 3.197052
v 2.047352 0.786744 3.196375
v 2.062802 0.770294 3.193975
v 2.081463 0.757841 3.189985
v 2.102298 0.750083 3.184625
v 2.124157 0.747449 3.178191
v 2.057276 0.873191 3.240427
v 2.053549 0.851521 3.244428
v 2.054299 0.829151 3.245349
v 2.059483 0.807406 3.243135
v 2.068800 0.787568 3.237915
v 2.081709 0.770801 3.229990
v 2.097466 0.758080 3.219815
v 2.115164 0.750145 3.207978
v 2.133790 0.747449 3.195154
v 2.096944 0.873297 3.281611
v 2.092927 0.851611 3.285367
v 2.092148 0.829231 3.284791
v 2.094654 0.807477 3.279918
v 2.100299 0.787625 3.271031
v 2.108754 0.770840 3.258649
v 2.119529 0.758101 3.243489
v 2.132000 0.750151 3.226431
v 2.145446 0.747449 3.208462
v 2.146502 0.871708 3.308536
v 2.142086 0.850035 3.312193
v 2.139305 0.827831 3.310788
v 2.138315 0.806355 3.304402
v 2.139175 0.786828 3.293397
v 2.141833 0.770357 3.278396
v 2.146141 0.757877 3.260250
v 2.151854 0.750094 3.239986
v 2.158648 0.747449 3.218754
v 2.201354 0.869227 3.318395
v 2.196519 0.847486 3.322183
v 2.191634 0.825519 3.320848
v 2.186957 0.804483 3.314460
v 2.182732 0.785488 3.303363
v 2.179186 0.769542 3.288149
v 2.176508 0.757496 3.269639
v 2.174840 0.749996 3.248832
v 2.174273 0.747449 3.226858
v 2.255780 0.864028 3.310783
v 2.250722 0.842637 3.314681
v 2.244126 0.821349 3.313940
v 2.236311 0.801198 3.308598
v 2.227660 0.783166 3.298914
v 2.218596 0.768133 3.285364
v 2.209562 0.756835 3.268614
v 2.201003 0.749825 3.249488
v 2.193340 0.747449 3.228926
v 2.305026 0.858995 3.285626
v 2.299883 0.837914 3.289710
v 2.292104 0.817280 3.290078
v 2.282030 0.797996 3.286716
v 2.270105 0.780908 3.279772
v 2.256852 0.766768 3.269551
v 2.242856 0.756196 3.256505
v 2.228735 0.749661 3.241210
v 2.215113 0.747449 3.224342
v 2.344108 0.854080 3.245439
v 2.339019 0.833373 3.249651
v 2.330628 0.813410 3.251281
v 2.319265 0.794975 3.250263
v 2.305375 0.778791 3.246639
v 2.289503 0.765492 3.240549
v 2.272275 0.755602 3.232235
v 2.254364 0.749508 3.222021
v 2.236476 0.747449 3.210310
v 2.369117 0.849797 3.194084
v 2.364152 0.829461 3.198351
v 2.355606 0.810106 3.201220
v 2.343781 0.792413 3.202590
v 2.329090 0.777005 3.202412
v 2.312050 0.764421 3.200693
v 2.293258 0.755104 3.197494
v 2.273372 0.749380 3.192925
v 2.253088 0.747449 3.187147
v 2.377602 0.847278 3.136449
v 2.372762 0.827096 3.140750
v 2.364412 0.808071 3.144804
v 2.352819 0.790814 3.148482
v 2.338355 0.775878 3.151665
v 2.321480 0.763740 3.154252
v 2.302725 0.754785 3.156160
v 2.282684 0.749298 3.157329
v 2.261986 0.747449 3.157723
vt 0.817479 0.104090
vt 0.817479 0.047092
vt 0.845944 0.047092
vt 0.845944 0.104090
vt 0.810364 0.104687
vt 0.810364 0.048226
vt 0.817479 0.001858
vt 0.845944 0.001858
vt 0.853058 0.104687
vt 0.853058 0.048226
vt 0.817479 0.167273
vt 0.845944 0.167273
vt 0.810364 0.167273
vt 0.805155 0.106316
vt 0.805155 0.051326
vt 0.810364 0.003419
vt 0.853058 0.003419
vt 0.853058 0.167273
vt 0.858267 0.106316
vt 0.858267 0.051326
vt 0.817479 0.230456
vt 0.845944 0.230456
vt 0.810364 0.229860
vt 0.805155 0.167273
vt 0.858267 0.167273
vt 0.853058 0.229860
vt 0.817479 0.287455
vt 0.845944 0.287455
vt 0.810364 0.286320
vt 0.805155 0.228230
vt 0.858267 0.228230
vt 0.853058 0.286320
vt 0.817479 0.332689
vt 0.845944 0.332689
vt 0.810364 0.331127
vt 0.805155 0.283221
vt 0.858267 0.283221
vt 0.853058 0.331127
vt 0.877896 0.287455
vt 0.877896 0.230456
vt 0.906361 0.230456
vt 0.906361 0.287455
vt 0.870781 0.286320
vt 0.870781 0.229860
vt 0.877896 0.167273
vt 0.906361 0.167273
vt 0.913476 0.286320
vt 0.913476 0.229860
vt 0.877896 0.332689
vt 0.906361 0.332689
vt 0.870781 0.331127
vt 0.865573 0.283221
vt 0.865573 0.228230
vt 0.870781 0.167273
vt 0.877896 0.104090
vt 0.906361 0.104090
vt 0.913476 0.167273
vt 0.913476 0.331127
vt 0.918684 0.283221
vt 0.918684 0.228230
vt 0.865573 0.167273
vt 0.870781 0.104687
vt 0.877896 0.047092
vt 0.906361 0.047092
vt 0.913476 0.104687
vt 0.918684 0.167273
vt 0.865573 0.106316
vt 0.870781 0.048226
vt 0.877896 0.001858
vt 0.906361 0.001858
vt 0.913476 0.048226
vt 0.918684 0.106316
vt 0.865573 0.051326
vt 0.870781 0.003419
vt 0.913476 0.003419
vt 0.918684 0.051326
vt 0.656063 0.439086
vt 0.669481 0.437918
vt 0.706235 0.641507
vt 0.697859 0.641507
vt 0.654825 0.433486
vt 0.668231 0.432385
vt 0.680125 0.436689
vt 0.712882 0.641507
vt 0.641229 0.440272
vt 0.688575 0.641507
vt 0.640025 0.434593
vt 0.653208 0.427900
vt 0.666311 0.426949
vt 0.678887 0.431245
vt 0.626310 0.440842
vt 0.679290 0.641507
vt 0.625183 0.435182
vt 0.638809 0.428853
vt 0.651290 0.422604
vt 0.663810 0.421853
vt 0.676787 0.425974
vt 0.612853 0.441264
vt 0.670914 0.641507
vt 0.611809 0.435601
vt 0.624452 0.429388
vt 0.637643 0.423354
vt 0.649169 0.417858
vt 0.660839 0.417328
vt 0.673910 0.421091
vt 0.602100 0.441288
vt 0.664267 0.641507
vt 0.601131 0.435631
vt 0.611565 0.429762
vt 0.624156 0.423789
vt 0.636591 0.418388
vt 0.646947 0.413897
vt 0.657533 0.413576
vt 0.670374 0.416793
vt 0.601299 0.429789
vt 0.612133 0.424088
vt 0.624313 0.418700
vt 0.635707 0.414219
vt 0.666321 0.413254
vt 0.602594 0.424109
vt 0.613482 0.418913
vt 0.624913 0.414409
vt 0.644736 0.410919
vt 0.635040 0.411070
vt 0.604940 0.418926
vt 0.615532 0.414538
vt 0.625924 0.411158
vt 0.608202 0.414545
vt 0.170970 0.431874
vt 0.184657 0.432162
vt 0.141858 0.639973
vt 0.133482 0.639973
vt 0.172077 0.426731
vt 0.185764 0.426989
vt 0.199710 0.432971
vt 0.151142 0.639973
vt 0.160059 0.431913
vt 0.126835 0.639973
vt 0.161177 0.426767
vt 0.173662 0.421937
vt 0.187094 0.422152
vt 0.200828 0.427698
vt 0.214758 0.433627
vt 0.160427 0.639973
vt 0.162985 0.421967
vt 0.175678 0.417626
vt 0.188607 0.417790
vt 0.201881 0.422732
vt 0.215860 0.428315
vt 0.228167 0.434742
vt 0.168803 0.639973
vt 0.165431 0.417648
vt 0.178069 0.413918
vt 0.190260 0.414032
vt 0.202835 0.418228
vt 0.216584 0.423262
vt 0.229245 0.429337
vt 0.238661 0.436021
vt 0.175450 0.639973
vt 0.180768 0.410919
vt 0.192003 0.410987
vt 0.203661 0.414331
vt 0.216905 0.418645
vt 0.229619 0.424126
vt 0.239694 0.430525
vt 0.204332 0.411163
vt 0.216812 0.414624
vt 0.229274 0.419313
vt 0.239713 0.425139
vt 0.216307 0.411340
vt 0.228225 0.415089
vt 0.238717 0.420103
vt 0.226512 0.411618
vt 0.236748 0.415640
vt 0.569826 0.440834
vt 0.583291 0.441234
vt 0.526478 0.641505
vt 0.518103 0.641505
vt 0.570914 0.435183
vt 0.584300 0.435574
vt 0.594050 0.441240
vt 0.533125 0.641505
vt 0.554901 0.440274
vt 0.508818 0.641505
vt 0.556070 0.434609
vt 0.571601 0.429390
vt 0.584505 0.429737
vt 0.594996 0.435577
vt 0.540054 0.439124
vt 0.499534 0.641505
vt 0.541268 0.433533
vt 0.557254 0.428868
vt 0.571847 0.423786
vt 0.583895 0.424066
vt 0.594813 0.429739
vt 0.526627 0.437975
vt 0.491158 0.641505
vt 0.527864 0.432446
vt 0.542879 0.427941
vt 0.558390 0.423362
vt 0.571639 0.418694
vt 0.582505 0.418895
vt 0.593514 0.424070
vt 0.515975 0.436761
vt 0.484511 0.641505
vt 0.517207 0.431312
vt 0.529804 0.427000
vt 0.544806 0.422632
vt 0.559416 0.418389
vt 0.570986 0.414401
vt 0.580415 0.414525
vt 0.591173 0.418899
vt 0.519348 0.426031
vt 0.532360 0.421891
vt 0.546953 0.417873
vt 0.560277 0.414215
vt 0.587926 0.414529
vt 0.522311 0.421133
vt 0.535413 0.417351
vt 0.549212 0.413903
vt 0.569926 0.411152
vt 0.560927 0.411065
vt 0.525973 0.416821
vt 0.538826 0.413588
vt 0.551472 0.410919
vt 0.530187 0.413269
vt 0.020646 0.434706
vt 0.034066 0.433612
vt 0.087108 0.639963
vt 0.078732 0.639963
vt 0.019582 0.429301
vt 0.032988 0.428301
vt 0.049119 0.432963
vt 0.096392 0.639963
vt 0.010139 0.435968
vt 0.072085 0.639963
vt 0.009109 0.430466
vt 0.019190 0.424092
vt 0.032272 0.423249
vt 0.048032 0.427693
vt 0.064182 0.432185
vt 0.105677 0.639963
vt 0.009044 0.425085
vt 0.019485 0.419285
vt 0.031945 0.418631
vt 0.047007 0.422726
vt 0.063106 0.427010
vt 0.077873 0.431913
vt 0.114053 0.639963
vt 0.009949 0.420060
vt 0.020455 0.415066
vt 0.032018 0.414610
vt 0.046078 0.418220
vt 0.061811 0.422167
vt 0.076795 0.426765
vt 0.088784 0.431966
vt 0.120700 0.639963
vt 0.011782 0.415609
vt 0.022063 0.411600
vt 0.032488 0.411327
vt 0.045273 0.414321
vt 0.060334 0.417798
vt 0.075240 0.421963
vt 0.087690 0.426811
vt 0.044619 0.411152
vt 0.058719 0.414033
vt 0.073252 0.417642
vt 0.085895 0.422000
vt 0.057015 0.410982
vt 0.070888 0.413925
vt 0.083451 0.417671
vt 0.068215 0.410919
vt 0.453414 0.433631
vt 0.466821 0.434749
vt 0.407197 0.639975
vt 0.398821 0.639975
vt 0.454522 0.428319
vt 0.467905 0.429344
vt 0.477312 0.436032
vt 0.413844 0.639975
vt 0.438368 0.432973
vt 0.389536 0.639975
vt 0.439491 0.427700
vt 0.455252 0.423266
vt 0.468284 0.424132
vt 0.478352 0.430536
vt 0.423317 0.432157
vt 0.380252 0.639975
vt 0.424430 0.426986
vt 0.440550 0.422733
vt 0.455578 0.418648
vt 0.467945 0.419319
vt 0.478376 0.425148
vt 0.409630 0.431866
vt 0.371876 0.639975
vt 0.410743 0.426725
vt 0.425765 0.422150
vt 0.441509 0.418230
vt 0.455489 0.414627
vt 0.466899 0.415093
vt 0.477383 0.420111
vt 0.398720 0.431902
vt 0.365229 0.639975
vt 0.399843 0.426758
vt 0.412332 0.421932
vt 0.427282 0.417789
vt 0.442340 0.414333
vt 0.454988 0.411343
vt 0.465188 0.411621
vt 0.475418 0.415646
vt 0.401655 0.421960
vt 0.414353 0.417623
vt 0.428939 0.414032
vt 0.443015 0.411165
vt 0.404106 0.417643
vt 0.416748 0.413916
vt 0.430686 0.410988
vt 0.419449 0.410919
vt 0.730744 0.441271
vt 0.744200 0.440844
vt 0.797435 0.641508
vt 0.789060 0.641508
vt 0.729694 0.435608
vt 0.743067 0.435184
vt 0.759117 0.440272
vt 0.806720 0.641508
vt 0.719992 0.441298
vt 0.782413 0.641508
vt 0.719017 0.435641
vt 0.729444 0.429768
vt 0.742328 0.429391
vt 0.757907 0.434593
vt 0.773949 0.439079
vt 0.816005 0.641508
vt 0.719180 0.429799
vt 0.730006 0.424094
vt 0.742026 0.423791
vt 0.756684 0.428853
vt 0.772704 0.433480
vt 0.787365 0.437906
vt 0.824380 0.641508
vt 0.720470 0.424117
vt 0.731350 0.418917
vt 0.742177 0.418702
vt 0.755512 0.423355
vt 0.771081 0.427895
vt 0.786108 0.432375
vt 0.798008 0.436675
vt 0.831027 0.641508
vt 0.722812 0.418933
vt 0.733396 0.414541
vt 0.742774 0.414411
vt 0.754454 0.418389
vt 0.769158 0.422600
vt 0.784184 0.426941
vt 0.796764 0.431232
vt 0.726072 0.414549
vt 0.753566 0.414220
vt 0.767032 0.417855
vt 0.781678 0.421847
vt 0.794659 0.425964
vt 0.743781 0.411160
vt 0.752894 0.411071
vt 0.764806 0.413896
vt 0.778703 0.417324
vt 0.791778 0.421083
vt 0.762592 0.410919
vt 0.775394 0.413574
vt 0.788239 0.416787
vt 0.784184 0.413251
vt 0.301006 0.432158
vt 0.314693 0.431866
vt 0.352447 0.639975
vt 0.344071 0.639975
vt 0.299897 0.426989
vt 0.313581 0.426726
vt 0.325603 0.431902
vt 0.359094 0.639975
vt 0.285955 0.432973
vt 0.334787 0.639975
vt 0.284833 0.427705
vt 0.298570 0.422153
vt 0.311997 0.421934
vt 0.324476 0.426757
vt 0.270909 0.433631
vt 0.325502 0.639975
vt 0.269795 0.428322
vt 0.283774 0.422738
vt 0.297066 0.417791
vt 0.309985 0.417623
vt 0.322655 0.421958
vt 0.257502 0.434749
vt 0.317126 0.639975
vt 0.256402 0.429343
vt 0.269046 0.423269
vt 0.282814 0.418233
vt 0.295427 0.414032
vt 0.307602 0.413917
vt 0.320190 0.417642
vt 0.247011 0.436032
vt 0.310479 0.639975
vt 0.245945 0.430529
vt 0.255977 0.424132
vt 0.268688 0.418650
vt 0.281983 0.414333
vt 0.293704 0.410987
vt 0.304914 0.410919
vt 0.245848 0.425142
vt 0.256243 0.419319
vt 0.268735 0.414627
vt 0.281308 0.411164
vt 0.246726 0.420108
vt 0.257189 0.415094
vt 0.269184 0.411342
vt 0.248539 0.415647
vt 0.258779 0.411622
vt 0.880824 0.363671
vt 0.894241 0.364844
vt 0.852185 0.567272
vt 0.843809 0.567272
vt 0.882097 0.358148
vt 0.895491 0.359257
vt 0.909072 0.366037
vt 0.861470 0.567272
vt 0.870182 0.362439
vt 0.837162 0.567272
vt 0.871448 0.356999
vt 0.884070 0.352713
vt 0.897139 0.353672
vt 0.910279 0.360372
vt 0.923990 0.366609
vt 0.870754 0.567272
vt 0.873618 0.351731
vt 0.886655 0.347616
vt 0.899100 0.348371
vt 0.911503 0.354631
vt 0.925115 0.360961
vt 0.937446 0.367036
vt 0.879130 0.567272
vt 0.876604 0.346849
vt 0.889733 0.343089
vt 0.901277 0.343620
vt 0.912676 0.349126
vt 0.925840 0.355167
vt 0.938490 0.361378
vt 0.948197 0.367063
vt 0.885777 0.567272
vt 0.880286 0.342552
vt 0.893166 0.339337
vt 0.903561 0.339658
vt 0.913735 0.344154
vt 0.926122 0.349562
vt 0.938731 0.355538
vt 0.949178 0.361402
vt 0.884512 0.339015
vt 0.914625 0.339981
vt 0.925945 0.344467
vt 0.938153 0.349861
vt 0.949028 0.355559
vt 0.905840 0.336680
vt 0.915296 0.336832
vt 0.925319 0.340173
vt 0.936790 0.344682
vt 0.947755 0.349880
vt 0.924277 0.336922
vt 0.934721 0.340305
vt 0.945435 0.344697
vt 0.942203 0.340315
vt 0.353013 0.092679
vt 0.380009 0.145661
vt 0.199253 0.204393
vt 0.386860 0.143435
vt 0.358841 0.088445
vt 0.389311 0.204393
vt 0.310967 0.050632
vt 0.396515 0.204393
vt 0.315201 0.044805
vt 0.380009 0.263124
vt 0.257984 0.023637
vt 0.386860 0.265349
vt 0.260210 0.016786
vt 0.363107 0.085345
vt 0.318300 0.040538
vt 0.353013 0.316106
vt 0.199253 0.014335
vt 0.358841 0.320340
vt 0.199253 0.007131
vt 0.261840 0.011771
vt 0.310967 0.358152
vt 0.140522 0.023637
vt 0.315201 0.363980
vt 0.138296 0.016786
vt 0.199253 0.001858
vt 0.257984 0.385148
vt 0.087540 0.050632
vt 0.260210 0.391999
vt 0.318300 0.368246
vt 0.363107 0.323439
vt 0.083306 0.044805
vt 0.136667 0.011771
vt 0.199253 0.394450
vt 0.045493 0.092679
vt 0.199253 0.401654
vt 0.261840 0.397014
vt 0.039666 0.088445
vt 0.080207 0.040538
vt 0.140522 0.385148
vt 0.018498 0.145661
vt 0.138296 0.391999
vt 0.199253 0.406927
vt 0.011647 0.143435
vt 0.035399 0.085346
vt 0.087540 0.358152
vt 0.009196 0.204393
vt 0.083306 0.363980
vt 0.136667 0.397014
vt 0.001992 0.204393
vt 0.045493 0.316106
vt 0.018498 0.263124
vt 0.039666 0.320340
vt 0.080207 0.368247
vt 0.011647 0.265349
vt 0.035399 0.323439
vt 0.781688 0.263124
vt 0.754693 0.316106
vt 0.600932 0.204392
vt 0.788539 0.265349
vt 0.760520 0.320340
vt 0.712646 0.358152
vt 0.790990 0.204392
vt 0.798194 0.204392
vt 0.716880 0.363980
vt 0.659663 0.385148
vt 0.781688 0.145661
vt 0.788539 0.143435
vt 0.764787 0.323439
vt 0.719979 0.368246
vt 0.661889 0.391999
vt 0.600932 0.394450
vt 0.754692 0.092679
vt 0.760520 0.088445
vt 0.663519 0.397014
vt 0.600932 0.401654
vt 0.542201 0.385148
vt 0.712646 0.050632
vt 0.716880 0.044805
vt 0.600932 0.406927
vt 0.539975 0.391999
vt 0.489219 0.358152
vt 0.659663 0.023637
vt 0.661889 0.016786
vt 0.719979 0.040538
vt 0.764787 0.085346
vt 0.538346 0.397014
vt 0.484985 0.363980
vt 0.447172 0.316106
vt 0.600932 0.014335
vt 0.600932 0.007131
vt 0.663519 0.011771
vt 0.481886 0.368246
vt 0.441345 0.320340
vt 0.420177 0.263123
vt 0.542201 0.023637
vt 0.539975 0.016786
vt 0.600932 0.001858
vt 0.437078 0.323439
vt 0.413326 0.265349
vt 0.410875 0.204392
vt 0.489219 0.050632
vt 0.484985 0.044805
vt 0.538346 0.011771
vt 0.403671 0.204392
vt 0.420177 0.145661
vt 0.447172 0.092679
vt 0.441345 0.088445
vt 0.481886 0.040538
vt 0.413326 0.143435
vt 0.437078 0.085345
vt 0.826580 0.872036
vt 0.834956 0.876303
vt 0.817295 0.900611
vt 0.841602 0.882950
vt 0.817295 0.870565
vt 0.845870 0.891326
vt 0.808011 0.872036
vt 0.847341 0.900611
vt 0.799635 0.876303
vt 0.845870 0.909895
vt 0.792988 0.882950
vt 0.841602 0.918271
vt 0.788720 0.891326
vt 0.834956 0.924918
vt 0.787250 0.900611
vt 0.826580 0.929185
vt 0.788720 0.909895
vt 0.817295 0.930656
vt 0.792988 0.918271
vt 0.808011 0.929185
vt 0.799635 0.924918
vt 0.779644 0.909940
vt 0.775376 0.918315
vt 0.751069 0.900655
vt 0.768729 0.924962
vt 0.781114 0.900655
vt 0.760354 0.929230
vt 0.779644 0.891371
vt 0.751069 0.930701
vt 0.775376 0.882995
vt 0.741784 0.929230
vt 0.768729 0.876348
vt 0.733409 0.924962
vt 0.760354 0.872080
vt 0.726762 0.918315
vt 0.751069 0.870610
vt 0.722494 0.909940
vt 0.741784 0.872080
vt 0.721024 0.900655
vt 0.733409 0.876348
vt 0.722494 0.891371
vt 0.726762 0.882995
vt 0.713418 0.909940
vt 0.709150 0.918315
vt 0.684843 0.900655
vt 0.702503 0.924962
vt 0.714888 0.900655
vt 0.694127 0.929230
vt 0.713418 0.891371
vt 0.684843 0.930701
vt 0.709150 0.882995
vt 0.675558 0.929230
vt 0.702503 0.876348
vt 0.667183 0.924962
vt 0.694127 0.872080
vt 0.660536 0.918315
vt 0.684843 0.870610
vt 0.656268 0.909940
vt 0.675558 0.872080
vt 0.654797 0.900655
vt 0.667183 0.876348
vt 0.656268 0.891371
vt 0.660536 0.882995
vt 0.627901 0.872088
vt 0.636277 0.876356
vt 0.618617 0.900664
vt 0.642924 0.883003
vt 0.618617 0.870618
vt 0.647192 0.891379
vt 0.609332 0.872088
vt 0.648662 0.900664
vt 0.600956 0.876356
vt 0.647192 0.909948
vt 0.594309 0.883003
vt 0.642924 0.918324
vt 0.590042 0.891379
vt 0.636277 0.924971
vt 0.588571 0.900664
vt 0.627901 0.929238
vt 0.590042 0.909948
vt 0.618617 0.930709
vt 0.594309 0.918324
vt 0.609332 0.929238
vt 0.600956 0.924971
vt 0.981658 0.706417
vt 0.983102 0.712771
vt 0.966962 0.719069
vt 0.988522 0.710906
vt 0.986208 0.703030
vt 0.982866 0.719069
vt 0.978305 0.700777
vt 0.988602 0.718927
vt 0.981551 0.696213
vt 0.993575 0.708815
vt 0.990354 0.699510
vt 0.980726 0.724624
vt 0.973255 0.696591
vt 0.994032 0.718512
vt 0.986302 0.726264
vt 0.974891 0.691313
vt 0.984402 0.691635
vt 0.998008 0.706604
vt 0.993908 0.696018
vt 0.977765 0.729003
vt 0.966962 0.694252
vt 0.991620 0.727627
vt 0.982584 0.732322
vt 0.966853 0.688836
vt 0.976200 0.686135
vt 0.986743 0.687231
vt 0.974361 0.732147
vt 0.960116 0.694956
vt 0.987163 0.735386
vt 0.977898 0.736873
vt 0.958314 0.689839
vt 0.966530 0.683598
vt 0.977135 0.681246
vt 0.970809 0.734314
vt 0.953612 0.698123
vt 0.981177 0.741360
vt 0.991239 0.738019
vt 0.996381 0.728638
vt 0.972629 0.739993
vt 0.950323 0.693816
vt 0.956436 0.684919
vt 0.966003 0.678704
vt 0.988479 0.683178
vt 0.977660 0.676822
vt 0.966962 0.735957
vt 0.948433 0.703742
vt 0.974163 0.745410
vt 0.984011 0.745349
vt 0.966815 0.741922
vt 0.943974 0.700607
vt 0.947088 0.689662
vt 0.954540 0.680343
vt 0.965289 0.674314
vt 0.989539 0.679641
vt 0.977758 0.673023
vt 0.962449 0.736284
vt 0.945438 0.711091
vt 0.966380 0.747566
vt 0.975326 0.750264
vt 0.960359 0.741920
vt 0.940190 0.709389
vt 0.939663 0.697531
vt 0.943999 0.685780
vt 0.952682 0.676249
vt 0.964411 0.670570
vt 0.957210 0.735258
vt 0.944908 0.719069
vt 0.958040 0.747167
vt 0.965682 0.752595
vt 0.976054 0.754286
vt 0.986237 0.748611
vt 0.953477 0.739897
vt 0.939338 0.718966
vt 0.935134 0.707620
vt 0.935624 0.694602
vt 0.941145 0.682281
vt 0.950917 0.672758
vt 0.977425 0.669989
vt 0.963398 0.667595
vt 0.951857 0.732006
vt 0.947477 0.726410
vt 0.949622 0.744115
vt 0.955604 0.751775
vt 0.964755 0.756743
vt 0.946965 0.735219
vt 0.941968 0.727986
vt 0.933945 0.718662
vt 0.930421 0.705838
vt 0.931972 0.691903
vt 0.938608 0.679266
vt 0.949299 0.669975
vt 0.942077 0.738036
vt 0.945814 0.747729
vt 0.953168 0.755522
vt 0.936569 0.729244
vt 0.928901 0.718167
vt 0.928812 0.689512
vt 0.936460 0.676819
vt 0.937384 0.740346
vt 0.942217 0.750583
vt 0.950850 0.758227
vt 0.963652 0.759791
vt 0.931474 0.730142
vt 0.933069 0.742059
vt 0.938989 0.752551
vt 0.885419 0.602502
vt 0.887918 0.606969
vt 0.874764 0.612334
vt 0.893616 0.605287
vt 0.890274 0.599155
vt 0.889650 0.612334
vt 0.882367 0.598986
vt 0.895582 0.612472
vt 0.885872 0.594298
vt 0.899045 0.603877
vt 0.894883 0.596058
vt 0.889670 0.618246
vt 0.878888 0.596269
vt 0.901195 0.612876
vt 0.895324 0.620181
vt 0.880659 0.590731
vt 0.889119 0.589843
vt 0.903905 0.602817
vt 0.898984 0.593388
vt 0.888269 0.624155
vt 0.874764 0.594145
vt 0.900599 0.622331
vt 0.893044 0.627696
vt 0.874617 0.588414
vt 0.882147 0.585443
vt 0.891921 0.585877
vt 0.885222 0.629456
vt 0.869748 0.593631
vt 0.897406 0.631358
vt 0.888635 0.634239
vt 0.867751 0.588268
vt 0.874184 0.582986
vt 0.883266 0.580702
vt 0.880632 0.633556
vt 0.864045 0.594866
vt 0.891648 0.639024
vt 0.901160 0.634977
vt 0.905238 0.624591
vt 0.882349 0.639070
vt 0.860495 0.590466
vt 0.865524 0.583277
vt 0.873487 0.578154
vt 0.894118 0.582630
vt 0.883956 0.576777
vt 0.874764 0.636114
vt 0.858472 0.598569
vt 0.883735 0.644474
vt 0.894139 0.643616
vt 0.874655 0.641725
vt 0.853808 0.595511
vt 0.856817 0.586471
vt 0.863174 0.578901
vt 0.872564 0.574175
vt 0.868135 0.635805
vt 0.854156 0.604643
vt 0.874330 0.647151
vt 0.884741 0.649569
vt 0.866291 0.641041
vt 0.848865 0.603132
vt 0.849141 0.592839
vt 0.853175 0.583057
vt 0.860817 0.575354
vt 0.861580 0.633061
vt 0.851877 0.612334
vt 0.864372 0.646074
vt 0.873800 0.652213
vt 0.885328 0.654168
vt 0.896007 0.647830
vt 0.858261 0.637405
vt 0.846471 0.612434
vt 0.843678 0.601930
vt 0.844653 0.590656
vt 0.849727 0.580375
vt 0.871465 0.571264
vt 0.858568 0.572809
vt 0.856135 0.627731
vt 0.852765 0.620460
vt 0.854993 0.641593
vt 0.862435 0.650751
vt 0.873084 0.656746
vt 0.885477 0.658103
vt 0.897175 0.651492
vt 0.851698 0.630847
vt 0.847613 0.622130
vt 0.841237 0.612729
vt 0.838778 0.601080
vt 0.840520 0.589048
vt 0.846625 0.578541
vt 0.847407 0.633902
vt 0.851874 0.645502
vt 0.860542 0.654929
vt 0.872203 0.660599
vt 0.842648 0.623862
vt 0.836339 0.613212
vt 0.843385 0.636807
vt 0.848993 0.649019
vt 0.858748 0.658481
vt 0.871188 0.663647
vt 0.885180 0.661231
vt 0.838018 0.625607
vt 0.839746 0.639480
vt 0.846433 0.652043
vt 0.857107 0.661300
vt 0.836595 0.641844
vt 0.844267 0.654488
vt 0.899618 0.695406
vt 0.904000 0.700997
vt 0.884525 0.708335
vt 0.909512 0.699421
vt 0.904511 0.692193
vt 0.906577 0.708335
vt 0.894265 0.692162
vt 0.912148 0.708438
vt 0.898000 0.687522
vt 0.914912 0.698164
vt 0.909402 0.689377
vt 0.906050 0.716313
vt 0.889031 0.691141
vt 0.917541 0.708743
vt 0.911298 0.718015
vt 0.891122 0.685504
vt 0.901857 0.683304
vt 0.920009 0.697269
vt 0.914097 0.687068
vt 0.903058 0.723664
vt 0.884525 0.691471
vt 0.922586 0.709242
vt 0.916354 0.719785
vt 0.907517 0.726799
vt 0.884673 0.685505
vt 0.893443 0.680256
vt 0.905668 0.679690
vt 0.897880 0.729287
vt 0.880686 0.693110
vt 0.921067 0.721571
vt 0.911827 0.729876
vt 0.901169 0.733594
vt 0.878865 0.687431
vt 0.885108 0.679860
vt 0.895880 0.675649
vt 0.918414 0.685358
vt 0.909267 0.676838
vt 0.891375 0.732459
vt 0.877137 0.695271
vt 0.915866 0.732807
vt 0.904403 0.737749
vt 0.893177 0.737575
vt 0.873600 0.690545
vt 0.877331 0.682014
vt 0.885807 0.674831
vt 0.898318 0.671903
vt 0.884525 0.733164
vt 0.873733 0.698408
vt 0.907491 0.741632
vt 0.895054 0.742494
vt 0.884634 0.738579
vt 0.868914 0.695090
vt 0.870320 0.686059
vt 0.876167 0.677161
vt 0.886734 0.670684
vt 0.912497 0.674873
vt 0.900638 0.669200
vt 0.878228 0.730825
vt 0.870768 0.702781
vt 0.896949 0.747071
vt 0.910344 0.745133
vt 0.919517 0.735509
vt 0.884957 0.743818
vt 0.876592 0.736103
vt 0.865192 0.701142
vt 0.864333 0.692027
vt 0.867485 0.682072
vt 0.875439 0.673140
vt 0.887838 0.667638
vt 0.873176 0.726637
vt 0.868619 0.708335
vt 0.885484 0.748711
vt 0.898806 0.751167
vt 0.912879 0.748151
vt 0.922676 0.737904
vt 0.875284 0.741280
vt 0.869930 0.731201
vt 0.862884 0.708477
vt 0.859873 0.699781
vt 0.860256 0.689396
vt 0.865257 0.678813
vt 0.869822 0.720992
vt 0.868381 0.714634
vt 0.874350 0.746170
vt 0.886198 0.753102
vt 0.900570 0.754660
vt 0.867079 0.735778
vt 0.865272 0.724379
vt 0.862961 0.716500
vt 0.857454 0.708895
vt 0.855112 0.698774
vt 0.864739 0.740184
vt 0.873824 0.750595
vt 0.887075 0.756848
vt 0.902187 0.757446
vt 0.915027 0.750601
vt 0.861127 0.727900
vt 0.857909 0.718592
vt 0.857575 0.731394
vt 0.863004 0.744239
vt 0.873726 0.754396
vt 0.888086 0.759827
vt 0.853476 0.720806
vt 0.861944 0.747779
vt 0.874059 0.757434
vt 0.961498 0.607262
vt 0.964852 0.614552
vt 0.942831 0.622685
vt 0.970001 0.612881
vt 0.965930 0.604146
vt 0.965729 0.622685
vt 0.956054 0.601906
vt 0.971133 0.622582
vt 0.959369 0.597565
vt 0.974962 0.611140
vt 0.970214 0.601087
vt 0.963406 0.630366
vt 0.949484 0.599140
vt 0.976365 0.622277
vt 0.968702 0.631875
vt 0.951325 0.593910
vt 0.962629 0.593377
vt 0.979588 0.609382
vt 0.974229 0.598172
vt 0.959069 0.636413
vt 0.942831 0.598827
vt 0.981261 0.621779
vt 0.973893 0.633067
vt 0.963739 0.639471
vt 0.942939 0.593221
vt 0.953240 0.588879
vt 0.965740 0.589463
vt 0.953492 0.640077
vt 0.936938 0.601391
vt 0.978799 0.633903
vt 0.968415 0.642137
vt 0.957048 0.644480
vt 0.935223 0.595879
vt 0.943263 0.587797
vt 0.955169 0.584201
vt 0.977860 0.595485
vt 0.968612 0.585936
vt 0.947808 0.641273
vt 0.932338 0.605516
vt 0.972913 0.644308
vt 0.960735 0.648473
vt 0.949808 0.646641
vt 0.928925 0.600732
vt 0.933838 0.590476
vt 0.943789 0.582733
vt 0.957056 0.580017
vt 0.981003 0.593101
vt 0.971164 0.582897
vt 0.942831 0.640733
vt 0.929299 0.610846
vt 0.964389 0.651879
vt 0.952043 0.651635
vt 0.942978 0.646470
vt 0.924522 0.607300
vt 0.925915 0.595943
vt 0.932834 0.585378
vt 0.944503 0.578195
vt 0.958843 0.576453
vt 0.938751 0.638618
vt 0.927926 0.616773
vt 0.954401 0.656007
vt 0.967849 0.654547
vt 0.977056 0.645897
vt 0.943414 0.651902
vt 0.936978 0.644161
vt 0.922267 0.614833
vt 0.920161 0.603629
vt 0.923427 0.591342
vt 0.932247 0.580772
vt 0.945379 0.574330
vt 0.973322 0.580431
vt 0.960477 0.573616
vt 0.935305 0.635931
vt 0.927967 0.622685
vt 0.944113 0.656734
vt 0.956768 0.659545
vt 0.935486 0.649451
vt 0.931794 0.640622
vt 0.922030 0.622543
vt 0.916989 0.612670
vt 0.916409 0.599996
vt 0.921562 0.587116
vt 0.932098 0.576823
vt 0.946391 0.571264
vt 0.932262 0.632457
vt 0.929747 0.628028
vt 0.934361 0.654188
vt 0.945039 0.660706
vt 0.959026 0.662073
vt 0.970962 0.656360
vt 0.928539 0.645075
vt 0.927399 0.635804
vt 0.924040 0.629708
vt 0.916412 0.622126
vt 0.912348 0.610391
vt 0.920396 0.583435
vt 0.932394 0.573676
vt 0.925726 0.649033
vt 0.933667 0.658104
vt 0.946142 0.663603
vt 0.922779 0.638895
vt 0.918601 0.631107
vt 0.918665 0.641551
vt 0.923518 0.652265
vt 0.913729 0.632149
vt 0.961570 0.001858
vt 0.961570 0.058856
vt 0.933105 0.058856
vt 0.933105 0.001858
vt 0.968685 0.002992
vt 0.968685 0.059452
vt 0.961570 0.122039
vt 0.933105 0.122039
vt 0.925990 0.002992
vt 0.925990 0.059452
vt 0.968685 0.122039
vt 0.961570 0.185222
vt 0.933105 0.185222
vt 0.925990 0.122039
vt 0.968685 0.184626
vt 0.961570 0.242221
vt 0.933105 0.242221
vt 0.925990 0.184626
vt 0.968685 0.241086
vt 0.925990 0.241086
vt 0.962428 0.486575
vt 0.962428 0.429577
vt 0.990893 0.429577
vt 0.990893 0.486575
vt 0.955313 0.485440
vt 0.955313 0.428980
vt 0.962428 0.366393
vt 0.990893 0.366393
vt 0.998008 0.485440
vt 0.998008 0.428980
vt 0.955313 0.366393
vt 0.962428 0.303210
vt 0.990893 0.303210
vt 0.998008 0.366393
vt 0.955313 0.303807
vt 0.962428 0.246212
vt 0.990893 0.246212
vt 0.998008 0.303807
vt 0.955313 0.247347
vt 0.998008 0.247347
vt 0.721679 0.850317
vt 0.708830 0.851485
vt 0.652797 0.645499
vt 0.661172 0.645499
vt 0.722788 0.855761
vt 0.709973 0.856831
vt 0.694405 0.852224
vt 0.643512 0.645499
vt 0.723180 0.861031
vt 0.710725 0.861937
vt 0.695585 0.857526
vt 0.679990 0.853180
vt 0.634228 0.645499
vt 0.722839 0.865915
vt 0.711058 0.866618
vt 0.696699 0.862536
vt 0.681176 0.858364
vt 0.666861 0.853559
vt 0.625852 0.645499
vt 0.682599 0.863222
vt 0.668062 0.858705
vt 0.669760 0.863505
vt 0.145759 0.663152
vt 0.158616 0.664463
vt 0.113857 0.867104
vt 0.105481 0.867104
vt 0.147119 0.657656
vt 0.159944 0.658892
vt 0.172825 0.665820
vt 0.123142 0.867104
vt 0.149203 0.652270
vt 0.161694 0.653336
vt 0.174084 0.660160
vt 0.187145 0.666468
vt 0.132426 0.867104
vt 0.151919 0.647234
vt 0.163780 0.648071
vt 0.175359 0.654426
vt 0.188290 0.660823
vt 0.200083 0.666885
vt 0.140802 0.867104
vt 0.176582 0.648929
vt 0.189000 0.655027
vt 0.201127 0.661228
vt 0.189237 0.649416
vt 0.201322 0.655386
vt 0.177685 0.643964
vt 0.188984 0.644315
vt 0.200656 0.649706
vt 0.199167 0.644523
vt 0.096606 0.844219
vt 0.083670 0.844649
vt 0.028937 0.643954
vt 0.037313 0.643954
vt 0.097657 0.849883
vt 0.084825 0.850307
vt 0.069349 0.845297
vt 0.019652 0.643954
vt 0.097866 0.855720
vt 0.085553 0.856097
vt 0.070611 0.850973
vt 0.055138 0.846651
vt 0.010368 0.643954
vt 0.097220 0.861390
vt 0.085815 0.861691
vt 0.071885 0.856700
vt 0.056457 0.852234
vt 0.042278 0.847949
vt 0.001992 0.643954
vt 0.095757 0.866560
vt 0.085595 0.866775
vt 0.073103 0.862180
vt 0.058174 0.857784
vt 0.043618 0.853451
vt 0.074203 0.867125
vt 0.060207 0.863033
vt 0.045643 0.858832
vt 0.048264 0.863857
vt 0.772094 0.658577
vt 0.785219 0.658967
vt 0.739471 0.866574
vt 0.731095 0.866574
vt 0.773299 0.653421
vt 0.786411 0.653770
vt 0.799630 0.659933
vt 0.748755 0.866574
vt 0.775009 0.648611
vt 0.787849 0.648901
vt 0.800812 0.654617
vt 0.814053 0.660668
vt 0.758040 0.866574
vt 0.801929 0.649594
vt 0.815191 0.655312
vt 0.826903 0.661829
vt 0.766416 0.866574
vt 0.815922 0.650193
vt 0.827995 0.656380
vt 0.828338 0.651099
vt 0.816218 0.645499
vt 0.827917 0.646202
vt 0.264337 0.847910
vt 0.251481 0.846596
vt 0.296237 0.643967
vt 0.304613 0.643967
vt 0.262977 0.853406
vt 0.250153 0.852167
vt 0.237272 0.845238
vt 0.286953 0.643967
vt 0.260891 0.858793
vt 0.248402 0.857725
vt 0.236013 0.850898
vt 0.222952 0.844591
vt 0.277668 0.643967
vt 0.258173 0.863831
vt 0.246314 0.862992
vt 0.234738 0.856634
vt 0.221808 0.850236
vt 0.210014 0.844176
vt 0.269293 0.643967
vt 0.233515 0.862133
vt 0.221098 0.856033
vt 0.208970 0.849833
vt 0.220862 0.861645
vt 0.208776 0.855676
vt 0.232411 0.867100
vt 0.221115 0.866749
vt 0.209443 0.861357
vt 0.210934 0.866542
vt 0.522109 0.661794
vt 0.534959 0.660624
vt 0.590996 0.866627
vt 0.582620 0.866627
vt 0.521000 0.656351
vt 0.533815 0.655280
vt 0.549383 0.659884
vt 0.600280 0.866627
vt 0.520608 0.651083
vt 0.533063 0.650176
vt 0.548204 0.654585
vt 0.563799 0.658931
vt 0.609565 0.866627
vt 0.520949 0.646202
vt 0.532731 0.645498
vt 0.547091 0.649577
vt 0.562614 0.653748
vt 0.576929 0.658554
vt 0.617941 0.866627
vt 0.561191 0.648893
vt 0.575729 0.653410
vt 0.574031 0.648611
vt 0.471618 0.853569
vt 0.458489 0.853192
vt 0.504255 0.645497
vt 0.512630 0.645497
vt 0.470416 0.858715
vt 0.457299 0.858379
vt 0.444073 0.852239
vt 0.494970 0.645497
vt 0.468711 0.863514
vt 0.455866 0.863234
vt 0.442893 0.857543
vt 0.429648 0.851499
vt 0.485685 0.645497
vt 0.441780 0.862550
vt 0.428512 0.856845
vt 0.416799 0.850329
vt 0.477310 0.645497
vt 0.427783 0.861949
vt 0.415708 0.855770
vt 0.415365 0.861038
vt 0.427487 0.866626
vt 0.415785 0.865920
vt 0.313322 0.666890
vt 0.326260 0.666476
vt 0.380976 0.867100
vt 0.372601 0.867100
vt 0.312274 0.661229
vt 0.325107 0.660818
vt 0.340580 0.665828
vt 0.390261 0.867100
vt 0.312070 0.655387
vt 0.324381 0.655021
vt 0.339318 0.660152
vt 0.354789 0.664471
vt 0.399545 0.867100
vt 0.312724 0.649707
vt 0.324123 0.649414
vt 0.338043 0.654418
vt 0.353468 0.658886
vt 0.367645 0.663157
vt 0.407921 0.867100
vt 0.314198 0.644525
vt 0.324347 0.644317
vt 0.336821 0.648926
vt 0.351746 0.653329
vt 0.366302 0.657653
vt 0.335719 0.643967
vt 0.349706 0.648068
vt 0.364272 0.652267
vt 0.361642 0.647232
vn 0.949729 -0.052835 -0.308584
vn 0.807887 -0.052834 -0.586964
vn 0.807887 0.052834 -0.586964
vn 0.949729 0.052835 -0.308584
vn 0.586964 -0.052836 -0.807887
vn 0.586964 0.052836 -0.807887
vn 0.308585 -0.052837 -0.949728
vn 0.308585 0.052837 -0.949728
vn -0.000000 -0.052836 -0.998603
vn 0.000000 0.052836 -0.998603
vn -0.308585 -0.052836 -0.949728
vn -0.308586 0.052836 -0.949728
vn -0.586964 -0.052835 -0.807887
vn -0.586965 0.052835 -0.807887
vn -0.807887 -0.052835 -0.586965
vn -0.807886 0.052835 -0.586965
vn -0.949728 -0.052835 -0.308585
vn -0.949728 0.052835 -0.308586
vn -0.998603 -0.052834 -0.000000
vn -0.998603 0.052834 -0.000000
vn -0.949728 -0.052835 0.308585
vn -0.949728 0.052835 0.308585
vn -0.807887 -0.052835 0.586964
vn -0.807887 0.052835 0.586965
vn -0.586964 -0.052835 0.807887
vn -0.586964 0.052835 0.807887
vn -0.308585 -0.052835 0.949728
vn -0.308585 0.052836 0.949728
vn -0.000000 -0.052836 0.998603
vn 0.000000 0.052836 0.998603
vn 0.308586 -0.052836 0.949728
vn 0.308586 0.052836 0.949728
vn 0.586964 -0.052836 0.807887
vn 0.586964 0.052836 0.807887
vn 0.807887 -0.052835 0.586964
vn 0.807887 0.052835 0.586964
vn 0.949728 -0.052835 0.308585
vn 0.949728 0.052835 0.308585
vn 0.998603 -0.052836 0.000002
vn 0.998603 0.052836 0.000001
vn 0.018413 -0.999741 -0.013378
vn 0.021646 -0.999741 -0.007032
vn 0.000000 -1.000000 0.000000
vn 0.013378 -0.999741 -0.018413
vn 0.007033 -0.999741 -0.021646
vn 0.000000 -0.999741 -0.022760
vn -0.007033 -0.999741 -0.021645
vn -0.013378 -0.999741 -0.018413
vn -0.018413 -0.999741 -0.013377
vn -0.021646 -0.999741 -0.007033
vn -0.022760 -0.999741 0.000000
vn -0.021646 -0.999741 0.007033
vn -0.018413 -0.999741 0.013377
vn -0.013378 -0.999741 0.018413
vn -0.007033 -0.999741 0.021645
vn -0.000000 -0.999741 0.022760
vn 0.007033 -0.999741 0.021646
vn 0.013378 -0.999741 0.018414
vn 0.018413 -0.999741 0.013378
vn 0.021646 -0.999741 0.007033
vn 0.022760 -0.999741 0.000001
vn 0.021646 0.999741 -0.007034
vn 0.018413 0.999741 -0.013378
vn 0.000000 1.000000 -0.000000
vn 0.013378 0.999741 -0.018413
vn 0.007033 0.999741 -0.021646
vn -0.000000 0.999741 -0.022760
vn -0.007033 0.999741 -0.021646
vn -0.013378 0.999741 -0.018413
vn -0.018413 0.999741 -0.013378
vn -0.021646 0.999741 -0.007033
vn -0.022760 0.999741 0.000000
vn -0.021646 0.999741 0.007033
vn -0.018413 0.999741 0.013378
vn -0.013378 0.999741 0.018413
vn -0.007033 0.999741 0.021646
vn 0.000000 0.999741 0.022760
vn 0.007033 0.999741 0.021646
vn 0.013378 0.999741 0.018413
vn 0.018413 0.999741 0.013378
vn 0.021646 0.999741 0.007033
vn 0.022760 0.999741 -0.000001
vn 0.493083 -0.855103 -0.160211
vn 0.419441 -0.855103 -0.304742
vn 0.828543 -0.490960 -0.269210
vn 0.704802 -0.490958 -0.512069
vn 0.304742 -0.855103 -0.419442
vn 0.567280 -0.261828 -0.780794
vn 0.413044 -0.711475 -0.568505
vn 0.160213 -0.855102 -0.493085
vn 0.298237 -0.261830 -0.917878
vn 0.217151 -0.711473 -0.668320
vn -0.000000 -0.855102 -0.518459
vn -0.000000 -0.261827 -0.965115
vn -0.000000 -0.711472 -0.702714
vn -0.160213 -0.855102 -0.493084
vn -0.298238 -0.261826 -0.917879
vn -0.217151 -0.711472 -0.668321
vn -0.304743 -0.855103 -0.419440
vn -0.567280 -0.261823 -0.780796
vn -0.413045 -0.711474 -0.568506
vn -0.419443 -0.855102 -0.304742
vn -0.780796 -0.261823 -0.567280
vn -0.568507 -0.711475 -0.413042
vn -0.493084 -0.855103 -0.160213
vn -0.917881 -0.261822 -0.298235
vn -0.668316 -0.711478 -0.217148
vn -0.518455 -0.855105 0.000000
vn -0.965117 -0.261818 0.000000
vn -0.702704 -0.711482 -0.000000
vn -0.493083 -0.855103 0.160212
vn -0.917881 -0.261822 0.298236
vn -0.668315 -0.711479 0.217148
vn -0.419443 -0.855102 0.304742
vn -0.780796 -0.261823 0.567280
vn -0.568505 -0.711477 0.413041
vn -0.304742 -0.855103 0.419441
vn -0.567279 -0.261821 0.780797
vn -0.413041 -0.711477 0.568504
vn -0.160212 -0.855103 0.493084
vn -0.269210 -0.490959 0.828544
vn -0.000000 -0.855102 0.518460
vn -0.000000 -0.490960 0.871182
vn 0.160213 -0.855102 0.493084
vn 0.269210 -0.490961 0.828543
vn 0.304742 -0.855103 0.419442
vn 0.567279 -0.261825 0.780796
vn 0.413044 -0.711478 0.568502
vn 0.419441 -0.855103 0.304742
vn 0.780796 -0.261821 0.567281
vn 0.568507 -0.711476 0.413040
vn 0.493083 -0.855103 0.160212
vn 0.917880 -0.261822 0.298236
vn 0.668320 -0.711474 0.217150
vn 0.518458 -0.855103 0.000000
vn 0.965115 -0.261826 0.000001
vn 0.702711 -0.711476 0.000000
vn 0.493083 0.855103 -0.160211
vn 0.518458 0.855103 0.000000
vn 0.828543 0.490960 -0.269209
vn 0.965115 0.261826 0.000001
vn 0.702711 0.711476 -0.000000
vn 0.419441 0.855103 -0.304743
vn 0.704802 0.490958 -0.512069
vn 0.304742 0.855103 -0.419443
vn 0.413044 0.711475 -0.568505
vn 0.567281 0.261828 -0.780794
vn 0.160213 0.855102 -0.493084
vn 0.217151 0.711474 -0.668320
vn 0.298237 0.261830 -0.917878
vn -0.000000 0.855103 -0.518458
vn -0.000000 0.711474 -0.702712
vn 0.000000 0.261826 -0.965115
vn -0.160212 0.855102 -0.493085
vn -0.217152 0.711473 -0.668320
vn -0.298238 0.261827 -0.917878
vn -0.304743 0.855102 -0.419443
vn -0.413044 0.711473 -0.568508
vn -0.567281 0.261824 -0.780795
vn -0.419443 0.855102 -0.304744
vn -0.568506 0.711474 -0.413044
vn -0.780795 0.261823 -0.567282
vn -0.493084 0.855103 -0.160213
vn -0.668316 0.711478 -0.217148
vn -0.917880 0.261822 -0.298237
vn -0.518455 0.855105 0.000000
vn -0.702704 0.711482 -0.000000
vn -0.965117 0.261818 -0.000000
vn -0.493083 0.855103 0.160212
vn -0.668315 0.711479 0.217147
vn -0.917880 0.261821 0.298237
vn -0.419443 0.855102 0.304743
vn -0.568505 0.711476 0.413043
vn -0.780795 0.261823 0.567281
vn -0.304741 0.855102 0.419443
vn -0.413040 0.711476 0.568507
vn -0.567281 0.261822 0.780796
vn -0.160212 0.855102 0.493084
vn -0.269211 0.490960 0.828543
vn -0.000000 0.855103 0.518459
vn -0.000000 0.490960 0.871182
vn 0.160213 0.855103 0.493083
vn 0.269211 0.490961 0.828543
vn 0.304742 0.855102 0.419443
vn 0.413042 0.711476 0.568505
vn 0.567280 0.261826 0.780795
vn 0.419441 0.855103 0.304743
vn 0.568506 0.711475 0.413043
vn 0.780796 0.261821 0.567281
vn 0.493083 0.855103 0.160211
vn 0.668320 0.711474 0.217149
vn 0.917880 0.261822 0.298236
vn 0.000000 1.000000 0.000000
vn 0.000000 1.000000 0.000000
vn 0.000000 1.000000 0.000000
vn 0.000000 1.000000 0.000000
vn 0.000000 1.000000 0.000000
vn 0.000000 1.000000 0.000000
vn 0.000000 1.000000 0.000001
vn 0.000000 1.000000 -0.000001
vn 0.000000 1.000000 -0.000002
vn 0.000000 1.000000 0.000000
vn 0.000000 1.000000 0.000000
vn 0.000000 1.000000 0.000000
vn 0.000000 1.000000 0.000000
vn 0.000000 1.000000 -0.000002
vn 0.000000 1.000000 -0.000002
vn 0.000000 1.000000 0.000000
vn 0.000000 1.000000 -0.000001
vn 0.000000 1.000000 -0.000001
vn 0.000000 1.000000 0.000004
vn 0.000000 1.000000 0.000004
vn 0.000000 1.000000 0.000000
vn 0.000000 1.000000 0.000000
vn 0.000000 1.000000 0.000000
vn 0.000000 1.000000 0.000000
vn 0.000000 1.000000 0.000000
vn 0.000000 1.000000 0.000000
vn 0.000000 1.000000 0.000000
vn 0.000000 1.000000 0.000001
vn 0.000000 1.000000 -0.000001
vn 0.000000 1.000000 -0.000002
vn 0.000000 1.000000 0.000000
vn 0.000000 1.000000 0.000000
vn 0.000000 1.000000 0.000000
vn 0.000000 1.000000 0.000000
vn 0.000000 1.000000 -0.000002
vn 0.000000 1.000000 -0.000002
vn 0.000000 1.000000 0.000000
vn 0.000000 1.000000 -0.000001
vn 0.000000 1.000000 -0.000001
vn 0.000000 1.000000 0.000004
vn 0.000000 1.000000 0.000004
vn 0.000000 1.000000 0.000000
vn 0.000000 1.000000 0.000000
vn 0.000000 1.000000 0.000000
vn 0.000000 1.000000 0.000000
vn 0.000000 1.000000 0.000002
vn 0.000000 1.000000 0.000002
vn 0.000000 1.000000 0.000000
vn 0.000000 1.000000 0.000001
vn 0.000000 1.000000 0.000001
vn 0.000000 1.000000 -0.000004
vn 0.000000 1.000000 0.000000
vn 0.000000 1.000000 0.000000
vn 0.000000 1.000000 -0.000000
vn 0.000000 1.000000 0.000004
vn 0.000000 1.000000 -0.000002
vn 0.000000 1.000000 -0.000002
vn 0.000000 1.000000 0.000000
vn 0.000000 1.000000 -0.000001
vn 0.000000 1.000000 0.000001
vn 0.000000 1.000000 0.000002
vn 0.000000 1.000000 0.000000
vn 0.000000 1.000000 0.000000
vn 0.000000 1.000000 0.000000
vn 0.000000 1.000000 0.000000
vn 0.000000 1.000000 0.000000
vn 0.000000 1.000000 0.000002
vn 0.000000 1.000000 0.000002
vn 0.000000 1.000000 0.000000
vn 0.000000 1.000000 0.000001
vn 0.000000 1.000000 0.000001
vn 0.000000 1.000000 -0.000004
vn 0.000000 1.000000 0.000000
vn 0.000000 1.000000 0.000000
vn 0.000000 1.000000 -0.000000
vn 0.000000 1.000000 0.000004
vn 0.000000 1.000000 -0.000002
vn 0.000000 1.000000 -0.000002
vn 0.000000 1.000000 0.000000
vn 0.000000 1.000000 -0.000001
vn 0.000000 1.000000 0.000001
vn 0.000000 1.000000 0.000002
vn 0.000000 1.000000 0.000000
vn 0.000000 1.000000 0.000000
vn 0.929938 0.241408 -0.277375
vn 0.817953 0.152702 -0.554648
vn 0.788925 0.139899 -0.598352
vn 0.918119 0.233446 -0.320249
vn 0.613991 0.051891 -0.787605
vn 0.570103 0.037220 -0.820730
vn 0.336365 -0.049490 -0.940431
vn 0.286444 -0.062402 -0.956063
vn 0.017100 -0.138967 -0.990149
vn -0.024340 -0.146686 -0.988884
vn -0.299183 -0.204710 -0.931978
vn -0.324174 -0.206911 -0.923092
vn -0.576497 -0.240268 -0.780976
vn -0.584888 -0.239131 -0.775063
vn -0.793107 -0.244096 -0.558031
vn -0.789204 -0.242597 -0.564185
vn -0.933556 -0.216576 -0.285602
vn -0.926209 -0.217792 -0.307738
vn -0.987126 -0.159124 0.016194
vn -0.985954 -0.165562 -0.021985
vn -0.943835 -0.075607 0.321650
vn -0.957827 -0.087833 0.273591
vn -0.802295 0.025664 0.596376
vn -0.834183 0.010194 0.551393
vn -0.574440 0.132853 0.807694
vn -0.619257 0.118137 0.776250
vn -0.290711 0.231165 0.928466
vn -0.336411 0.221420 0.915314
vn 0.013193 0.309880 0.950684
vn -0.023502 0.306209 0.951674
vn 0.302722 0.362149 0.881594
vn 0.280307 0.363802 0.888299
vn 0.552598 0.387045 0.738127
vn 0.545226 0.391534 0.741236
vn 0.750893 0.385965 0.535903
vn 0.753464 0.390426 0.529018
vn 0.886429 0.360556 0.290247
vn 0.892286 0.362397 0.269248
vn 0.950006 0.311970 0.012818
vn 0.950749 0.309233 -0.021249
vn 0.045220 -0.998830 -0.017151
vn 0.052947 -0.998589 -0.004194
vn 0.000000 -1.000000 0.000000
vn 0.033361 -0.999069 -0.027369
vn 0.019588 -0.999269 -0.032825
vn 0.005213 -0.999349 -0.035688
vn -0.008571 -0.999468 -0.031478
vn -0.019150 -0.999483 -0.025831
vn -0.027457 -0.999473 -0.017302
vn -0.032624 -0.999442 -0.007204
vn -0.036095 -0.999334 0.005341
vn -0.033587 -0.999262 0.018653
vn -0.027880 -0.999097 0.032058
vn -0.016706 -0.998889 0.044064
vn -0.002800 -0.998674 0.051403
vn 0.014042 -0.998294 0.056672
vn 0.027273 -0.998214 0.053145
vn 0.038332 -0.998052 0.049231
vn 0.048155 -0.998026 0.040310
vn 0.054282 -0.998141 0.027706
vn 0.057814 -0.998251 0.012319
vn 0.887160 0.358863 -0.290112
vn 0.752020 0.383080 -0.536391
vn 0.754175 0.387624 -0.530063
vn 0.892664 0.360993 -0.269881
vn 0.553738 0.383156 -0.739301
vn 0.545948 0.387561 -0.742790
vn 0.303463 0.357463 -0.883250
vn 0.280695 0.358919 -0.890162
vn 0.013279 0.304652 -0.952371
vn -0.023567 0.300776 -0.953404
vn -0.291138 0.225827 -0.929646
vn -0.336681 0.216000 -0.916510
vn -0.574955 0.128019 -0.808108
vn -0.619345 0.113450 -0.776879
vn -0.802547 0.022003 -0.596184
vn -0.833957 0.006899 -0.551786
vn -0.943830 -0.077605 -0.321189
vn -0.957548 -0.089371 -0.274072
vn -0.987114 -0.159240 -0.015780
vn -0.986010 -0.165306 0.021423
vn -0.933797 -0.214890 0.286087
vn -0.926779 -0.215892 0.307362
vn -0.793565 -0.240831 0.558798
vn -0.790152 -0.239263 0.564281
vn -0.576942 -0.235689 0.782041
vn -0.585839 -0.234586 0.775733
vn -0.299401 -0.199185 0.933105
vn -0.324748 -0.201418 0.924105
vn 0.017112 -0.133013 0.990967
vn -0.024386 -0.140640 0.989761
vn 0.336331 -0.043821 0.940724
vn 0.286706 -0.056394 0.956357
vn 0.613635 0.056544 0.787563
vn 0.570256 0.042458 0.820369
vn 0.817371 0.155815 0.554641
vn 0.788764 0.143719 0.597658
vn 0.929517 0.242814 0.277558
vn 0.917828 0.235494 0.319586
vn 0.950093 0.311716 -0.012505
vn 0.950683 0.309472 0.020696
vn 0.051097 -0.998033 -0.036336
vn 0.055934 -0.998134 -0.024500
vn 0.000000 -1.000000 0.000000
vn 0.042446 -0.998060 -0.045539
vn 0.031156 -0.998221 -0.050836
vn 0.016370 -0.998336 -0.055293
vn -0.002411 -0.998724 -0.050442
vn -0.017318 -0.998948 -0.042454
vn -0.028295 -0.999146 -0.030104
vn -0.033552 -0.999296 -0.016801
vn -0.035616 -0.999359 -0.003731
vn -0.032027 -0.999451 0.008462
vn -0.026636 -0.999474 0.018504
vn -0.018017 -0.999474 0.026972
vn -0.007093 -0.999450 0.032409
vn 0.007181 -0.999314 0.036326
vn 0.021459 -0.999225 0.032984
vn 0.034905 -0.999014 0.027445
vn 0.046315 -0.998773 0.017547
vn 0.053731 -0.998541 0.005345
vn 0.058740 -0.998223 -0.010082
vn 0.943839 -0.075176 -0.321740
vn 0.802246 0.026437 -0.596408
vn 0.834231 0.010863 -0.551308
vn 0.957884 -0.087519 -0.273494
vn 0.574331 0.133870 -0.807603
vn 0.619236 0.119091 -0.776122
vn 0.290623 0.232280 -0.928216
vn 0.336353 0.222521 -0.915069
vn -0.013170 0.310967 -0.950330
vn 0.023493 0.307311 -0.951319
vn -0.302567 0.363117 -0.881249
vn -0.280225 0.364793 -0.887919
vn -0.552365 0.387837 -0.737885
vn -0.545078 0.392337 -0.740920
vn -0.750667 0.386544 -0.535800
vn -0.753321 0.390992 -0.528803
vn -0.886287 0.360883 -0.290275
vn -0.892210 0.362680 -0.269119
vn -0.949995 0.312001 -0.012884
vn -0.950762 0.309186 0.021360
vn -0.930028 0.241092 0.277348
vn -0.918175 0.233026 0.320396
vn -0.818075 0.152036 0.554651
vn -0.788958 0.139121 0.598491
vn -0.614069 0.050917 0.787608
vn -0.570074 0.036155 0.820798
vn -0.336372 -0.050668 0.940365
vn -0.286389 -0.063623 0.955999
vn -0.017097 -0.140196 0.989976
vn 0.024333 -0.147915 0.988701
vn 0.299133 -0.205844 0.931744
vn 0.324054 -0.208027 0.922884
vn 0.576401 -0.241202 0.780758
vn 0.584692 -0.240055 0.774926
vn 0.793016 -0.244756 0.557871
vn 0.789014 -0.243273 0.564159
vn 0.933507 -0.216909 0.285508
vn 0.926093 -0.218178 0.307814
vn 0.987131 -0.159083 -0.016276
vn 0.985943 -0.165614 0.022102
vn 0.027875 -0.999096 -0.032111
vn 0.033584 -0.999261 -0.018693
vn 0.000000 -1.000000 0.000000
vn 0.016686 -0.998887 -0.044130
vn 0.002768 -0.998671 -0.051474
vn -0.014071 -0.998290 -0.056744
vn -0.027284 -0.998210 -0.053225
vn -0.038327 -0.998047 -0.049320
vn -0.048149 -0.998023 -0.040398
vn -0.054269 -0.998140 -0.027785
vn -0.057821 -0.998250 -0.012383
vn -0.052928 -0.998590 0.004161
vn -0.045198 -0.998831 0.017117
vn -0.033335 -0.999070 0.027335
vn -0.019564 -0.999271 0.032790
vn -0.005198 -0.999351 0.035645
vn 0.008573 -0.999469 0.031443
vn 0.019147 -0.999484 0.025801
vn 0.027451 -0.999474 0.017276
vn 0.032616 -0.999442 0.007186
vn 0.036103 -0.999334 -0.005370
vn 0.933515 -0.216865 -0.285517
vn 0.793016 -0.244741 -0.557877
vn 0.789015 -0.243272 -0.564158
vn 0.926094 -0.218177 -0.307812
vn 0.576393 -0.241220 -0.780759
vn 0.584691 -0.240054 -0.774926
vn 0.299118 -0.205897 -0.931738
vn 0.324051 -0.208027 -0.922884
vn -0.017109 -0.140282 -0.989964
vn 0.024330 -0.147915 -0.988701
vn -0.336384 -0.050792 -0.940354
vn -0.286390 -0.063622 -0.955998
vn -0.614087 0.050768 -0.787604
vn -0.570076 0.036156 -0.820796
vn -0.818101 0.151880 -0.554656
vn -0.788956 0.139121 -0.598493
vn -0.930065 0.240948 -0.277350
vn -0.918174 0.233027 -0.320398
vn -0.950032 0.311887 0.012888
vn -0.950762 0.309186 -0.021360
vn -0.886315 0.360808 0.290281
vn -0.892210 0.362680 0.269119
vn -0.750681 0.386516 0.535802
vn -0.753321 0.390992 0.528804
vn -0.552366 0.387863 0.737871
vn -0.545078 0.392337 0.740919
vn -0.302562 0.363198 0.881217
vn -0.280225 0.364794 0.887919
vn -0.013164 0.311091 0.950289
vn 0.023493 0.307311 0.951319
vn 0.290627 0.232439 0.928175
vn 0.336355 0.222521 0.915068
vn 0.574335 0.134032 0.807574
vn 0.619238 0.119089 0.776120
vn 0.802253 0.026582 0.596392
vn 0.834231 0.010863 0.551308
vn 0.943850 -0.075060 0.321734
vn 0.957884 -0.087518 0.273495
vn 0.987144 -0.159007 0.016267
vn 0.985943 -0.165615 -0.022102
vn 0.026585 -0.999478 -0.018354
vn 0.031962 -0.999454 -0.008356
vn 0.000000 -1.000000 0.000000
vn 0.017985 -0.999480 -0.026778
vn 0.007095 -0.999457 -0.032195
vn -0.007106 -0.999324 -0.036061
vn -0.021356 -0.999235 -0.032761
vn -0.034807 -0.999024 -0.027203
vn -0.046246 -0.998781 -0.017278
vn -0.053652 -0.998547 -0.005086
vn -0.058817 -0.998213 0.010512
vn -0.055886 -0.998125 0.024982
vn -0.051137 -0.998014 0.036795
vn -0.042567 -0.998036 0.045964
vn -0.031404 -0.998193 0.051233
vn -0.016699 -0.998308 0.055690
vn 0.002152 -0.998703 0.050874
vn 0.017193 -0.998934 0.042834
vn 0.028268 -0.999138 0.030386
vn 0.033525 -0.999293 0.017001
vn 0.035649 -0.999357 0.003881
vn 0.242393 -0.969750 -0.028834
vn 0.213622 -0.972501 -0.092781
vn 0.446764 -0.892031 -0.068431
vn 0.388582 -0.902244 -0.186974
vn 0.626878 -0.770564 -0.115127
vn 0.541150 -0.791929 -0.282852
vn 0.773822 -0.611785 -0.164074
vn 0.665159 -0.646648 -0.373377
vn 0.880927 -0.423899 -0.210421
vn 0.756143 -0.473070 -0.452164
vn 0.943873 -0.216341 -0.249602
vn 0.811401 -0.278967 -0.513620
vn 0.960724 0.000788 -0.277504
vn 0.829981 -0.072800 -0.553020
vn 0.163914 -0.975373 -0.147580
vn 0.293454 -0.912632 -0.284582
vn 0.404342 -0.813718 -0.417577
vn 0.493288 -0.682610 -0.539176
vn 0.558111 -0.524618 -0.642874
vn 0.597811 -0.345977 -0.723133
vn 0.612498 -0.153565 -0.775412
vn 0.099117 -0.977973 -0.183699
vn 0.172168 -0.921811 -0.347307
vn 0.231124 -0.833251 -0.502269
vn 0.275699 -0.715561 -0.641843
vn 0.306050 -0.572965 -0.760293
vn 0.322855 -0.410356 -0.852861
vn 0.327312 -0.233107 -0.915712
vn 0.023199 -0.979965 -0.197814
vn 0.034876 -0.929370 -0.367499
vn 0.040079 -0.849232 -0.526496
vn 0.039461 -0.742265 -0.668944
vn 0.033971 -0.612112 -0.790041
vn 0.024825 -0.462952 -0.886036
vn 0.013465 -0.299246 -0.954081
vn -0.050634 -0.982066 -0.181609
vn -0.096533 -0.935966 -0.338597
vn -0.141641 -0.862707 -0.485463
vn -0.184980 -0.764369 -0.617675
vn -0.225282 -0.643787 -0.731291
vn -0.261147 -0.504426 -0.823017
vn -0.291092 -0.350259 -0.890272
vn -0.108801 -0.983114 -0.147136
vn -0.203357 -0.939633 -0.275202
vn -0.292861 -0.870296 -0.396002
vn -0.375117 -0.776723 -0.505953
vn -0.447872 -0.661227 -0.601822
vn -0.508965 -0.526810 -0.680754
vn -0.556412 -0.377131 -0.740391
vn -0.152153 -0.983451 -0.098360
vn -0.283522 -0.940581 -0.186878
vn -0.406733 -0.872052 -0.272202
vn -0.518826 -0.779284 -0.351477
vn -0.616841 -0.664373 -0.422037
vn -0.697968 -0.530175 -0.481410
vn -0.759745 -0.380314 -0.527399
vn -0.177959 -0.983133 -0.042189
vn -0.333408 -0.939076 -0.083524
vn -0.479457 -0.868513 -0.125724
vn -0.612156 -0.772863 -0.167178
vn -0.727618 -0.654257 -0.206201
vn -0.822179 -0.515672 -0.241049
vn -0.892641 -0.360994 -0.269954
vn -0.187939 -0.981933 0.022072
vn -0.352645 -0.935177 0.032952
vn -0.508715 -0.860123 0.037390
vn -0.650986 -0.758219 0.036356
vn -0.774500 -0.631819 0.030908
vn -0.874661 -0.484223 0.022284
vn -0.947419 -0.319773 0.011940
vn -0.175010 -0.980643 0.087813
vn -0.333480 -0.930174 0.153520
vn -0.485913 -0.849060 0.207330
vn -0.626318 -0.738701 0.249094
vn -0.748688 -0.601498 0.278688
vn -0.847138 -0.441120 0.296261
vn -0.916246 -0.262699 0.302461
vn -0.143370 -0.978395 0.148958
vn -0.278108 -0.922621 0.267258
vn -0.411287 -0.832838 0.370439
vn -0.536129 -0.710603 0.455641
vn -0.645811 -0.558894 0.520159
vn -0.733548 -0.382414 0.561843
vn -0.793009 -0.187735 0.579562
vn -0.090988 -0.975219 0.201665
vn -0.185582 -0.912115 0.365521
vn -0.284055 -0.811108 0.511290
vn -0.379446 -0.674540 0.633258
vn -0.465002 -0.506578 0.726052
vn -0.534051 -0.313435 0.785206
vn -0.580297 -0.103377 0.807817
vn -0.025897 -0.971638 0.235050
vn -0.066029 -0.900006 0.430847
vn -0.114880 -0.786324 0.607040
vn -0.167331 -0.634379 0.754694
vn -0.218360 -0.450174 0.865831
vn -0.262894 -0.241892 0.934010
vn -0.295949 -0.019671 0.955001
vn 0.047057 -0.967667 0.247803
vn 0.067821 -0.888044 0.454729
vn 0.075222 -0.762733 0.642323
vn 0.071573 -0.597130 0.798945
vn 0.059280 -0.399205 0.914943
vn 0.041077 -0.178958 0.982999
vn 0.020133 0.052105 0.998439
vn 0.111115 -0.965927 0.233751
vn 0.192807 -0.880758 0.432540
vn 0.258066 -0.747622 0.611934
vn 0.305091 -0.573097 0.760578
vn 0.332672 -0.366277 0.869006
vn 0.340533 -0.138255 0.930013
vn 0.329518 0.098443 0.939003
vn 0.161932 -0.964913 0.206692
vn 0.296610 -0.876891 0.378265
vn 0.414710 -0.739430 0.530338
vn 0.508766 -0.559898 0.653966
vn 0.573286 -0.348295 0.741643
vn 0.604689 -0.116504 0.787894
vn 0.601311 0.122398 0.789585
vn 0.205541 -0.964770 0.164229
vn 0.381981 -0.875821 0.295006
vn 0.539664 -0.737375 0.406252
vn 0.668199 -0.557238 0.492946
vn 0.759539 -0.345691 0.550997
vn 0.808086 -0.114726 0.577784
vn 0.810728 0.122660 0.572429
vn 0.236280 -0.965487 0.109573
vn 0.440610 -0.877668 0.188579
vn 0.623035 -0.741478 0.249074
vn 0.772281 -0.564812 0.290807
vn 0.879547 -0.357686 0.313780
vn 0.938682 -0.131595 0.318683
vn 0.946292 0.101125 0.307093
vn 0.251976 -0.966799 0.042518
vn 0.465669 -0.882756 0.062397
vn 0.655490 -0.752051 0.068934
vn 0.810472 -0.582191 0.064727
vn 0.922370 -0.382705 0.052634
vn 0.985752 -0.164371 0.035699
vn 0.997961 0.061484 0.017119
vn 0.234558 -0.967191 -0.097598
vn 0.211440 -0.965541 -0.151739
vn 0.436587 -0.882803 -0.173349
vn 0.388313 -0.878072 -0.279649
vn 0.618044 -0.750225 -0.234913
vn 0.544792 -0.741250 -0.392109
vn 0.767963 -0.576113 -0.279870
vn 0.671917 -0.562402 -0.481904
vn 0.877073 -0.369614 -0.306804
vn 0.762134 -0.351441 -0.543729
vn 0.938307 -0.141871 -0.315360
vn 0.809889 -0.120214 -0.574133
vn 0.947228 0.094583 -0.306291
vn 0.812003 0.118273 -0.571545
vn 0.174672 -0.964421 -0.198450
vn 0.311839 -0.875469 -0.369203
vn 0.428211 -0.737280 -0.522546
vn 0.518892 -0.557577 -0.647965
vn 0.579721 -0.346530 -0.737455
vn 0.607942 -0.116061 -0.785453
vn 0.602557 0.120921 -0.788862
vn 0.125482 -0.964162 -0.233765
vn 0.210119 -0.875710 -0.434722
vn 0.273358 -0.739503 -0.615151
vn 0.316311 -0.563302 -0.763307
vn 0.339421 -0.356948 -0.870277
vn 0.343540 -0.131777 -0.929847
vn 0.330325 0.100039 -0.938551
vn 0.056082 -0.965261 -0.255200
vn 0.078182 -0.880771 -0.467043
vn 0.083754 -0.750481 -0.655563
vn 0.077154 -0.581775 -0.809682
vn 0.062025 -0.384007 -0.921245
vn 0.041853 -0.167678 -0.984953
vn 0.020098 0.056221 -0.998216
vn -0.025918 -0.969273 -0.244620
vn -0.067501 -0.892383 -0.446202
vn -0.117922 -0.772806 -0.623591
vn -0.171216 -0.616746 -0.768316
vn -0.221968 -0.432119 -0.874073
vn -0.265299 -0.227964 -0.936829
vn -0.296880 -0.013934 -0.954813
vn -0.097892 -0.973237 -0.207910
vn -0.196564 -0.905336 -0.376470
vn -0.296745 -0.798551 -0.523697
vn -0.391348 -0.657587 -0.643759
vn -0.473976 -0.488711 -0.732467
vn -0.539054 -0.299240 -0.787322
vn -0.581845 -0.097122 -0.807480
vn -0.152422 -0.976816 -0.150325
vn -0.292487 -0.917044 -0.271074
vn -0.427682 -0.822256 -0.375477
vn -0.551227 -0.696018 -0.460118
vn -0.656980 -0.543220 -0.522771
vn -0.739650 -0.369652 -0.562384
vn -0.794818 -0.181745 -0.578993
vn -0.182897 -0.979441 -0.085107
vn -0.346370 -0.925871 -0.150963
vn -0.500823 -0.840800 -0.205503
vn -0.640160 -0.727183 -0.247793
vn -0.759020 -0.588927 -0.277586
vn -0.852878 -0.430605 -0.295261
vn -0.918011 -0.257308 -0.301744
vn -0.192854 -0.981081 -0.016940
vn -0.361216 -0.932108 -0.026419
vn -0.519000 -0.854210 -0.031070
vn -0.660801 -0.749917 -0.031086
vn -0.782053 -0.622623 -0.027071
vn -0.879061 -0.476293 -0.019944
vn -0.948959 -0.315211 -0.010892
vn -0.179463 -0.982590 0.048056
vn -0.336697 -0.937154 0.091530
vn -0.483963 -0.864793 0.133837
vn -0.616890 -0.767546 0.174126
vn -0.731600 -0.648162 0.211300
vn -0.824792 -0.510016 0.244135
vn -0.893825 -0.357003 0.271339
vn -0.150000 -0.983231 0.103711
vn -0.281281 -0.939807 0.194020
vn -0.405217 -0.870506 0.279317
vn -0.518227 -0.776937 0.357505
vn -0.616989 -0.661401 0.426466
vn -0.698542 -0.526884 0.484183
vn -0.760378 -0.377065 0.528817
vn -0.103513 -0.983218 0.150222
vn -0.196509 -0.940038 0.278771
vn -0.286367 -0.871017 0.399153
vn -0.370055 -0.777519 0.508453
vn -0.444701 -0.661614 0.603745
vn -0.507600 -0.526160 0.682274
vn -0.556318 -0.374870 0.741608
vn -0.043849 -0.982524 0.180896
vn -0.087658 -0.937637 0.336383
vn -0.132994 -0.865862 0.482281
vn -0.177904 -0.768551 0.614557
vn -0.220437 -0.647825 0.729198
vn -0.258585 -0.506730 0.822410
vn -0.290311 -0.349321 0.890895
vn 0.028998 -0.980791 0.192893
vn 0.041822 -0.932402 0.358994
vn 0.046540 -0.855024 0.516495
vn 0.044711 -0.750115 0.659794
vn 0.037726 -0.620125 0.783595
vn 0.027066 -0.468558 0.883018
vn 0.014420 -0.299998 0.953831
vn 0.100808 -0.979220 0.175971
vn 0.173009 -0.926284 0.334762
vn 0.231083 -0.841756 0.487901
vn 0.275448 -0.727167 0.628774
vn 0.306162 -0.585114 0.750937
vn 0.323423 -0.419572 0.848149
vn 0.327942 -0.236081 0.914724
vn 0.160126 -0.977062 0.140389
vn 0.286293 -0.918486 0.272798
vn 0.395944 -0.824656 0.403943
vn 0.486037 -0.697448 0.526626
vn 0.553592 -0.540267 0.633757
vn 0.596221 -0.358315 0.718423
vn 0.612645 -0.158699 0.774262
vn 0.205517 -0.974563 0.089388
vn 0.375214 -0.909151 0.180716
vn 0.526365 -0.804546 0.275037
vn 0.652613 -0.663547 0.365788
vn 0.748137 -0.490887 0.446453
vn 0.808213 -0.293339 0.510632
vn 0.829800 -0.079685 0.552342
vn 0.232879 -0.972009 0.031096
vn 0.431491 -0.899368 0.070374
vn 0.610286 -0.783653 0.115924
vn 0.759900 -0.629049 0.163856
vn 0.872116 -0.442033 0.209812
vn 0.940444 -0.231198 0.249223
vn 0.960678 -0.007041 0.277575
vn 0.244643 -0.969001 -0.034451
vn 0.453692 -0.889617 -0.052400
vn 0.642450 -0.763979 -0.059944
vn 0.799614 -0.597697 -0.058096
vn 0.915685 -0.398946 -0.048614
vn 0.983464 -0.177917 -0.033839
vn 0.998420 0.053703 -0.016561
vn 0.174964 -0.980639 -0.087949
vn 0.143306 -0.978382 -0.149104
vn 0.333433 -0.930156 -0.153726
vn 0.278034 -0.922574 -0.267494
vn 0.485879 -0.849023 -0.207562
vn 0.411231 -0.832737 -0.370726
vn 0.626307 -0.738633 -0.249320
vn 0.536111 -0.710420 -0.455947
vn 0.748706 -0.601385 -0.278882
vn 0.645825 -0.558615 -0.520441
vn 0.847182 -0.440942 -0.296400
vn 0.733588 -0.382016 -0.562061
vn 0.916294 -0.262446 -0.302536
vn 0.793049 -0.187199 -0.579681
vn 0.090895 -0.975194 -0.201830
vn 0.185472 -0.912029 -0.365791
vn 0.283957 -0.810926 -0.511633
vn 0.379386 -0.674226 -0.633629
vn 0.464969 -0.506122 -0.726391
vn 0.534041 -0.312829 -0.785454
vn 0.580283 -0.102606 -0.807925
vn 0.025791 -0.971602 -0.235211
vn 0.065896 -0.899887 -0.431117
vn 0.114754 -0.786077 -0.607383
vn 0.167231 -0.633973 -0.755058
vn 0.218286 -0.449597 -0.866149
vn 0.262842 -0.241148 -0.934217
vn 0.295903 -0.018769 -0.955034
vn -0.047122 -0.967626 -0.247951
vn -0.067911 -0.887911 -0.454976
vn -0.075316 -0.762461 -0.642636
vn -0.071659 -0.596693 -0.799264
vn -0.059344 -0.398586 -0.915209
vn -0.041121 -0.178172 -0.983140
vn -0.020154 0.053024 -0.998390
vn -0.111104 -0.965886 -0.233924
vn -0.192804 -0.880626 -0.432810
vn -0.258077 -0.747354 -0.612256
vn -0.305104 -0.572672 -0.760893
vn -0.332680 -0.365682 -0.869253
vn -0.340521 -0.137509 -0.930127
vn -0.329471 0.099294 -0.938930
vn -0.161871 -0.964876 -0.206912
vn -0.296547 -0.876770 -0.378595
vn -0.414657 -0.739190 -0.530714
vn -0.508722 -0.559526 -0.654318
vn -0.573243 -0.347783 -0.741916
vn -0.604626 -0.115871 -0.788036
vn -0.601204 0.123109 -0.789556
vn -0.205479 -0.964741 -0.164479
vn -0.381910 -0.875726 -0.295379
vn -0.539606 -0.737188 -0.406669
vn -0.668149 -0.556953 -0.493336
vn -0.759494 -0.345304 -0.551302
vn -0.808020 -0.114257 -0.577970
vn -0.810624 0.123179 -0.572465
vn -0.236238 -0.965467 -0.109844
vn -0.440581 -0.877598 -0.188973
vn -0.623020 -0.741349 -0.249496
vn -0.772272 -0.564629 -0.291188
vn -0.879540 -0.357445 -0.314074
vn -0.938661 -0.131315 -0.318862
vn -0.946241 0.101411 -0.307156
vn -0.251986 -0.966787 -0.042739
vn -0.465697 -0.882719 -0.062719
vn -0.655512 -0.752000 -0.069287
vn -0.810498 -0.582116 -0.065061
vn -0.922393 -0.382613 -0.052903
vn -0.985759 -0.164291 -0.035885
vn -0.997957 0.061530 -0.017213
vn -0.242366 -0.969760 0.028698
vn -0.446737 -0.892061 0.068208
vn -0.626844 -0.770633 0.114855
vn -0.773798 -0.611888 0.163797
vn -0.880912 -0.424052 0.210177
vn -0.943871 -0.216556 0.249422
vn -0.960750 0.000520 0.277416
vn -0.213574 -0.972523 0.092650
vn -0.388504 -0.902321 0.186765
vn -0.541051 -0.792087 0.282599
vn -0.665053 -0.646907 0.373118
vn -0.756049 -0.473440 0.451935
vn -0.811338 -0.279446 0.513460
vn -0.829975 -0.073362 0.552956
vn -0.163847 -0.975403 0.147452
vn -0.293343 -0.912735 0.284366
vn -0.404203 -0.813930 0.417299
vn -0.493135 -0.682961 0.538871
vn -0.557969 -0.525119 0.642589
vn -0.597700 -0.346635 0.722910
vn -0.612451 -0.154354 0.775292
vn -0.099035 -0.978007 0.183561
vn -0.172039 -0.921928 0.347062
vn -0.230977 -0.833493 0.501935
vn -0.275548 -0.715959 0.641464
vn -0.305915 -0.573538 0.759915
vn -0.322752 -0.411113 0.852536
vn -0.327253 -0.234032 0.915497
vn -0.023141 -0.979999 0.197652
vn -0.034794 -0.929484 0.367217
vn -0.039994 -0.849473 0.526115
vn -0.039384 -0.742661 0.668508
vn -0.033913 -0.612687 0.789597
vn -0.024790 -0.463718 0.885636
vn -0.013452 -0.300199 0.953782
vn 0.050647 -0.982094 0.181456
vn 0.096539 -0.936066 0.338321
vn 0.141634 -0.862916 0.485093
vn 0.184952 -0.764717 0.617253
vn 0.225233 -0.644297 0.730857
vn 0.261082 -0.505109 0.822619
vn 0.291023 -0.351119 0.889956
vn 0.108789 -0.983136 0.146997
vn 0.203311 -0.939714 0.274960
vn 0.292783 -0.870466 0.395685
vn 0.375007 -0.777006 0.505599
vn 0.447737 -0.661645 0.601464
vn 0.508816 -0.527372 0.680430
vn 0.556272 -0.377838 0.740135
vn 0.152121 -0.983467 0.098241
vn 0.283452 -0.940641 0.186681
vn 0.406622 -0.872182 0.271950
vn 0.518682 -0.779501 0.351207
vn 0.616678 -0.664687 0.421781
vn 0.697805 -0.530589 0.481189
vn 0.759598 -0.380832 0.527236
vn 0.177921 -0.983144 0.042098
vn 0.333342 -0.939112 0.083373
vn 0.479361 -0.868593 0.125534
vn 0.612049 -0.772992 0.166973
vn 0.727513 -0.654434 0.206011
vn 0.822078 -0.515905 0.240896
vn 0.892554 -0.361279 0.269860
vn 0.187923 -0.981933 -0.022184
vn 0.352613 -0.935183 -0.033118
vn 0.508673 -0.860139 -0.037581
vn 0.650950 -0.758240 -0.036542
vn 0.774482 -0.631833 -0.031067
vn 0.874649 -0.484240 -0.022399
vn 0.947417 -0.319778 -0.012000
vn 0.179343 -0.982635 -0.047577
vn 0.149880 -0.983316 -0.103084
vn 0.336503 -0.937301 -0.090731
vn 0.280995 -0.940105 -0.192986
vn 0.483697 -0.865097 -0.132831
vn 0.404748 -0.871140 -0.278019
vn 0.616543 -0.768070 -0.173040
vn 0.517569 -0.778029 -0.356081
vn 0.731172 -0.648981 -0.210264
vn 0.616181 -0.663055 -0.425063
vn 0.824327 -0.511174 -0.243282
vn 0.697671 -0.529166 -0.482949
vn 0.893380 -0.358538 -0.270781
vn 0.759555 -0.380007 -0.527893
vn 0.103459 -0.983336 -0.149490
vn 0.196316 -0.940450 -0.277512
vn 0.285989 -0.871902 -0.397488
vn 0.369479 -0.779043 -0.506534
vn 0.443959 -0.663914 -0.601763
vn 0.506766 -0.529337 -0.680434
vn 0.555505 -0.378973 -0.740131
vn 0.043888 -0.982673 -0.180079
vn 0.087659 -0.938163 -0.334911
vn 0.132915 -0.866990 -0.480273
vn 0.177720 -0.770477 -0.612193
vn 0.220149 -0.650704 -0.726718
vn 0.258210 -0.510667 -0.820090
vn 0.289906 -0.354344 -0.889042
vn -0.028766 -0.980976 -0.191985
vn -0.041488 -0.933037 -0.357379
vn -0.046164 -0.856362 -0.514308
vn -0.044353 -0.752366 -0.657251
vn -0.037432 -0.623440 -0.780975
vn -0.026871 -0.473012 -0.880646
vn -0.014336 -0.305576 -0.952060
vn -0.100468 -0.979409 -0.175112
vn -0.172429 -0.926950 -0.333215
vn -0.230348 -0.843153 -0.485832
vn -0.274660 -0.729489 -0.626424
vn -0.305418 -0.588487 -0.748601
vn -0.322823 -0.424031 -0.846158
vn -0.327587 -0.241553 -0.913422
vn -0.159819 -0.977241 -0.139490
vn -0.285703 -0.919116 -0.271293
vn -0.395137 -0.825971 -0.402043
vn -0.485128 -0.699617 -0.524582
vn -0.552727 -0.543364 -0.631861
vn -0.595561 -0.362303 -0.716968
vn -0.612341 -0.163451 -0.773513
vn -0.205231 -0.974714 -0.088395
vn -0.374673 -0.909682 -0.179161
vn -0.525652 -0.805641 -0.273191
vn -0.651853 -0.665315 -0.363928
vn -0.747489 -0.493331 -0.444843
vn -0.807817 -0.296371 -0.509506
vn -0.829776 -0.083148 -0.551868
vn -0.232567 -0.972114 -0.030118
vn -0.431037 -0.899706 -0.068816
vn -0.609789 -0.784313 -0.114064
vn -0.759462 -0.630064 -0.161977
vn -0.871830 -0.443372 -0.208169
vn -0.940360 -0.232811 -0.248037
vn -0.960830 -0.008833 -0.276998
vn -0.244478 -0.968996 0.035755
vn -0.453406 -0.889648 0.054297
vn -0.642173 -0.764044 0.062060
vn -0.799416 -0.597764 0.060112
vn -0.915574 -0.398993 0.050282
vn -0.983420 -0.177933 0.034989
vn -0.998408 0.053737 0.017127
vn -0.234113 -0.967152 0.099035
vn -0.436062 -0.882646 0.175458
vn -0.617577 -0.749882 0.237224
vn -0.767618 -0.575526 0.282014
vn -0.876839 -0.368750 0.308508
vn -0.938115 -0.140706 0.316451
vn -0.946946 0.096030 0.306711
vn -0.211026 -0.965446 0.152910
vn -0.387761 -0.877740 0.281449
vn -0.544273 -0.740525 0.394195
vn -0.671488 -0.561170 0.483934
vn -0.761772 -0.349647 0.545389
vn -0.809502 -0.117846 0.575169
vn -0.811428 0.121124 0.571764
vn -0.174521 -0.964254 0.199389
vn -0.311621 -0.874914 0.370700
vn -0.428006 -0.736122 0.524343
vn -0.518714 -0.555677 0.649738
vn -0.579520 -0.343838 0.738872
vn -0.607626 -0.112613 0.786199
vn -0.601982 0.124967 0.788670
vn -0.125831 -0.963922 0.234566
vn -0.210538 -0.874948 0.436051
vn -0.273768 -0.737979 0.616796
vn -0.316656 -0.560863 0.764959
vn -0.339641 -0.353546 0.871578
vn -0.343558 -0.127483 0.930438
vn -0.330067 0.105023 0.938097
vn -0.056901 -0.964974 0.256101
vn -0.079195 -0.879878 0.468554
vn -0.084727 -0.748736 0.657431
vn -0.077954 -0.579031 0.811570
vn -0.062596 -0.380221 0.922775
vn -0.042185 -0.162934 0.985735
vn -0.020222 0.061719 0.997889
vn 0.025055 -0.969001 0.245783
vn 0.066446 -0.891518 0.448085
vn 0.116957 -0.771101 0.625879
vn 0.170471 -0.614051 0.770636
vn 0.221468 -0.428389 0.876033
vn 0.264978 -0.223272 0.938049
vn 0.296612 -0.008453 0.954961
vn 0.097353 -0.973038 0.209094
vn 0.195958 -0.904670 0.378383
vn 0.296278 -0.797194 0.526024
vn 0.391088 -0.655395 0.646149
vn 0.473903 -0.485615 0.734571
vn 0.539065 -0.295267 0.788813
vn 0.581774 -0.092395 0.808085
vn 0.152181 -0.976701 0.151317
vn 0.292283 -0.916639 0.272660
vn 0.427641 -0.821399 0.377394
vn 0.551382 -0.694589 0.462086
vn 0.657297 -0.541131 0.524536
vn 0.740009 -0.366903 0.563709
vn 0.795063 -0.178388 0.579701
vn 0.182796 -0.979386 0.085958
vn 0.346364 -0.925660 0.152266
vn 0.500961 -0.840355 0.206981
vn 0.640441 -0.726449 0.249214
vn 0.759405 -0.587867 0.278778
vn 0.853275 -0.429236 0.296104
vn 0.918333 -0.255629 0.302190
vn 0.192904 -0.981060 0.017574
vn 0.361290 -0.932052 0.027373
vn 0.519113 -0.854100 0.032160
vn 0.660937 -0.749752 0.032149
vn 0.782169 -0.622438 0.027978
vn 0.879138 -0.476122 0.020605
vn 0.948996 -0.315087 0.011249
s 1
g StoolSeat2
usemtl lambert7SG
f 744/1103/928 748/1104/929 828/1105/930 824/1106/931
f 748/1104/929 752/1109/932 832/1110/933 828/1105/930
f 752/2185/932 756/2186/934 836/2187/935 832/2188/933
f 756/2186/934 760/2191/936 840/2192/937 836/2187/935
f 760/2191/936 764/2196/938 844/2197/939 840/2192/937
f 764/2196/938 768/2200/940 848/2201/941 844/2197/939
f 768/1151/940 772/1141/942 852/1144/943 848/1152/941
f 772/1141/942 776/1142/944 856/1143/945 852/1144/943
f 776/1142/944 780/1147/946 860/1148/947 856/1143/945
f 780/1147/946 784/1157/948 864/1158/949 860/1148/947
f 784/1157/948 788/1165/950 868/1166/951 864/1158/949
f 788/1165/950 792/1171/952 872/1172/953 868/1166/951
f 792/2205/952 796/2206/954 876/2207/955 872/2208/953
f 796/2206/954 800/2211/956 880/2212/957 876/2207/955
f 800/2211/956 804/2216/958 884/2217/959 880/2212/957
f 804/2216/958 808/2220/960 888/2221/961 884/2217/959
f 808/1135/960 812/1129/962 892/1130/963 888/1136/961
f 812/1129/962 816/1123/964 896/1124/965 892/1130/963
f 816/1123/964 820/1113/966 900/1114/967 896/1124/965
f 820/1113/966 744/1103/928 824/1106/931 900/1114/967
f 751/1571/968 747/1572/969 742/1573/970
f 755/1577/971 751/1571/968 742/1573/970
f 759/1581/972 755/1577/971 742/1573/970
f 763/1587/973 759/1581/972 742/1573/970
f 767/1592/974 763/1587/973 742/1573/970
f 771/1597/975 767/1592/974 742/1573/970
f 775/1604/976 771/1597/975 742/1573/970
f 779/1610/977 775/1604/976 742/1573/970
f 783/1616/978 779/1610/977 742/1573/970
f 787/1621/979 783/1616/978 742/1573/970
f 791/1620/980 787/1621/979 742/1573/970
f 795/1615/981 791/1620/980 742/1573/970
f 799/1609/982 795/1615/981 742/1573/970
f 803/1603/983 799/1609/982 742/1573/970
f 807/1596/984 803/1603/983 742/1573/970
f 811/1591/985 807/1596/984 742/1573/970
f 815/1586/986 811/1591/985 742/1573/970
f 819/1580/987 815/1586/986 742/1573/970
f 823/1576/988 819/1580/987 742/1573/970
f 747/1572/969 823/1576/988 742/1573/970
f 827/1626/989 831/1627/990 743/1628/991
f 831/1627/990 835/1631/992 743/1628/991
f 835/1631/992 839/1635/993 743/1628/991
f 839/1635/993 843/1641/994 743/1628/991
f 843/1641/994 847/1646/995 743/1628/991
f 847/1646/995 851/1651/996 743/1628/991
f 851/1651/996 855/1658/997 743/1628/991
f 855/1658/997 859/1664/998 743/1628/991
f 859/1664/998 863/1670/999 743/1628/991
f 863/1670/999 867/1675/1000 743/1628/991
f 867/1675/1000 871/1676/1001 743/1628/991
f 871/1676/1001 875/1671/1002 743/1628/991
f 875/1671/1002 879/1665/1003 743/1628/991
f 879/1665/1003 883/1659/1004 743/1628/991
f 883/1659/1004 887/1652/1005 743/1628/991
f 887/1652/1005 891/1647/1006 743/1628/991
f 891/1647/1006 895/1642/1007 743/1628/991
f 895/1642/1007 899/1636/1008 743/1628/991
f 899/1636/1008 903/1632/1009 743/1628/991
f 903/1632/1009 827/1626/989 743/1628/991
f 746/1574/1010 747/1572/969 751/1571/968 750/1575/1011
f 744/1103/928 745/1107/1012 749/1108/1013 748/1104/929
f 745/1107/1012 746/1116/1010 750/1117/1011 749/1108/1013
f 750/1575/1011 751/1571/968 755/1577/971 754/1579/1014
f 748/1104/929 749/1108/1013 753/1118/1015 752/1109/932
f 749/1584/1013 750/1575/1011 754/1579/1014 753/1585/1016
f 754/1579/1014 755/1577/971 759/1581/972 758/1583/1017
f 752/2185/932 753/2189/1015 757/2190/1018 756/2186/934
f 753/1585/1016 754/1579/1014 758/1583/1017 757/1590/1019
f 758/1583/1017 759/1581/972 763/1587/973 762/1589/1020
f 756/2186/934 757/2190/1018 761/2195/1021 760/2191/936
f 757/1590/1019 758/1583/1017 762/1589/1020 761/1595/1022
f 762/1589/1020 763/1587/973 767/1592/974 766/1594/1023
f 760/2191/936 761/2195/1021 765/2199/1024 764/2196/938
f 761/1595/1022 762/1589/1020 766/1594/1023 765/1602/1025
f 766/1594/1023 767/1592/974 771/1597/975 770/1601/1026
f 764/2196/938 765/2199/1024 769/2203/1027 768/2200/940
f 765/1602/1025 766/1594/1023 770/1601/1026 769/1608/1028
f 770/1601/1026 771/1597/975 775/1604/976 774/1607/1029
f 768/1151/940 769/1153/1027 773/1145/1030 772/1141/942
f 769/1608/1028 770/1601/1026 774/1607/1029 773/1614/1031
f 774/1607/1029 775/1604/976 779/1610/977 778/1613/1032
f 772/1141/942 773/1145/1030 777/1146/1033 776/1142/944
f 773/1145/1031 774/1154/1029 778/1155/1032 777/1146/1034
f 778/1613/1032 779/1610/977 783/1616/978 782/1619/1035
f 776/1142/944 777/1146/1033 781/1156/1036 780/1147/946
f 777/1146/1034 778/1155/1032 782/1163/1035 781/1156/1037
f 782/1619/1035 783/1616/978 787/1621/979 786/1624/1038
f 780/1147/946 781/1156/1036 785/1164/1039 784/1157/948
f 781/1156/1037 782/1163/1035 786/1169/1038 785/1164/1040
f 786/1624/1038 787/1621/979 791/1620/980 790/1622/1041
f 784/1157/948 785/1164/1039 789/1170/1042 788/1165/950
f 785/1164/1040 786/1169/1038 790/1175/1041 789/1170/1043
f 790/1622/1041 791/1620/980 795/1615/981 794/1617/1044
f 788/1165/950 789/1170/1042 793/1176/1045 792/1171/952
f 789/1625/1043 790/1622/1041 794/1617/1044 793/1623/1046
f 794/1617/1044 795/1615/981 799/1609/982 798/1611/1047
f 792/2205/952 793/2209/1045 797/2210/1048 796/2206/954
f 793/1623/1046 794/1617/1044 798/1611/1047 797/1618/1048
f 798/1611/1047 799/1609/982 803/1603/983 802/1605/1049
f 796/2206/954 797/2210/1048 801/2215/1050 800/2211/956
f 797/1618/1048 798/1611/1047 802/1605/1049 801/1612/1050
f 802/1605/1049 803/1603/983 807/1596/984 806/1598/1051
f 800/2211/956 801/2215/1050 805/2219/1052 804/2216/958
f 801/1612/1050 802/1605/1049 806/1598/1051 805/1606/1052
f 806/1598/1051 807/1596/984 811/1591/985 810/1593/1053
f 804/2216/958 805/2219/1052 809/2223/1054 808/2220/960
f 805/1606/1052 806/1598/1051 810/1593/1053 809/1599/1055
f 810/1593/1053 811/1591/985 815/1586/986 814/1588/1056
f 808/1135/960 809/1137/1054 813/1131/1057 812/1129/962
f 809/1599/1055 810/1593/1053 814/1588/1056 813/1600/1058
f 814/1588/1056 815/1586/986 819/1580/987 818/1582/1059
f 812/1129/962 813/1131/1057 817/1125/1060 816/1123/964
f 813/1131/1058 814/1138/1056 818/1132/1059 817/1125/1061
f 818/1582/1059 819/1580/987 823/1576/988 822/1578/1062
f 816/1123/964 817/1125/1060 821/1115/1063 820/1113/966
f 817/1125/1061 818/1132/1059 822/1126/1062 821/1115/1064
f 747/1572/969 746/1574/1010 822/1578/1062 823/1576/988
f 746/1116/1010 745/1107/1012 821/1115/1064 822/1126/1062
f 745/1107/1012 744/1103/928 820/1113/966 821/1115/1063
f 826/1629/1065 827/1626/989 903/1632/1009 902/1633/1066
f 824/1106/931 825/1111/1067 901/1120/1068 900/1114/967
f 825/1111/1067 826/1121/1065 902/1127/1066 901/1120/1069
f 827/1626/989 826/1629/1065 830/1630/1070 831/1627/990
f 826/1121/1065 825/1111/1067 829/1112/1071 830/1122/1070
f 825/1111/1067 824/1106/931 828/1105/930 829/1112/1071
f 831/1627/990 830/1630/1070 834/1634/1072 835/1631/992
f 830/1630/1070 829/1638/1071 833/1639/1073 834/1634/1072
f 829/1112/1071 828/1105/930 832/1110/933 833/1119/1074
f 835/1631/992 834/1634/1072 838/1640/1075 839/1635/993
f 834/1634/1072 833/1639/1073 837/1644/1076 838/1640/1075
f 833/2193/1074 832/2188/933 836/2187/935 837/2194/1077
f 839/1635/993 838/1640/1075 842/1645/1078 843/1641/994
f 838/1640/1075 837/1644/1076 841/1649/1079 842/1645/1078
f 837/2194/1077 836/2187/935 840/2192/937 841/2198/1080
f 843/1641/994 842/1645/1078 846/1650/1081 847/1646/995
f 842/1645/1078 841/1649/1079 845/1656/1082 846/1650/1081
f 841/2198/1080 840/2192/937 844/2197/939 845/2202/1083
f 847/1646/995 846/1650/1081 850/1657/1084 851/1651/996
f 846/1650/1081 845/1656/1082 849/1662/1085 850/1657/1084
f 845/2202/1083 844/2197/939 848/2201/941 849/2204/1086
f 851/1651/996 850/1657/1084 854/1663/1087 855/1658/997
f 850/1657/1084 849/1662/1085 853/1668/1088 854/1663/1087
f 849/1160/1086 848/1152/941 852/1144/943 853/1149/1089
f 855/1658/997 854/1663/1087 858/1669/1090 859/1664/998
f 854/1161/1087 853/1149/1088 857/1150/1091 858/1162/1090
f 853/1149/1089 852/1144/943 856/1143/945 857/1150/1092
f 859/1664/998 858/1669/1090 862/1674/1093 863/1670/999
f 858/1162/1090 857/1150/1091 861/1159/1094 862/1168/1093
f 857/1150/1092 856/1143/945 860/1148/947 861/1159/1095
f 863/1670/999 862/1674/1093 866/1679/1096 867/1675/1000
f 862/1168/1093 861/1159/1094 865/1167/1097 866/1174/1096
f 861/1159/1095 860/1148/947 864/1158/949 865/1167/1098
f 867/1675/1000 866/1679/1096 870/1677/1099 871/1676/1001
f 866/1174/1096 865/1167/1097 869/1173/1100 870/1178/1099
f 865/1167/1098 864/1158/949 868/1166/951 869/1173/1101
f 871/1676/1001 870/1677/1099 874/1672/1102 875/1671/1002
f 870/1677/1099 869/1680/1100 873/1678/1103 874/1672/1102
f 869/1173/1101 868/1166/951 872/1172/953 873/1177/1104
f 875/1671/1002 874/1672/1102 878/1666/1105 879/1665/1003
f 874/1672/1102 873/1678/1103 877/1673/1106 878/1666/1105
f 873/2213/1104 872/2208/953 876/2207/955 877/2214/1106
f 879/1665/1003 878/1666/1105 882/1660/1107 883/1659/1004
f 878/1666/1105 877/1673/1106 881/1667/1108 882/1660/1107
f 877/2214/1106 876/2207/955 880/2212/957 881/2218/1108
f 883/1659/1004 882/1660/1107 886/1653/1109 887/1652/1005
f 882/1660/1107 881/1667/1108 885/1661/1110 886/1653/1109
f 881/2218/1108 880/2212/957 884/2217/959 885/2222/1110
f 887/1652/1005 886/1653/1109 890/1648/1111 891/1647/1006
f 886/1653/1109 885/1661/1110 889/1654/1112 890/1648/1111
f 885/2222/1110 884/2217/959 888/2221/961 889/2224/1113
f 891/1647/1006 890/1648/1111 894/1643/1114 895/1642/1007
f 890/1648/1111 889/1654/1112 893/1655/1115 894/1643/1114
f 889/1140/1113 888/1136/961 892/1130/963 893/1134/1116
f 895/1642/1007 894/1643/1114 898/1637/1117 899/1636/1008
f 894/1139/1114 893/1134/1115 897/1128/1118 898/1133/1117
f 893/1134/1116 892/1130/963 896/1124/965 897/1128/1119
f 899/1636/1008 898/1637/1117 902/1633/1066 903/1632/1009
f 898/1133/1117 897/1128/1118 901/1120/1069 902/1127/1066
f 897/1128/1119 896/1124/965 900/1114/967 901/1120/1068
s 4
f 904/1681/1120 905/1682/1121 925/1683/1122
f 905/1682/1121 906/1684/1123 925/1683/1122
f 906/1684/1123 907/1686/1124 925/1683/1122
f 907/1686/1124 908/1688/1125 925/1683/1122
f 908/1688/1125 909/1690/1126 925/1683/1122
f 909/1690/1126 910/1692/1127 925/1683/1122
f 910/1692/1127 911/1694/1128 925/1683/1122
f 911/1694/1128 912/1696/1129 925/1683/1122
f 912/1696/1129 913/1698/1130 925/1683/1122
f 913/1698/1130 914/1700/1131 925/1683/1122
f 914/1700/1131 915/1701/1132 925/1683/1122
f 915/1701/1132 916/1699/1133 925/1683/1122
f 916/1699/1133 917/1697/1134 925/1683/1122
f 917/1697/1134 918/1695/1135 925/1683/1122
f 918/1695/1135 919/1693/1136 925/1683/1122
f 919/1693/1136 920/1691/1137 925/1683/1122
f 920/1691/1137 921/1689/1138 925/1683/1122
f 921/1689/1138 922/1687/1139 925/1683/1122
f 922/1687/1139 923/1685/1140 925/1683/1122
f 923/1685/1140 904/1681/1120 925/1683/1122
s 5
f 926/1702/1141 927/1703/1142 947/1704/1143
f 927/1703/1142 928/1705/1144 947/1704/1143
f 928/1705/1144 929/1707/1145 947/1704/1143
f 929/1707/1145 930/1709/1146 947/1704/1143
f 930/1709/1146 931/1711/1147 947/1704/1143
f 931/1711/1147 932/1713/1148 947/1704/1143
f 932/1713/1148 933/1715/1149 947/1704/1143
f 933/1715/1149 934/1717/1150 947/1704/1143
f 934/1717/1150 935/1719/1151 947/1704/1143
f 935/1719/1151 936/1721/1152 947/1704/1143
f 936/1721/1152 937/1722/1153 947/1704/1143
f 937/1722/1153 938/1720/1154 947/1704/1143
f 938/1720/1154 939/1718/1155 947/1704/1143
f 939/1718/1155 940/1716/1156 947/1704/1143
f 940/1716/1156 941/1714/1157 947/1704/1143
f 941/1714/1157 942/1712/1158 947/1704/1143
f 942/1712/1158 943/1710/1159 947/1704/1143
f 943/1710/1159 944/1708/1160 947/1704/1143
f 944/1708/1160 945/1706/1161 947/1704/1143
f 945/1706/1161 926/1702/1141 947/1704/1143
s 6
f 948/1723/1162 949/1724/1163 969/1725/1164
f 949/1724/1163 950/1726/1165 969/1725/1164
f 950/1726/1165 951/1728/1166 969/1725/1164
f 951/1728/1166 952/1730/1167 969/1725/1164
f 952/1730/1167 953/1732/1168 969/1725/1164
f 953/1732/1168 954/1734/1169 969/1725/1164
f 954/1734/1169 955/1736/1170 969/1725/1164
f 955/1736/1170 956/1738/1171 969/1725/1164
f 956/1738/1171 957/1740/1172 969/1725/1164
f 957/1740/1172 958/1742/1173 969/1725/1164
f 958/1742/1173 959/1743/1174 969/1725/1164
f 959/1743/1174 960/1741/1175 969/1725/1164
f 960/1741/1175 961/1739/1176 969/1725/1164
f 961/1739/1176 962/1737/1177 969/1725/1164
f 962/1737/1177 963/1735/1178 969/1725/1164
f 963/1735/1178 964/1733/1179 969/1725/1164
f 964/1733/1179 965/1731/1180 969/1725/1164
f 965/1731/1180 966/1729/1181 969/1725/1164
f 966/1729/1181 967/1727/1182 969/1725/1164
f 967/1727/1182 948/1723/1162 969/1725/1164
s 7
f 970/1744/1183 971/1745/1184 991/1746/1185
f 971/1745/1184 972/1747/1186 991/1746/1185
f 972/1747/1186 973/1749/1187 991/1746/1185
f 973/1749/1187 974/1751/1188 991/1746/1185
f 974/1751/1188 975/1753/1189 991/1746/1185
f 975/1753/1189 976/1755/1190 991/1746/1185
f 976/1755/1190 977/1757/1191 991/1746/1185
f 977/1757/1191 978/1759/1192 991/1746/1185
f 978/1759/1192 979/1761/1193 991/1746/1185
f 979/1761/1193 980/1763/1194 991/1746/1185
f 980/1763/1194 981/1764/1195 991/1746/1185
f 981/1764/1195 982/1762/1196 991/1746/1185
f 982/1762/1196 983/1760/1197 991/1746/1185
f 983/1760/1197 984/1758/1198 991/1746/1185
f 984/1758/1198 985/1756/1199 991/1746/1185
f 985/1756/1199 986/1754/1200 991/1746/1185
f 986/1754/1200 987/1752/1201 991/1746/1185
f 987/1752/1201 988/1750/1202 991/1746/1185
f 988/1750/1202 989/1748/1203 991/1746/1185
f 989/1748/1203 970/1744/1183 991/1746/1185
s 8
f 992/1179/1204 1001/1180/1205 905/1181/1206 904/1182/1207
f 1001/1180/1205 1010/1185/1208 906/1186/1209 905/1181/1206
f 1010/2225/1208 1019/2226/1210 907/2227/1211 906/2228/1209
f 1019/2226/1210 1028/2231/1212 908/2232/1213 907/2227/1211
f 1028/2231/1212 1037/2236/1214 909/2237/1215 908/2232/1213
f 1037/2236/1214 1046/2242/1216 910/2243/1217 909/2237/1215
f 1046/1239/1216 1055/1231/1218 911/1234/1219 910/1240/1217
f 1055/1231/1218 1064/1232/1220 912/1233/1221 911/1234/1219
f 1064/1232/1220 1073/1237/1222 913/1238/1223 912/1233/1221
f 1073/1237/1222 1082/1245/1224 914/1246/1225 913/1238/1223
f 1082/1245/1224 1091/1252/1226 915/1253/1227 914/1246/1225
f 1091/1252/1226 1100/1260/1228 916/1261/1229 915/1253/1227
f 1100/2247/1228 1109/2248/1230 917/2249/1231 916/2250/1229
f 1109/2248/1230 1118/2253/1232 918/2254/1233 917/2249/1231
f 1118/2253/1232 1127/2258/1234 919/2259/1235 918/2254/1233
f 1127/2258/1234 1136/2264/1236 920/2265/1237 919/2259/1235
f 1136/1208/1236 1145/1200/1238 921/1201/1239 920/1209/1237
f 1145/1200/1238 1154/1193/1240 922/1194/1241 921/1201/1239
f 1154/1193/1240 1163/1187/1242 923/1188/1243 922/1194/1241
f 1163/1187/1242 992/1179/1204 904/1182/1207 923/1188/1243
f 1009/1765/1244 1000/1766/1245 924/1767/1246
f 1018/1771/1247 1009/1765/1244 924/1767/1246
f 1027/1777/1248 1018/1771/1247 924/1767/1246
f 1036/1785/1249 1027/1777/1248 924/1767/1246
f 1045/1792/1250 1036/1785/1249 924/1767/1246
f 1054/1799/1251 1045/1792/1250 924/1767/1246
f 1063/1810/1252 1054/1799/1251 924/1767/1246
f 1072/1821/1253 1063/1810/1252 924/1767/1246
f 1081/1831/1254 1072/1821/1253 924/1767/1246
f 1090/1845/1255 1081/1831/1254 924/1767/1246
f 1099/1844/1256 1090/1845/1255 924/1767/1246
f 1108/1830/1257 1099/1844/1256 924/1767/1246
f 1117/1820/1258 1108/1830/1257 924/1767/1246
f 1126/1809/1259 1117/1820/1258 924/1767/1246
f 1135/1798/1260 1126/1809/1259 924/1767/1246
f 1144/1791/1261 1135/1798/1260 924/1767/1246
f 1153/1784/1262 1144/1791/1261 924/1767/1246
f 1162/1776/1263 1153/1784/1262 924/1767/1246
f 1171/1770/1264 1162/1776/1263 924/1767/1246
f 1000/1766/1245 1171/1770/1264 924/1767/1246
s 10
f 1172/1277/1265 1181/1278/1266 927/1279/1267 926/1280/1268
f 1181/1278/1266 1190/1283/1269 928/1284/1270 927/1279/1267
f 1190/2275/1269 1199/2276/1271 929/2277/1272 928/2278/1270
f 1199/2276/1271 1208/2281/1273 930/2282/1274 929/2277/1272
f 1208/2281/1273 1217/2286/1275 931/2287/1276 930/2282/1274
f 1217/2286/1275 1226/2292/1277 932/2293/1278 931/2287/1276
f 1226/1337/1277 1235/1329/1279 933/1332/1280 932/1338/1278
f 1235/1329/1279 1244/1330/1281 934/1331/1282 933/1332/1280
f 1244/1330/1281 1253/1335/1283 935/1336/1284 934/1331/1282
f 1253/1335/1283 1262/1343/1285 936/1344/1286 935/1336/1284
f 1262/1343/1285 1271/1350/1287 937/1351/1288 936/1344/1286
f 1271/1350/1287 1280/1358/1289 938/1359/1290 937/1351/1288
f 1280/2303/1289 1289/2304/1291 939/2305/1292 938/2306/1290
f 1289/2304/1291 1298/2309/1293 940/2310/1294 939/2305/1292
f 1298/2309/1293 1307/2314/1295 941/2315/1296 940/2310/1294
f 1307/2314/1295 1316/2318/1297 942/2319/1298 941/2315/1296
f 1316/1306/1297 1325/1298/1299 943/1299/1300 942/1307/1298
f 1325/1298/1299 1334/1291/1301 944/1292/1302 943/1299/1300
f 1334/1291/1301 1343/1285/1303 945/1286/1304 944/1292/1302
f 1343/1285/1303 1172/1277/1265 926/1280/1268 945/1286/1304
f 1189/1870/1305 1180/1871/1306 946/1872/1307
f 1198/1876/1308 1189/1870/1305 946/1872/1307
f 1207/1882/1309 1198/1876/1308 946/1872/1307
f 1216/1890/1310 1207/1882/1309 946/1872/1307
f 1225/1897/1311 1216/1890/1310 946/1872/1307
f 1234/1904/1312 1225/1897/1311 946/1872/1307
f 1243/1915/1313 1234/1904/1312 946/1872/1307
f 1252/1924/1314 1243/1915/1313 946/1872/1307
f 1261/1933/1315 1252/1924/1314 946/1872/1307
f 1270/1946/1316 1261/1933/1315 946/1872/1307
f 1279/1945/1317 1270/1946/1316 946/1872/1307
f 1288/1932/1318 1279/1945/1317 946/1872/1307
f 1297/1923/1319 1288/1932/1318 946/1872/1307
f 1306/1914/1320 1297/1923/1319 946/1872/1307
f 1315/1903/1321 1306/1914/1320 946/1872/1307
f 1324/1896/1322 1315/1903/1321 946/1872/1307
f 1333/1889/1323 1324/1896/1322 946/1872/1307
f 1342/1881/1324 1333/1889/1323 946/1872/1307
f 1351/1875/1325 1342/1881/1324 946/1872/1307
f 1180/1871/1306 1351/1875/1325 946/1872/1307
s 12
f 1352/1375/1326 1361/1376/1327 949/1377/1328 948/1378/1329
f 1361/1376/1327 1370/1381/1330 950/1382/1331 949/1377/1328
f 1370/2325/1330 1379/2326/1332 951/2327/1333 950/2328/1331
f 1379/2326/1332 1388/2331/1334 952/2332/1335 951/2327/1333
f 1388/2331/1334 1397/2336/1336 953/2337/1337 952/2332/1335
f 1397/2336/1336 1406/2342/1338 954/2343/1339 953/2337/1337
f 1406/1429/1338 1415/1421/1340 955/1424/1341 954/1430/1339
f 1415/1421/1340 1424/1422/1342 956/1423/1343 955/1424/1341
f 1424/1422/1342 1433/1427/1344 957/1428/1345 956/1423/1343
f 1433/1427/1344 1442/1435/1346 958/1436/1347 957/1428/1345
f 1442/1435/1346 1451/1442/1348 959/1443/1349 958/1436/1347
f 1451/1442/1348 1460/1450/1350 960/1451/1351 959/1443/1349
f 1460/2353/1350 1469/2354/1352 961/2355/1353 960/2356/1351
f 1469/2354/1352 1478/2359/1354 962/2360/1355 961/2355/1353
f 1478/2359/1354 1487/2364/1356 963/2365/1357 962/2360/1355
f 1487/2364/1356 1496/2370/1358 964/2371/1359 963/2365/1357
f 1496/1404/1358 1505/1396/1360 965/1397/1361 964/1405/1359
f 1505/1396/1360 1514/1389/1362 966/1390/1363 965/1397/1361
f 1514/1389/1362 1523/1383/1364 967/1384/1365 966/1390/1363
f 1523/1383/1364 1352/1375/1326 948/1378/1329 967/1384/1365
f 1369/1975/1366 1360/1976/1367 968/1977/1368
f 1378/1981/1369 1369/1975/1366 968/1977/1368
f 1387/1987/1370 1378/1981/1369 968/1977/1368
f 1396/1995/1371 1387/1987/1370 968/1977/1368
f 1405/2003/1372 1396/1995/1371 968/1977/1368
f 1414/2013/1373 1405/2003/1372 968/1977/1368
f 1423/2022/1374 1414/2013/1373 968/1977/1368
f 1432/2033/1375 1423/2022/1374 968/1977/1368
f 1441/2045/1376 1432/2033/1375 968/1977/1368
f 1450/2057/1377 1441/2045/1376 968/1977/1368
f 1459/2056/1378 1450/2057/1377 968/1977/1368
f 1468/2044/1379 1459/2056/1378 968/1977/1368
f 1477/2032/1380 1468/2044/1379 968/1977/1368
f 1486/2021/1381 1477/2032/1380 968/1977/1368
f 1495/2012/1382 1486/2021/1381 968/1977/1368
f 1504/2002/1383 1495/2012/1382 968/1977/1368
f 1513/1994/1384 1504/2002/1383 968/1977/1368
f 1522/1986/1385 1513/1994/1384 968/1977/1368
f 1531/1980/1386 1522/1986/1385 968/1977/1368
f 1360/1976/1367 1531/1980/1386 968/1977/1368
s 14
f 1532/1473/1387 1541/1474/1388 971/1475/1389 970/1476/1390
f 1541/1474/1388 1550/1479/1391 972/1480/1392 971/1475/1389
f 1550/2375/1391 1559/2376/1393 973/2377/1394 972/2378/1392
f 1559/2376/1393 1568/2381/1395 974/2382/1396 973/2377/1394
f 1568/2381/1395 1577/2386/1397 975/2387/1398 974/2382/1396
f 1577/2386/1397 1586/2390/1399 976/2391/1400 975/2387/1398
f 1586/1527/1399 1595/1519/1401 977/1522/1402 976/1528/1400
f 1595/1519/1401 1604/1520/1403 978/1521/1404 977/1522/1402
f 1604/1520/1403 1613/1525/1405 979/1526/1406 978/1521/1404
f 1613/1525/1405 1622/1533/1407 980/1534/1408 979/1526/1406
f 1622/1533/1407 1631/1540/1409 981/1541/1410 980/1534/1408
f 1631/1540/1409 1640/1548/1411 982/1549/1412 981/1541/1410
f 1640/2397/1411 1649/2398/1413 983/2399/1414 982/2400/1412
f 1649/2398/1413 1658/2403/1415 984/2404/1416 983/2399/1414
f 1658/2403/1415 1667/2408/1417 985/2409/1418 984/2404/1416
f 1667/2408/1417 1676/2414/1419 986/2415/1420 985/2409/1418
f 1676/1502/1419 1685/1494/1421 987/1495/1422 986/1503/1420
f 1685/1494/1421 1694/1487/1423 988/1488/1424 987/1495/1422
f 1694/1487/1423 1703/1481/1425 989/1482/1426 988/1488/1424
f 1703/1481/1425 1532/1473/1387 970/1476/1390 989/1482/1426
f 1549/2080/1427 1540/2081/1428 990/2082/1429
f 1558/2086/1430 1549/2080/1427 990/2082/1429
f 1567/2092/1431 1558/2086/1430 990/2082/1429
f 1576/2100/1432 1567/2092/1431 990/2082/1429
f 1585/2108/1433 1576/2100/1432 990/2082/1429
f 1594/2118/1434 1585/2108/1433 990/2082/1429
f 1603/2129/1435 1594/2118/1434 990/2082/1429
f 1612/2139/1436 1603/2129/1435 990/2082/1429
f 1621/2153/1437 1612/2139/1436 990/2082/1429
f 1630/2165/1438 1621/2153/1437 990/2082/1429
f 1639/2164/1439 1630/2165/1438 990/2082/1429
f 1648/2152/1440 1639/2164/1439 990/2082/1429
f 1657/2138/1441 1648/2152/1440 990/2082/1429
f 1666/2128/1442 1657/2138/1441 990/2082/1429
f 1675/2117/1443 1666/2128/1442 990/2082/1429
f 1684/2107/1444 1675/2117/1443 990/2082/1429
f 1693/2099/1445 1684/2107/1444 990/2082/1429
f 1702/2091/1446 1693/2099/1445 990/2082/1429
f 1711/2085/1447 1702/2091/1446 990/2082/1429
f 1540/2081/1428 1711/2085/1447 990/2082/1429
s 8
f 999/1768/1448 1000/1766/1245 1009/1765/1244 1008/1769/1449
f 998/1774/1450 999/1768/1448 1008/1769/1449 1007/1775/1451
f 997/1782/1452 998/1774/1450 1007/1775/1451 1006/1783/1453
f 996/1205/1454 997/1214/1452 1006/1215/1453 1005/1206/1455
f 995/1197/1456 996/1205/1454 1005/1206/1455 1004/1198/1457
f 994/1190/1458 995/1197/1456 1004/1198/1457 1003/1191/1459
f 992/1179/1204 993/1183/1460 1002/1184/1461 1001/1180/1205
f 993/1183/1460 994/1190/1458 1003/1191/1459 1002/1184/1461
f 1008/1769/1449 1009/1765/1244 1018/1771/1247 1017/1773/1462
f 1007/1775/1451 1008/1769/1449 1017/1773/1462 1016/1781/1463
f 1006/1783/1453 1007/1775/1451 1016/1781/1463 1015/1790/1464
f 1005/1206/1455 1006/1215/1453 1015/1221/1464 1014/1216/1465
f 1004/1198/1457 1005/1206/1455 1014/1216/1465 1013/1207/1466
f 1003/1191/1459 1004/1198/1457 1013/1207/1466 1012/1199/1467
f 1001/1180/1205 1002/1184/1461 1011/1192/1468 1010/1185/1208
f 1002/1184/1461 1003/1191/1459 1012/1199/1467 1011/1192/1468
f 1017/1773/1462 1018/1771/1247 1027/1777/1248 1026/1780/1469
f 1016/1781/1463 1017/1773/1462 1026/1780/1469 1025/1789/1470
f 1015/1790/1464 1016/1781/1463 1025/1789/1470 1024/1797/1471
f 1014/1807/1465 1015/1790/1464 1024/1797/1471 1023/1808/1472
f 1013/1818/1466 1014/1807/1465 1023/1808/1472 1022/1819/1473
f 1012/2233/1467 1013/2238/1466 1022/2239/1473 1021/2234/1474
f 1010/2225/1208 1011/2229/1468 1020/2230/1475 1019/2226/1210
f 1011/2229/1468 1012/2233/1467 1021/2234/1474 1020/2230/1475
f 1026/1780/1469 1027/1777/1248 1036/1785/1249 1035/1788/1476
f 1025/1789/1470 1026/1780/1469 1035/1788/1476 1034/1796/1477
f 1024/1797/1471 1025/1789/1470 1034/1796/1477 1033/1806/1478
f 1023/1808/1472 1024/1797/1471 1033/1806/1478 1032/1817/1479
f 1022/1819/1473 1023/1808/1472 1032/1817/1479 1031/1829/1480
f 1021/1842/1474 1022/1819/1473 1031/1829/1480 1030/1843/1481
f 1019/2226/1210 1020/2230/1475 1029/2235/1482 1028/2231/1212
f 1020/2230/1475 1021/2234/1474 1030/2240/1481 1029/2235/1482
f 1035/1788/1476 1036/1785/1249 1045/1792/1250 1044/1795/1483
f 1034/1796/1477 1035/1788/1476 1044/1795/1483 1043/1805/1484
f 1033/1806/1478 1034/1796/1477 1043/1805/1484 1042/1816/1485
f 1032/1817/1479 1033/1806/1478 1042/1816/1485 1041/1828/1486
f 1031/1829/1480 1032/1817/1479 1041/1828/1486 1040/1841/1487
f 1030/1843/1481 1031/1829/1480 1040/1841/1487 1039/1855/1488
f 1028/2231/1212 1029/2235/1482 1038/2241/1489 1037/2236/1214
f 1029/2235/1482 1030/2240/1481 1039/2244/1488 1038/2241/1489
f 1044/1795/1483 1045/1792/1250 1054/1799/1251 1053/1804/1490
f 1043/1805/1484 1044/1795/1483 1053/1804/1490 1052/1815/1491
f 1042/1816/1485 1043/1805/1484 1052/1815/1491 1051/1827/1492
f 1041/1828/1486 1042/1816/1485 1051/1827/1492 1050/1840/1493
f 1040/1841/1487 1041/1828/1486 1050/1840/1493 1049/1854/1494
f 1039/1855/1488 1040/1841/1487 1049/1854/1494 1048/1862/1495
f 1037/2236/1214 1038/2241/1489 1047/2245/1496 1046/2242/1216
f 1038/2241/1489 1039/2244/1488 1048/2246/1495 1047/2245/1496
f 1053/1804/1490 1054/1799/1251 1063/1810/1252 1062/1814/1497
f 1052/1815/1491 1053/1804/1490 1062/1814/1497 1061/1826/1498
f 1051/1827/1492 1052/1815/1491 1061/1826/1498 1060/1839/1499
f 1050/1840/1493 1051/1827/1492 1060/1839/1499 1059/1853/1500
f 1049/1854/1494 1050/1840/1493 1059/1853/1500 1058/1861/1501
f 1048/1247/1495 1049/1254/1494 1058/1248/1501 1057/1242/1502
f 1046/1239/1216 1047/1241/1496 1056/1235/1503 1055/1231/1218
f 1047/1241/1496 1048/1247/1495 1057/1242/1502 1056/1235/1503
f 1062/1814/1497 1063/1810/1252 1072/1821/1253 1071/1825/1504
f 1061/1826/1498 1062/1814/1497 1071/1825/1504 1070/1838/1505
f 1060/1839/1499 1061/1826/1498 1070/1838/1505 1069/1852/1506
f 1059/1255/1500 1060/1262/1499 1069/1263/1506 1068/1256/1507
f 1058/1248/1501 1059/1255/1500 1068/1256/1507 1067/1249/1508
f 1057/1242/1502 1058/1248/1501 1067/1249/1508 1066/1243/1509
f 1055/1231/1218 1056/1235/1503 1065/1236/1510 1064/1232/1220
f 1056/1235/1503 1057/1242/1502 1066/1243/1509 1065/1236/1510
f 1071/1825/1504 1072/1821/1253 1081/1831/1254 1080/1837/1511
f 1070/1838/1505 1071/1825/1504 1080/1837/1511 1079/1851/1512
f 1069/1852/1506 1070/1838/1505 1079/1851/1512 1078/1860/1513
f 1068/1256/1507 1069/1263/1506 1078/1268/1513 1077/1264/1514
f 1067/1249/1508 1068/1256/1507 1077/1264/1514 1076/1257/1515
f 1066/1243/1509 1067/1249/1508 1076/1257/1515 1075/1250/1516
f 1064/1232/1220 1065/1236/1510 1074/1244/1517 1073/1237/1222
f 1065/1236/1510 1066/1243/1509 1075/1250/1516 1074/1244/1517
f 1080/1837/1511 1081/1831/1254 1090/1845/1255 1089/1850/1518
f 1079/1851/1512 1080/1837/1511 1089/1850/1518 1088/1859/1519
f 1078/1860/1513 1079/1851/1512 1088/1859/1519 1087/1867/1520
f 1077/1264/1514 1078/1268/1513 1087/1272/1520 1086/1269/1521
f 1076/1257/1515 1077/1264/1514 1086/1269/1521 1085/1265/1522
f 1075/1250/1516 1076/1257/1515 1085/1265/1522 1084/1258/1523
f 1073/1237/1222 1074/1244/1517 1083/1251/1524 1082/1245/1224
f 1074/1244/1517 1075/1250/1516 1084/1258/1523 1083/1251/1524
f 1089/1850/1518 1090/1845/1255 1099/1844/1256 1098/1849/1525
f 1088/1859/1519 1089/1850/1518 1098/1849/1525 1097/1856/1526
f 1087/1867/1520 1088/1859/1519 1097/1856/1526 1096/1863/1527
f 1086/1269/1521 1087/1272/1520 1096/1275/1527 1095/1273/1528
f 1085/1265/1522 1086/1269/1521 1095/1273/1528 1094/1270/1529
f 1084/1258/1523 1085/1265/1522 1094/1270/1529 1093/1266/1530
f 1082/1245/1224 1083/1251/1524 1092/1259/1531 1091/1252/1226
f 1083/1251/1524 1084/1258/1523 1093/1266/1530 1092/1259/1531
f 1098/1849/1525 1099/1844/1256 1108/1830/1257 1107/1836/1532
f 1097/1856/1526 1098/1849/1525 1107/1836/1532 1106/1846/1533
f 1096/1863/1527 1097/1856/1526 1106/1846/1533 1105/1857/1534
f 1095/1868/1528 1096/1863/1527 1105/1857/1534 1104/1864/1535
f 1094/1270/1529 1095/1273/1528 1104/1276/1535 1103/1274/1536
f 1093/1266/1530 1094/1270/1529 1103/1274/1536 1102/1271/1537
f 1091/1252/1226 1092/1259/1531 1101/1267/1538 1100/1260/1228
f 1092/1259/1531 1093/1266/1530 1102/1271/1537 1101/1267/1538
f 1107/1836/1532 1108/1830/1257 1117/1820/1258 1116/1824/1539
f 1106/1846/1533 1107/1836/1532 1116/1824/1539 1115/1832/1540
f 1105/1857/1534 1106/1846/1533 1115/1832/1540 1114/1847/1541
f 1104/1864/1535 1105/1857/1534 1114/1847/1541 1113/1858/1542
f 1103/1869/1536 1104/1864/1535 1113/1858/1542 1112/1865/1543
f 1102/2255/1537 1103/2260/1536 1112/2261/1543 1111/2256/1544
f 1100/2247/1228 1101/2251/1538 1110/2252/1545 1109/2248/1230
f 1101/2251/1538 1102/2255/1537 1111/2256/1544 1110/2252/1545
f 1116/1824/1539 1117/1820/1258 1126/1809/1259 1125/1813/1546
f 1115/1832/1540 1116/1824/1539 1125/1813/1546 1124/1822/1547
f 1114/1847/1541 1115/1832/1540 1124/1822/1547 1123/1833/1548
f 1113/1858/1542 1114/1847/1541 1123/1833/1548 1122/1848/1549
f 1112/1865/1543 1113/1858/1542 1122/1848/1549 1121/1866/1550
f 1111/2256/1544 1112/2261/1543 1121/2266/1550 1120/2262/1551
f 1109/2248/1230 1110/2252/1545 1119/2257/1552 1118/2253/1232
f 1110/2252/1545 1111/2256/1544 1120/2262/1551 1119/2257/1552
f 1125/1813/1546 1126/1809/1259 1135/1798/1260 1134/1803/1553
f 1124/1822/1547 1125/1813/1546 1134/1803/1553 1133/1811/1554
f 1123/1833/1548 1124/1822/1547 1133/1811/1554 1132/1823/1555
f 1122/1848/1549 1123/1833/1548 1132/1823/1555 1131/1834/1556
f 1121/2266/1550 1122/2271/1549 1131/2272/1556 1130/2269/1557
f 1120/2262/1551 1121/2266/1550 1130/2269/1557 1129/2267/1558
f 1118/2253/1232 1119/2257/1552 1128/2263/1559 1127/2258/1234
f 1119/2257/1552 1120/2262/1551 1129/2267/1558 1128/2263/1559
f 1134/1803/1553 1135/1798/1260 1144/1791/1261 1143/1794/1560
f 1133/1811/1554 1134/1803/1553 1143/1794/1560 1142/1800/1561
f 1132/1823/1555 1133/1811/1554 1142/1800/1561 1141/1812/1562
f 1131/1834/1556 1132/1823/1555 1141/1812/1562 1140/1835/1563
f 1130/2269/1557 1131/2272/1556 1140/2274/1563 1139/2273/1564
f 1129/2267/1558 1130/2269/1557 1139/2273/1564 1138/2270/1565
f 1127/2258/1234 1128/2263/1559 1137/2268/1566 1136/2264/1236
f 1128/2263/1559 1129/2267/1558 1138/2270/1565 1137/2268/1566
f 1143/1794/1560 1144/1791/1261 1153/1784/1262 1152/1787/1567
f 1142/1800/1561 1143/1794/1560 1152/1787/1567 1151/1793/1568
f 1141/1812/1562 1142/1800/1561 1151/1793/1568 1150/1801/1569
f 1140/1227/1563 1141/1230/1562 1150/1228/1569 1149/1223/1570
f 1139/1222/1564 1140/1227/1563 1149/1223/1570 1148/1218/1571
f 1138/1217/1565 1139/1222/1564 1148/1218/1571 1147/1211/1572
f 1136/1208/1236 1137/1210/1566 1146/1202/1573 1145/1200/1238
f 1137/1210/1566 1138/1217/1565 1147/1211/1572 1146/1202/1573
f 1152/1787/1567 1153/1784/1262 1162/1776/1263 1161/1779/1574
f 1151/1793/1568 1152/1787/1567 1161/1779/1574 1160/1786/1575
f 1150/1801/1569 1151/1793/1568 1160/1786/1575 1159/1802/1576
f 1149/1223/1570 1150/1228/1569 1159/1224/1576 1158/1219/1577
f 1148/1218/1571 1149/1223/1570 1158/1219/1577 1157/1212/1578
f 1147/1211/1572 1148/1218/1571 1157/1212/1578 1156/1203/1579
f 1145/1200/1238 1146/1202/1573 1155/1195/1580 1154/1193/1240
f 1146/1202/1573 1147/1211/1572 1156/1203/1579 1155/1195/1580
f 1161/1779/1574 1162/1776/1263 1171/1770/1264 1170/1772/1581
f 1160/1786/1575 1161/1779/1574 1170/1772/1581 1169/1778/1582
f 1159/1224/1576 1160/1229/1575 1169/1226/1582 1168/1220/1583
f 1158/1219/1577 1159/1224/1576 1168/1220/1583 1167/1213/1584
f 1157/1212/1578 1158/1219/1577 1167/1213/1584 1166/1204/1585
f 1156/1203/1579 1157/1212/1578 1166/1204/1585 1165/1196/1586
f 1154/1193/1240 1155/1195/1580 1164/1189/1587 1163/1187/1242
f 1155/1195/1580 1156/1203/1579 1165/1196/1586 1164/1189/1587
f 1000/1766/1245 999/1768/1448 1170/1772/1581 1171/1770/1264
f 999/1768/1448 998/1774/1450 1169/1778/1582 1170/1772/1581
f 998/1225/1450 997/1214/1452 1168/1220/1583 1169/1226/1582
f 997/1214/1452 996/1205/1454 1167/1213/1584 1168/1220/1583
f 996/1205/1454 995/1197/1456 1166/1204/1585 1167/1213/1584
f 995/1197/1456 994/1190/1458 1165/1196/1586 1166/1204/1585
f 994/1190/1458 993/1183/1460 1164/1189/1587 1165/1196/1586
f 993/1183/1460 992/1179/1204 1163/1187/1242 1164/1189/1587
s 10
f 1179/1873/1588 1180/1871/1306 1189/1870/1305 1188/1874/1589
f 1178/1879/1590 1179/1873/1588 1188/1874/1589 1187/1880/1591
f 1177/1887/1592 1178/1879/1590 1187/1880/1591 1186/1888/1593
f 1176/1303/1594 1177/1312/1592 1186/1313/1593 1185/1304/1595
f 1175/1295/1596 1176/1303/1594 1185/1304/1595 1184/1296/1597
f 1174/1288/1598 1175/1295/1596 1184/1296/1597 1183/1289/1599
f 1172/1277/1265 1173/1281/1600 1182/1282/1601 1181/1278/1266
f 1173/1281/1600 1174/1288/1598 1183/1289/1599 1182/1282/1601
f 1188/1874/1589 1189/1870/1305 1198/1876/1308 1197/1878/1602
f 1187/1880/1591 1188/1874/1589 1197/1878/1602 1196/1886/1603
f 1186/1888/1593 1187/1880/1591 1196/1886/1603 1195/1895/1604
f 1185/1304/1595 1186/1313/1593 1195/1319/1604 1194/1314/1605
f 1184/1296/1597 1185/1304/1595 1194/1314/1605 1193/1305/1606
f 1183/1289/1599 1184/1296/1597 1193/1305/1606 1192/1297/1607
f 1181/1278/1266 1182/1282/1601 1191/1290/1608 1190/1283/1269
f 1182/1282/1601 1183/1289/1599 1192/1297/1607 1191/1290/1608
f 1197/1878/1602 1198/1876/1308 1207/1882/1309 1206/1885/1609
f 1196/1886/1603 1197/1878/1602 1206/1885/1609 1205/1894/1610
f 1195/1895/1604 1196/1886/1603 1205/1894/1610 1204/1902/1611
f 1194/1912/1605 1195/1895/1604 1204/1902/1611 1203/1913/1612
f 1193/2288/1606 1194/2294/1605 1203/2295/1612 1202/2289/1613
f 1192/2283/1607 1193/2288/1606 1202/2289/1613 1201/2284/1614
f 1190/2275/1269 1191/2279/1608 1200/2280/1615 1199/2276/1271
f 1191/2279/1608 1192/2283/1607 1201/2284/1614 1200/2280/1615
f 1206/1885/1609 1207/1882/1309 1216/1890/1310 1215/1893/1616
f 1205/1894/1610 1206/1885/1609 1215/1893/1616 1214/1901/1617
f 1204/1902/1611 1205/1894/1610 1214/1901/1617 1213/1911/1618
f 1203/1913/1612 1204/1902/1611 1213/1911/1618 1212/1922/1619
f 1202/2289/1613 1203/2295/1612 1212/2299/1619 1211/2296/1620
f 1201/2284/1614 1202/2289/1613 1211/2296/1620 1210/2290/1621
f 1199/2276/1271 1200/2280/1615 1209/2285/1622 1208/2281/1273
f 1200/2280/1615 1201/2284/1614 1210/2290/1621 1209/2285/1622
f 1215/1893/1616 1216/1890/1310 1225/1897/1311 1224/1900/1623
f 1214/1901/1617 1215/1893/1616 1224/1900/1623 1223/1910/1624
f 1213/1911/1618 1214/1901/1617 1223/1910/1624 1222/1921/1625
f 1212/1922/1619 1213/1911/1618 1222/1921/1625 1221/1931/1626
f 1211/1943/1620 1212/1922/1619 1221/1931/1626 1220/1944/1627
f 1210/2290/1621 1211/2296/1620 1220/2300/1627 1219/2297/1628
f 1208/2281/1273 1209/2285/1622 1218/2291/1629 1217/2286/1275
f 1209/2285/1622 1210/2290/1621 1219/2297/1628 1218/2291/1629
f 1224/1900/1623 1225/1897/1311 1234/1904/1312 1233/1909/1630
f 1223/1910/1624 1224/1900/1623 1233/1909/1630 1232/1920/1631
f 1222/1921/1625 1223/1910/1624 1232/1920/1631 1231/1930/1632
f 1221/1931/1626 1222/1921/1625 1231/1930/1632 1230/1942/1633
f 1220/1944/1627 1221/1931/1626 1230/1942/1633 1229/1957/1634
f 1219/2297/1628 1220/2300/1627 1229/2302/1634 1228/2301/1635
f 1217/2286/1275 1218/2291/1629 1227/2298/1636 1226/2292/1277
f 1218/2291/1629 1219/2297/1628 1228/2301/1635 1227/2298/1636
f 1233/1909/1630 1234/1904/1312 1243/1915/1313 1242/1919/1637
f 1232/1920/1631 1233/1909/1630 1242/1919/1637 1241/1929/1638
f 1231/1930/1632 1232/1920/1631 1241/1929/1638 1240/1941/1639
f 1230/1942/1633 1231/1930/1632 1240/1941/1639 1239/1956/1640
f 1229/1352/1634 1230/1360/1633 1239/1353/1640 1238/1346/1641
f 1228/1345/1635 1229/1352/1634 1238/1346/1641 1237/1340/1642
f 1226/1337/1277 1227/1339/1636 1236/1333/1643 1235/1329/1279
f 1227/1339/1636 1228/1345/1635 1237/1340/1642 1236/1333/1643
f 1242/1919/1637 1243/1915/1313 1252/1924/1314 1251/1928/1644
f 1241/1929/1638 1242/1919/1637 1251/1928/1644 1250/1940/1645
f 1240/1941/1639 1241/1929/1638 1250/1940/1645 1249/1955/1646
f 1239/1353/1640 1240/1361/1639 1249/1362/1646 1248/1354/1647
f 1238/1346/1641 1239/1353/1640 1248/1354/1647 1247/1347/1648
f 1237/1340/1642 1238/1346/1641 1247/1347/1648 1246/1341/1649
f 1235/1329/1279 1236/1333/1643 1245/1334/1650 1244/1330/1281
f 1236/1333/1643 1237/1340/1642 1246/1341/1649 1245/1334/1650
f 1251/1928/1644 1252/1924/1314 1261/1933/1315 1260/1939/1651
f 1250/1940/1645 1251/1928/1644 1260/1939/1651 1259/1954/1652
f 1249/1955/1646 1250/1940/1645 1259/1954/1652 1258/1963/1653
f 1248/1354/1647 1249/1362/1646 1258/1367/1653 1257/1363/1654
f 1247/1347/1648 1248/1354/1647 1257/1363/1654 1256/1355/1655
f 1246/1341/1649 1247/1347/1648 1256/1355/1655 1255/1348/1656
f 1244/1330/1281 1245/1334/1650 1254/1342/1657 1253/1335/1283
f 1245/1334/1650 1246/1341/1649 1255/1348/1656 1254/1342/1657
f 1260/1939/1651 1261/1933/1315 1270/1946/1316 1269/1953/1658
f 1259/1954/1652 1260/1939/1651 1269/1953/1658 1268/1962/1659
f 1258/1963/1653 1259/1954/1652 1268/1962/1659 1267/1969/1660
f 1257/1363/1654 1258/1367/1653 1267/1371/1660 1266/1368/1661
f 1256/1355/1655 1257/1363/1654 1266/1368/1661 1265/1364/1662
f 1255/1348/1656 1256/1355/1655 1265/1364/1662 1264/1356/1663
f 1253/1335/1283 1254/1342/1657 1263/1349/1664 1262/1343/1285
f 1254/1342/1657 1255/1348/1656 1264/1356/1663 1263/1349/1664
f 1269/1953/1658 1270/1946/1316 1279/1945/1317 1278/1952/1665
f 1268/1962/1659 1269/1953/1658 1278/1952/1665 1277/1958/1666
f 1267/1969/1660 1268/1962/1659 1277/1958/1666 1276/1964/1667
f 1266/1368/1661 1267/1371/1660 1276/1374/1667 1275/1372/1668
f 1265/1364/1662 1266/1368/1661 1275/1372/1668 1274/1369/1669
f 1264/1356/1663 1265/1364/1662 1274/1369/1669 1273/1365/1670
f 1262/1343/1285 1263/1349/1664 1272/1357/1671 1271/1350/1287
f 1263/1349/1664 1264/1356/1663 1273/1365/1670 1272/1357/1671
f 1278/1952/1665 1279/1945/1317 1288/1932/1318 1287/1938/1672
f 1277/1958/1666 1278/1952/1665 1287/1938/1672 1286/1947/1673
f 1276/1964/1667 1277/1958/1666 1286/1947/1673 1285/1959/1674
f 1275/1970/1668 1276/1964/1667 1285/1959/1674 1284/1965/1675
f 1274/1973/1669 1275/1970/1668 1284/1965/1675 1283/1971/1676
f 1273/1365/1670 1274/1369/1669 1283/1373/1676 1282/1370/1677
f 1271/1350/1287 1272/1357/1671 1281/1366/1678 1280/1358/1289
f 1272/1357/1671 1273/1365/1670 1282/1370/1677 1281/1366/1678
f 1287/1938/1672 1288/1932/1318 1297/1923/1319 1296/1927/1679
f 1286/1947/1673 1287/1938/1672 1296/1927/1679 1295/1934/1680
f 1285/1959/1674 1286/1947/1673 1295/1934/1680 1294/1948/1681
f 1284/1965/1675 1285/1959/1674 1294/1948/1681 1293/1960/1682
f 1283/1971/1676 1284/1965/1675 1293/1960/1682 1292/1966/1683
f 1282/1974/1677 1283/1971/1676 1292/1966/1683 1291/1972/1684
f 1280/2303/1289 1281/2307/1678 1290/2308/1685 1289/2304/1291
f 1281/2307/1678 1282/2311/1677 1291/2312/1684 1290/2308/1685
f 1296/1927/1679 1297/1923/1319 1306/1914/1320 1305/1918/1686
f 1295/1934/1680 1296/1927/1679 1305/1918/1686 1304/1925/1687
f 1294/1948/1681 1295/1934/1680 1304/1925/1687 1303/1935/1688
f 1293/1960/1682 1294/1948/1681 1303/1935/1688 1302/1949/1689
f 1292/1966/1683 1293/1960/1682 1302/1949/1689 1301/1961/1690
f 1291/1972/1684 1292/1966/1683 1301/1961/1690 1300/1967/1691
f 1289/2304/1291 1290/2308/1685 1299/2313/1692 1298/2309/1293
f 1290/2308/1685 1291/2312/1684 1300/2316/1691 1299/2313/1692
f 1305/1918/1686 1306/1914/1320 1315/1903/1321 1314/1908/1693
f 1304/1925/1687 1305/1918/1686 1314/1908/1693 1313/1916/1694
f 1303/1935/1688 1304/1925/1687 1313/1916/1694 1312/1926/1695
f 1302/1949/1689 1303/1935/1688 1312/1926/1695 1311/1936/1696
f 1301/1961/1690 1302/1949/1689 1311/1936/1696 1310/1950/1697
f 1300/1967/1691 1301/1961/1690 1310/1950/1697 1309/1968/1698
f 1298/2309/1293 1299/2313/1692 1308/2317/1699 1307/2314/1295
f 1299/2313/1692 1300/2316/1691 1309/2320/1698 1308/2317/1699
f 1314/1908/1693 1315/1903/1321 1324/1896/1322 1323/1899/1700
f 1313/1916/1694 1314/1908/1693 1323/1899/1700 1322/1905/1701
f 1312/1926/1695 1313/1916/1694 1322/1905/1701 1321/1917/1702
f 1311/1936/1696 1312/1926/1695 1321/1917/1702 1320/1937/1703
f 1310/1950/1697 1311/1936/1696 1320/1937/1703 1319/1951/1704
f 1309/2320/1698 1310/2323/1697 1319/2324/1704 1318/2322/1705
f 1307/2314/1295 1308/2317/1699 1317/2321/1706 1316/2318/1297
f 1308/2317/1699 1309/2320/1698 1318/2322/1705 1317/2321/1706
f 1323/1899/1700 1324/1896/1322 1333/1889/1323 1332/1892/1707
f 1322/1905/1701 1323/1899/1700 1332/1892/1707 1331/1898/1708
f 1321/1917/1702 1322/1905/1701 1331/1898/1708 1330/1906/1709
f 1320/1325/1703 1321/1328/1702 1330/1326/1709 1329/1321/1710
f 1319/1320/1704 1320/1325/1703 1329/1321/1710 1328/1316/1711
f 1318/1315/1705 1319/1320/1704 1328/1316/1711 1327/1309/1712
f 1316/1306/1297 1317/1308/1706 1326/1300/1713 1325/1298/1299
f 1317/1308/1706 1318/1315/1705 1327/1309/1712 1326/1300/1713
f 1332/1892/1707 1333/1889/1323 1342/1881/1324 1341/1884/1714
f 1331/1898/1708 1332/1892/1707 1341/1884/1714 1340/1891/1715
f 1330/1906/1709 1331/1898/1708 1340/1891/1715 1339/1907/1716
f 1329/1321/1710 1330/1326/1709 1339/1322/1716 1338/1317/1717
f 1328/1316/1711 1329/1321/1710 1338/1317/1717 1337/1310/1718
f 1327/1309/1712 1328/1316/1711 1337/1310/1718 1336/1301/1719
f 1325/1298/1299 1326/1300/1713 1335/1293/1720 1334/1291/1301
f 1326/1300/1713 1327/1309/1712 1336/1301/1719 1335/1293/1720
f 1341/1884/1714 1342/1881/1324 1351/1875/1325 1350/1877/1721
f 1340/1891/1715 1341/1884/1714 1350/1877/1721 1349/1883/1722
f 1339/1322/1716 1340/1327/1715 1349/1324/1722 1348/1318/1723
f 1338/1317/1717 1339/1322/1716 1348/1318/1723 1347/1311/1724
f 1337/1310/1718 1338/1317/1717 1347/1311/1724 1346/1302/1725
f 1336/1301/1719 1337/1310/1718 1346/1302/1725 1345/1294/1726
f 1334/1291/1301 1335/1293/1720 1344/1287/1727 1343/1285/1303
f 1335/1293/1720 1336/1301/1719 1345/1294/1726 1344/1287/1727
f 1180/1871/1306 1179/1873/1588 1350/1877/1721 1351/1875/1325
f 1179/1873/1588 1178/1879/1590 1349/1883/1722 1350/1877/1721
f 1178/1323/1590 1177/1312/1592 1348/1318/1723 1349/1324/1722
f 1177/1312/1592 1176/1303/1594 1347/1311/1724 1348/1318/1723
f 1176/1303/1594 1175/1295/1596 1346/1302/1725 1347/1311/1724
f 1175/1295/1596 1174/1288/1598 1345/1294/1726 1346/1302/1725
f 1174/1288/1598 1173/1281/1600 1344/1287/1727 1345/1294/1726
f 1173/1281/1600 1172/1277/1265 1343/1285/1303 1344/1287/1727
s 12
f 1359/1978/1728 1360/1976/1367 1369/1975/1366 1368/1979/1729
f 1358/1984/1730 1359/1978/1728 1368/1979/1729 1367/1985/1731
f 1357/1992/1732 1358/1984/1730 1367/1985/1731 1366/1993/1733
f 1356/1401/1734 1357/1410/1732 1366/1411/1733 1365/1402/1735
f 1355/1393/1736 1356/1401/1734 1365/1402/1735 1364/1394/1737
f 1354/1386/1738 1355/1393/1736 1364/1394/1737 1363/1387/1739
f 1352/1375/1326 1353/1379/1740 1362/1380/1741 1361/1376/1327
f 1353/1379/1740 1354/1386/1738 1363/1387/1739 1362/1380/1741
f 1368/1979/1729 1369/1975/1366 1378/1981/1369 1377/1983/1742
f 1367/1985/1731 1368/1979/1729 1377/1983/1742 1376/1991/1743
f 1366/1993/1733 1367/1985/1731 1376/1991/1743 1375/2001/1744
f 1365/2010/1735 1366/1993/1733 1375/2001/1744 1374/2011/1745
f 1364/1394/1737 1365/1402/1735 1374/1412/1745 1373/1403/1746
f 1363/1387/1739 1364/1394/1737 1373/1403/1746 1372/1395/1747
f 1361/1376/1327 1362/1380/1741 1371/1388/1748 1370/1381/1330
f 1362/1380/1741 1363/1387/1739 1372/1395/1747 1371/1388/1748
f 1377/1983/1742 1378/1981/1369 1387/1987/1370 1386/1990/1749
f 1376/1991/1743 1377/1983/1742 1386/1990/1749 1385/2000/1750
f 1375/2001/1744 1376/1991/1743 1385/2000/1750 1384/2009/1751
f 1374/2011/1745 1375/2001/1744 1384/2009/1751 1383/2020/1752
f 1373/2030/1746 1374/2011/1745 1383/2020/1752 1382/2031/1753
f 1372/2333/1747 1373/2338/1746 1382/2339/1753 1381/2334/1754
f 1370/2325/1330 1371/2329/1748 1380/2330/1755 1379/2326/1332
f 1371/2329/1748 1372/2333/1747 1381/2334/1754 1380/2330/1755
f 1386/1990/1749 1387/1987/1370 1396/1995/1371 1395/1999/1756
f 1385/2000/1750 1386/1990/1749 1395/1999/1756 1394/2008/1757
f 1384/2009/1751 1385/2000/1750 1394/2008/1757 1393/2019/1758
f 1383/2020/1752 1384/2009/1751 1393/2019/1758 1392/2029/1759
f 1382/2031/1753 1383/2020/1752 1392/2029/1759 1391/2043/1760
f 1381/2334/1754 1382/2339/1753 1391/2344/1760 1390/2340/1761
f 1379/2326/1332 1380/2330/1755 1389/2335/1762 1388/2331/1334
f 1380/2330/1755 1381/2334/1754 1390/2340/1761 1389/2335/1762
f 1395/1999/1756 1396/1995/1371 1405/2003/1372 1404/2007/1763
f 1394/2008/1757 1395/1999/1756 1404/2007/1763 1403/2018/1764
f 1393/2019/1758 1394/2008/1757 1403/2018/1764 1402/2028/1765
f 1392/2029/1759 1393/2019/1758 1402/2028/1765 1401/2042/1766
f 1391/2344/1760 1392/2349/1759 1401/2350/1766 1400/2347/1767
f 1390/2340/1761 1391/2344/1760 1400/2347/1767 1399/2345/1768
f 1388/2331/1334 1389/2335/1762 1398/2341/1769 1397/2336/1336
f 1389/2335/1762 1390/2340/1761 1399/2345/1768 1398/2341/1769
f 1404/2007/1763 1405/2003/1372 1414/2013/1373 1413/2017/1770
f 1403/2018/1764 1404/2007/1763 1413/2017/1770 1412/2027/1771
f 1402/2028/1765 1403/2018/1764 1412/2027/1771 1411/2041/1772
f 1401/2042/1766 1402/2028/1765 1411/2041/1772 1410/2055/1773
f 1400/2347/1767 1401/2350/1766 1410/2352/1773 1409/2351/1774
f 1399/2345/1768 1400/2347/1767 1409/2351/1774 1408/2348/1775
f 1397/2336/1336 1398/2341/1769 1407/2346/1776 1406/2342/1338
f 1398/2341/1769 1399/2345/1768 1408/2348/1775 1407/2346/1776
f 1413/2017/1770 1414/2013/1373 1423/2022/1374 1422/2026/1777
f 1412/2027/1771 1413/2017/1770 1422/2026/1777 1421/2040/1778
f 1411/2041/1772 1412/2027/1771 1421/2040/1778 1420/2054/1779
f 1410/1452/1773 1411/1459/1772 1420/1453/1779 1419/1445/1780
f 1409/1444/1774 1410/1452/1773 1419/1445/1780 1418/1438/1781
f 1408/1437/1775 1409/1444/1774 1418/1438/1781 1417/1432/1782
f 1406/1429/1338 1407/1431/1776 1416/1425/1783 1415/1421/1340
f 1407/1431/1776 1408/1437/1775 1417/1432/1782 1416/1425/1783
f 1422/2026/1777 1423/2022/1374 1432/2033/1375 1431/2039/1784
f 1421/2040/1778 1422/2026/1777 1431/2039/1784 1430/2053/1785
f 1420/2054/1779 1421/2040/1778 1430/2053/1785 1429/2065/1786
f 1419/1445/1780 1420/1453/1779 1429/1454/1786 1428/1446/1787
f 1418/1438/1781 1419/1445/1780 1428/1446/1787 1427/1439/1788
f 1417/1432/1782 1418/1438/1781 1427/1439/1788 1426/1433/1789
f 1415/1421/1340 1416/1425/1783 1425/1426/1790 1424/1422/1342
f 1416/1425/1783 1417/1432/1782 1426/1433/1789 1425/1426/1790
f 1431/2039/1784 1432/2033/1375 1441/2045/1376 1440/2052/1791
f 1430/2053/1785 1431/2039/1784 1440/2052/1791 1439/2064/1792
f 1429/1454/1786 1430/1464/1785 1439/1465/1792 1438/1460/1793
f 1428/1446/1787 1429/1454/1786 1438/1460/1793 1437/1455/1794
f 1427/1439/1788 1428/1446/1787 1437/1455/1794 1436/1447/1795
f 1426/1433/1789 1427/1439/1788 1436/1447/1795 1435/1440/1796
f 1424/1422/1342 1425/1426/1790 1434/1434/1797 1433/1427/1344
f 1425/1426/1790 1426/1433/1789 1435/1440/1796 1434/1434/1797
f 1440/2052/1791 1441/2045/1376 1450/2057/1377 1449/2063/1798
f 1439/2064/1792 1440/2052/1791 1449/2063/1798 1448/2072/1799
f 1438/1460/1793 1439/1465/1792 1448/1469/1799 1447/1466/1800
f 1437/1455/1794 1438/1460/1793 1447/1466/1800 1446/1461/1801
f 1436/1447/1795 1437/1455/1794 1446/1461/1801 1445/1456/1802
f 1435/1440/1796 1436/1447/1795 1445/1456/1802 1444/1448/1803
f 1433/1427/1344 1434/1434/1797 1443/1441/1804 1442/1435/1346
f 1434/1434/1797 1435/1440/1796 1444/1448/1803 1443/1441/1804
f 1449/2063/1798 1450/2057/1377 1459/2056/1378 1458/2062/1805
f 1448/2072/1799 1449/2063/1798 1458/2062/1805 1457/2071/1806
f 1447/2077/1800 1448/2072/1799 1457/2071/1806 1456/2073/1807
f 1446/1461/1801 1447/1466/1800 1456/1470/1807 1455/1467/1808
f 1445/1456/1802 1446/1461/1801 1455/1467/1808 1454/1462/1809
f 1444/1448/1803 1445/1456/1802 1454/1462/1809 1453/1457/1810
f 1442/1435/1346 1443/1441/1804 1452/1449/1811 1451/1442/1348
f 1443/1441/1804 1444/1448/1803 1453/1457/1810 1452/1449/1811
f 1458/2062/1805 1459/2056/1378 1468/2044/1379 1467/2051/1812
f 1457/2071/1806 1458/2062/1805 1467/2051/1812 1466/2061/1813
f 1456/2073/1807 1457/2071/1806 1466/2061/1813 1465/2066/1814
f 1455/1467/1808 1456/1470/1807 1465/1472/1814 1464/1471/1815
f 1454/1462/1809 1455/1467/1808 1464/1471/1815 1463/1468/1816
f 1453/1457/1810 1454/1462/1809 1463/1468/1816 1462/1463/1817
f 1451/1442/1348 1452/1449/1811 1461/1458/1818 1460/1450/1350
f 1452/1449/1811 1453/1457/1810 1462/1463/1817 1461/1458/1818
f 1467/2051/1812 1468/2044/1379 1477/2032/1380 1476/2038/1819
f 1466/2061/1813 1467/2051/1812 1476/2038/1819 1475/2050/1820
f 1465/2066/1814 1466/2061/1813 1475/2050/1820 1474/2058/1821
f 1464/2074/1815 1465/2066/1814 1474/2058/1821 1473/2067/1822
f 1463/2078/1816 1464/2074/1815 1473/2067/1822 1472/2075/1823
f 1462/2361/1817 1463/2366/1816 1472/2367/1823 1471/2362/1824
f 1460/2353/1350 1461/2357/1818 1470/2358/1825 1469/2354/1352
f 1461/2357/1818 1462/2361/1817 1471/2362/1824 1470/2358/1825
f 1476/2038/1819 1477/2032/1380 1486/2021/1381 1485/2025/1826
f 1475/2050/1820 1476/2038/1819 1485/2025/1826 1484/2037/1827
f 1474/2058/1821 1475/2050/1820 1484/2037/1827 1483/2046/1828
f 1473/2067/1822 1474/2058/1821 1483/2046/1828 1482/2059/1829
f 1472/2075/1823 1473/2067/1822 1482/2059/1829 1481/2068/1830
f 1471/2079/1824 1472/2075/1823 1481/2068/1830 1480/2076/1831
f 1469/2354/1352 1470/2358/1825 1479/2363/1832 1478/2359/1354
f 1470/2358/1825 1471/2362/1824 1480/2368/1831 1479/2363/1832
f 1485/2025/1826 1486/2021/1381 1495/2012/1382 1494/2016/1833
f 1484/2037/1827 1485/2025/1826 1494/2016/1833 1493/2024/1834
f 1483/2046/1828 1484/2037/1827 1493/2024/1834 1492/2034/1835
f 1482/2059/1829 1483/2046/1828 1492/2034/1835 1491/2047/1836
f 1481/2068/1830 1482/2059/1829 1491/2047/1836 1490/2060/1837
f 1480/2076/1831 1481/2068/1830 1490/2060/1837 1489/2069/1838
f 1478/2359/1354 1479/2363/1832 1488/2369/1839 1487/2364/1356
f 1479/2363/1832 1480/2368/1831 1489/2372/1838 1488/2369/1839
f 1494/2016/1833 1495/2012/1382 1504/2002/1383 1503/2006/1840
f 1493/2024/1834 1494/2016/1833 1503/2006/1840 1502/2015/1841
f 1492/2034/1835 1493/2024/1834 1502/2015/1841 1501/2023/1842
f 1491/2047/1836 1492/2034/1835 1501/2023/1842 1500/2035/1843
f 1490/2060/1837 1491/2047/1836 1500/2035/1843 1499/2048/1844
f 1489/2069/1838 1490/2060/1837 1499/2048/1844 1498/2070/1845
f 1487/2364/1356 1488/2369/1839 1497/2373/1846 1496/2370/1358
f 1488/2369/1839 1489/2372/1838 1498/2374/1845 1497/2373/1846
f 1503/2006/1840 1504/2002/1383 1513/1994/1384 1512/1998/1847
f 1502/2015/1841 1503/2006/1840 1512/1998/1847 1511/2005/1848
f 1501/2023/1842 1502/2015/1841 1511/2005/1848 1510/2014/1849
f 1500/2035/1843 1501/2023/1842 1510/2014/1849 1509/2036/1850
f 1499/2048/1844 1500/2035/1843 1509/2036/1850 1508/2049/1851
f 1498/1413/1845 1499/1417/1844 1508/1414/1851 1507/1407/1852
f 1496/1404/1358 1497/1406/1846 1506/1398/1853 1505/1396/1360
f 1497/1406/1846 1498/1413/1845 1507/1407/1852 1506/1398/1853
f 1512/1998/1847 1513/1994/1384 1522/1986/1385 1521/1989/1854
f 1511/2005/1848 1512/1998/1847 1521/1989/1854 1520/1997/1855
f 1510/2014/1849 1511/2005/1848 1520/1997/1855 1519/2004/1856
f 1509/1418/1850 1510/1420/1849 1519/1419/1856 1518/1415/1857
f 1508/1414/1851 1509/1418/1850 1518/1415/1857 1517/1408/1858
f 1507/1407/1852 1508/1414/1851 1517/1408/1858 1516/1399/1859
f 1505/1396/1360 1506/1398/1853 1515/1391/1860 1514/1389/1362
f 1506/1398/1853 1507/1407/1852 1516/1399/1859 1515/1391/1860
f 1521/1989/1854 1522/1986/1385 1531/1980/1386 1530/1982/1861
f 1520/1997/1855 1521/1989/1854 1530/1982/1861 1529/1988/1862
f 1519/2004/1856 1520/1997/1855 1529/1988/1862 1528/1996/1863
f 1518/1415/1857 1519/1419/1856 1528/1416/1863 1527/1409/1864
f 1517/1408/1858 1518/1415/1857 1527/1409/1864 1526/1400/1865
f 1516/1399/1859 1517/1408/1858 1526/1400/1865 1525/1392/1866
f 1514/1389/1362 1515/1391/1860 1524/1385/1867 1523/1383/1364
f 1515/1391/1860 1516/1399/1859 1525/1392/1866 1524/1385/1867
f 1360/1976/1367 1359/1978/1728 1530/1982/1861 1531/1980/1386
f 1359/1978/1728 1358/1984/1730 1529/1988/1862 1530/1982/1861
f 1358/1984/1730 1357/1992/1732 1528/1996/1863 1529/1988/1862
f 1357/1410/1732 1356/1401/1734 1527/1409/1864 1528/1416/1863
f 1356/1401/1734 1355/1393/1736 1526/1400/1865 1527/1409/1864
f 1355/1393/1736 1354/1386/1738 1525/1392/1866 1526/1400/1865
f 1354/1386/1738 1353/1379/1740 1524/1385/1867 1525/1392/1866
f 1353/1379/1740 1352/1375/1326 1523/1383/1364 1524/1385/1867
s 14
f 1539/2083/1868 1540/2081/1428 1549/2080/1427 1548/2084/1869
f 1538/2089/1870 1539/2083/1868 1548/2084/1869 1547/2090/1871
f 1537/2097/1872 1538/2089/1870 1547/2090/1871 1546/2098/1873
f 1536/1499/1874 1537/1508/1872 1546/1509/1873 1545/1500/1875
f 1535/1491/1876 1536/1499/1874 1545/1500/1875 1544/1492/1877
f 1534/1484/1878 1535/1491/1876 1544/1492/1877 1543/1485/1879
f 1532/1473/1387 1533/1477/1880 1542/1478/1881 1541/1474/1388
f 1533/1477/1880 1534/1484/1878 1543/1485/1879 1542/1478/1881
f 1548/2084/1869 1549/2080/1427 1558/2086/1430 1557/2088/1882
f 1547/2090/1871 1548/2084/1869 1557/2088/1882 1556/2096/1883
f 1546/2098/1873 1547/2090/1871 1556/2096/1883 1555/2106/1884
f 1545/2115/1875 1546/2098/1873 1555/2106/1884 1554/2116/1885
f 1544/2126/1877 1545/2115/1875 1554/2116/1885 1553/2127/1886
f 1543/1485/1879 1544/1492/1877 1553/1501/1886 1552/1493/1887
f 1541/1474/1388 1542/1478/1881 1551/1486/1888 1550/1479/1391
f 1542/1478/1881 1543/1485/1879 1552/1493/1887 1551/1486/1888
f 1557/2088/1882 1558/2086/1430 1567/2092/1431 1566/2095/1889
f 1556/2096/1883 1557/2088/1882 1566/2095/1889 1565/2105/1890
f 1555/2106/1884 1556/2096/1883 1565/2105/1890 1564/2114/1891
f 1554/2116/1885 1555/2106/1884 1564/2114/1891 1563/2125/1892
f 1553/2127/1886 1554/2116/1885 1563/2125/1892 1562/2137/1893
f 1552/2150/1887 1553/2127/1886 1562/2137/1893 1561/2151/1894
f 1550/2375/1391 1551/2379/1888 1560/2380/1895 1559/2376/1393
f 1551/2379/1888 1552/2383/1887 1561/2384/1894 1560/2380/1895
f 1566/2095/1889 1567/2092/1431 1576/2100/1432 1575/2104/1896
f 1565/2105/1890 1566/2095/1889 1575/2104/1896 1574/2113/1897
f 1564/2114/1891 1565/2105/1890 1574/2113/1897 1573/2124/1898
f 1563/2125/1892 1564/2114/1891 1573/2124/1898 1572/2136/1899
f 1562/2137/1893 1563/2125/1892 1572/2136/1899 1571/2149/1900
f 1561/2151/1894 1562/2137/1893 1571/2149/1900 1570/2163/1901
f 1559/2376/1393 1560/2380/1895 1569/2385/1902 1568/2381/1395
f 1560/2380/1895 1561/2384/1894 1570/2388/1901 1569/2385/1902
f 1575/2104/1896 1576/2100/1432 1585/2108/1433 1584/2112/1903
f 1574/2113/1897 1575/2104/1896 1584/2112/1903 1583/2123/1904
f 1573/2124/1898 1574/2113/1897 1583/2123/1904 1582/2135/1905
f 1572/2136/1899 1573/2124/1898 1582/2135/1905 1581/2148/1906
f 1571/2149/1900 1572/2136/1899 1581/2148/1906 1580/2162/1907
f 1570/2163/1901 1571/2149/1900 1580/2162/1907 1579/2176/1908
f 1568/2381/1395 1569/2385/1902 1578/2389/1909 1577/2386/1397
f 1569/2385/1902 1570/2388/1901 1579/2392/1908 1578/2389/1909
f 1584/2112/1903 1585/2108/1433 1594/2118/1434 1593/2122/1910
f 1583/2123/1904 1584/2112/1903 1593/2122/1910 1592/2134/1911
f 1582/2135/1905 1583/2123/1904 1592/2134/1911 1591/2147/1912
f 1581/2148/1906 1582/2135/1905 1591/2147/1912 1590/2161/1913
f 1580/2162/1907 1581/2148/1906 1590/2161/1913 1589/2175/1914
f 1579/2392/1908 1580/2395/1907 1589/2396/1914 1588/2394/1915
f 1577/2386/1397 1578/2389/1909 1587/2393/1916 1586/2390/1399
f 1578/2389/1909 1579/2392/1908 1588/2394/1915 1587/2393/1916
f 1593/2122/1910 1594/2118/1434 1603/2129/1435 1602/2133/1917
f 1592/2134/1911 1593/2122/1910 1602/2133/1917 1601/2146/1918
f 1591/2147/1912 1592/2134/1911 1601/2146/1918 1600/2160/1919
f 1590/1550/1913 1591/1557/1912 1600/1551/1919 1599/1543/1920
f 1589/1542/1914 1590/1550/1913 1599/1543/1920 1598/1536/1921
f 1588/1535/1915 1589/1542/1914 1598/1536/1921 1597/1530/1922
f 1586/1527/1399 1587/1529/1916 1596/1523/1923 1595/1519/1401
f 1587/1529/1916 1588/1535/1915 1597/1530/1922 1596/1523/1923
f 1602/2133/1917 1603/2129/1435 1612/2139/1436 1611/2145/1924
f 1601/2146/1918 1602/2133/1917 1611/2145/1924 1610/2159/1925
f 1600/2160/1919 1601/2146/1918 1610/2159/1925 1609/2174/1926
f 1599/1543/1920 1600/1551/1919 1609/1552/1926 1608/1544/1927
f 1598/1536/1921 1599/1543/1920 1608/1544/1927 1607/1537/1928
f 1597/1530/1922 1598/1536/1921 1607/1537/1928 1606/1531/1929
f 1595/1519/1401 1596/1523/1923 1605/1524/1930 1604/1520/1403
f 1596/1523/1923 1597/1530/1922 1606/1531/1929 1605/1524/1930
f 1611/2145/1924 1612/2139/1436 1621/2153/1437 1620/2158/1931
f 1610/2159/1925 1611/2145/1924 1620/2158/1931 1619/2173/1932
f 1609/1552/1926 1610/1562/1925 1619/1563/1932 1618/1558/1933
f 1608/1544/1927 1609/1552/1926 1618/1558/1933 1617/1553/1934
f 1607/1537/1928 1608/1544/1927 1617/1553/1934 1616/1545/1935
f 1606/1531/1929 1607/1537/1928 1616/1545/1935 1615/1538/1936
f 1604/1520/1403 1605/1524/1930 1614/1532/1937 1613/1525/1405
f 1605/1524/1930 1606/1531/1929 1615/1538/1936 1614/1532/1937
f 1620/2158/1931 1621/2153/1437 1630/2165/1438 1629/2172/1938
f 1619/2173/1932 1620/2158/1931 1629/2172/1938 1628/2181/1939
f 1618/1558/1933 1619/1563/1932 1628/1567/1939 1627/1564/1940
f 1617/1553/1934 1618/1558/1933 1627/1564/1940 1626/1559/1941
f 1616/1545/1935 1617/1553/1934 1626/1559/1941 1625/1554/1942
f 1615/1538/1936 1616/1545/1935 1625/1554/1942 1624/1546/1943
f 1613/1525/1405 1614/1532/1937 1623/1539/1944 1622/1533/1407
f 1614/1532/1937 1615/1538/1936 1624/1546/1943 1623/1539/1944
f 1629/2172/1938 1630/2165/1438 1639/2164/1439 1638/2171/1945
f 1628/2181/1939 1629/2172/1938 1638/2171/1945 1637/2180/1946
f 1627/2184/1940 1628/2181/1939 1637/2180/1946 1636/2182/1947
f 1626/1559/1941 1627/1564/1940 1636/1568/1947 1635/1565/1948
f 1625/1554/1942 1626/1559/1941 1635/1565/1948 1634/1560/1949
f 1624/1546/1943 1625/1554/1942 1634/1560/1949 1633/1555/1950
f 1622/1533/1407 1623/1539/1944 1632/1547/1951 1631/1540/1409
f 1623/1539/1944 1624/1546/1943 1633/1555/1950 1632/1547/1951
f 1638/2171/1945 1639/2164/1439 1648/2152/1440 1647/2157/1952
f 1637/2180/1946 1638/2171/1945 1647/2157/1952 1646/2170/1953
f 1636/2182/1947 1637/2180/1946 1646/2170/1953 1645/2177/1954
f 1635/1565/1948 1636/1568/1947 1645/1570/1954 1644/1569/1955
f 1634/1560/1949 1635/1565/1948 1644/1569/1955 1643/1566/1956
f 1633/1555/1950 1634/1560/1949 1643/1566/1956 1642/1561/1957
f 1631/1540/1409 1632/1547/1951 1641/1556/1958 1640/1548/1411
f 1632/1547/1951 1633/1555/1950 1642/1561/1957 1641/1556/1958
f 1647/2157/1952 1648/2152/1440 1657/2138/1441 1656/2144/1959
f 1646/2170/1953 1647/2157/1952 1656/2144/1959 1655/2156/1960
f 1645/2177/1954 1646/2170/1953 1655/2156/1960 1654/2166/1961
f 1644/2183/1955 1645/2177/1954 1654/2166/1961 1653/2178/1962
f 1643/2410/1956 1644/2416/1955 1653/2417/1962 1652/2411/1963
f 1642/2405/1957 1643/2410/1956 1652/2411/1963 1651/2406/1964
f 1640/2397/1411 1641/2401/1958 1650/2402/1965 1649/2398/1413
f 1641/2401/1958 1642/2405/1957 1651/2406/1964 1650/2402/1965
f 1656/2144/1959 1657/2138/1441 1666/2128/1442 1665/2132/1966
f 1655/2156/1960 1656/2144/1959 1665/2132/1966 1664/2143/1967
f 1654/2166/1961 1655/2156/1960 1664/2143/1967 1663/2154/1968
f 1653/2178/1962 1654/2166/1961 1663/2154/1968 1662/2167/1969
f 1652/2411/1963 1653/2417/1962 1662/2421/1969 1661/2418/1970
f 1651/2406/1964 1652/2411/1963 1661/2418/1970 1660/2412/1971
f 1649/2398/1413 1650/2402/1965 1659/2407/1972 1658/2403/1415
f 1650/2402/1965 1651/2406/1964 1660/2412/1971 1659/2407/1972
f 1665/2132/1966 1666/2128/1442 1675/2117/1443 1674/2121/1973
f 1664/2143/1967 1665/2132/1966 1674/2121/1973 1673/2131/1974
f 1663/2154/1968 1664/2143/1967 1673/2131/1974 1672/2140/1975
f 1662/2167/1969 1663/2154/1968 1672/2140/1975 1671/2155/1976
f 1661/2179/1970 1662/2167/1969 1671/2155/1976 1670/2168/1977
f 1660/2412/1971 1661/2418/1970 1670/2422/1977 1669/2419/1978
f 1658/2403/1415 1659/2407/1972 1668/2413/1979 1667/2408/1417
f 1659/2407/1972 1660/2412/1971 1669/2419/1978 1668/2413/1979
f 1674/2121/1973 1675/2117/1443 1684/2107/1444 1683/2111/1980
f 1673/2131/1974 1674/2121/1973 1683/2111/1980 1682/2120/1981
f 1672/2140/1975 1673/2131/1974 1682/2120/1981 1681/2130/1982
f 1671/2155/1976 1672/2140/1975 1681/2130/1982 1680/2141/1983
f 1670/2168/1977 1671/2155/1976 1680/2141/1983 1679/2169/1984
f 1669/2419/1978 1670/2422/1977 1679/2424/1984 1678/2423/1985
f 1667/2408/1417 1668/2413/1979 1677/2420/1986 1676/2414/1419
f 1668/2413/1979 1669/2419/1978 1678/2423/1985 1677/2420/1986
f 1683/2111/1980 1684/2107/1444 1693/2099/1445 1692/2103/1987
f 1682/2120/1981 1683/2111/1980 1692/2103/1987 1691/2110/1988
f 1681/2130/1982 1682/2120/1981 1691/2110/1988 1690/2119/1989
f 1680/2141/1983 1681/2130/1982 1690/2119/1989 1689/2142/1990
f 1679/1514/1984 1680/1517/1983 1689/1515/1990 1688/1511/1991
f 1678/1510/1985 1679/1514/1984 1688/1511/1991 1687/1505/1992
f 1676/1502/1419 1677/1504/1986 1686/1496/1993 1685/1494/1421
f 1677/1504/1986 1678/1510/1985 1687/1505/1992 1686/1496/1993
f 1692/2103/1987 1693/2099/1445 1702/2091/1446 1701/2094/1994
f 1691/2110/1988 1692/2103/1987 1701/2094/1994 1700/2102/1995
f 1690/2119/1989 1691/2110/1988 1700/2102/1995 1699/2109/1996
f 1689/1515/1990 1690/1518/1989 1699/1516/1996 1698/1512/1997
f 1688/1511/1991 1689/1515/1990 1698/1512/1997 1697/1506/1998
f 1687/1505/1992 1688/1511/1991 1697/1506/1998 1696/1497/1999
f 1685/1494/1421 1686/1496/1993 1695/1489/2000 1694/1487/1423
f 1686/1496/1993 1687/1505/1992 1696/1497/1999 1695/1489/2000
f 1701/2094/1994 1702/2091/1446 1711/2085/1447 1710/2087/2001
f 1700/2102/1995 1701/2094/1994 1710/2087/2001 1709/2093/2002
f 1699/2109/1996 1700/2102/1995 1709/2093/2002 1708/2101/2003
f 1698/1512/1997 1699/1516/1996 1708/1513/2003 1707/1507/2004
f 1697/1506/1998 1698/1512/1997 1707/1507/2004 1706/1498/2005
f 1696/1497/1999 1697/1506/1998 1706/1498/2005 1705/1490/2006
f 1694/1487/1423 1695/1489/2000 1704/1483/2007 1703/1481/1425
f 1695/1489/2000 1696/1497/1999 1705/1490/2006 1704/1483/2007
f 1540/2081/1428 1539/2083/1868 1710/2087/2001 1711/2085/1447
f 1539/2083/1868 1538/2089/1870 1709/2093/2002 1710/2087/2001
f 1538/2089/1870 1537/2097/1872 1708/2101/2003 1709/2093/2002
f 1537/1508/1872 1536/1499/1874 1707/1507/2004 1708/1513/2003
f 1536/1499/1874 1535/1491/1876 1706/1498/2005 1707/1507/2004
f 1535/1491/1876 1534/1484/1878 1705/1490/2006 1706/1498/2005
f 1534/1484/1878 1533/1477/1880 1704/1483/2007 1705/1490/2006
f 1533/1477/1880 1532/1473/1387 1703/1481/1425 1704/1483/2007
g default
v 0.686584 3.413222 -1.441953
v 0.686584 3.334456 -1.500994
v 0.260530 3.334456 -1.500994
v 0.260530 3.413222 -1.441953
v 0.686584 3.109939 -1.435378
v 0.686584 3.043503 -1.346746
v 0.260530 3.043503 -1.346746
v 0.260530 3.109939 -1.435378
v 0.686584 2.241850 -0.755622
v 0.686584 2.308286 -0.844254
v 0.260530 2.308286 -0.844254
v 0.260530 2.241850 -0.755622
v 0.686584 1.984646 -0.762514
v 0.686584 2.063411 -0.703472
v 0.260530 2.063411 -0.703472
v 0.260530 1.984646 -0.762514
v 0.685878 3.377186 -1.516019
v 0.686584 3.413222 -1.482983
v 0.685878 3.413190 -1.515172
v 0.260530 3.413222 -1.482983
v 0.261237 3.377186 -1.516018
v 0.261237 3.413146 -1.515171
v 0.686584 3.043503 -1.381354
v 0.686584 3.076721 -1.425670
v 0.686584 3.043503 -1.415962
v 0.260530 3.076721 -1.425670
v 0.260530 3.043503 -1.381354
v 0.260530 3.043503 -1.415962
v 0.686584 2.308286 -0.809646
v 0.686584 2.275068 -0.765330
v 0.685878 2.309791 -0.773910
v 0.260530 2.275068 -0.765330
v 0.260530 2.308286 -0.809646
v 0.261237 2.309791 -0.773910
v 0.686584 2.024029 -0.691962
v 0.686584 1.984646 -0.721483
v 0.686584 1.984646 -0.680453
v 0.260530 1.984646 -0.721483
v 0.260530 2.024029 -0.691962
v 0.260530 1.984646 -0.680453
v 0.473557 4.594604 -1.656251
v 0.642797 2.308286 -0.475252
v 0.686584 2.308286 -0.431464
v 0.686584 1.984646 -0.431464
v 0.642797 1.984646 -0.475252
v 0.304317 1.984646 -0.475252
v 0.260530 1.984646 -0.431464
v 0.260530 2.308286 -0.431464
v 0.304317 2.308286 -0.475252
v 0.686584 2.308286 -0.453358
v 0.664692 2.308286 -0.475252
v 0.685783 2.307580 -0.474451
v 0.664692 1.984646 -0.475252
v 0.686584 1.984646 -0.453358
v 0.685783 1.985352 -0.474451
v 0.260530 1.984646 -0.453358
v 0.282425 1.984646 -0.475252
v 0.261332 1.985352 -0.474451
v 0.282425 2.308286 -0.475252
v 0.260530 2.308286 -0.453358
v 0.261332 2.307580 -0.474451
v 0.262611 0.737209 -0.346413
v 0.273661 0.734037 -0.330303
v 0.277504 0.721653 -0.343219
v 0.288046 0.719380 -0.343112
v 0.283225 0.722664 -0.332814
v 0.281157 0.742916 -0.320632
v 0.287729 0.750159 -0.319668
v 0.262590 0.748612 -0.337774
v 0.260530 0.748119 -0.349014
v 0.669611 0.721653 -0.343219
v 0.673379 0.734129 -0.330339
v 0.684504 0.737209 -0.346413
v 0.686584 0.748119 -0.349014
v 0.684504 0.748702 -0.337814
v 0.669611 0.750000 -0.321987
v 0.659069 0.750516 -0.319773
v 0.663830 0.739723 -0.320068
v 0.663830 0.722693 -0.332829
v 0.659069 0.719380 -0.343112
v 0.281749 4.592224 -1.461464
v 0.273977 4.582452 -1.452340
v 0.263110 4.574375 -1.458394
v 0.260530 4.567386 -1.463627
v 0.281750 4.576439 -1.440394
v 0.288561 4.570828 -1.436276
v 0.288561 4.594604 -1.467995
v 0.665214 4.592218 -1.461573
v 0.673040 4.582413 -1.452369
v 0.665213 4.576332 -1.440368
v 0.658354 4.570660 -1.436226
v 0.683982 4.574355 -1.458410
v 0.686584 4.567386 -1.463627
v 0.658354 4.594604 -1.468171
v 0.281118 4.591663 -1.843910
v 0.273587 4.579955 -1.849744
v 0.281118 4.571073 -1.859340
v 0.287729 4.563826 -1.860283
v 0.262590 4.565372 -1.842177
v 0.260530 4.565866 -1.830938
v 0.262590 4.576788 -1.833631
v 0.287729 4.594604 -1.837212
v 0.669611 4.592330 -1.836727
v 0.673380 4.579855 -1.849610
v 0.684504 4.576775 -1.833533
v 0.686584 4.565866 -1.830938
v 0.684504 4.565282 -1.842137
v 0.669611 4.563984 -1.857965
v 0.659069 4.563468 -1.860178
v 0.663832 4.574261 -1.859883
v 0.663832 4.591291 -1.847121
v 0.659069 4.594604 -1.836839
v 0.263122 0.739607 -0.721532
v 0.274026 0.731530 -0.727567
v 0.281774 0.737545 -0.739550
v 0.288561 0.743156 -0.743675
v 0.281875 0.721758 -0.718374
v 0.288761 0.719380 -0.711780
v 0.260530 0.746598 -0.716325
v 0.665368 0.737546 -0.739558
v 0.673140 0.731533 -0.727612
v 0.684005 0.739610 -0.721557
v 0.686584 0.746598 -0.716325
v 0.665368 0.721761 -0.718488
v 0.658554 0.719380 -0.711956
v 0.658554 0.743156 -0.743675
v 0.260530 1.881479 -0.679298
v 0.262650 1.883276 -0.668727
v 0.268684 1.884799 -0.659765
v 0.277712 1.885817 -0.653777
v 0.288364 1.886174 -0.651674
v 0.658751 1.886174 -0.651674
v 0.669403 1.885817 -0.653777
v 0.678431 1.884799 -0.659765
v 0.684465 1.883276 -0.668727
v 0.686584 1.881479 -0.679298
v 0.260530 3.481664 -1.515020
v 0.262650 3.479044 -1.525351
v 0.268684 3.476823 -1.534109
v 0.277712 3.475339 -1.539961
v 0.288364 3.474818 -1.542016
v 0.658751 3.474818 -1.542016
v 0.669403 3.475339 -1.539961
v 0.678431 3.476823 -1.534109
v 0.684465 3.479044 -1.525351
v 0.686584 3.481664 -1.515020
v 0.288929 3.413222 -1.097960
v 0.278061 3.413222 -1.100122
v 0.268847 3.413222 -1.106277
v 0.262691 3.413222 -1.115490
v 0.260530 3.413222 -1.126356
v 0.686584 3.413222 -1.126356
v 0.684423 3.413222 -1.115490
v 0.678268 3.413222 -1.106277
v 0.669054 3.413222 -1.100122
v 0.658186 3.413222 -1.097960
v 0.288929 3.043503 -0.989908
v 0.278061 3.043503 -0.992070
v 0.268847 3.043503 -0.998225
v 0.262691 3.043503 -1.007438
v 0.260530 3.043503 -1.018304
v 0.686584 3.043503 -1.018304
v 0.684423 3.043503 -1.007438
v 0.678268 3.043503 -0.998225
v 0.669054 3.043503 -0.992070
v 0.658186 3.043503 -0.989908
v 0.669609 0.750183 -2.320646
v 0.673408 0.734220 -2.312368
v 0.684498 0.748861 -2.304787
v 0.686584 0.748147 -2.293563
v 0.684505 0.737231 -2.296235
v 0.669619 0.721660 -2.299526
v 0.659079 0.719380 -2.299644
v 0.663885 0.722711 -2.309931
v 0.663885 0.739822 -2.322636
v 0.659079 0.750588 -2.322864
v 0.262617 0.748861 -2.304787
v 0.273628 0.734210 -2.312471
v 0.277506 0.750183 -2.320646
v 0.288036 0.750588 -2.322864
v 0.283167 0.739814 -2.322670
v 0.281109 0.722353 -2.306716
v 0.287710 0.719380 -2.300030
v 0.262589 0.737217 -2.296335
v 0.260530 0.748147 -2.293563
v 0.683994 0.739419 -2.238502
v 0.673049 0.731277 -2.232726
v 0.665288 0.736948 -2.220549
v 0.658527 0.742372 -2.216179
v 0.665180 0.721735 -2.242157
v 0.658300 0.719380 -2.248713
v 0.686584 0.746512 -2.243466
v 0.281802 0.736950 -2.220539
v 0.274011 0.731282 -2.232677
v 0.263107 0.739422 -2.238473
v 0.260530 0.746512 -2.243466
v 0.281796 0.721739 -2.242030
v 0.288588 0.719380 -2.248518
v 0.288588 0.742372 -2.216179
v 0.288929 2.308286 -1.201092
v 0.278061 2.308286 -1.198930
v 0.268847 2.308286 -1.192775
v 0.262691 2.308286 -1.183562
v 0.260530 2.308286 -1.172696
v 0.288929 1.984646 -1.106506
v 0.278061 1.984646 -1.104345
v 0.268847 1.984646 -1.098189
v 0.262691 1.984646 -1.088977
v 0.260530 1.984646 -1.078110
v 0.686584 2.308286 -1.172696
v 0.684423 2.308286 -1.183562
v 0.678268 2.308286 -1.192775
v 0.669054 2.308286 -1.198930
v 0.658186 2.308286 -1.201092
v 0.658186 1.984646 -1.106506
v 0.669054 1.984646 -1.104345
v 0.678268 1.984646 -1.098189
v 0.684423 1.984646 -1.088977
v 0.686584 1.984646 -1.078110
v 0.686584 2.012477 -0.271807
v 0.686584 2.001827 -0.273926
v 0.686584 1.992797 -0.279959
v 0.686584 1.986764 -0.288988
v 0.686584 1.984646 -0.299639
v 0.260530 2.012477 -0.271807
v 0.260530 2.001827 -0.273926
v 0.260530 1.992797 -0.279959
v 0.260530 1.986764 -0.288988
v 0.260530 1.984646 -0.299639
v 0.686584 2.280454 -0.271807
v 0.686584 2.291105 -0.273926
v 0.686584 2.300134 -0.279959
v 0.686584 2.306168 -0.288988
v 0.686584 2.308286 -0.299639
v 0.260530 2.280454 -0.271807
v 0.260530 2.291105 -0.273926
v 0.260530 2.300134 -0.279959
v 0.260530 2.306168 -0.288988
v 0.260530 2.308286 -0.299639
v 1.629225 2.287207 -0.472656
v 1.636927 2.294908 -0.461874
v 1.629225 2.305691 -0.454172
v 1.622473 2.308286 -0.447420
v 1.647711 2.287207 -0.454172
v 1.650305 2.280454 -0.447420
v 1.622473 2.280454 -0.475252
v 1.629225 1.987241 -0.454172
v 1.636927 1.998023 -0.461874
v 1.629225 2.005725 -0.472656
v 1.622473 2.012477 -0.475252
v 1.647711 2.005725 -0.454172
v 1.650305 2.012477 -0.447420
v 1.622473 1.984646 -0.447420
v 1.629225 2.287207 -0.274403
v 1.636927 2.294908 -0.285185
v 1.647711 2.287207 -0.292886
v 1.650305 2.280454 -0.299639
v 1.629225 2.305691 -0.292886
v 1.622473 2.308286 -0.299639
v 1.622473 2.280454 -0.271807
v 1.629225 1.987241 -0.292886
v 1.636927 1.998023 -0.285185
v 1.647711 2.005725 -0.292886
v 1.650305 2.012477 -0.299639
v 1.629225 2.005725 -0.274403
v 1.622473 2.012477 -0.271807
v 1.622473 1.984646 -0.299639
v -0.682110 2.005725 -0.472656
v -0.689812 1.998023 -0.461874
v -0.682110 1.987241 -0.454172
v -0.675358 1.984646 -0.447420
v -0.700596 2.005725 -0.454172
v -0.703190 2.012477 -0.447420
v -0.675358 2.012477 -0.475252
v -0.682110 2.305691 -0.454172
v -0.689812 2.294908 -0.461874
v -0.682110 2.287207 -0.472656
v -0.675358 2.280454 -0.475252
v -0.700596 2.287207 -0.454172
v -0.703190 2.280454 -0.447420
v -0.675358 2.308286 -0.447420
v -0.682110 2.005725 -0.274403
v -0.689812 1.998024 -0.285185
v -0.700596 2.005725 -0.292886
v -0.703190 2.012477 -0.299639
v -0.682110 1.987241 -0.292886
v -0.675358 1.984646 -0.299639
v -0.675358 2.012477 -0.271807
v -0.682110 2.305691 -0.292886
v -0.689812 2.294908 -0.285185
v -0.700596 2.287207 -0.292886
v -0.703190 2.280454 -0.299639
v -0.682110 2.287207 -0.274403
v -0.675358 2.280454 -0.271807
v -0.675358 2.308286 -0.299639
v 0.686584 3.344717 -1.515509
v 0.684465 3.347410 -1.525821
v 0.678431 3.349693 -1.534563
v 0.669403 3.351219 -1.540404
v 0.658751 3.351755 -1.542455
v 0.288364 3.351755 -1.542455
v 0.277712 3.351219 -1.540404
v 0.268684 3.349693 -1.534563
v 0.262650 3.347410 -1.525821
v 0.260530 3.344717 -1.515509
v 0.658751 2.852692 -1.482316
v 0.669403 2.853706 -1.484207
v 0.678431 2.856594 -1.489590
v 0.684465 2.860915 -1.497647
v 0.686584 2.866013 -1.507151
v 0.686584 2.861650 -1.333818
v 0.684465 2.857037 -1.343566
v 0.678431 2.853126 -1.351830
v 0.669403 2.850513 -1.357352
v 0.658751 2.849595 -1.359291
v 0.260530 2.866013 -1.507151
v 0.262650 2.860915 -1.497647
v 0.268684 2.856594 -1.489590
v 0.277712 2.853706 -1.484207
v 0.288364 2.852692 -1.482316
v 0.288364 2.849595 -1.359291
v 0.277712 2.850513 -1.357352
v 0.268684 2.853126 -1.351830
v 0.262650 2.857037 -1.343566
v 0.260530 2.861650 -1.333818
v 0.658751 2.308286 -0.698139
v 0.669403 2.306168 -0.698310
v 0.678431 2.300134 -0.698796
v 0.684465 2.291105 -0.699523
v 0.686584 2.280454 -0.700382
v 0.686584 2.280454 -0.526552
v 0.684465 2.291105 -0.526343
v 0.678431 2.300134 -0.525749
v 0.669403 2.306168 -0.524860
v 0.658751 2.308286 -0.523811
v 0.686584 2.372138 -0.822695
v 0.684465 2.375949 -0.812713
v 0.678431 2.379181 -0.804250
v 0.669403 2.381340 -0.798595
v 0.658751 2.382098 -0.796610
v 0.260530 2.280454 -0.700382
v 0.262650 2.291105 -0.699523
v 0.268684 2.300134 -0.698796
v 0.277712 2.306168 -0.698310
v 0.288364 2.308286 -0.698139
v 0.288364 2.308286 -0.523811
v 0.277712 2.306168 -0.524860
v 0.268684 2.300134 -0.525749
v 0.262650 2.291105 -0.526343
v 0.260530 2.280454 -0.526552
v 0.288364 2.382098 -0.796610
v 0.277712 2.381340 -0.798595
v 0.268684 2.379181 -0.804250
v 0.262650 2.375949 -0.812713
v 0.260530 2.372138 -0.822695
v 0.686584 2.012477 -0.581104
v 0.684465 2.001827 -0.579863
v 0.678431 1.992797 -0.578812
v 0.669403 1.986764 -0.578109
v 0.658751 1.984646 -0.577862
v 0.658751 1.984646 -0.523811
v 0.669403 1.986764 -0.524860
v 0.678431 1.992797 -0.525749
v 0.684465 2.001827 -0.526343
v 0.686584 2.012477 -0.526552
v 0.288364 1.984646 -0.577862
v 0.277712 1.986764 -0.578109
v 0.268684 1.992797 -0.578812
v 0.262650 2.001827 -0.579863
v 0.260530 2.012477 -0.581104
v 0.260530 2.012477 -0.526552
v 0.262650 2.001827 -0.526343
v 0.268684 1.992797 -0.525749
v 0.277712 1.986764 -0.524860
v 0.288364 1.984646 -0.523811
v 0.658751 3.444350 -1.535447
v 0.669403 3.444648 -1.533343
v 0.678431 3.445494 -1.527354
v 0.684465 3.446761 -1.518390
v 0.686584 3.448255 -1.507817
v 0.288364 3.444350 -1.535447
v 0.277712 3.444648 -1.533343
v 0.268684 3.445494 -1.527354
v 0.262650 3.446761 -1.518390
v 0.260530 3.448255 -1.507817
v 0.658751 3.413255 -1.533316
v 0.669403 3.413247 -1.531192
v 0.678431 3.413226 -1.525143
v 0.288366 3.413255 -1.533316
v 0.277714 3.413241 -1.531192
v 0.268684 3.413202 -1.525143
v 0.658751 3.382176 -1.535669
v 0.669403 3.381863 -1.533568
v 0.678431 3.380975 -1.527584
v 0.288364 3.382176 -1.535669
v 0.277712 3.381863 -1.533568
v 0.268684 3.380975 -1.527584
v 0.658751 2.884590 -1.458067
v 0.669403 2.886423 -1.459336
v 0.678431 2.891641 -1.462948
v 0.684465 2.899450 -1.468353
v 0.686584 2.908661 -1.474730
v 0.288364 2.884590 -1.458067
v 0.277712 2.886423 -1.459336
v 0.268684 2.891641 -1.462948
v 0.262650 2.899450 -1.468353
v 0.260530 2.908661 -1.474730
v 0.658751 2.896054 -1.419673
v 0.669403 2.898282 -1.419617
v 0.678431 2.904626 -1.419458
v 0.684465 2.914120 -1.419219
v 0.686584 2.925320 -1.418937
v 0.288364 2.896054 -1.419673
v 0.277712 2.898282 -1.419617
v 0.268684 2.904626 -1.419458
v 0.262650 2.914120 -1.419219
v 0.260530 2.925320 -1.418937
v 0.658751 2.882673 -1.381905
v 0.669403 2.884439 -1.380546
v 0.678431 2.889469 -1.376676
v 0.684465 2.896996 -1.370884
v 0.686584 2.905876 -1.364053
v 0.288364 2.882673 -1.381905
v 0.277712 2.884439 -1.380546
v 0.268684 2.889469 -1.376676
v 0.262650 2.896996 -1.370884
v 0.260530 2.905876 -1.364053
v 0.658751 2.313546 -0.730568
v 0.669403 2.311510 -0.731246
v 0.678431 2.305712 -0.733178
v 0.684465 2.297033 -0.736070
v 0.686584 2.286796 -0.739480
v 0.288364 2.313546 -0.730568
v 0.277712 2.311510 -0.731246
v 0.268684 2.305712 -0.733178
v 0.262650 2.297033 -0.736070
v 0.260530 2.286796 -0.739480
v 0.658751 2.328788 -0.759671
v 0.669403 2.327070 -0.760958
v 0.678431 2.322180 -0.764624
v 0.288364 2.328788 -0.759671
v 0.277712 2.327070 -0.760958
v 0.268684 2.322180 -0.764624
v 0.658751 2.352447 -0.782464
v 0.669403 2.351224 -0.784228
v 0.678431 2.347743 -0.789252
v 0.684465 2.342533 -0.796771
v 0.686584 2.336388 -0.805640
v 0.288364 2.352447 -0.782464
v 0.277712 2.351224 -0.784228
v 0.268684 2.347743 -0.789252
v 0.262650 2.342533 -0.796771
v 0.260530 2.336388 -0.805640
v 0.658751 1.921472 -0.653527
v 0.669403 1.921860 -0.655669
v 0.678431 1.922967 -0.661768
v 0.684465 1.924623 -0.670897
v 0.686584 1.926576 -0.681665
v 0.288364 1.921472 -0.653527
v 0.277712 1.921860 -0.655669
v 0.268684 1.922967 -0.661768
v 0.262650 1.924623 -0.670897
v 0.260530 1.926576 -0.681665
v 0.658751 1.953869 -0.639394
v 0.669403 1.955175 -0.641136
v 0.678431 1.958893 -0.646096
v 0.684465 1.964458 -0.653520
v 0.686584 1.971021 -0.662277
v 0.288364 1.953869 -0.639394
v 0.277712 1.955175 -0.641136
v 0.268684 1.958893 -0.646096
v 0.262650 1.964458 -0.653520
v 0.260530 1.971021 -0.662277
v 0.658751 1.976522 -0.612262
v 0.669403 1.978469 -0.613236
v 0.678431 1.984014 -0.616009
v 0.684465 1.992311 -0.620159
v 0.686584 2.002099 -0.625055
v 0.288364 1.976522 -0.612262
v 0.277712 1.978469 -0.613236
v 0.268684 1.984014 -0.616009
v 0.262650 1.992311 -0.620159
v 0.260530 2.002099 -0.625055
v 0.735142 2.308286 -0.447420
v 0.736191 2.306168 -0.458071
v 0.737080 2.300134 -0.467100
v 0.737675 2.291105 -0.473133
v 0.737883 2.280454 -0.475252
v 0.737883 2.012477 -0.475252
v 0.737675 2.001827 -0.473133
v 0.737080 1.992797 -0.467100
v 0.736191 1.986764 -0.458071
v 0.735142 1.984646 -0.447420
v 0.211973 1.984646 -0.447420
v 0.210924 1.986764 -0.458071
v 0.210035 1.992797 -0.467100
v 0.209440 2.001827 -0.473133
v 0.209232 2.012477 -0.475252
v 0.209232 2.280454 -0.475252
v 0.209440 2.291105 -0.473133
v 0.210035 2.300134 -0.467100
v 0.210924 2.306168 -0.458071
v 0.211973 2.308286 -0.447420
v 0.690489 2.280454 -0.506920
v 0.688494 2.291105 -0.506094
v 0.682812 2.300134 -0.503740
v 0.674305 2.306168 -0.500217
v 0.664272 2.308286 -0.496061
v 0.690489 2.012477 -0.506920
v 0.688494 2.001827 -0.506094
v 0.682812 1.992797 -0.503740
v 0.674305 1.986764 -0.500217
v 0.664272 1.984646 -0.496061
v 0.701609 2.280454 -0.490277
v 0.700081 2.291105 -0.488750
v 0.695730 2.300134 -0.484400
v 0.701609 2.012477 -0.490277
v 0.700081 2.001827 -0.488750
v 0.695730 1.992797 -0.484400
v 0.718252 2.280454 -0.479157
v 0.717426 2.291105 -0.477161
v 0.715071 2.300134 -0.471478
v 0.711548 2.306168 -0.462973
v 0.707392 2.308286 -0.452940
v 0.718252 2.012477 -0.479157
v 0.717426 2.001827 -0.477161
v 0.715071 1.992797 -0.471478
v 0.711548 1.986764 -0.462973
v 0.707392 1.984646 -0.452940
v 0.256626 2.012477 -0.506920
v 0.258621 2.001827 -0.506094
v 0.264303 1.992797 -0.503740
v 0.272810 1.986764 -0.500217
v 0.282843 1.984646 -0.496061
v 0.256626 2.280454 -0.506920
v 0.258621 2.291105 -0.506094
v 0.264303 2.300134 -0.503740
v 0.272810 2.306168 -0.500217
v 0.282843 2.308286 -0.496061
v 0.245506 2.012477 -0.490277
v 0.247034 2.001827 -0.488750
v 0.251385 1.992797 -0.484400
v 0.245506 2.280454 -0.490277
v 0.247034 2.291105 -0.488750
v 0.251385 2.300134 -0.484400
v 0.228863 2.012477 -0.479157
v 0.229689 2.001827 -0.477161
v 0.232044 1.992797 -0.471478
v 0.235567 1.986764 -0.462973
v 0.239723 1.984646 -0.452940
v 0.228863 2.280454 -0.479157
v 0.229689 2.291105 -0.477161
v 0.232044 2.300134 -0.471478
v 0.235567 2.306168 -0.462973
v 0.239723 2.308286 -0.452940
v 0.263998 0.738697 -0.336481
v 0.683100 0.738756 -0.336508
v 0.263979 4.575296 -1.843531
v 0.683102 4.575229 -1.843440
v 0.683102 0.738857 -2.306157
v 0.263994 0.738846 -2.306223
v -0.510786 0.758050 -0.660095
v -0.740958 0.759899 -0.659855
v -0.511074 0.760104 -0.429865
v -0.741232 0.762057 -0.428913
v 0.260530 3.753900 -1.524919
v 0.260530 3.756961 -1.540943
v 0.260530 3.765679 -1.554527
v 0.260530 3.778726 -1.563604
v 0.260530 3.794116 -1.566791
v 0.260527 3.995423 -1.556834
v 0.260530 3.763325 -1.367266
v 0.260527 4.002114 -1.382136
v 0.260527 3.993747 -1.369143
v 0.260527 3.981225 -1.360461
v 0.260527 3.966455 -1.357412
v 0.260527 4.005052 -1.397462
v 1.458198 0.742693 -0.556648
v 1.688386 0.744747 -0.555953
v 1.458341 0.741467 -0.787690
v 1.688061 0.742885 -0.787201
v 0.686584 3.763622 -1.354886
v 0.686584 4.005052 -1.382901
v 0.686584 3.968003 -1.344845
v 0.686584 3.982181 -1.347742
v 0.686584 3.994200 -1.355992
v 0.686584 4.002231 -1.368338
v 0.686584 3.777553 -1.551222
v 0.686584 3.765122 -1.542674
v 0.686584 3.756816 -1.529881
v 0.686584 3.753900 -1.514790
v 0.686584 3.792216 -1.554224
v 0.686584 3.995142 -1.544076
vt 0.661099 0.358709
vt 0.663153 0.364548
vt 0.658638 0.369472
vt 0.653032 0.369472
vt 0.663083 0.360111
vt 0.663037 0.369468
vt 0.662032 0.374260
vt 0.663016 0.378825
vt 0.595141 0.318951
vt 0.640022 0.318951
vt 0.652133 0.328030
vt 0.609906 0.369472
vt 0.664492 0.360479
vt 0.661941 0.294697
vt 0.762557 0.005072
vt 0.769402 0.005296
vt 0.664428 0.378467
vt 0.663477 0.374055
vt 0.706186 0.526979
vt 0.655993 0.527186
vt 0.568411 0.227211
vt 0.571357 0.218485
vt 0.616238 0.218485
vt 0.638255 0.294101
vt 0.644751 0.318951
vt 0.650807 0.323490
vt 0.608421 0.369472
vt 0.593656 0.318951
vt 0.770936 0.005393
vt 0.665687 0.360791
vt 0.664733 0.365066
vt 0.657510 0.300525
vt 0.761878 0.004103
vt 0.660642 0.294001
vt 0.769767 0.003804
vt 0.707716 0.526899
vt 0.665624 0.378163
vt 0.664702 0.373882
vt 0.655280 0.528139
vt 0.706540 0.528469
vt 0.566081 0.222325
vt 0.566628 0.218485
vt 0.552120 0.185024
vt 0.560188 0.174261
vt 0.603313 0.174261
vt 0.559246 0.209407
vt 0.617723 0.218485
vt 0.639587 0.293471
vt 0.642387 0.300145
vt 0.567047 0.227731
vt 0.649480 0.318951
vt 0.607162 0.369472
vt 0.592397 0.318951
vt 0.771123 0.004026
vt 0.772415 0.003953
vt 0.666485 0.361000
vt 0.665551 0.365187
vt 0.664399 0.369473
vt 0.649886 0.302802
vt 0.656639 0.299267
vt 0.760124 0.004256
vt 0.659541 0.293410
vt 0.770627 0.002617
vt 0.762059 0.002603
vt 0.707894 0.528258
vt 0.709095 0.527381
vt 0.666424 0.377961
vt 0.665520 0.373767
vt 0.655968 0.529758
vt 0.708330 0.529473
vt 0.653788 0.528439
vt 0.564869 0.223165
vt 0.561745 0.218691
vt 0.560573 0.213946
vt 0.550547 0.179642
vt 0.554581 0.174261
vt 0.503684 0.005292
vt 0.553876 0.005084
vt 0.548816 0.160163
vt 0.604798 0.174261
vt 0.535398 0.178064
vt 0.551697 0.214682
vt 0.527944 0.214682
vt 0.527944 0.178064
vt 0.618982 0.218485
vt 0.640717 0.292937
vt 0.643320 0.298931
vt 0.565891 0.228173
vt 0.606321 0.369472
vt 0.591556 0.318951
vt 0.773103 0.005574
vt 0.665226 0.369476
vt 0.649925 0.301271
vt 0.655900 0.298199
vt 0.759384 0.004031
vt 0.658805 0.293016
vt 0.770217 0.001676
vt 0.762646 0.001737
vt 0.709879 0.526722
vt 0.655981 0.530533
vt 0.706977 0.530595
vt 0.652784 0.528139
vt 0.563841 0.223877
vt 0.557040 0.215549
vt 0.541404 0.176646
vt 0.548974 0.174261
vt 0.549140 0.166325
vt 0.503328 0.003801
vt 0.554591 0.004129
vt 0.502153 0.005372
vt 0.547372 0.160409
vt 0.606057 0.174261
vt 0.551580 0.216138
vt 0.527916 0.216138
vt 0.525261 0.214682
vt 0.525261 0.178064
vt 0.535229 0.176608
vt 0.527916 0.176608
vt 0.619823 0.218485
vt 0.641471 0.292579
vt 0.644112 0.297903
vt 0.565118 0.228468
vt 0.771558 0.001923
vt 0.773254 0.004213
vt 0.649958 0.299974
vt 0.655407 0.297486
vt 0.710021 0.528076
vt 0.708316 0.530351
vt 0.563155 0.224353
vt 0.560476 0.220384
vt 0.556574 0.216948
vt 0.540735 0.175308
vt 0.546491 0.172399
vt 0.547668 0.166059
vt 0.501975 0.004012
vt 0.501539 0.002797
vt 0.553912 0.002512
vt 0.556081 0.003823
vt 0.500774 0.004889
vt 0.546147 0.160617
vt 0.606898 0.174261
vt 0.551481 0.217371
vt 0.527834 0.217371
vt 0.525148 0.216138
vt 0.522987 0.214682
vt 0.522987 0.178064
vt 0.525148 0.176608
vt 0.535085 0.175375
vt 0.527834 0.175375
vt 0.644641 0.297215
vt 0.649979 0.299107
vt 0.559975 0.221052
vt 0.556179 0.218134
vt 0.540168 0.174174
vt 0.545294 0.171502
vt 0.546421 0.165832
vt 0.502892 0.001675
vt 0.553904 0.001737
vt 0.557081 0.004116
vt 0.499991 0.005549
vt 0.545329 0.160756
vt 0.551414 0.218196
vt 0.527713 0.218196
vt 0.524827 0.217371
vt 0.522779 0.216138
vt 0.521468 0.214682
vt 0.521468 0.178064
vt 0.522779 0.176608
vt 0.524827 0.175375
vt 0.534989 0.174550
vt 0.527713 0.174550
vt 0.555915 0.218926
vt 0.539789 0.173417
vt 0.544279 0.170742
vt 0.545588 0.165681
vt 0.499849 0.004195
vt 0.501553 0.001919
vt 0.524345 0.218196
vt 0.522184 0.217371
vt 0.521195 0.216138
vt 0.521195 0.176608
vt 0.522184 0.175375
vt 0.524345 0.174550
vt 0.543602 0.170233
vt 0.620069 0.369473
vt 0.614462 0.369473
vt 0.609948 0.364549
vt 0.612001 0.358710
vt 0.610085 0.378826
vt 0.611069 0.374260
vt 0.610064 0.369463
vt 0.610018 0.360112
vt 0.620968 0.328030
vt 0.633079 0.318952
vt 0.677960 0.318952
vt 0.663195 0.369473
vt 0.608673 0.378468
vt 0.609624 0.374056
vt 0.617108 0.527187
vt 0.566915 0.526979
vt 0.608609 0.360480
vt 0.611160 0.294698
vt 0.503699 0.005296
vt 0.510544 0.005073
vt 0.622294 0.323491
vt 0.628350 0.318952
vt 0.656863 0.218486
vt 0.701743 0.218486
vt 0.704689 0.227211
vt 0.634846 0.294102
vt 0.664680 0.369473
vt 0.679445 0.318952
vt 0.565379 0.526912
vt 0.607476 0.378164
vt 0.608399 0.373883
vt 0.617822 0.528142
vt 0.566547 0.528472
vt 0.502165 0.005394
vt 0.607414 0.360792
vt 0.608368 0.365067
vt 0.615590 0.300526
vt 0.503320 0.003803
vt 0.511226 0.004104
vt 0.612459 0.294002
vt 0.623621 0.318952
vt 0.630714 0.300145
vt 0.669788 0.174261
vt 0.712913 0.174261
vt 0.720981 0.185024
vt 0.713855 0.209408
vt 0.706473 0.218486
vt 0.707020 0.222326
vt 0.706053 0.227732
vt 0.655378 0.218486
vt 0.633514 0.293472
vt 0.665939 0.369473
vt 0.680704 0.318952
vt 0.565194 0.528268
vt 0.563995 0.527405
vt 0.606677 0.377961
vt 0.607581 0.373767
vt 0.608702 0.369470
vt 0.619566 0.527946
vt 0.617697 0.529657
vt 0.564750 0.529483
vt 0.501969 0.004025
vt 0.500631 0.004213
vt 0.606616 0.361001
vt 0.607550 0.365188
vt 0.616462 0.299267
vt 0.623214 0.302802
vt 0.501906 0.002801
vt 0.510496 0.002512
vt 0.512706 0.003768
vt 0.613560 0.293411
vt 0.629781 0.298932
vt 0.719225 0.005085
vt 0.769417 0.005292
vt 0.724284 0.160164
vt 0.718520 0.174261
vt 0.722554 0.179643
vt 0.721403 0.214683
vt 0.737702 0.178064
vt 0.745157 0.178064
vt 0.745157 0.214683
vt 0.712528 0.213947
vt 0.668303 0.174261
vt 0.711356 0.218692
vt 0.708232 0.223166
vt 0.707210 0.228174
vt 0.654119 0.218486
vt 0.632384 0.292937
vt 0.666780 0.369473
vt 0.681545 0.318952
vt 0.563138 0.527432
vt 0.607875 0.369476
vt 0.620312 0.528155
vt 0.617136 0.530534
vt 0.565420 0.530477
vt 0.499998 0.005575
vt 0.617200 0.298200
vt 0.623176 0.301272
vt 0.502178 0.001798
vt 0.510472 0.001738
vt 0.513718 0.004032
vt 0.614295 0.293016
vt 0.628989 0.297903
vt 0.769772 0.003802
vt 0.718513 0.004129
vt 0.770953 0.005360
vt 0.725729 0.160409
vt 0.723961 0.166326
vt 0.724127 0.174261
vt 0.731697 0.176646
vt 0.716061 0.215549
vt 0.737872 0.176609
vt 0.745185 0.176609
vt 0.747839 0.178064
vt 0.747839 0.214683
vt 0.721521 0.216138
vt 0.745185 0.216138
vt 0.667044 0.174261
vt 0.709259 0.223878
vt 0.707983 0.228469
vt 0.653278 0.218486
vt 0.631630 0.292580
vt 0.499842 0.004212
vt 0.617694 0.297487
vt 0.623143 0.299975
vt 0.628460 0.297216
vt 0.771130 0.004005
vt 0.771330 0.002671
vt 0.718644 0.002614
vt 0.772313 0.004295
vt 0.726954 0.160617
vt 0.725432 0.166059
vt 0.726610 0.172399
vt 0.716767 0.004326
vt 0.732366 0.175309
vt 0.716527 0.216948
vt 0.738016 0.175375
vt 0.745266 0.175375
vt 0.747952 0.176609
vt 0.750114 0.178064
vt 0.750114 0.214683
vt 0.747952 0.216138
vt 0.721620 0.217372
vt 0.745266 0.217372
vt 0.666203 0.174261
vt 0.712625 0.220385
vt 0.709946 0.224353
vt 0.623121 0.299108
vt 0.770209 0.001676
vt 0.719213 0.001737
vt 0.773192 0.004840
vt 0.727772 0.160757
vt 0.726680 0.165833
vt 0.727807 0.171503
vt 0.716021 0.004117
vt 0.732933 0.174175
vt 0.716922 0.218134
vt 0.738112 0.174551
vt 0.745388 0.174551
vt 0.748274 0.175375
vt 0.750322 0.176609
vt 0.751633 0.178064
vt 0.751633 0.214683
vt 0.750322 0.216138
vt 0.748274 0.217372
vt 0.721686 0.218196
vt 0.745388 0.218196
vt 0.713126 0.221053
vt 0.771550 0.001916
vt 0.727513 0.165682
vt 0.728821 0.170742
vt 0.733312 0.173417
vt 0.717186 0.218926
vt 0.748755 0.174551
vt 0.750917 0.175375
vt 0.751906 0.176609
vt 0.751906 0.216138
vt 0.750917 0.217372
vt 0.748755 0.218196
vt 0.729499 0.170234
vt 0.756557 0.445151
vt 0.756557 0.449880
vt 0.752018 0.451206
vt 0.815890 0.281476
vt 0.816813 0.282399
vt 0.794773 0.282399
vt 0.795696 0.281476
vt 0.816993 0.283961
vt 0.793982 0.283190
vt 0.815890 0.244858
vt 0.795696 0.244858
vt 0.816812 0.243935
vt 0.818519 0.282034
vt 0.816546 0.284892
vt 0.795039 0.284892
vt 0.794773 0.243935
vt 0.818374 0.243755
vt 0.819306 0.282133
vt 0.793067 0.244301
vt 0.792280 0.282133
vt 0.816447 0.242229
vt 0.794593 0.242374
vt 0.819306 0.244202
vt 0.792280 0.244202
vt 0.816546 0.241442
vt 0.795039 0.241442
vt 0.744190 0.429869
vt 0.743268 0.428947
vt 0.765307 0.428947
vt 0.764384 0.429869
vt 0.743087 0.427385
vt 0.766098 0.428156
vt 0.744190 0.466488
vt 0.764384 0.466488
vt 0.743268 0.467411
vt 0.741561 0.429312
vt 0.743534 0.426453
vt 0.765041 0.426453
vt 0.765307 0.467411
vt 0.741706 0.467591
vt 0.740775 0.429213
vt 0.767013 0.467045
vt 0.767800 0.429213
vt 0.743633 0.469117
vt 0.765487 0.468972
vt 0.740775 0.467144
vt 0.767800 0.467144
vt 0.743534 0.469904
vt 0.765041 0.469904
vt 0.753621 0.445644
vt 0.756416 0.450608
vt 0.752018 0.449176
vt 0.753769 0.450947
vt 0.752370 0.450481
vt 0.755615 0.445853
vt 0.752370 0.445877
vt 0.753769 0.445411
vt 0.755615 0.450504
vt 0.872326 0.471796
vt 0.841031 0.472166
vt 0.990599 0.880740
vt 0.969056 0.882028
vt 0.992788 0.881159
vt 0.971088 0.914658
vt 0.969312 0.913515
vt 0.968126 0.911804
vt 0.967709 0.909786
vt 0.994644 0.882350
vt 0.995885 0.884133
vt 0.996320 0.886236
vt 0.994960 0.913744
vt 0.973182 0.915060
vt 0.963687 0.004257
vt 0.994944 0.004528
vt 0.862771 0.447499
vt 0.841334 0.446683
vt 0.864866 0.447098
vt 0.866641 0.445955
vt 0.867827 0.444243
vt 0.985502 0.003172
vt 0.954090 0.002906
vt 0.876472 0.415458
vt 0.854622 0.414129
vt 0.850620 0.447095
vt 0.849233 0.419365
vt 0.849643 0.417361
vt 0.850811 0.415663
vt 0.852560 0.414528
vt 0.877844 0.443386
vt 0.877448 0.445323
vt 0.876321 0.446966
vt 0.874634 0.448063
vt 0.872644 0.448449
vt 0.850645 0.471126
vt 0.881949 0.470890
vt 0.985154 0.915621
vt 0.963476 0.916462
vt 0.961486 0.916076
vt 0.959799 0.914979
vt 0.958672 0.913337
vt 0.792454 0.234058
vt 0.795446 0.234058
vt 0.798438 0.237049
vt 0.798438 0.240041
vt 0.794635 0.227422
vt 0.795389 0.231214
vt 0.798438 0.234058
vt 0.801281 0.237106
vt 0.805073 0.237861
vt 0.798438 0.286293
vt 0.792454 0.292277
vt 0.774440 0.292277
vt 0.774440 0.234058
vt 0.796090 0.227279
vt 0.796760 0.230646
vt 0.774440 0.106170
vt 0.794635 0.106170
vt 0.805216 0.236405
vt 0.801849 0.235736
vt 0.828895 0.237861
vt 0.828895 0.288473
vt 0.805073 0.288473
vt 0.798438 0.289285
vt 0.795446 0.292277
vt 0.794635 0.298912
vt 0.794635 0.420164
vt 0.774440 0.420164
vt 0.772985 0.234058
vt 0.772985 0.292277
vt 0.795557 0.105248
vt 0.797324 0.227157
vt 0.797922 0.230165
vt 0.773518 0.105248
vt 0.828918 0.236405
vt 0.833326 0.237861
vt 0.833326 0.288473
vt 0.828918 0.289929
vt 0.805216 0.289929
vt 0.801281 0.289228
vt 0.798438 0.292277
vt 0.795389 0.295120
vt 0.795557 0.421087
vt 0.796090 0.299056
vt 0.773518 0.421087
vt 0.771751 0.234058
vt 0.771751 0.292277
vt 0.796776 0.104701
vt 0.798148 0.227076
vt 0.798699 0.229843
vt 0.799688 0.232808
vt 0.798798 0.233697
vt 0.772299 0.104701
vt 0.833419 0.236405
vt 0.837303 0.237861
vt 0.837303 0.288473
vt 0.833419 0.289929
vt 0.801849 0.290599
vt 0.796760 0.295688
vt 0.796776 0.421634
vt 0.797324 0.299177
vt 0.772299 0.421634
vt 0.770927 0.234058
vt 0.770927 0.292277
vt 0.798050 0.105514
vt 0.800282 0.232213
vt 0.802330 0.234573
vt 0.771025 0.105514
vt 0.837479 0.236405
vt 0.840418 0.237861
vt 0.840418 0.288473
vt 0.837479 0.289929
vt 0.797922 0.296170
vt 0.798050 0.420820
vt 0.798148 0.299258
vt 0.771025 0.420820
vt 0.840659 0.236405
vt 0.840659 0.289929
vt 0.798798 0.292637
vt 0.799688 0.293527
vt 0.798699 0.296491
vt 0.802330 0.291761
vt 0.800282 0.294121
vt 0.803371 0.240041
vt 0.803371 0.237049
vt 0.806363 0.234058
vt 0.809355 0.234058
vt 0.796736 0.237861
vt 0.800528 0.237106
vt 0.803371 0.234058
vt 0.806420 0.231214
vt 0.807174 0.227422
vt 0.809355 0.292277
vt 0.803371 0.286294
vt 0.827368 0.234058
vt 0.827368 0.292277
vt 0.796592 0.236405
vt 0.799960 0.235736
vt 0.789350 0.288473
vt 0.789350 0.237861
vt 0.796736 0.288473
vt 0.805719 0.227279
vt 0.805049 0.230646
vt 0.807174 0.106170
vt 0.827368 0.106170
vt 0.806363 0.292277
vt 0.803371 0.289285
vt 0.828824 0.234058
vt 0.828824 0.292277
vt 0.807174 0.298912
vt 0.827368 0.420164
vt 0.807174 0.420164
vt 0.789316 0.236405
vt 0.784649 0.237861
vt 0.784649 0.288473
vt 0.800528 0.289228
vt 0.789316 0.289929
vt 0.796592 0.289929
vt 0.806252 0.105248
vt 0.804485 0.227157
vt 0.803887 0.230165
vt 0.828291 0.105248
vt 0.806420 0.295120
vt 0.803371 0.292277
vt 0.830058 0.234058
vt 0.830058 0.292277
vt 0.828291 0.421087
vt 0.806252 0.421087
vt 0.805719 0.299056
vt 0.784516 0.236405
vt 0.784516 0.289929
vt 0.780941 0.237861
vt 0.780941 0.288473
vt 0.799960 0.290599
vt 0.805032 0.104701
vt 0.803011 0.233697
vt 0.802121 0.232808
vt 0.803661 0.227076
vt 0.803110 0.229843
vt 0.829510 0.104701
vt 0.805049 0.295688
vt 0.830882 0.234058
vt 0.830882 0.292277
vt 0.829510 0.421634
vt 0.805032 0.421634
vt 0.804485 0.299177
vt 0.780703 0.236405
vt 0.780703 0.289929
vt 0.803758 0.105514
vt 0.799478 0.234573
vt 0.801527 0.232213
vt 0.830784 0.105514
vt 0.803887 0.296170
vt 0.830784 0.420820
vt 0.803758 0.420820
vt 0.803661 0.299258
vt 0.803110 0.296491
vt 0.802121 0.293527
vt 0.803011 0.292637
vt 0.801527 0.294121
vt 0.799478 0.291761
vt 0.780442 0.288892
vt 0.779001 0.288878
vt 0.779599 0.237614
vt 0.780539 0.238515
vt 0.779783 0.290300
vt 0.831071 0.238491
vt 0.831141 0.288892
vt 0.831792 0.290297
vt 0.779870 0.291483
vt 0.832002 0.237598
vt 0.778815 0.236166
vt 0.832582 0.288878
vt 0.831694 0.291479
vt 0.832776 0.236160
vt 0.779855 0.234862
vt 0.831733 0.234860
vt 0.779587 0.237591
vt 0.780518 0.238484
vt 0.780404 0.288936
vt 0.779501 0.289852
vt 0.805797 0.264209
vt 0.831987 0.237606
vt 0.831049 0.238508
vt 0.778813 0.236154
vt 0.831147 0.288886
vt 0.831798 0.290291
vt 0.779857 0.291492
vt 0.832766 0.236158
vt 0.779856 0.234853
vt 0.832588 0.288870
vt 0.831700 0.291472
vt 0.831716 0.234851
vt 0.801766 0.237815
vt 0.801782 0.236374
vt 0.809621 0.236981
vt 0.808725 0.237921
vt 0.800360 0.237158
vt 0.801713 0.288561
vt 0.808752 0.288441
vt 0.800799 0.289463
vt 0.799180 0.237253
vt 0.809639 0.289369
vt 0.811091 0.236197
vt 0.799164 0.289099
vt 0.811098 0.290143
vt 0.812414 0.237239
vt 0.812416 0.289097
vt 0.800697 0.237861
vt 0.805944 0.237861
vt 0.805944 0.288473
vt 0.800697 0.288473
vt 0.800524 0.236405
vt 0.805952 0.236405
vt 0.811105 0.237861
vt 0.811105 0.288473
vt 0.800524 0.289929
vt 0.805952 0.289929
vt 0.797384 0.237861
vt 0.797384 0.288473
vt 0.797125 0.236405
vt 0.811291 0.236405
vt 0.814195 0.237861
vt 0.814195 0.288473
vt 0.811291 0.289929
vt 0.797125 0.289929
vt 0.814460 0.236405
vt 0.814460 0.289929
vt 0.757234 0.444948
vt 0.754281 0.447888
vt 0.754390 0.445006
vt 0.751399 0.447997
vt 0.751341 0.450841
vt 0.752712 0.451409
vt 0.751341 0.451409
vt 0.754294 0.448469
vt 0.754185 0.451351
vt 0.757176 0.448360
vt 0.757234 0.445516
vt 0.755863 0.444948
vt 0.751341 0.451409
vt 0.754294 0.448469
vt 0.754185 0.451352
vt 0.757176 0.448360
vt 0.757234 0.445516
vt 0.755863 0.444948
vt 0.757234 0.444948
vt 0.754281 0.447888
vt 0.754390 0.445006
vt 0.751398 0.447997
vt 0.751341 0.450841
vt 0.752712 0.451409
vt 0.755467 0.449704
vt 0.752583 0.446697
vt 0.753954 0.446129
vt 0.752583 0.446696
vt 0.753954 0.446129
vt 0.755467 0.449704
vt 0.753107 0.446653
vt 0.755992 0.449661
vt 0.754621 0.450229
vt 0.755992 0.449661
vt 0.754621 0.450229
vt 0.753107 0.446653
vt 0.769484 0.432750
vt 0.769380 0.463834
vt 0.739098 0.464074
vt 0.739017 0.432575
vt 0.739399 0.463896
vt 0.739351 0.432716
vt 0.769505 0.432678
vt 0.769695 0.464081
vt 0.780413 0.182281
vt 0.779515 0.181292
vt 0.831806 0.180855
vt 0.831155 0.182330
vt 0.779884 0.179446
vt 0.831708 0.179460
vt 0.832596 0.182260
vt 0.831112 0.337516
vt 0.780500 0.337516
vt 0.779044 0.337467
vt 0.832568 0.337467
vt 0.831112 0.342339
vt 0.780500 0.342339
vt 0.779044 0.342392
vt 0.832568 0.342392
vt 0.831112 0.346766
vt 0.780500 0.346766
vt 0.779044 0.346944
vt 0.832568 0.346944
vt 0.780513 0.414167
vt 0.779583 0.414933
vt 0.779079 0.255982
vt 0.780564 0.255982
vt 0.779079 0.205461
vt 0.780564 0.205461
vt 0.831022 0.255982
vt 0.831045 0.414144
vt 0.831982 0.414919
vt 0.779031 0.114978
vt 0.780487 0.115081
vt 0.831022 0.205461
vt 0.832507 0.255982
vt 0.779031 0.110863
vt 0.780487 0.111030
vt 0.831099 0.115081
vt 0.832507 0.205461
vt 0.831099 0.111030
vt 0.832555 0.114978
vt 0.832555 0.110863
vt 0.780413 0.002613
vt 0.779509 0.001623
vt 0.831806 0.001187
vt 0.831155 0.002662
vt 0.779866 -0.000224
vt 0.831709 -0.000209
vt 0.832596 0.002591
vt 0.831112 0.151423
vt 0.780500 0.151423
vt 0.779044 0.151352
vt 0.832568 0.151352
vt 0.831112 0.155587
vt 0.780500 0.155587
vt 0.779044 0.155546
vt 0.832568 0.155546
vt 0.831112 0.159836
vt 0.780500 0.159836
vt 0.779044 0.159838
vt 0.832568 0.159837
vt 0.831112 0.164083
vt 0.780500 0.164083
vt 0.779044 0.164125
vt 0.832568 0.164125
vt 0.831112 0.168240
vt 0.780500 0.168240
vt 0.779044 0.168313
vt 0.832568 0.168313
vt 0.831157 0.523683
vt 0.780455 0.523683
vt 0.779016 0.523739
vt 0.832596 0.523739
vt 0.831814 0.525155
vt 0.779789 0.525156
vt 0.831719 0.526557
vt 0.779872 0.526557
vt 0.780513 0.406497
vt 0.779586 0.407264
vt 0.779079 0.236851
vt 0.780564 0.236851
vt 0.779079 0.192626
vt 0.780564 0.192626
vt 0.831022 0.236851
vt 0.831072 0.406497
vt 0.832003 0.407264
vt 0.779031 0.118532
vt 0.780487 0.118657
vt 0.831022 0.192626
vt 0.832507 0.236851
vt 0.831099 0.118657
vt 0.832507 0.192626
vt 0.832555 0.118532
vt 0.831068 0.119548
vt 0.831992 0.118807
vt 0.832555 0.408058
vt 0.831099 0.407919
vt 0.780487 0.407919
vt 0.780517 0.119548
vt 0.779590 0.118808
vt 0.779031 0.408058
vt 0.786028 0.292277
vt 0.787483 0.292277
vt 0.787483 0.420164
vt 0.786561 0.421087
vt 0.786028 0.234058
vt 0.787483 0.234058
vt 0.824102 0.292277
vt 0.824102 0.420164
vt 0.786561 0.105248
vt 0.787483 0.106170
vt 0.824102 0.234058
vt 0.825557 0.292277
vt 0.825025 0.421087
vt 0.824102 0.106170
vt 0.825557 0.234058
vt 0.825025 0.105248
vt 0.786561 0.201136
vt 0.787483 0.202059
vt 0.787483 0.322936
vt 0.786028 0.322964
vt 0.824102 0.322936
vt 0.824102 0.202059
vt 0.787483 0.325618
vt 0.786028 0.325731
vt 0.825025 0.201136
vt 0.824102 0.325618
vt 0.825557 0.322964
vt 0.825557 0.325731
vt 0.825025 0.325199
vt 0.824102 0.324276
vt 0.824102 0.203399
vt 0.825557 0.203370
vt 0.787483 0.203399
vt 0.787483 0.324276
vt 0.824102 0.200716
vt 0.825557 0.200603
vt 0.786561 0.325199
vt 0.787483 0.200716
vt 0.786028 0.203370
vt 0.786028 0.200603
vt 0.880774 0.445286
vt 0.850557 0.445153
vt 0.986305 0.005005
vt 0.986305 0.031151
vt 0.986305 0.033254
vt 0.880285 0.473527
vt 0.850300 0.473767
vt 0.986214 0.885453
vt 0.986213 0.911256
vt 0.986213 0.913274
vt 0.955760 0.004468
vt 0.985738 0.004734
vt 0.849835 0.444808
vt 0.849835 0.418896
vt 0.849835 0.446746
vt 0.955403 0.914102
vt 0.849750 0.500070
vt 0.849750 0.498067
vt 0.849750 0.471739
vt 0.985485 0.914094
vn 1.000000 0.000010 -0.000025
vn 0.994266 0.015644 -0.105786
vn 0.999967 0.000614 -0.008087
vn 1.000000 0.000004 -0.000019
vn 0.963852 -0.002843 -0.266422
vn -1.000000 0.000004 -0.000019
vn -0.999967 0.000613 -0.008087
vn -0.994269 0.015649 -0.105752
vn -1.000000 0.000010 -0.000025
vn -0.963849 -0.002829 -0.266434
vn 1.000000 -0.000000 0.000000
vn 1.000000 0.000000 0.000000
vn 1.000000 0.000000 0.000000
vn 1.000000 0.000000 0.000000
vn 1.000000 0.000000 0.000000
vn -1.000000 0.000000 0.000000
vn -1.000000 0.000000 0.000000
vn -1.000000 0.000000 0.000000
vn -1.000000 0.000000 0.000000
vn -1.000000 0.000000 0.000000
vn 1.000000 -0.000000 0.000000
vn 0.999996 0.001116 0.002776
vn 0.999996 0.002978 0.000292
vn 1.000000 0.000000 0.000000
vn 0.976245 0.173372 0.129956
vn -1.000000 0.000000 0.000000
vn -0.999996 0.002977 0.000292
vn -0.999996 0.001115 0.002777
vn -1.000000 0.000000 0.000000
vn -0.976245 0.173373 0.129956
vn 1.000000 -0.000000 0.000000
vn 1.000000 0.000000 0.000000
vn 1.000000 -0.000000 0.000000
vn 1.000000 0.000000 0.000000
vn 1.000000 -0.000000 0.000000
vn -1.000000 0.000000 0.000000
vn -1.000000 0.000000 0.000000
vn -1.000000 0.000000 0.000000
vn -1.000000 0.000000 0.000000
vn -1.000000 0.000000 0.000000
vn 0.000000 1.000000 -0.000000
vn 0.001929 0.999982 -0.005683
vn 0.005686 0.999982 -0.001925
vn 0.000000 1.000000 -0.000000
vn 0.203937 0.957508 -0.203932
vn 0.000000 -1.000000 0.000000
vn 0.005686 -0.999982 -0.001931
vn 0.001929 -0.999982 -0.005687
vn 0.000000 -1.000000 0.000000
vn 0.203933 -0.957510 -0.203928
vn 0.000000 -1.000000 0.000000
vn -0.001930 -0.999982 -0.005688
vn -0.005686 -0.999982 -0.001928
vn 0.000000 -1.000000 0.000000
vn -0.203926 -0.957512 -0.203925
vn 0.000000 1.000000 -0.000000
vn -0.005686 0.999982 -0.001925
vn -0.001930 0.999982 -0.005683
vn 0.000000 1.000000 -0.000000
vn -0.203931 0.957511 -0.203924
vn -0.006006 -0.999923 0.010876
vn -0.737854 -0.674960 -0.000414
vn -0.464504 -0.788455 -0.403205
vn -0.008737 -0.999919 -0.009282
vn -0.662654 -0.137880 0.736124
vn -0.621685 -0.480019 -0.618942
vn -0.647638 -0.761946 0.001900
vn -0.810410 -0.330477 -0.483757
vn -0.999975 -0.000537 0.007005
vn -0.999963 -0.004357 -0.007418
vn -0.009709 0.276852 0.960864
vn -0.549620 -0.015502 0.835271
vn 0.003917 -0.657390 0.753540
vn 0.005668 0.277349 0.960752
vn 0.683684 -0.205893 0.700132
vn -0.007126 -0.507093 0.861862
vn 0.007320 -0.508097 0.861269
vn 0.006012 -0.999923 0.010854
vn -0.774700 0.174095 0.607891
vn -0.862439 0.137364 0.487165
vn -0.999996 0.000802 0.002836
vn -0.663659 0.201317 0.720436
vn -0.562818 0.222644 0.796031
vn -0.006768 0.274064 0.961688
vn 0.999975 -0.000530 0.007011
vn 0.645650 -0.763630 0.002096
vn 0.810935 -0.330558 -0.482820
vn 0.999963 -0.004347 -0.007392
vn 0.621847 -0.479656 -0.619061
vn 0.741750 -0.670676 -0.000096
vn 0.467171 -0.786616 -0.403716
vn 0.008749 -0.999919 -0.009287
vn 0.620930 0.216843 0.753277
vn 0.562908 0.223821 0.795637
vn 0.005831 0.274112 0.961680
vn 0.709582 0.189545 0.678650
vn 0.774426 0.174174 0.608217
vn 0.861626 0.137733 0.488499
vn 0.999996 0.000806 0.002850
vn -0.999963 0.004486 0.007379
vn -0.811483 0.338516 0.476343
vn -0.648431 0.761271 -0.001873
vn -0.999974 0.000659 -0.007168
vn -0.611056 0.504458 0.610026
vn -0.665348 0.213805 -0.715262
vn -0.446337 0.806472 0.387796
vn -0.461478 0.711551 -0.529842
vn -0.034923 0.998880 0.031929
vn -0.034996 0.998550 -0.040909
vn -0.008505 0.283289 0.958997
vn -0.482188 0.417302 0.770295
vn -0.459265 0.250798 0.852160
vn -0.005682 0.280523 0.959831
vn -0.694486 0.204649 0.689788
vn -0.852260 0.148752 0.501524
vn -0.999971 0.002160 0.007346
vn 0.467184 0.786602 0.403728
vn 0.029588 0.999070 0.031365
vn 0.615850 0.492335 0.615089
vn 0.482321 0.416960 0.770397
vn 0.008514 0.283286 0.958998
vn 0.999962 0.004517 0.007412
vn 0.809530 0.340688 0.478115
vn 0.851206 0.149264 0.503158
vn 0.999970 0.002169 0.007375
vn 0.693635 0.204931 0.690560
vn 0.459039 0.250875 0.852259
vn 0.005687 0.280524 0.959830
vn 0.741000 0.671505 0.000375
vn 0.021042 0.999122 -0.036235
vn 0.675607 0.238299 -0.697688
vn 0.643792 0.765198 -0.001974
vn 0.999974 0.000673 -0.007174
vn -0.009664 -0.276702 -0.960907
vn -0.543332 0.022727 -0.839211
vn 0.004023 0.655812 -0.754913
vn 0.005665 -0.277223 -0.960789
vn 0.004020 0.540632 -0.841250
vn -0.776865 -0.173256 -0.605362
vn -0.853721 -0.143420 -0.500591
vn -0.999994 -0.000925 -0.003198
vn -0.666213 -0.203859 -0.717357
vn -0.556447 -0.228301 -0.798903
vn -0.006675 -0.278645 -0.960371
vn 0.620842 -0.216730 -0.753382
vn 0.556823 -0.229438 -0.798315
vn 0.005769 -0.278670 -0.960370
vn 0.713247 -0.191838 -0.674149
vn 0.774362 -0.174050 -0.608334
vn 0.851506 -0.144383 -0.504074
vn 0.999994 -0.000930 -0.003213
vn -0.008524 -0.283101 -0.959052
vn -0.490524 -0.407076 -0.770503
vn -0.464229 -0.250060 -0.849683
vn -0.005689 -0.280523 -0.959830
vn -0.693999 -0.204736 -0.690252
vn -0.847204 -0.151012 -0.509353
vn -0.999969 -0.002235 -0.007601
vn 0.489187 -0.407278 -0.771246
vn 0.008503 -0.283104 -0.959052
vn 0.999689 0.006599 -0.024057
vn 0.773891 0.180557 -0.607036
vn 0.849776 0.150330 -0.505254
vn 0.999736 0.006610 -0.022012
vn 0.682910 0.048615 -0.728883
vn 0.713432 0.199369 -0.671764
vn 0.620088 0.224132 -0.751835
vn 0.559535 0.236663 -0.794299
vn 0.005617 0.285908 -0.958241
vn 0.005738 0.286582 -0.958039
vn 0.005565 -0.997914 -0.064311
vn 0.755304 -0.655374 0.001012
vn 0.125072 -0.780846 0.612076
vn 0.007774 -0.998362 0.056680
vn 0.628307 -0.364768 0.687150
vn 0.647222 -0.762162 -0.014566
vn 0.804368 -0.216164 0.553412
vn 0.999780 -0.007354 0.019669
vn 0.007440 -0.683514 -0.729900
vn -0.007233 -0.684402 -0.729069
vn -0.005616 0.285905 -0.958242
vn -0.678073 0.035507 -0.734136
vn 0.003969 -0.533875 -0.845554
vn -0.130366 -0.572047 -0.809794
vn -0.009717 -0.997328 -0.072398
vn -0.617538 0.224730 -0.753753
vn -0.557047 0.237156 -0.795899
vn -0.005738 0.286582 -0.958039
vn -0.713490 0.199374 -0.671701
vn -0.776257 0.179746 -0.604249
vn -0.851276 0.149645 -0.502927
vn -0.999689 0.006601 -0.024056
vn -0.999736 0.006610 -0.022012
vn -0.648216 -0.761321 -0.014362
vn -0.805549 -0.215568 0.551925
vn -0.999781 -0.007323 0.019589
vn -0.628165 -0.366739 0.686230
vn -0.129729 -0.789330 0.600107
vn -0.009596 -0.998353 0.056570
vn 0.008554 -0.329898 0.943978
vn 0.534515 -0.377289 0.756272
vn 0.513657 -0.288323 0.808101
vn 0.006013 -0.333648 0.942679
vn 0.698782 -0.240402 0.673729
vn 0.863262 -0.169224 0.475545
vn 0.999961 -0.002952 0.008299
vn -0.532929 -0.377630 0.757221
vn -0.008531 -0.329899 0.943978
vn -0.864087 -0.168744 0.474214
vn -0.999961 -0.002943 0.008274
vn -0.698804 -0.240375 0.673716
vn -0.512230 -0.288585 0.808912
vn -0.006003 -0.333648 0.942679
vn 0.005536 -0.280518 -0.959833
vn 0.376855 -0.259902 -0.889062
vn 0.463223 -0.250188 -0.850194
vn 0.005682 -0.280523 -0.959830
vn 0.701895 -0.199794 -0.683685
vn 0.693853 -0.204747 -0.690396
vn 0.923459 -0.107560 -0.368313
vn 0.847893 -0.150681 -0.508303
vn 0.999990 -0.001235 -0.004232
vn 0.999969 -0.002230 -0.007585
vn -0.000030 -0.999903 0.013936
vn -0.002461 -0.873625 0.486594
vn -0.130067 -0.817796 0.560618
vn -0.003976 -0.999759 0.021578
vn -0.003944 -0.707105 0.707098
vn -0.289001 -0.638540 0.713264
vn -0.002461 -0.486598 0.873623
vn -0.203915 -0.518902 0.830156
vn -0.000018 -0.008249 0.999966
vn -0.004005 -0.012314 0.999916
vn 0.000030 0.999903 0.013937
vn 0.002461 0.873619 0.486604
vn 0.130065 0.817793 0.560622
vn 0.003976 0.999759 0.021580
vn 0.003944 0.707105 0.707098
vn 0.289000 0.638542 0.713263
vn 0.002461 0.486598 0.873623
vn 0.203916 0.518902 0.830156
vn 0.000018 0.008249 0.999966
vn 0.004005 0.012314 0.999916
vn 0.003993 0.999781 -0.020536
vn 0.136480 0.819179 -0.557063
vn 0.005639 0.856339 -0.516383
vn 0.000065 0.999969 -0.007903
vn 0.300534 0.634547 -0.712060
vn 0.008738 0.707630 -0.706530
vn 0.213253 0.513497 -0.831171
vn 0.008119 0.535882 -0.844254
vn 0.004234 0.012310 -0.999915
vn 0.004377 0.008633 -0.999953
vn 0.999621 0.013497 -0.023993
vn 0.764438 0.324526 -0.557061
vn 0.764438 0.324526 0.557062
vn 0.999621 0.013497 0.023993
vn 0.213252 -0.513495 -0.831172
vn 0.004234 -0.012310 -0.999915
vn 0.300534 -0.634546 -0.712061
vn 0.764436 -0.324531 -0.557061
vn 0.999621 -0.013496 -0.023993
vn 0.008119 -0.535883 -0.844253
vn 0.004377 -0.008634 -0.999953
vn 0.008738 -0.707630 -0.706529
vn 0.136481 -0.819183 -0.557056
vn 0.005639 -0.856345 -0.516373
vn 0.003993 -0.999781 -0.020535
vn 0.000065 -0.999969 -0.007903
vn 0.130066 -0.817796 0.560619
vn 0.003976 -0.999759 0.021578
vn 0.289001 -0.638541 0.713263
vn 0.764435 -0.324531 0.557062
vn 0.999621 -0.013496 0.023993
vn 0.203916 -0.518901 0.830157
vn 0.004005 -0.012314 0.999916
vn -0.003993 -0.999781 -0.020535
vn -0.136482 -0.819184 -0.557056
vn -0.005639 -0.856345 -0.516373
vn -0.000065 -0.999969 -0.007903
vn -0.300533 -0.634547 -0.712061
vn -0.008738 -0.707630 -0.706529
vn -0.213253 -0.513495 -0.831172
vn -0.008119 -0.535883 -0.844253
vn -0.004234 -0.012310 -0.999915
vn -0.004377 -0.008634 -0.999953
vn -0.999621 -0.013496 -0.023993
vn -0.764435 -0.324529 -0.557064
vn -0.764435 -0.324529 0.557063
vn -0.999621 -0.013496 0.023993
vn -0.213251 0.513490 -0.831175
vn -0.004234 0.012310 -0.999915
vn -0.300531 0.634544 -0.712064
vn -0.764437 0.324527 -0.557063
vn -0.999621 0.013496 -0.023993
vn -0.008119 0.535876 -0.844257
vn -0.004377 0.008633 -0.999953
vn -0.008738 0.707624 -0.706535
vn -0.136481 0.819178 -0.557064
vn -0.005639 0.856339 -0.516383
vn -0.003993 0.999781 -0.020536
vn -0.000065 0.999969 -0.007903
vn -0.130065 0.817787 0.560632
vn -0.003976 0.999759 0.021580
vn -0.288999 0.638538 0.713267
vn -0.764437 0.324527 0.557063
vn -0.999621 0.013496 0.023993
vn -0.203917 0.518901 0.830156
vn -0.004005 0.012314 0.999916
vn 0.999987 0.005109 0.000148
vn 0.928054 0.372299 0.010420
vn 0.921443 0.388029 -0.019390
vn 0.999793 0.007262 -0.019022
vn 0.713254 0.700653 0.018839
vn 0.699300 0.714655 -0.015720
vn 0.386928 0.921799 0.023969
vn 0.369872 0.929039 -0.008991
vn 0.004612 0.999771 0.020880
vn 0.002666 0.999996 -0.000070
vn -0.004612 0.999771 0.020880
vn -0.386928 0.921799 0.023969
vn -0.369872 0.929039 -0.008991
vn -0.002666 0.999996 -0.000070
vn -0.713253 0.700653 0.018839
vn -0.699300 0.714656 -0.015720
vn -0.928054 0.372300 0.010420
vn -0.921443 0.388029 -0.019389
vn -0.999987 0.005109 0.000148
vn -0.999793 0.007262 -0.019022
vn 0.003764 -0.998149 0.060707
vn 0.390829 -0.916410 0.086286
vn 0.366259 -0.930236 -0.022716
vn 0.002337 -0.999997 -0.000153
vn 0.718603 -0.692155 0.067313
vn 0.696443 -0.716463 -0.040597
vn 0.931266 -0.362510 0.036469
vn 0.919901 -0.388876 -0.050574
vn 0.999998 -0.002114 0.000219
vn 0.999807 -0.002850 -0.019460
vn -0.999998 -0.002114 0.000219
vn -0.931265 -0.362512 0.036469
vn -0.919900 -0.388878 -0.050573
vn -0.999807 -0.002850 -0.019460
vn -0.718603 -0.692155 0.067313
vn -0.696443 -0.716463 -0.040597
vn -0.390830 -0.916410 0.086286
vn -0.366259 -0.930236 -0.022716
vn -0.003764 -0.998149 0.060707
vn -0.002337 -0.999997 -0.000153
vn -0.005543 0.280517 0.959833
vn 0.005543 0.280517 0.959833
vn 0.999988 0.001404 0.004810
vn -0.005578 0.287521 0.957758
vn 0.005578 0.287521 0.957758
vn -0.999990 -0.001235 -0.004232
vn -0.999994 0.000984 0.003272
vn -0.999988 0.001404 0.004810
vn -0.999997 -0.000724 -0.002269
vn -0.005650 -0.300305 -0.953827
vn 0.005650 -0.300305 -0.953827
vn -0.005536 -0.280518 -0.959833
vn 0.000018 -0.008249 0.999966
vn -0.000018 0.008249 0.999966
vn 0.000030 -0.999903 0.013936
vn -0.000030 0.999903 0.013937
vn 0.999994 0.000984 0.003272
vn 0.999997 -0.000724 -0.002269
vn 0.005646 -0.139922 -0.990147
vn -0.005647 -0.139923 -0.990146
vn 0.005650 0.003572 -0.999978
vn -0.005649 0.003571 -0.999978
vn 0.005646 0.146987 -0.989122
vn -0.005647 0.146989 -0.989122
vn 0.005851 -0.605171 0.796074
vn -0.005851 -0.605171 0.796074
vn 0.005875 -0.958185 0.286088
vn 0.005875 -0.958185 0.286088
vn -0.005875 -0.958185 0.286088
vn -0.005875 -0.958185 0.286088
vn 0.005875 -0.942577 -0.333936
vn 0.005875 -0.942577 -0.333936
vn -0.005875 -0.942577 -0.333936
vn -0.005875 -0.942577 -0.333936
vn 0.005850 -0.564351 -0.825514
vn -0.005850 -0.564351 -0.825514
vn 0.005794 0.948708 0.316101
vn -0.005794 0.948708 0.316101
vn 0.005801 0.800147 0.599775
vn -0.005801 0.800147 0.599775
vn 0.005794 0.569539 0.821944
vn -0.005794 0.569539 0.821944
vn 0.005946 -0.178495 0.983923
vn -0.005946 -0.178495 0.983923
vn 0.005956 -0.599774 0.800147
vn -0.005956 -0.599774 0.800147
vn 0.005946 -0.894344 0.447340
vn -0.005946 -0.894344 0.447340
vn 0.999620 -0.004224 -0.027233
vn -0.999620 -0.004226 -0.027241
vn 0.999915 -0.010433 -0.007836
vn 0.999883 -0.012679 0.008561
vn 0.999915 -0.013007 -0.000327
vn -0.999883 -0.012679 0.008561
vn -0.999915 -0.010433 -0.007836
vn -0.999915 -0.013007 -0.000327
vn 0.999373 0.017603 0.030737
vn 0.999373 0.034441 0.008274
vn -0.999372 0.034441 0.008274
vn -0.999373 0.017603 0.030737
vn 0.999731 -0.020658 0.010517
vn 0.999731 -0.004300 0.022779
vn 0.999430 -0.020243 0.027005
vn -0.999731 -0.004300 0.022779
vn -0.999731 -0.020658 0.010517
vn -0.999430 -0.020242 0.027005
vn 0.000000 1.000000 -0.000000
vn 0.923853 0.008076 -0.382662
vn 0.923853 -0.008076 -0.382663
vn 0.707086 0.008096 -0.707081
vn 0.707086 -0.008097 -0.707081
vn 0.382698 0.008076 -0.923838
vn 0.382698 -0.008076 -0.923838
vn -0.923853 -0.008076 -0.382662
vn -0.923853 0.008076 -0.382662
vn -0.707086 -0.008097 -0.707081
vn -0.707086 0.008096 -0.707081
vn -0.382698 -0.008076 -0.923838
vn -0.382698 0.008076 -0.923838
vn 0.015408 0.998874 -0.044864
vn 0.044856 0.998875 -0.015409
vn 0.044851 -0.998875 -0.015412
vn 0.015406 -0.998875 -0.044854
vn -0.015406 -0.998875 -0.044850
vn -0.044853 -0.998875 -0.015407
vn -0.044857 0.998875 -0.015412
vn -0.015408 0.998874 -0.044864
vn 0.939935 -0.062714 0.335544
vn 0.735797 -0.122936 0.665950
vn 0.406031 -0.164165 0.898993
vn 0.911617 -0.049772 -0.408016
vn 0.711507 -0.094237 -0.696331
vn 0.388168 -0.128841 -0.912538
vn -0.923812 0.107333 0.367492
vn -0.702451 0.199643 0.683158
vn -0.377275 0.259843 0.888901
vn 0.377274 0.259844 0.888901
vn 0.702451 0.199643 0.683158
vn 0.923812 0.107334 0.367492
vn -0.925205 0.109247 0.363401
vn -0.705842 0.203868 0.678398
vn -0.380319 0.266045 0.885764
vn 0.380319 0.266046 0.885763
vn 0.705842 0.203870 0.678398
vn 0.925205 0.109248 0.363401
vn -0.923459 -0.107560 -0.368313
vn -0.929231 -0.111939 -0.352135
vn -0.701895 -0.199795 -0.683685
vn -0.712049 -0.211886 -0.669396
vn -0.376855 -0.259902 -0.889062
vn -0.384863 -0.277631 -0.880228
vn 0.384863 -0.277631 -0.880228
vn 0.712049 -0.211885 -0.669396
vn 0.929231 -0.111939 -0.352135
vn 0.002461 -0.873625 0.486594
vn 0.003944 -0.707105 0.707098
vn 0.002461 -0.486598 0.873623
vn -0.002461 0.873616 0.486610
vn -0.003944 0.707101 0.707102
vn -0.002461 0.486597 0.873623
vn -0.727932 0.093475 -0.679247
vn -0.388177 0.135383 -0.911587
vn 0.945885 -0.268441 0.182322
vn 0.749356 -0.546425 0.374012
vn 0.418608 -0.747759 0.515387
vn -0.945885 -0.258927 -0.195595
vn -0.749358 -0.526913 -0.401030
vn -0.418603 -0.720882 -0.552358
vn 0.925734 0.360784 0.113368
vn 0.752416 0.626184 0.204363
vn 0.397109 0.870542 0.290623
vn 0.348951 0.926444 -0.141192
vn 0.609111 0.752480 -0.250516
vn 0.844708 0.403817 -0.351284
vn -0.925734 0.210020 0.314496
vn -0.752418 0.371809 0.543715
vn -0.397113 0.523156 0.754062
vn -0.939934 -0.304480 0.154322
vn -0.735799 -0.604723 0.304811
vn -0.406032 -0.816845 0.409759
vn -0.348942 -0.926448 -0.141189
vn -0.609111 -0.752481 -0.250510
vn -0.844709 -0.403816 -0.351282
vn 0.717054 0.001755 -0.697015
vn 0.388383 0.003292 -0.921492
vn -0.911614 -0.049756 -0.408026
vn -0.711510 -0.094213 -0.696332
vn -0.388172 -0.128833 -0.912537
vn 0.727931 0.093427 -0.679255
vn 0.388177 0.135355 -0.911591
vn -0.717044 0.001766 -0.697026
vn -0.388377 0.003273 -0.921495
vn 0.946262 -0.323299 -0.008137
vn 0.750131 -0.661080 -0.016640
vn 0.419326 -0.907548 -0.022847
vn -0.945885 -0.268443 0.182321
vn -0.749356 -0.546426 0.374011
vn -0.418608 -0.747759 0.515386
vn 0.945885 -0.258929 -0.195595
vn 0.749358 -0.526913 -0.401030
vn 0.418604 -0.720882 -0.552358
vn -0.946262 -0.323299 -0.008138
vn -0.750132 -0.661079 -0.016640
vn -0.419326 -0.907548 -0.022847
vn 0.777526 0.503181 0.377177
vn 0.397544 0.734215 0.550351
vn -0.925734 0.360783 0.113367
vn -0.752416 0.626184 0.204362
vn -0.397109 0.870542 0.290623
vn 0.925734 0.210019 0.314497
vn 0.752418 0.371808 0.543715
vn 0.397113 0.523157 0.754061
vn -0.777526 0.503182 0.377176
vn -0.397544 0.734215 0.550351
vn 0.940296 -0.204141 0.272342
vn 0.736480 -0.405731 0.541276
vn 0.406621 -0.547960 0.731026
vn -0.939935 -0.062714 0.335544
vn -0.735797 -0.122936 0.665950
vn -0.406031 -0.164164 0.898993
vn 0.939934 -0.304480 0.154322
vn 0.735799 -0.604724 0.304810
vn 0.406032 -0.816845 0.409759
vn -0.940296 -0.204141 0.272342
vn -0.736480 -0.405731 0.541276
vn -0.406621 -0.547959 0.731027
vn 0.141193 -0.926446 -0.348944
vn 0.250517 -0.752498 -0.609088
vn 0.351290 -0.403837 -0.844696
vn -0.141199 0.926443 -0.348950
vn -0.250520 0.752497 -0.609087
vn -0.351292 0.403837 -0.844695
vn 0.449226 0.772283 -0.449194
vn 0.646628 0.404675 -0.646615
vn 0.348942 -0.926447 -0.141190
vn 0.609112 -0.752481 -0.250511
vn 0.844708 -0.403817 -0.351284
vn 0.141199 0.926443 -0.348950
vn 0.250521 0.752497 -0.609088
vn 0.351292 0.403837 -0.844695
vn 0.449224 -0.772287 -0.449189
vn 0.646627 -0.404677 -0.646614
vn -0.449223 -0.772286 -0.449192
vn -0.646629 -0.404676 -0.646613
vn -0.348951 0.926444 -0.141190
vn -0.609111 0.752480 -0.250515
vn -0.844707 0.403818 -0.351285
vn -0.141193 -0.926448 -0.348939
vn -0.250516 -0.752496 -0.609090
vn -0.351290 -0.403837 -0.844696
vn -0.449225 0.772283 -0.449194
vn -0.646626 0.404676 -0.646616
vn -0.844301 -0.324429 0.426499
vn 0.842482 -0.322696 0.431383
vn -0.846088 0.319419 -0.426739
vn 0.842509 0.322812 -0.431243
vn 0.843916 -0.317185 -0.432665
vn -0.845821 -0.311831 -0.432837
vn 0.674609 -0.410089 -0.613783
vn 0.994107 -0.097638 -0.047093
vn 0.976761 -0.214290 0.004181
vn 0.991967 -0.080664 -0.097438
vn 0.786829 -0.352450 -0.506636
vn -0.227080 -0.209368 -0.951105
vn -0.332735 -0.191246 -0.923424
vn -0.728816 0.321999 0.604272
vn -0.942620 0.319727 0.096142
vn -0.955982 0.293317 -0.007963
vn -0.898952 0.353799 0.258284
vn -0.729573 0.389670 0.562033
vn 0.239049 0.214702 0.946974
vn 0.252675 0.195583 0.947577
vn 0.754030 0.298269 0.585213
vn -0.126466 0.198574 0.971892
vn -0.202008 0.185817 0.961595
vn 0.904911 0.341512 0.253981
vn 0.762095 0.366382 0.533832
vn 0.944211 0.314645 0.097287
vn 0.956315 0.292231 -0.007981
vn -0.684284 -0.385298 -0.619113
vn 0.177375 -0.197374 -0.964148
vn 0.201352 -0.176251 -0.963532
vn -0.992836 -0.076055 -0.092154
vn -0.816444 -0.327194 -0.475776
vn -0.994626 -0.093246 -0.044991
vn -0.976663 -0.214752 0.003257
vn -0.905597 0.100518 -0.412056
vn -0.949976 0.232504 -0.208537
vn 0.759018 -0.071993 0.647077
vn 0.762605 0.004659 0.646848
vn -0.758198 -0.100108 0.644294
vn -0.746138 -0.014748 0.665628
vn 0.950447 0.245131 -0.191213
vn 0.900301 0.113505 -0.420209
vn 1.000000 0.000016 0.000002
vn 1.000000 0.000016 0.000002
vn 1.000000 0.000016 0.000002
vn 1.000000 0.000016 0.000002
vn 1.000000 0.000016 0.000002
vn 1.000000 0.000016 0.000002
vn 1.000000 0.000016 0.000002
vn 1.000000 0.000016 0.000002
vn -1.000000 0.000000 0.000000
vn -1.000000 0.000000 0.000000
vn -1.000000 0.000000 0.000000
vn -1.000000 0.000000 0.000000
vn -1.000000 0.000000 0.000000
vn -1.000000 0.000000 0.000000
vn -1.000000 0.000000 0.000000
vn -1.000000 0.000000 0.000000
s 1
g Eisel_Detailed4
usemtl lambert7SG
f 1713/2425/2008 1728/2426/2009 1729/2427/2010 1712/2428/2011
f 1728/2426/2009 1730/2430/2012 1729/2427/2010
f 1715/2609/2013 1731/2610/2014 1732/2611/2015 1714/2612/2016
f 1731/2610/2014 1733/2615/2017 1732/2611/2015
f 1717/2434/2018 1734/2449/2019 1735/2450/2020 1716/2435/2021
f 1734/2449/2019 1736/2475/2022 1735/2450/2020
f 1719/2617/2023 1737/2629/2024 1738/2630/2025 1718/2618/2026
f 1737/2629/2024 1739/2649/2027 1738/2630/2025
f 1721/2446/2028 1740/2466/2029 1741/2498/2030 1720/2470/2031
f 1740/2789/2029 1742/2790/2032 1741/2791/2030
f 1723/2654/2033 1743/2690/2034 1744/2655/2035 1722/2632/2036
f 1743/2690/2034 1745/2692/2037 1744/2655/2035
f 1725/2467/2038 1746/2499/2039 1747/2500/2040 1724/2468/2041
f 1746/2499/2039 1748/2530/2042 1747/2500/2040
f 1727/2652/2043 1749/2684/2044 1750/2685/2045 1726/2653/2046
f 1749/2684/2044 1751/2717/2047 1750/2685/2045
f 1754/2889/2048 1761/2890/2049 1762/2891/2050 1753/2892/2051
f 1761/2890/2049 1763/2895/2052 1762/2891/2050
f 1756/2971/2053 1764/2972/2054 1765/2973/2055 1755/2974/2056
f 1764/2972/2054 1766/2977/2057 1765/2973/2055
f 1758/2980/2058 1767/2993/2059 1768/2994/2060 1757/2981/2061
f 1767/2993/2059 1769/3011/2062 1768/2994/2060
f 1760/2898/2063 1770/2911/2064 1771/2912/2065 1759/2899/2066
f 1770/2911/2064 1772/2928/2067 1771/2912/2065
f 1776/3049/2068 1775/3050/2069 1828/3051/2070 1829/3052/2071
f 1775/2757/2069 1774/2736/2072 1825/2737/2073 1828/2758/2070
f 1774/2736/2072 1773/2712/2074 1824/2713/2075 1825/2737/2073
f 1773/2712/2074 1781/2682/2076 1830/2681/2077 1824/2713/2075
f 1779/3160/2078 1778/3161/2079 1789/3162/2080 1788/3163/2081
f 1778/3161/2079 1774/3164/2072 1783/3165/2082 1789/3162/2080
f 1774/3057/2072 1777/3053/2083 1790/3056/2084 1783/3061/2082
f 1777/3053/2083 1776/3049/2068 1791/3055/2085 1790/3056/2084
f 1781/2682/2076 1780/2714/2086 1839/2715/2087 1838/2683/2088
f 1780/2714/2086 1774/2738/2072 1840/2739/2089 1839/2715/2087
f 1774/2738/2072 1778/2759/2079 1841/2760/2090 1840/2739/2089
f 1778/3161/2079 1779/3160/2078 1842/3168/2091 1841/3169/2090
f 1785/2501/2092 1784/2532/2093 1833/2533/2094 1834/2502/2095
f 1784/2532/2093 1783/2560/2082 1832/2561/2096 1833/2533/2094
f 1783/2560/2082 1782/2581/2097 1835/2582/2098 1832/2561/2096
f 1782/3060/2097 1791/3055/2085 1836/3054/2099 1835/3058/2098
f 1788/3163/2081 1787/3166/2100 1844/3170/2101 1843/3167/2102
f 1787/2584/2100 1783/2563/2082 1845/2564/2103 1844/2585/2101
f 1783/2563/2082 1786/2534/2104 1846/2535/2105 1845/2564/2103
f 1786/2534/2104 1785/2501/2092 1847/2503/2106 1846/2535/2105
f 1795/2623/2107 1794/2640/2108 1812/2641/2109 1811/2624/2110
f 1794/2640/2108 1793/2668/2111 1807/2669/2112 1812/2641/2109
f 1793/2668/2111 1792/2702/2113 1806/2703/2114 1807/2669/2112
f 1792/3065/2113 1798/3066/2115 1813/3067/2116 1806/3068/2114
f 1797/3179/2117 1796/3180/2118 1859/3181/2119 1858/3182/2120
f 1796/2701/2118 1793/2667/2111 1860/2660/2121 1859/2697/2119
f 1793/2667/2111 1794/2640/2108 1861/2635/2122 1860/2660/2121
f 1794/2640/2108 1795/2623/2107 1862/2620/2123 1861/2635/2122
f 1798/3066/2115 1792/3065/2113 1799/3070/2124 1805/3071/2125
f 1792/3065/2113 1793/3072/2111 1800/3076/2126 1799/3070/2124
f 1793/3072/2111 1796/3077/2118 1801/3080/2127 1800/3076/2126
f 1796/3180/2118 1797/3179/2117 1802/3186/2128 1801/3187/2127
f 1804/2444/2129 1803/2463/2130 1864/2451/2131 1863/2436/2132
f 1803/2463/2130 1800/2495/2126 1865/2476/2133 1864/2451/2131
f 1800/2495/2126 1801/2526/2127 1866/2513/2134 1865/2476/2133
f 1801/3187/2127 1802/3186/2128 1867/3185/2135 1866/3191/2134
f 1805/3071/2125 1799/3070/2124 1814/3078/2136 1823/3073/2137
f 1799/2524/2124 1800/2493/2126 1815/2494/2138 1814/2525/2136
f 1800/2493/2126 1803/2463/2130 1816/2464/2139 1815/2494/2138
f 1803/2463/2130 1804/2444/2129 1817/2443/2140 1816/2464/2139
f 1809/3199/2141 1808/3200/2142 1821/3201/2143 1820/3202/2144
f 1808/3200/2142 1807/3203/2112 1815/3204/2138 1821/3201/2143
f 1807/3075/2112 1806/3068/2114 1822/3074/2145 1815/3079/2138
f 1806/3068/2114 1813/3067/2116 1823/3073/2137 1822/3074/2145
f 1811/2624/2110 1810/2637/2146 1849/2621/2147 1848/2613/2148
f 1810/2637/2146 1807/2663/2112 1850/2638/2149 1849/2621/2147
f 1807/2663/2112 1808/2699/2142 1851/2664/2150 1850/2638/2149
f 1808/3200/2142 1809/3199/2141 1852/3207/2151 1851/3208/2150
f 1820/3202/2144 1819/3205/2152 1854/3209/2153 1853/3206/2154
f 1819/2523/2152 1815/2490/2138 1855/2461/2155 1854/2491/2153
f 1815/2490/2138 1818/2460/2156 1856/2441/2157 1855/2461/2155
f 1818/2460/2156 1817/2443/2140 1857/2432/2158 1856/2441/2157
f 1827/3234/2159 1826/3235/2160 1917/3236/2161 1916/3237/2162
f 1826/2763/2160 1825/2742/2073 1918/2726/2163 1917/2753/2161
f 1825/2742/2073 1824/2713/2075 1919/2691/2164 1918/2726/2163
f 1824/2713/2075 1830/2681/2077 1920/2651/2165 1919/2691/2164
f 1829/3052/2071 1828/3051/2070 1835/3058/2098 1836/3054/2099
f 1828/3051/2070 1825/3059/2073 1832/3062/2096 1835/3058/2098
f 1825/3059/2073 1826/3063/2160 1831/3064/2166 1832/3062/2096
f 1826/3235/2160 1827/3234/2159 1837/3241/2167 1831/3242/2166
f 1881/2440/2168 1880/2453/2169 2008/2437/2170 2007/2429/2171
f 1880/2453/2169 1879/2479/2172 2009/2454/2173 2008/2437/2170
f 1879/2479/2172 1878/2515/2174 2010/2480/2175 2009/2454/2173
f 1878/3229/2174 1887/3226/2176 2011/3222/2177 2010/3225/2175
f 1884/3081/2178 1883/3082/2179 1901/3083/2180 1902/3084/2181
f 1883/2521/2179 1879/2487/2172 1898/2488/2182 1901/2522/2180
f 1879/2487/2172 1882/2459/2183 1897/2457/2184 1898/2488/2182
f 1882/2459/2183 1881/2440/2168 1903/2439/2185 1897/2457/2184
f 1887/3226/2176 1886/3230/2186 1892/3231/2187 1891/3227/2188
f 1886/3230/2186 1879/3232/2172 1889/3233/2189 1892/3231/2187
f 1879/3089/2172 1885/3085/2190 1893/3088/2191 1889/3092/2189
f 1885/3085/2190 1884/3081/2178 1894/3086/2192 1893/3088/2191
f 1891/3227/2188 1890/3228/2193 2013/3224/2194 2012/3223/2195
f 1890/2704/2193 1889/2671/2189 2014/2643/2196 2013/2672/2194
f 1889/2671/2189 1888/2642/2197 2015/2625/2198 2014/2643/2196
f 1888/2642/2197 1896/2627/2199 2016/2616/2200 2015/2625/2198
f 1896/2627/2199 1895/2646/2201 1906/2647/2202 1907/2628/2203
f 1895/2646/2201 1889/2676/2189 1905/2677/2204 1906/2647/2202
f 1889/2676/2189 1893/2707/2191 1908/2708/2205 1905/2677/2204
f 1893/3088/2191 1894/3086/2192 1909/3087/2206 1908/3090/2205
f 1900/3250/2207 1899/3251/2208 2018/3252/2209 2017/3253/2210
f 1899/2519/2208 1898/2485/2182 2019/2486/2211 2018/2520/2209
f 1898/2485/2182 1897/2457/2184 2020/2458/2212 2019/2486/2211
f 1897/2457/2184 1903/2439/2185 2021/2438/2213 2020/2458/2212
f 1902/3084/2181 1901/3083/2180 1908/3090/2205 1909/3087/2206
f 1901/3083/2180 1898/3091/2182 1905/3093/2204 1908/3090/2205
f 1898/3091/2182 1899/3094/2208 1904/3095/2214 1905/3093/2204
f 1899/3251/2208 1900/3250/2207 1910/3255/2215 1904/3256/2214
f 1907/2628/2203 1906/2647/2202 2028/2648/2216 2027/2626/2217
f 1906/2647/2202 1905/2678/2204 2029/2679/2218 2028/2648/2216
f 1905/2678/2204 1904/2709/2214 2030/2710/2219 2029/2679/2218
f 1904/3256/2214 1910/3255/2215 2031/3254/2220 2030/3257/2219
f 1925/3245/2221 1924/3248/2222 1927/3246/2223 1926/3240/2224
f 1924/2543/2222 1923/2509/2225 1928/2536/2226 1927/2565/2223
f 1923/2509/2225 1922/2471/2227 1929/2504/2228 1928/2536/2226
f 1922/2471/2227 1921/2447/2229 1930/2469/2230 1929/2504/2228
f 1940/2983/2231 1939/2996/2232 1997/3014/2233 1998/2998/2234
f 1939/2996/2232 1938/3013/2235 1994/3031/2236 1997/3014/2233
f 1938/3013/2235 1937/3030/2237 1993/3041/2238 1994/3031/2236
f 1937/3258/2237 1936/3259/2239 1999/3260/2240 1993/3261/2238
f 1945/2901/2241 1944/2916/2242 1969/2921/2243 1970/2904/2244
f 1944/2916/2242 1943/2933/2245 1966/2940/2246 1969/2921/2243
f 1943/2933/2245 1942/2950/2247 1965/2955/2248 1966/2940/2246
f 1942/3272/2247 1941/3268/2249 1971/3271/2250 1965/3273/2248
f 1954/2905/2251 1953/2918/2252 2196/2902/2253 2195/2893/2254
f 1953/2918/2252 1952/2935/2255 2197/2919/2256 2196/2902/2253
f 1952/2935/2255 1951/2952/2257 2198/2936/2258 2197/2919/2256
f 1951/3274/2257 1957/3275/2259 2199/3276/2260 2198/3277/2258
f 1956/2792/2261 1955/2793/2262 1967/2794/2263 1968/2795/2264
f 1955/2793/2262 1952/2796/2255 1966/2797/2246 1967/2794/2263
f 1952/2796/2255 1953/2802/2252 1969/2803/2243 1966/2797/2246
f 1953/2918/2252 1954/2905/2251 1970/2904/2244 1969/2921/2243
f 1957/3275/2259 1951/3274/2257 1960/3282/2265 1961/3279/2266
f 1951/2806/2257 1952/2801/2255 1959/2805/2267 1960/2811/2265
f 1952/2801/2255 1955/2793/2262 1962/2800/2268 1959/2805/2267
f 1955/2793/2262 1956/2792/2261 1963/2798/2269 1962/2800/2268
f 1961/3279/2266 1960/3282/2265 2201/3284/2270 2200/3278/2271
f 1960/3036/2265 1959/3022/2267 2202/3007/2272 2201/3025/2270
f 1959/3022/2267 1958/3006/2273 2203/2989/2274 2202/3007/2272
f 1958/3006/2273 1964/2991/2275 2204/2979/2276 2203/2989/2274
f 1964/2991/2275 1958/3006/2273 1972/3009/2277 1978/2992/2278
f 1958/2813/2273 1959/2809/2267 1973/2810/2279 1972/2814/2277
f 1959/2809/2267 1962/2800/2268 1974/2804/2280 1973/2810/2279
f 1962/2800/2268 1963/2798/2269 1975/2799/2281 1974/2804/2280
f 1968/2795/2264 1967/2794/2263 1974/2804/2280 1975/2799/2281
f 1967/2794/2263 1966/2797/2246 1973/2807/2279 1974/2804/2280
f 1966/2797/2246 1965/2808/2248 1976/2812/2282 1973/2807/2279
f 1965/3273/2248 1971/3271/2250 1977/3267/2283 1976/3266/2282
f 1982/2999/2284 1981/3015/2285 2206/3016/2286 2205/2997/2287
f 1981/3015/2285 1980/3032/2288 2207/3033/2289 2206/3016/2286
f 1980/3032/2288 1979/3042/2290 2208/3043/2291 2207/3033/2289
f 1979/3286/2290 1985/3287/2292 2209/3288/2293 2208/3289/2291
f 1984/2815/2294 1983/2816/2295 1995/2817/2296 1996/2818/2297
f 1983/2816/2295 1980/2819/2288 1994/2820/2236 1995/2817/2296
f 1980/2819/2288 1981/2825/2285 1997/2826/2233 1994/2820/2236
f 1981/3015/2285 1982/2999/2284 1998/2998/2234 1997/3014/2233
f 1985/3287/2292 1979/3286/2290 1988/3294/2298 1989/3291/2299
f 1979/2829/2290 1980/2824/2288 1987/2828/2300 1988/2834/2298
f 1980/2824/2288 1983/2816/2295 1990/2823/2301 1987/2828/2300
f 1983/2816/2295 1984/2815/2294 1991/2821/2302 1990/2823/2301
f 1989/3291/2299 1988/3294/2298 2211/3296/2303 2210/3290/2304
f 1988/2961/2298 1987/2947/2300 2212/2948/2305 2211/2962/2303
f 1987/2947/2300 1986/2930/2306 2213/2931/2307 2212/2948/2305
f 1986/2930/2306 1992/2914/2308 2214/2913/2309 2213/2931/2307
f 1992/2914/2308 1986/2930/2306 2000/2932/2310 2006/2915/2311
f 1986/2836/2306 1987/2832/2300 2001/2833/2312 2000/2837/2310
f 1987/2832/2300 1990/2823/2301 2002/2827/2313 2001/2833/2312
f 1990/2823/2301 1991/2821/2302 2003/2822/2314 2002/2827/2313
f 1996/2818/2297 1995/2817/2296 2002/2827/2313 2003/2822/2314
f 1995/2817/2296 1994/2820/2236 2001/2830/2312 2002/2827/2313
f 1994/2820/2236 1993/2831/2238 2004/2835/2315 2001/2830/2312
f 1993/3261/2238 1999/3260/2240 2005/3265/2316 2004/3270/2315
f 2041/2506/2317 2040/2537/2318 2043/2538/2319 2042/2507/2320
f 2040/2537/2318 2039/2566/2321 2044/2567/2322 2043/2538/2319
f 2039/2566/2321 2038/2586/2323 2045/2587/2324 2044/2567/2322
f 2038/2922/2323 2037/2908/2325 2046/2897/2326 2045/2906/2324
f 2056/2909/2327 2055/2925/2328 2058/2926/2329 2057/2910/2330
f 2055/2774/2328 2054/2751/2331 2059/2752/2332 2058/2775/2329
f 2054/2751/2331 2053/2724/2333 2060/2725/2334 2059/2752/2332
f 2053/2724/2333 2052/2686/2335 2061/2689/2336 2060/2725/2334
f 2071/2987/2337 2070/3000/2338 2073/2984/2339 2072/2975/2340
f 2070/2594/2338 2069/2572/2341 2074/2573/2342 2073/2595/2339
f 2069/2572/2341 2068/2541/2343 2075/2542/2344 2074/2573/2342
f 2068/2541/2343 2067/2505/2345 2076/2508/2346 2075/2542/2344
f 2081/2687/2347 2080/2720/2348 2083/2721/2349 2082/2688/2350
f 2080/2720/2348 2079/2745/2351 2084/2746/2352 2083/2721/2349
f 2079/2745/2351 2078/2766/2353 2085/2767/2354 2084/2746/2352
f 2078/3004/2353 2077/2986/2355 2086/2988/2356 2085/3005/2354
f 1858/3182/2120 1867/3185/2135 1802/3186/2128 1797/3179/2117
f 1809/3199/2141 1820/3202/2144 1853/3206/2154 1852/3207/2151
f 1829/3052/2071 1836/3054/2099 1791/3055/2085 1776/3049/2068
f 1863/2436/2132 1712/2428/2011 1857/2432/2158 1817/2443/2140 1804/2444/2129
f 1894/3086/2192 1884/3081/2178 1902/3084/2181 1909/3087/2206
f 1868/3184/2357 1877/3190/2358 1867/3185/2135 1858/3182/2120
f 1873/2433/2359 1717/2434/2018 1716/2435/2021 1713/2425/2008 1712/2428/2011 1863/2436/2132
f 1916/3237/2162 1926/3240/2224 1837/3241/2167 1827/3234/2159
f 1830/2681/2077 1781/2682/2076 1838/2683/2088 1727/2652/2043 1920/2651/2165
f 1779/3160/2078 1788/3163/2081 1843/3167/2102 1842/3168/2091
f 1785/2501/2092 1834/2502/2095 1930/2469/2230 1724/2468/2041 1847/2503/2106
f 2012/3223/2195 2011/3222/2177 1887/3226/2176 1891/3227/2188
f 2017/3253/2210 2031/3254/2220 1910/3255/2215 1900/3250/2207
f 2062/3189/2360 2051/3194/2361 1877/3190/2358 1868/3184/2357
f 1915/2631/2362 1722/2632/2036 2066/2633/2363 1872/2619/2364 1718/2618/2026 2036/2634/2365
f 2032/3244/2366 2026/3247/2367 1925/3245/2221 1911/3239/2368
f 1936/3259/2239 1931/3263/2369 1941/3268/2249 1946/3264/2370
f 1920/2651/2165 1727/2652/2043 1726/2653/2046 1723/2654/2033 1722/2632/2036 1915/2631/2362
f 1911/3239/2368 1925/3245/2221 1926/3240/2224 1916/3237/2162
f 2077/2986/2355 2071/2987/2337 2072/2975/2340 1756/2971/2053 1757/2981/2061 2086/2988/2356
f 2037/2908/2325 2056/2909/2327 2057/2910/2330 1760/2898/2063 1753/2892/2051 2046/2897/2326
f 1963/2798/2269 1956/2792/2261 1968/2795/2264 1975/2799/2281
f 1991/2821/2302 1984/2815/2294 1996/2818/2297 2003/2822/2314
f 2200/3278/2271 2199/3276/2260 1957/3275/2259 1961/3279/2266
f 1941/3268/2249 1931/3263/2369 1977/3267/2283 1971/3271/2250
f 1935/2982/2371 1755/2974/2056 2204/2979/2276 1964/2991/2275 1978/2992/2278
f 2210/3290/2304 2209/3288/2293 1985/3287/2292 1989/3291/2299
f 1936/3259/2239 1946/3264/2370 2005/3265/2316 1999/3260/2240
f 1950/2900/2372 1759/2899/2066 2214/2913/2309 1992/2914/2308 2006/2915/2311
f 2007/2429/2171 1713/2425/2008 1716/2435/2021 2021/2438/2213 1903/2439/2185 1881/2440/2168
f 1848/2613/2148 1715/2609/2013 1862/2620/2123 1795/2623/2107 1811/2624/2110
f 2027/2626/2217 1719/2617/2023 1714/2612/2016 2016/2616/2200 1896/2627/2199 1907/2628/2203
f 1719/2617/2023 1718/2618/2026 1872/2619/2364 1862/2620/2123 1715/2609/2013 1714/2612/2016
f 2047/2445/2373 1721/2446/2028 1921/2447/2229 2022/2448/2374 1717/2434/2018 1873/2433/2359
f 2052/2686/2335 1723/2654/2033 1726/2653/2046 2081/2687/2347 2082/2688/2350 2061/2689/2336
f 2067/2505/2345 1725/2467/2038 1720/2470/2031 2041/2506/2317 2042/2507/2320 2076/2508/2346
f 1725/2467/2038 1724/2468/2041 1930/2469/2230 1921/2447/2229 1721/2446/2028 1720/2470/2031
f 1853/3206/2154 2087/3210/2375 2092/3211/2376 1852/3207/2151
f 2087/3210/2375 2097/3214/2377 2100/3215/2378 2092/3211/2376
f 2097/3214/2377 2103/3218/2379 2106/3219/2380 2100/3215/2378
f 2103/3218/2379 2011/3222/2177 2012/3223/2195 2106/3219/2380
f 2017/3106/2210 2109/3096/2381 2114/3099/2382 2031/3107/2220
f 2109/3096/2383 2119/3097/2384 2124/3098/2385 2114/3099/2386
f 2119/3097/2387 2129/3102/2388 2134/3103/2389 2124/3098/2390
f 2129/3102/2391 2026/3110/2367 2032/3111/2366 2134/3103/2392
f 2037/2908/2325 2139/2923/2393 2144/2924/2394 2056/2909/2327
f 2139/2923/2393 2149/2942/2395 2152/2943/2396 2144/2924/2394
f 2149/2942/2395 2155/2957/2397 2160/2958/2398 2152/2943/2396
f 2155/3196/2397 2051/3194/2361 2062/3189/2360 2160/3193/2398
f 1843/3167/2102 2165/3171/2399 2170/3172/2400 1842/3168/2091
f 2165/3171/2399 2175/3175/2401 2180/3176/2402 2170/3172/2400
f 2175/3019/2401 2185/3001/2403 2190/3002/2404 2180/3020/2402
f 2185/3001/2403 2071/2987/2337 2077/2986/2355 2190/3002/2404
f 2007/2429/2171 1728/2426/2009 1713/2425/2008
f 1712/2428/2011 1729/2427/2010 2091/2431/2405 1857/2432/2158
f 1729/2427/2010 1730/2430/2012 2091/2431/2405
f 1848/2613/2148 2096/2614/2406 1731/2610/2014 1715/2609/2013
f 1714/2612/2016 1732/2611/2015 2016/2616/2200
f 2096/2614/2406 1733/2615/2017 1731/2610/2014
f 2022/2448/2374 2133/2473/2407 1734/2449/2019 1717/2434/2018
f 1716/2435/2021 1735/2450/2020 2113/2456/2408 2021/2438/2213
f 2133/2473/2407 2123/2483/2409 1736/2475/2022 1734/2449/2019
f 1735/2450/2020 1736/2475/2022 2123/2483/2409 2113/2456/2408
f 2027/2626/2217 2118/2645/2410 1737/2629/2024 1719/2617/2023
f 1718/2618/2026 1738/2630/2025 2138/2650/2411 2036/2634/2365
f 2118/2645/2410 2128/2675/2412 1739/2649/2027 1737/2629/2024
f 1738/2630/2025 1739/2649/2027 2128/2675/2412 2138/2650/2411
f 2047/2445/2373 2159/2465/2413 1740/2466/2029 1721/2446/2028
f 1720/2470/2031 1741/2498/2030 2143/2528/2414 2041/2506/2317
f 2159/2465/2413 1742/2497/2032 1740/2466/2029
f 1741/2498/2030 1742/2497/2032 2143/2528/2414
f 2052/2686/2335 2148/2719/2415 1743/2690/2034 1723/2654/2033
f 1722/2632/2036 1744/2655/2035 2164/2656/2416 2066/2633/2363
f 2148/2838/2415 1745/2839/2037 1743/2840/2034
f 1744/2655/2035 1745/2692/2037 2164/2656/2416
f 2067/2505/2345 2189/2529/2417 1746/2499/2039 1725/2467/2038
f 1724/2468/2041 1747/2500/2040 2169/2531/2418 1847/2503/2106
f 2189/2529/2417 2179/2557/2419 1748/2530/2042 1746/2499/2039
f 1747/2500/2040 1748/2530/2042 2179/2557/2419 2169/2531/2418
f 1838/2683/2088 2174/2716/2420 1749/2684/2044 1727/2652/2043
f 1726/2653/2046 1750/2685/2045 2194/2718/2421 2081/2687/2347
f 2174/2716/2420 2184/2741/2422 1751/2717/2047 1749/2684/2044
f 1750/2685/2045 1751/2717/2047 2184/2741/2422 2194/2718/2421
f 1798/3066/2115 1805/3071/2125 1752/3069/2423
f 1823/3073/2137 1813/3067/2116 1752/3069/2423
f 1813/3067/2116 1798/3066/2115 1752/3069/2423
f 1805/3071/2125 1823/3073/2137 1752/3069/2423
f 1754/2889/2048 1753/2892/2051 1760/2898/2063 1759/2899/2066 1950/2900/2372 1945/2901/2241
f 2195/2893/2254 1754/2889/2048 1945/2901/2241 1970/2904/2244 1954/2905/2251
f 1758/2980/2058 1757/2981/2061 1756/2971/2053 1755/2974/2056 1935/2982/2371 1940/2983/2231
f 2205/2997/2287 1758/2980/2058 1940/2983/2231 1998/2998/2234 1982/2999/2284
f 2042/2507/2320 2215/2539/2424 2220/2540/2425 2076/2508/2346
f 2215/2539/2424 2225/2569/2426 2228/2570/2427 2220/2540/2425
f 2225/2569/2426 2231/2590/2428 2236/2591/2429 2228/2570/2427
f 2231/3280/2428 2199/3276/2260 2200/3278/2271 2236/3283/2429
f 2082/2688/2350 2241/2722/2430 2246/2723/2431 2061/2689/2336
f 2241/2722/2430 2251/2748/2432 2254/2749/2433 2246/2723/2431
f 2251/2748/2432 2257/2770/2434 2262/2771/2435 2254/2749/2433
f 2257/3292/2434 2209/3288/2293 2210/3290/2304 2262/3295/2435
f 2195/2893/2254 2235/2894/2436 1761/2890/2049 1754/2889/2048
f 1753/2892/2051 1762/2891/2050 2219/2896/2437 2046/2897/2326
f 2235/3116/2436 1763/3117/2052 1761/3118/2049
f 1762/3119/2050 1763/3117/2052 2219/3120/2437
f 2072/2975/2340 2224/2976/2438 1764/2972/2054 1756/2971/2053
f 1755/2974/2056 1765/2973/2055 2240/2978/2439 2204/2979/2276
f 2224/3122/2438 1766/3123/2057 1764/3124/2054
f 1765/3125/2055 1766/3123/2057 2240/3126/2439
f 2205/2997/2287 2261/3010/2440 1767/2993/2059 1758/2980/2058
f 1757/2981/2061 1768/2994/2060 2245/3003/2441 2086/2988/2356
f 2261/3128/2440 1769/3129/2062 1767/3130/2059
f 1768/3131/2060 1769/3129/2062 2245/3132/2441
f 2057/2910/2330 2250/2927/2442 1770/2911/2064 1760/2898/2063
f 1759/2899/2066 1771/2912/2065 2266/2929/2443 2214/2913/2309
f 2250/3134/2442 1772/3135/2067 1770/3136/2064
f 1771/3137/2065 1772/3135/2067 2266/3138/2443
f 1846/2535/2105 1847/2503/2106 2169/2531/2418 2168/2558/2444
f 1845/2564/2103 1846/2535/2105 2168/2558/2444 2167/2580/2445
f 1843/3167/2102 1844/3170/2101 2166/3174/2446 2165/3171/2399
f 1844/2585/2101 1845/2564/2103 2167/2580/2445 2166/2599/2446
f 1856/2441/2157 1857/2432/2158 2091/2431/2405 2090/2442/2447
f 1855/2461/2155 1856/2441/2157 2090/2442/2447 2089/2462/2448
f 1853/3206/2154 1854/3209/2153 2088/3213/2449 2087/3210/2375
f 1854/2491/2153 1855/2461/2155 2089/2462/2448 2088/2492/2449
f 1861/2635/2122 1862/2620/2123 1872/2619/2364 1871/2636/2450
f 1860/2660/2121 1861/2635/2122 1871/2636/2450 1870/2661/2451
f 1858/3182/2120 1859/3181/2119 1869/3183/2452 1868/3184/2357
f 1859/2697/2119 1860/2660/2121 1870/2661/2451 1869/2698/2452
f 1866/3191/2134 1867/3185/2135 1877/3190/2358 1876/3195/2453
f 1865/2476/2133 1866/2513/2134 1876/2514/2453 1875/2477/2454
f 1863/2436/2132 1864/2451/2131 1874/2452/2455 1873/2433/2359
f 1864/2451/2131 1865/2476/2133 1875/2477/2454 1874/2452/2455
f 1871/2636/2450 1872/2619/2364 2066/2633/2363 2065/2657/2456
f 1870/2661/2451 1871/2636/2450 2065/2657/2456 2064/2694/2457
f 1868/3184/2357 1869/3183/2452 2063/3188/2458 2062/3189/2360
f 1869/2698/2452 1870/2661/2451 2064/2694/2457 2063/2728/2458
f 1876/3195/2453 1877/3190/2358 2051/3194/2361 2050/3197/2459
f 1875/2477/2454 1876/2514/2453 2050/2546/2459 2049/2512/2460
f 1873/2433/2359 1874/2452/2455 2048/2474/2461 2047/2445/2373
f 1874/2452/2455 1875/2477/2454 2049/2512/2460 2048/2474/2461
f 1914/2658/2462 1915/2631/2362 2036/2634/2365 2035/2659/2463
f 1913/2695/2464 1914/2658/2462 2035/2659/2463 2034/2696/2465
f 1911/3239/2368 1912/3238/2466 2033/3243/2467 2032/3244/2366
f 1912/2729/2466 1913/2695/2464 2034/2696/2465 2033/2730/2467
f 1915/2631/2362 1914/2658/2462 1919/2691/2164 1920/2651/2165
f 1914/2658/2462 1913/2695/2464 1918/2726/2163 1919/2691/2164
f 1913/2695/2464 1912/2729/2466 1917/2753/2161 1918/2726/2163
f 1912/3238/2466 1911/3239/2368 1916/3237/2162 1917/3236/2161
f 1924/3248/2222 1925/3245/2221 2026/3247/2367 2025/3249/2468
f 1923/2509/2225 1924/2543/2222 2025/2544/2468 2024/2510/2469
f 1921/2447/2229 1922/2471/2227 2023/2472/2470 2022/2448/2374
f 1922/2471/2227 1923/2509/2225 2024/2510/2469 2023/2472/2470
f 1834/2502/2095 1833/2533/2094 1929/2504/2228 1930/2469/2230
f 1833/2533/2094 1832/2562/2096 1928/2536/2226 1929/2504/2228
f 1832/2562/2096 1831/2583/2166 1927/2565/2223 1928/2536/2226
f 1831/3242/2166 1837/3241/2167 1926/3240/2224 1927/3246/2223
f 1934/2995/2471 1935/2982/2371 1978/2992/2278 1972/3009/2277
f 1933/3012/2472 1934/2995/2471 1972/3009/2277 1973/3027/2279
f 1931/3263/2369 1932/3262/2473 1976/3266/2282 1977/3267/2283
f 1932/3029/2473 1933/3012/2472 1973/3027/2279 1976/3039/2282
f 1935/2982/2371 1934/2995/2471 1939/2996/2232 1940/2983/2231
f 1934/2995/2471 1933/3012/2472 1938/3013/2235 1939/2996/2232
f 1933/3012/2472 1932/3029/2473 1937/3030/2237 1938/3013/2235
f 1932/3262/2473 1931/3263/2369 1936/3259/2239 1937/3258/2237
f 1944/2916/2242 1945/2901/2241 1950/2900/2372 1949/2917/2474
f 1943/2933/2245 1944/2916/2242 1949/2917/2474 1948/2934/2475
f 1941/3268/2249 1942/3272/2247 1947/3269/2476 1946/3264/2370
f 1942/2950/2247 1943/2933/2245 1948/2934/2475 1947/2951/2476
f 1949/2917/2474 1950/2900/2372 2006/2915/2311 2000/2932/2310
f 1948/2934/2475 1949/2917/2474 2000/2932/2310 2001/2949/2312
f 1946/3264/2370 1947/3269/2476 2004/3270/2315 2005/3265/2316
f 1947/2951/2476 1948/2934/2475 2001/2949/2312 2004/2963/2315
f 2015/2625/2198 2016/2616/2200 1732/2611/2015
f 2014/2643/2196 2015/2625/2198 1732/2611/2015 2108/2644/2477
f 2012/3223/2195 2013/3224/2194 2107/3220/2478 2106/3219/2380
f 2013/2672/2194 2014/2643/2196 2108/2644/2477 2107/2673/2478
f 2020/2458/2212 2021/2438/2213 2113/2456/2408 2112/2484/2479
f 2019/2486/2211 2020/2458/2212 2112/2484/2479 2111/2518/2480
f 2017/3106/2210 2018/3108/2209 2110/3100/2481 2109/3096/2381
f 2018/2520/2209 2019/2486/2211 2111/2518/2480 2110/2550/2481
f 2035/2659/2463 2036/2634/2365 2138/2650/2411 2137/2680/2482
f 2034/2696/2465 2035/2659/2463 2137/2680/2482 2136/2711/2483
f 2032/3111/2366 2033/3115/2467 2135/3112/2484 2134/3103/2392
f 2033/2730/2467 2034/2696/2465 2136/2711/2483 2135/2734/2484
f 2040/2537/2318 2041/2506/2317 2143/2528/2414 2142/2555/2485
f 2039/2566/2321 2040/2537/2318 2142/2555/2485 2141/2577/2486
f 2037/2908/2325 2038/2922/2323 2140/2941/2487 2139/2923/2393
f 2038/2586/2323 2039/2566/2321 2141/2577/2486 2140/2596/2487
f 2045/2906/2324 2046/2897/2326 2219/2896/2437 2218/2907/2488
f 2044/2567/2322 2045/2587/2324 2218/2602/2488 2217/2588/2489
f 2042/2507/2320 2043/2538/2319 2216/2568/2490 2215/2539/2424
f 2043/2538/2319 2044/2567/2322 2217/2588/2489 2216/2568/2490
f 2065/2657/2456 2066/2633/2363 2164/2656/2416 2163/2693/2491
f 2064/2694/2457 2065/2657/2456 2163/2693/2491 2162/2727/2492
f 2062/3189/2360 2063/3188/2458 2161/3192/2493 2160/3193/2398
f 2063/2728/2458 2064/2694/2457 2162/2727/2492 2161/2755/2493
f 2080/2720/2348 2081/2687/2347 2194/2718/2421 2193/2743/2494
f 2079/2745/2351 2080/2720/2348 2193/2743/2494 2192/2764/2495
f 2077/2986/2355 2078/3004/2353 2191/3018/2496 2190/3002/2404
f 2078/2766/2353 2079/2745/2351 2192/2764/2495 2191/2780/2496
f 2085/3005/2354 2086/2988/2356 2245/3003/2441 2244/3021/2497
f 2084/2746/2352 2085/2767/2354 2244/2782/2497 2243/2768/2498
f 2082/2688/2350 2083/2721/2349 2242/2747/2499 2241/2722/2430
f 2083/2721/2349 2084/2746/2352 2243/2768/2498 2242/2747/2499
f 2090/2442/2447 2091/2431/2405 1730/2430/2012
f 2089/2462/2448 2090/2442/2447 1730/2430/2012 2099/2482/2500
f 2087/3210/2375 2088/3213/2449 2098/3217/2501 2097/3214/2377
f 2088/2492/2449 2089/2462/2448 2099/2482/2500 2098/2516/2501
f 1848/2613/2148 1849/2621/2147 2095/2622/2502 2096/2614/2406
f 1849/2621/2147 1850/2638/2149 2094/2639/2503 2095/2622/2502
f 1850/2638/2149 1851/2664/2150 2093/2665/2504 2094/2639/2503
f 1851/3208/2150 1852/3207/2151 2092/3211/2376 2093/3212/2504
f 2099/2482/2500 1730/2430/2012 1728/2426/2009 2105/2455/2505
f 2097/3214/2377 2098/3217/2501 2104/3221/2506 2103/3218/2379
f 2098/2516/2501 2099/2482/2500 2105/2455/2505 2104/2481/2506
f 2096/2614/2406 2095/2622/2502 1733/2615/2017
f 2095/2622/2502 2094/2639/2503 2102/2666/2507 1733/2615/2017
f 2094/2639/2503 2093/2665/2504 2101/2700/2508 2102/2666/2507
f 2093/3212/2504 2092/3211/2376 2100/3215/2378 2101/3216/2508
f 2007/2429/2171 2008/2437/2170 1728/2426/2009
f 2008/2437/2170 2009/2454/2173 2105/2455/2505 1728/2426/2009
f 2009/2454/2173 2010/2480/2175 2104/2481/2506 2105/2455/2505
f 2010/3225/2175 2011/3222/2177 2103/3218/2379 2104/3221/2506
f 1733/2615/2017 2102/2666/2507 2108/2644/2477 1732/2611/2015
f 2102/2666/2507 2101/2700/2508 2107/2673/2478 2108/2644/2477
f 2101/3216/2508 2100/3215/2378 2106/3219/2380 2107/3220/2478
f 2112/2484/2479 2113/2456/2408 2123/2483/2409 2122/2517/2509
f 2111/2518/2480 2112/2484/2479 2122/2517/2509 2121/2549/2510
f 2109/3096/2383 2110/3100/2481 2120/3101/2511 2119/3097/2384
f 2110/2550/2481 2111/2518/2480 2121/2549/2510 2120/2575/2511
f 2027/2626/2217 2028/2648/2216 2117/2674/2512 2118/2645/2410
f 2028/2648/2216 2029/2679/2218 2116/2705/2513 2117/2674/2512
f 2029/2679/2218 2030/2710/2219 2115/2732/2514 2116/2705/2513
f 2030/3113/2219 2031/3107/2220 2114/3099/2382 2115/3104/2514
f 2122/2517/2509 2123/2483/2409 2133/2473/2407 2132/2511/2515
f 2121/2549/2510 2122/2517/2509 2132/2511/2515 2131/2545/2516
f 2119/3097/2387 2120/3101/2511 2130/3109/2517 2129/3102/2388
f 2120/2575/2511 2121/2549/2510 2131/2545/2516 2130/2574/2517
f 2118/2645/2410 2117/2674/2512 2127/2706/2518 2128/2675/2412
f 2117/2674/2512 2116/2705/2513 2126/2733/2519 2127/2706/2518
f 2116/2705/2513 2115/2732/2514 2125/2756/2520 2126/2733/2519
f 2115/3104/2514 2114/3099/2386 2124/3098/2385 2125/3105/2520
f 2022/2448/2374 2023/2472/2470 2132/2511/2515 2133/2473/2407
f 2023/2472/2470 2024/2510/2469 2131/2545/2516 2132/2511/2515
f 2024/2510/2469 2025/2544/2468 2130/2574/2517 2131/2545/2516
f 2025/3114/2468 2026/3110/2367 2129/3102/2391 2130/3109/2517
f 2128/2675/2412 2127/2706/2518 2137/2680/2482 2138/2650/2411
f 2127/2706/2518 2126/2733/2519 2136/2711/2483 2137/2680/2482
f 2126/2733/2519 2125/2756/2520 2135/2734/2484 2136/2711/2483
f 2125/3105/2520 2124/3098/2390 2134/3103/2389 2135/3112/2484
f 2142/2841/2485 2143/2842/2414 1742/2843/2032
f 2141/2577/2486 2142/2555/2485 1742/2497/2032 2151/2554/2521
f 2139/2923/2393 2140/2941/2487 2150/2956/2522 2149/2942/2395
f 2140/2596/2487 2141/2577/2486 2151/2554/2521 2150/2576/2522
f 2052/2686/2335 2053/2724/2333 2147/2744/2523 2148/2719/2415
f 2053/2724/2333 2054/2751/2331 2146/2765/2524 2147/2744/2523
f 2054/2751/2331 2055/2774/2328 2145/2781/2525 2146/2765/2524
f 2055/2925/2328 2056/2909/2327 2144/2924/2394 2145/2944/2525
f 1742/2497/2032 2159/2465/2413 2158/2496/2526
f 2151/2554/2521 1742/2497/2032 2158/2496/2526 2157/2527/2527
f 2149/2942/2395 2150/2956/2522 2156/2964/2528 2155/2957/2397
f 2150/2576/2522 2151/2554/2521 2157/2527/2527 2156/2553/2528
f 2148/2844/2415 2147/2845/2523 1745/2846/2037
f 2147/2744/2523 2146/2765/2524 2154/2754/2529 1745/2692/2037
f 2146/2765/2524 2145/2781/2525 2153/2776/2530 2154/2754/2529
f 2145/2944/2525 2144/2924/2394 2152/2943/2396 2153/2959/2530
f 2047/2445/2373 2048/2474/2461 2158/2496/2526 2159/2465/2413
f 2048/2474/2461 2049/2512/2460 2157/2527/2527 2158/2496/2526
f 2049/2512/2460 2050/2546/2459 2156/2553/2528 2157/2527/2527
f 2050/3197/2459 2051/3194/2361 2155/3196/2397 2156/3198/2528
f 1745/2692/2037 2163/2693/2491 2164/2656/2416
f 1745/2692/2037 2154/2754/2529 2162/2727/2492 2163/2693/2491
f 2154/2754/2529 2153/2776/2530 2161/2755/2493 2162/2727/2492
f 2153/2959/2530 2152/2943/2396 2160/2958/2398 2161/2965/2493
f 2168/2558/2444 2169/2531/2418 2179/2557/2419 2178/2579/2531
f 2167/2580/2445 2168/2558/2444 2178/2579/2531 2177/2598/2532
f 2165/3171/2399 2166/3174/2446 2176/3178/2533 2175/3175/2401
f 2166/2599/2446 2167/2580/2445 2177/2598/2532 2176/2608/2533
f 1838/2683/2088 1839/2715/2087 2173/2740/2534 2174/2716/2420
f 1839/2715/2087 1840/2739/2089 2172/2761/2535 2173/2740/2534
f 1840/2739/2089 1841/2760/2090 2171/2778/2536 2172/2761/2535
f 1841/3169/2090 1842/3168/2091 2170/3172/2400 2171/3173/2536
f 2178/2579/2531 2179/2557/2419 2189/2529/2417 2188/2556/2537
f 2177/2598/2532 2178/2579/2531 2188/2556/2537 2187/2578/2538
f 2175/3019/2401 2176/3034/2533 2186/3017/2539 2185/3001/2403
f 2176/2608/2533 2177/2598/2532 2187/2578/2538 2186/2597/2539
f 2174/2716/2420 2173/2740/2534 2183/2762/2540 2184/2741/2422
f 2173/2740/2534 2172/2761/2535 2182/2779/2541 2183/2762/2540
f 2172/2761/2535 2171/2778/2536 2181/2788/2542 2182/2779/2541
f 2171/3173/2536 2170/3172/2400 2180/3176/2402 2181/3177/2542
f 2067/2505/2345 2068/2541/2343 2188/2556/2537 2189/2529/2417
f 2068/2541/2343 2069/2572/2341 2187/2578/2538 2188/2556/2537
f 2069/2572/2341 2070/2594/2338 2186/2597/2539 2187/2578/2538
f 2070/3000/2338 2071/2987/2337 2185/3001/2403 2186/3017/2539
f 2184/2741/2422 2183/2762/2540 2193/2743/2494 2194/2718/2421
f 2183/2762/2540 2182/2779/2541 2192/2764/2495 2193/2743/2494
f 2182/2779/2541 2181/2788/2542 2191/2780/2496 2192/2764/2495
f 2181/3035/2542 2180/3020/2402 2190/3002/2404 2191/3018/2496
f 2203/2989/2274 2204/2979/2276 2240/2978/2439 2239/2990/2543
f 2202/3007/2272 2203/2989/2274 2239/2990/2543 2238/3008/2544
f 2200/3278/2271 2201/3284/2270 2237/3285/2545 2236/3283/2429
f 2201/3025/2270 2202/3007/2272 2238/3008/2544 2237/3026/2545
f 2213/2931/2307 2214/2913/2309 2266/2929/2443 2265/2946/2546
f 2212/2948/2305 2213/2931/2307 2265/2946/2546 2264/2960/2547
f 2210/3290/2304 2211/3296/2303 2263/3297/2548 2262/3295/2435
f 2211/2962/2303 2212/2948/2305 2264/2960/2547 2263/2968/2548
f 2218/3121/2488 2219/3120/2437 1763/3117/2052
f 2217/2954/2489 2218/2907/2488 1763/2939/2052 2227/2938/2549
f 2215/2539/2424 2216/2568/2490 2226/2589/2550 2225/2569/2426
f 2216/2568/2490 2217/2588/2489 2227/2603/2549 2226/2589/2550
f 2072/2975/2340 2073/2984/2339 2223/2985/2551 2224/2976/2438
f 2073/2595/2339 2074/2573/2342 2222/2593/2552 2223/2607/2551
f 2074/2573/2342 2075/2542/2344 2221/2571/2553 2222/2593/2552
f 2075/2542/2344 2076/2508/2346 2220/2540/2425 2221/2571/2553
f 1763/3140/2052 2235/3141/2436 2234/3142/2554
f 2227/2938/2549 1763/2939/2052 2234/2903/2554 2233/2920/2555
f 2225/2569/2426 2226/2589/2550 2232/2604/2556 2231/2590/2428
f 2226/2953/2550 2227/2938/2549 2233/2920/2555 2232/2937/2556
f 2224/3143/2438 2223/3144/2551 1766/3145/2057
f 2223/2985/2551 2222/3037/2552 2230/3024/2557 1766/3023/2057
f 2222/2593/2552 2221/2571/2553 2229/2592/2558 2230/2606/2557
f 2221/2571/2553 2220/2540/2425 2228/2570/2427 2229/2592/2558
f 2195/2893/2254 2196/2902/2253 2234/2903/2554 2235/2894/2436
f 2196/2902/2253 2197/2919/2256 2233/2920/2555 2234/2903/2554
f 2197/2919/2256 2198/2936/2258 2232/2937/2556 2233/2920/2555
f 2198/3277/2258 2199/3276/2260 2231/3280/2428 2232/3281/2556
f 1766/3123/2057 2239/3127/2543 2240/3126/2439
f 1766/3023/2057 2230/3024/2557 2238/3008/2544 2239/2990/2543
f 2230/3024/2557 2229/3038/2558 2237/3026/2545 2238/3008/2544
f 2229/2592/2558 2228/2570/2427 2236/2591/2429 2237/2605/2545
f 2244/3133/2497 2245/3132/2441 1769/3129/2062
f 2243/3048/2498 2244/3021/2497 1769/3046/2062 2253/3045/2559
f 2241/2722/2430 2242/2747/2499 2252/2769/2560 2251/2748/2432
f 2242/2747/2499 2243/2768/2498 2253/2783/2559 2252/2769/2560
f 2057/2910/2330 2058/2926/2329 2249/2945/2561 2250/2927/2442
f 2058/2775/2329 2059/2752/2332 2248/2773/2562 2249/2787/2561
f 2059/2752/2332 2060/2725/2334 2247/2750/2563 2248/2773/2562
f 2060/2725/2334 2061/2689/2336 2246/2723/2431 2247/2750/2563
f 1769/3146/2062 2261/3147/2440 2260/3148/2564
f 2253/3045/2559 1769/3046/2062 2260/3028/2564 2259/3040/2565
f 2251/2748/2432 2252/2769/2560 2258/2784/2566 2257/2770/2434
f 2252/3047/2560 2253/3045/2559 2259/3040/2565 2258/3044/2566
f 2250/3149/2442 2249/3150/2561 1772/3151/2067
f 2249/2945/2561 2248/2969/2562 2256/2967/2567 1772/2966/2067
f 2248/2773/2562 2247/2750/2563 2255/2772/2568 2256/2786/2567
f 2247/2750/2563 2246/2723/2431 2254/2749/2433 2255/2772/2568
f 2205/2997/2287 2206/3016/2286 2260/3028/2564 2261/3010/2440
f 2206/3016/2286 2207/3033/2289 2259/3040/2565 2260/3028/2564
f 2207/3033/2289 2208/3043/2291 2258/3044/2566 2259/3040/2565
f 2208/3289/2291 2209/3288/2293 2257/3292/2434 2258/3293/2566
f 1772/3135/2067 2265/3139/2546 2266/3138/2443
f 1772/2966/2067 2256/2967/2567 2264/2960/2547 2265/2946/2546
f 2256/2967/2567 2255/2970/2568 2263/2968/2548 2264/2960/2547
f 2255/2772/2568 2254/2749/2433 2262/2771/2435 2263/2785/2548
f 1780/2714/2086 1781/2682/2076 1773/2712/2074 2267/2735/2569
f 2267/2735/2569 1773/2712/2074 1774/2736/2072
f 1774/2736/2072 1775/2757/2069 1777/2777/2083
f 1775/3050/2069 1776/3049/2068 1777/3053/2083
f 1774/2738/2072 1780/2714/2086 2267/2735/2569
f 1790/3056/2084 1791/3055/2085 1782/3060/2097
f 1790/2601/2084 1782/2581/2097 1783/2560/2082
f 1783/2560/2082 1784/2532/2093 2268/2559/2570
f 1784/2532/2093 1785/2501/2092 1786/2534/2104 2268/2559/2570
f 2268/2559/2570 1786/2534/2104 1783/2563/2082
f 1783/2563/2082 1787/2584/2100 1789/2600/2080
f 1787/3166/2100 1788/3163/2081 1789/3162/2080
f 1807/2663/2112 1810/2637/2146 2269/2662/2571
f 1810/2637/2146 1811/2624/2110 1812/2641/2109 2269/2662/2571
f 2269/2662/2571 1812/2641/2109 1807/2669/2112
f 1822/3074/2145 1823/3073/2137 1814/3078/2136
f 1822/2552/2145 1814/2525/2136 1815/2494/2138
f 1815/2494/2138 1816/2464/2139 2270/2489/2572
f 1816/2464/2139 1817/2443/2140 1818/2460/2156 2270/2489/2572
f 2270/2489/2572 1818/2460/2156 1815/2490/2138
f 1815/2490/2138 1819/2523/2152 1821/2551/2143
f 1819/3205/2152 1820/3202/2144 1821/3201/2143
f 1886/3230/2186 1887/3226/2176 1878/3229/2174
f 1886/2548/2186 1878/2515/2174 1879/2479/2172
f 1879/2479/2172 1880/2453/2169 2271/2478/2573
f 1880/2453/2169 1881/2440/2168 1882/2459/2183 2271/2478/2573
f 2271/2478/2573 1882/2459/2183 1879/2487/2172
f 1879/2487/2172 1883/2521/2179 1885/2547/2190
f 1883/3082/2179 1884/3081/2178 1885/3085/2190
f 1895/2646/2201 1896/2627/2199 1888/2642/2197 2272/2670/2574
f 2272/2670/2574 1888/2642/2197 1889/2671/2189
f 1889/2671/2189 1890/2704/2193 1892/2731/2187
f 1890/3228/2193 1891/3227/2188 1892/3231/2187
f 1889/2676/2189 1895/2646/2201 2272/2670/2574
s 36
f 2273/2847/2575 2278/2851/2576 2277/2849/2577
f 2273/2847/2575 2279/2856/2578 2278/2851/2576
f 2273/2847/2575 2280/2857/2579 2279/2856/2578
f 2273/3298/2575 2281/3301/2580 2280/3302/2581
f 2276/2862/2582 2284/2865/2583 2288/2863/2584
f 2276/2862/2582 2285/2866/2585 2284/2865/2583
f 2276/2862/2582 2286/2867/2586 2285/2866/2585
f 2276/3304/2582 2287/3306/2587 2286/3307/2588
s 40
f 2290/3309/2589 2296/3312/2590 2295/3310/2591
f 2290/2882/2589 2297/2887/2592 2296/2888/2593
f 2290/2882/2589 2298/2886/2594 2297/2887/2592
f 2290/2882/2589 2294/2885/2595 2298/2886/2594
f 2291/3313/2596 2299/3314/2597 2303/3315/2598
f 2291/2869/2596 2300/2875/2599 2299/2874/2600
f 2291/2869/2596 2301/2876/2601 2300/2875/2599
f 2291/2869/2596 2302/2871/2602 2301/2876/2601
s 36
f 2273/3298/2575 2274/3299/2603 2282/3300/2604 2281/3301/2580
f 2275/3303/2605 2283/3305/2606 2287/3306/2587 2276/3304/2582
f 2275/3153/2605 2276/3154/2582 2274/3155/2603 2273/3152/2575
f 2274/2861/2603 2276/2862/2582 2288/2863/2584 2282/2864/2604
f 2275/2848/2605 2273/2847/2575 2277/2849/2577 2283/2850/2606
s 40
f 2289/3308/2607 2290/3309/2589 2295/3310/2591 2293/3311/2608
f 2291/3313/2596 2303/3315/2598 2304/3316/2609 2292/3317/2610
f 2291/3157/2596 2292/3158/2610 2290/3159/2589 2289/3156/2607
f 2290/2882/2589 2292/2883/2610 2304/2884/2609 2294/2885/2595
f 2291/2869/2596 2289/2868/2607 2293/2870/2608 2302/2871/2602
s 36
f 2284/2852/2611 2285/2853/2612 2286/2854/2613 2287/2855/2614 2283/2850/2606 2277/2849/2577 2278/2851/2576 2279/2856/2578 2280/2857/2615 2281/2858/2616 2282/2859/2617 2288/2860/2618
s 40
f 2304/2872/2619 2303/2873/2620 2299/2874/2621 2300/2875/2599 2301/2876/2601 2302/2871/2602 2293/2870/2608 2295/2877/2622 2296/2878/2623 2297/2879/2624 2298/2880/2625 2294/2881/2626
g default
v -3.456003 3.866883 -1.925043
v -3.473534 3.874145 -1.907512
v -3.480796 3.891676 -1.900250
v -2.060183 3.891676 -1.900250
v -2.067444 3.874145 -1.907512
v -2.084975 3.866883 -1.925043
v -3.480796 4.090042 -1.900250
v -3.473534 4.107573 -1.907512
v -3.456003 4.114835 -1.925043
v -2.084975 4.114835 -1.925043
v -2.067444 4.107573 -1.907512
v -2.060183 4.090042 -1.900250
v -3.456003 4.114835 -3.296071
v -3.473534 4.107573 -3.313602
v -3.480796 4.090042 -3.320863
v -2.084975 4.114835 -3.296071
v -2.067444 4.107573 -3.313602
v -2.060183 4.090042 -3.320863
v -3.480796 3.891676 -3.320863
v -3.473534 3.874145 -3.313602
v -3.456003 3.866883 -3.296071
v -2.084975 3.866883 -3.296071
v -2.067444 3.874145 -3.313602
v -2.060183 3.891676 -3.320863
v -3.456003 2.566721 -1.925043
v -3.473534 2.573983 -1.907512
v -3.480796 2.591514 -1.900250
v -2.060183 2.591514 -1.900250
v -2.067444 2.573983 -1.907512
v -2.084975 2.566721 -1.925043
v -3.480796 2.789881 -1.900250
v -3.473534 2.807412 -1.907512
v -3.456003 2.814673 -1.925043
v -2.084975 2.814673 -1.925043
v -2.067444 2.807412 -1.907512
v -2.060183 2.789881 -1.900250
v -3.456003 2.814673 -3.296071
v -3.473534 2.807412 -3.313602
v -3.480796 2.789881 -3.320863
v -2.084975 2.814673 -3.296071
v -2.067444 2.807412 -3.313602
v -2.060183 2.789881 -3.320863
v -3.480796 2.591514 -3.320863
v -3.473534 2.573983 -3.313602
v -3.456003 2.566721 -3.296071
v -2.084975 2.566721 -3.296071
v -2.067444 2.573983 -3.313602
v -2.060183 2.591514 -3.320863
v -3.456003 1.454997 -1.925043
v -3.473534 1.462258 -1.907512
v -3.480796 1.479789 -1.900250
v -2.060183 1.479789 -1.900250
v -2.067444 1.462258 -1.907512
v -2.084975 1.454997 -1.925043
v -3.480796 1.678156 -1.900250
v -3.473534 1.695687 -1.907512
v -3.456003 1.702949 -1.925043
v -2.084975 1.702949 -1.925043
v -2.067444 1.695687 -1.907512
v -2.060183 1.678156 -1.900250
v -3.456003 1.702949 -3.296071
v -3.473534 1.695687 -3.313602
v -3.480796 1.678156 -3.320863
v -2.084975 1.702949 -3.296071
v -2.067444 1.695687 -3.313602
v -2.060183 1.678156 -3.320863
v -3.480796 1.479789 -3.320863
v -3.473534 1.462258 -3.313602
v -3.456003 1.454997 -3.296071
v -2.084975 1.454997 -3.296071
v -2.067444 1.462258 -3.313602
v -2.060183 1.479789 -3.320863
v -3.460547 4.207714 -3.032857
v -3.470672 4.205001 -3.030843
v -3.478083 4.197590 -3.029369
v -3.480796 4.187466 -3.028830
v -3.480796 4.187466 -3.288419
v -3.478083 4.197590 -3.287879
v -3.470672 4.205001 -3.286405
v -3.460547 4.207714 -3.284391
v -3.448351 4.187466 -2.996385
v -3.447812 4.197590 -2.999098
v -3.446338 4.205001 -3.006509
v -3.444324 4.207714 -3.016633
v -3.192790 4.207714 -3.016633
v -3.190776 4.205001 -3.006509
v -3.189301 4.197590 -2.999098
v -3.188762 4.187466 -2.996385
v -3.156317 4.187466 -3.028830
v -3.159030 4.197590 -3.029369
v -3.166441 4.205001 -3.030843
v -3.176566 4.207714 -3.032857
v -3.176566 4.207714 -3.284391
v -3.166441 4.205001 -3.286405
v -3.159030 4.197590 -3.287879
v -3.156317 4.187466 -3.288419
v -3.444324 4.207714 -3.300615
v -3.446338 4.205001 -3.310740
v -3.447812 4.197590 -3.318151
v -3.448351 4.187466 -3.320863
v -3.188762 4.187466 -3.320863
v -3.189301 4.197590 -3.318151
v -3.190776 4.205001 -3.310740
v -3.192790 4.207714 -3.300615
v -3.460547 4.207714 -1.821216
v -3.470672 4.205001 -1.819202
v -3.478083 4.197590 -1.817727
v -3.480796 4.187466 -1.817188
v -3.480796 4.187466 -2.076777
v -3.478083 4.197590 -2.076238
v -3.470672 4.205001 -2.074763
v -3.460547 4.207714 -2.072750
v -3.448351 4.187466 -1.784743
v -3.447812 4.197590 -1.787456
v -3.446338 4.205001 -1.794867
v -3.444324 4.207714 -1.804991
v -3.192789 4.207714 -1.804991
v -3.190775 4.205001 -1.794867
v -3.189301 4.197590 -1.787456
v -3.188761 4.187466 -1.784743
v -3.156317 4.187466 -1.817188
v -3.159029 4.197590 -1.817727
v -3.166441 4.205001 -1.819202
v -3.176565 4.207714 -1.821216
v -3.176565 4.207714 -2.072750
v -3.166441 4.205001 -2.074763
v -3.159029 4.197590 -2.076238
v -3.156317 4.187466 -2.076777
v -3.444324 4.207714 -2.088974
v -3.446338 4.205001 -2.099098
v -3.447812 4.197590 -2.106509
v -3.448351 4.187466 -2.109222
v -3.188761 4.187466 -2.109222
v -3.189301 4.197590 -2.106509
v -3.190775 4.205001 -2.099098
v -3.192789 4.207714 -2.088974
v -2.248906 4.207714 -3.032857
v -2.259030 4.205001 -3.030843
v -2.266442 4.197590 -3.029369
v -2.269155 4.187466 -3.028829
v -2.269155 4.187466 -3.288419
v -2.266442 4.197590 -3.287879
v -2.259030 4.205001 -3.286405
v -2.248906 4.207714 -3.284391
v -2.236710 4.187466 -2.996385
v -2.236170 4.197590 -2.999097
v -2.234696 4.205001 -3.006509
v -2.232682 4.207714 -3.016633
v -1.981148 4.207714 -3.016633
v -1.979135 4.205001 -3.006509
v -1.977660 4.197590 -2.999097
v -1.977120 4.187466 -2.996385
v -1.944675 4.187466 -3.028829
v -1.947389 4.197590 -3.029369
v -1.954800 4.205001 -3.030843
v -1.964924 4.207714 -3.032857
v -1.964924 4.207714 -3.284391
v -1.954800 4.205001 -3.286405
v -1.947389 4.197590 -3.287879
v -1.944675 4.187466 -3.288419
v -2.232682 4.207714 -3.300615
v -2.234696 4.205001 -3.310739
v -2.236170 4.197590 -3.318151
v -2.236710 4.187466 -3.320863
v -1.977120 4.187466 -3.320863
v -1.977660 4.197590 -3.318151
v -1.979135 4.205001 -3.310739
v -1.981148 4.207714 -3.300615
v -2.248906 4.207714 -1.821216
v -2.259030 4.205001 -1.819202
v -2.266442 4.197590 -1.817727
v -2.269155 4.187466 -1.817188
v -2.269155 4.187466 -2.076777
v -2.266442 4.197590 -2.076238
v -2.259030 4.205001 -2.074764
v -2.248906 4.207714 -2.072750
v -2.236710 4.187466 -1.784743
v -2.236170 4.197590 -1.787456
v -2.234696 4.205001 -1.794867
v -2.232682 4.207714 -1.804991
v -1.981148 4.207714 -1.804991
v -1.979135 4.205001 -1.794867
v -1.977660 4.197590 -1.787456
v -1.977120 4.187466 -1.784743
v -1.944675 4.187466 -1.817188
v -1.947389 4.197590 -1.817728
v -1.954800 4.205001 -1.819202
v -1.964924 4.207714 -1.821216
v -1.964924 4.207714 -2.072750
v -1.954800 4.205001 -2.074764
v -1.947389 4.197590 -2.076238
v -1.944675 4.187466 -2.076777
v -2.232682 4.207714 -2.088974
v -2.234696 4.205001 -2.099098
v -2.236170 4.197590 -2.106509
v -2.236710 4.187466 -2.109222
v -1.977120 4.187466 -2.109222
v -1.977660 4.197590 -2.106509
v -1.979135 4.205001 -2.099098
v -1.981148 4.207714 -2.088974
v -3.455796 4.207714 -3.021385
v -3.463544 4.205001 -3.013636
v -3.469217 4.197590 -3.007964
v -3.471293 4.187466 -3.005888
v -3.181317 4.207714 -3.021385
v -3.173569 4.205001 -3.013636
v -3.167896 4.197590 -3.007964
v -3.165820 4.187466 -3.005888
v -3.471293 4.187466 -3.311361
v -3.469217 4.197590 -3.309284
v -3.463544 4.205001 -3.303612
v -3.455796 4.207714 -3.295863
v -3.165820 4.187466 -3.311361
v -3.167896 4.197590 -3.309284
v -3.173569 4.205001 -3.303612
v -3.181317 4.207714 -3.295863
v -3.455796 4.207714 -1.809743
v -3.463544 4.205001 -1.801995
v -3.469217 4.197590 -1.796322
v -3.471293 4.187466 -1.794246
v -3.181317 4.207714 -1.809743
v -3.173568 4.205001 -1.801995
v -3.167896 4.197590 -1.796322
v -3.165820 4.187466 -1.794246
v -3.471293 4.187466 -2.099719
v -3.469217 4.197590 -2.097643
v -3.463544 4.205001 -2.091970
v -3.455796 4.207714 -2.084222
v -3.165820 4.187466 -2.099719
v -3.167896 4.197590 -2.097643
v -3.173568 4.205001 -2.091970
v -3.181317 4.207714 -2.084222
v -2.244154 4.207714 -3.021385
v -2.251903 4.205001 -3.013636
v -2.257576 4.197589 -3.007964
v -1.969676 4.207714 -3.021385
v -1.961927 4.205001 -3.013636
v -1.956255 4.197590 -3.007964
v -1.954179 4.187466 -3.005888
v -2.259652 4.187466 -3.311360
v -2.257576 4.197590 -3.309284
v -2.251903 4.205001 -3.303612
v -2.244154 4.207714 -3.295863
v -1.954179 4.187466 -3.311360
v -1.956255 4.197590 -3.309284
v -1.961927 4.205001 -3.303612
v -1.969676 4.207714 -3.295863
v -2.244154 4.207714 -1.809743
v -2.251903 4.205001 -1.801995
v -2.257576 4.197590 -1.796322
v -2.259652 4.187466 -1.794246
v -1.969676 4.207714 -1.809743
v -1.961927 4.205001 -1.801995
v -1.956255 4.197590 -1.796322
v -1.954179 4.187466 -1.794246
v -2.259652 4.187466 -2.099719
v -2.257576 4.197590 -2.097643
v -2.251903 4.205001 -2.091971
v -2.244154 4.207714 -2.084222
v -1.954179 4.187466 -2.099719
v -1.956255 4.197590 -2.097643
v -1.961927 4.205001 -2.091970
v -1.969676 4.207714 -2.084222
v -3.447140 0.756089 -3.002474
v -3.189973 0.756089 -3.002474
v -3.474707 0.756089 -3.030041
v -3.474707 0.756089 -3.287208
v -3.447140 0.756089 -3.314775
v -3.189973 0.756089 -3.314775
v -3.162406 0.756089 -3.030041
v -3.162406 0.756089 -3.287208
v -3.447140 0.756089 -1.790832
v -3.189972 0.756089 -1.790832
v -3.474707 0.756089 -1.818399
v -3.474707 0.756089 -2.075566
v -3.447140 0.756089 -2.103133
v -3.189972 0.756089 -2.103133
v -3.162406 0.756089 -1.818399
v -3.162406 0.756089 -2.075566
v -2.235499 0.756089 -3.002474
v -1.978332 0.756089 -3.002474
v -2.263065 0.756089 -3.030041
v -2.263065 0.756089 -3.287207
v -2.235499 0.756089 -3.314775
v -1.978332 0.756089 -3.314775
v -1.950764 0.756089 -3.030041
v -1.950764 0.756089 -3.287207
v -2.235499 0.756089 -1.790832
v -1.978332 0.756089 -1.790832
v -2.263065 0.756089 -1.818399
v -2.263065 0.756089 -2.075566
v -2.235499 0.756089 -2.103133
v -1.978332 0.756089 -2.103133
v -1.950764 0.756089 -1.818399
v -1.950764 0.756089 -2.075566
v -3.466632 0.756089 -3.010548
v -3.170480 0.756089 -3.010548
v -3.466632 0.756089 -3.306700
v -3.170480 0.756089 -3.306700
v -3.466632 0.756089 -1.798906
v -3.170480 0.756089 -1.798906
v -3.466632 0.756089 -2.095059
v -3.170480 0.756089 -2.095059
v -2.254818 0.758388 -3.010721
v -1.958839 0.756089 -3.010548
v -2.254991 0.756089 -3.306700
v -1.958839 0.756089 -3.306700
v -2.254991 0.756089 -1.798906
v -1.958839 0.756089 -1.798907
v -2.254991 0.756089 -2.095059
v -1.958839 0.756089 -2.095059
v -2.257222 4.187466 -3.008317
vt 0.928600 0.213462
vt 0.928600 0.001985
vt 0.958130 0.001985
vt 0.958130 0.213462
vt 0.925990 0.212381
vt 0.925990 0.003066
vt 0.960739 0.212381
vt 0.960739 0.003066
vt 0.965869 0.428930
vt 0.965869 0.217453
vt 0.995398 0.217453
vt 0.995398 0.428930
vt 0.963259 0.218534
vt 0.963259 0.427849
vt 0.998008 0.218534
vt 0.998008 0.427849
vt 0.761448 0.729563
vt 0.761448 0.518086
vt 0.790977 0.518086
vt 0.790977 0.729563
vt 0.758838 0.728482
vt 0.758838 0.519167
vt 0.793587 0.728482
vt 0.793587 0.519167
vt 0.720563 0.729563
vt 0.720563 0.518086
vt 0.750093 0.518086
vt 0.750093 0.729563
vt 0.717954 0.519167
vt 0.717954 0.728482
vt 0.752703 0.519167
vt 0.752703 0.728482
vt 0.679679 0.729563
vt 0.679679 0.518086
vt 0.709209 0.518086
vt 0.709209 0.729563
vt 0.677069 0.728482
vt 0.677069 0.519167
vt 0.711818 0.728482
vt 0.711818 0.519167
vt 0.638795 0.729563
vt 0.638795 0.518086
vt 0.668324 0.518086
vt 0.668324 0.729563
vt 0.636185 0.519167
vt 0.636185 0.728482
vt 0.670934 0.519167
vt 0.670934 0.728482
vt 0.096867 0.513400
vt 0.096787 0.514907
vt 0.058304 0.514907
vt 0.058224 0.513400
vt 0.100282 0.513400
vt 0.099973 0.514907
vt 0.096567 0.516010
vt 0.058524 0.516010
vt 0.055118 0.514907
vt 0.054809 0.513400
vt 0.058317 0.002896
vt 0.096774 0.002896
vt 0.099923 0.002896
vt 0.099129 0.516010
vt 0.055962 0.516010
vt 0.055168 0.002896
vt 0.110926 0.514907
vt 0.110846 0.513400
vt 0.149489 0.513400
vt 0.149409 0.514907
vt 0.107739 0.514907
vt 0.107430 0.513400
vt 0.110939 0.002896
vt 0.149396 0.002896
vt 0.152904 0.513400
vt 0.152595 0.514907
vt 0.111145 0.516010
vt 0.149189 0.516010
vt 0.108584 0.516010
vt 0.107789 0.002896
vt 0.152545 0.002896
vt 0.151751 0.516010
vt 0.202111 0.513400
vt 0.202030 0.514907
vt 0.163548 0.514907
vt 0.163467 0.513400
vt 0.205526 0.513400
vt 0.205217 0.514907
vt 0.201811 0.516010
vt 0.163767 0.516010
vt 0.160361 0.514907
vt 0.160052 0.513400
vt 0.163561 0.002896
vt 0.202017 0.002896
vt 0.205167 0.002896
vt 0.204372 0.516010
vt 0.161206 0.516010
vt 0.160411 0.002896
vt 0.216169 0.514907
vt 0.216089 0.513400
vt 0.254732 0.513400
vt 0.254652 0.514907
vt 0.212983 0.514907
vt 0.212674 0.513400
vt 0.216182 0.002896
vt 0.254639 0.002896
vt 0.258147 0.513400
vt 0.257838 0.514907
vt 0.216389 0.516010
vt 0.254432 0.516010
vt 0.213827 0.516010
vt 0.213033 0.002896
vt 0.257788 0.002896
vt 0.256994 0.516010
vt 0.044051 0.513414
vt 0.043970 0.514921
vt 0.005488 0.514921
vt 0.005407 0.513414
vt 0.047104 0.513414
vt 0.047157 0.514921
vt 0.043751 0.516025
vt 0.005707 0.516025
vt 0.002301 0.514921
vt 0.001992 0.513414
vt 0.005501 0.002910
vt 0.043957 0.002910
vt 0.046706 0.003211
vt 0.046312 0.516025
vt 0.003146 0.516025
vt 0.002351 0.002910
vt 0.268791 0.514907
vt 0.268711 0.513400
vt 0.307354 0.513400
vt 0.307274 0.514907
vt 0.265605 0.514907
vt 0.265296 0.513400
vt 0.268804 0.002896
vt 0.307261 0.002896
vt 0.310769 0.513400
vt 0.310460 0.514907
vt 0.269010 0.516010
vt 0.307054 0.516010
vt 0.266449 0.516010
vt 0.265654 0.002896
vt 0.310410 0.002896
vt 0.309616 0.516010
vt 0.359976 0.513400
vt 0.359895 0.514907
vt 0.321413 0.514907
vt 0.321332 0.513400
vt 0.363391 0.513400
vt 0.363082 0.514907
vt 0.359676 0.516010
vt 0.321632 0.516010
vt 0.318226 0.514907
vt 0.317917 0.513400
vt 0.321426 0.002896
vt 0.359882 0.002896
vt 0.363032 0.002896
vt 0.362237 0.516010
vt 0.319071 0.516010
vt 0.318276 0.002896
vt 0.374034 0.514907
vt 0.373954 0.513400
vt 0.412597 0.513400
vt 0.412517 0.514907
vt 0.370848 0.514907
vt 0.370539 0.513400
vt 0.374047 0.002896
vt 0.412504 0.002896
vt 0.416013 0.513400
vt 0.415704 0.514907
vt 0.374254 0.516010
vt 0.412298 0.516010
vt 0.371692 0.516010
vt 0.370898 0.002896
vt 0.415654 0.002896
vt 0.414859 0.516010
vt 0.630050 0.729317
vt 0.627440 0.726707
vt 0.627440 0.522611
vt 0.630050 0.520002
vt 0.420735 0.729317
vt 0.423345 0.726707
vt 0.423345 0.522611
vt 0.420735 0.520002
vt 0.207894 0.726707
vt 0.205284 0.729317
vt 0.205284 0.520002
vt 0.207894 0.522611
vt 0.411990 0.726707
vt 0.414600 0.729317
vt 0.414600 0.520002
vt 0.411990 0.522611
vt 0.211307 0.942623
vt 0.208697 0.940014
vt 0.208697 0.735918
vt 0.211307 0.733308
vt 0.001992 0.942623
vt 0.004602 0.940014
vt 0.004602 0.735918
vt 0.001992 0.733308
vt 0.221130 0.940014
vt 0.218521 0.942623
vt 0.218521 0.733308
vt 0.221130 0.735918
vt 0.425226 0.940014
vt 0.427836 0.942623
vt 0.427836 0.733308
vt 0.425226 0.735918
vt 0.644169 0.942870
vt 0.641560 0.940260
vt 0.641560 0.736165
vt 0.644169 0.733555
vt 0.434854 0.942870
vt 0.437464 0.940260
vt 0.437464 0.736165
vt 0.434854 0.733555
vt 0.653798 0.940260
vt 0.651188 0.942870
vt 0.651188 0.733555
vt 0.653798 0.736164
vt 0.857893 0.940260
vt 0.860503 0.942870
vt 0.860503 0.733555
vt 0.857893 0.736164
vt 0.848281 0.951587
vt 0.849788 0.951887
vt 0.849788 0.989331
vt 0.848281 0.989631
vt 0.849342 0.949025
vt 0.850495 0.950179
vt 0.891355 0.991039
vt 0.889647 0.991746
vt 0.852203 0.991746
vt 0.850495 0.991039
vt 0.852203 0.949471
vt 0.889647 0.949471
vt 0.891355 0.950179
vt 0.892062 0.951887
vt 0.892062 0.989331
vt 0.849342 0.992192
vt 0.851903 0.947964
vt 0.889947 0.993253
vt 0.892508 0.992192
vt 0.851903 0.993253
vt 0.889947 0.947964
vt 0.892508 0.949025
vt 0.893569 0.951587
vt 0.893569 0.989631
vt 0.851684 0.946861
vt 0.848497 0.948181
vt 0.890166 0.994356
vt 0.893353 0.993037
vt 0.851684 0.994356
vt 0.848497 0.993037
vt 0.890166 0.946861
vt 0.893353 0.948181
vt 0.796857 0.951587
vt 0.798364 0.951887
vt 0.798364 0.989331
vt 0.796857 0.989631
vt 0.797918 0.949025
vt 0.799071 0.950179
vt 0.839931 0.991039
vt 0.838223 0.991746
vt 0.800779 0.991746
vt 0.799071 0.991039
vt 0.800779 0.949471
vt 0.838223 0.949471
vt 0.839931 0.950179
vt 0.840638 0.951887
vt 0.840638 0.989331
vt 0.797918 0.992192
vt 0.800479 0.947964
vt 0.838523 0.993253
vt 0.841084 0.992192
vt 0.800479 0.993253
vt 0.838523 0.947964
vt 0.841084 0.949025
vt 0.842145 0.951587
vt 0.842145 0.989631
vt 0.800260 0.946861
vt 0.797073 0.948181
vt 0.838742 0.994356
vt 0.841929 0.993037
vt 0.800260 0.994356
vt 0.797073 0.993037
vt 0.838742 0.946861
vt 0.841929 0.948181
vt 0.745432 0.951587
vt 0.746940 0.951887
vt 0.746940 0.989331
vt 0.745432 0.989631
vt 0.746493 0.949025
vt 0.747647 0.950179
vt 0.788507 0.991039
vt 0.786799 0.991746
vt 0.749355 0.991746
vt 0.747647 0.991039
vt 0.749355 0.949471
vt 0.786799 0.949471
vt 0.788507 0.950179
vt 0.789214 0.951887
vt 0.789214 0.989331
vt 0.746493 0.992192
vt 0.749055 0.947964
vt 0.787099 0.993253
vt 0.789660 0.992192
vt 0.749055 0.993253
vt 0.787099 0.947964
vt 0.789660 0.949025
vt 0.790721 0.951587
vt 0.790721 0.989631
vt 0.748836 0.946861
vt 0.745649 0.948181
vt 0.787318 0.994356
vt 0.790505 0.993036
vt 0.748836 0.994356
vt 0.745649 0.993036
vt 0.787318 0.946861
vt 0.790505 0.948181
vt 0.694008 0.951587
vt 0.695516 0.951887
vt 0.695516 0.989331
vt 0.694008 0.989631
vt 0.695069 0.949025
vt 0.696223 0.950179
vt 0.737083 0.991039
vt 0.735375 0.991746
vt 0.697931 0.991746
vt 0.696223 0.991039
vt 0.697931 0.949471
vt 0.735375 0.949471
vt 0.737083 0.950179
vt 0.737790 0.951887
vt 0.737790 0.989331
vt 0.695069 0.992192
vt 0.697631 0.947964
vt 0.735675 0.993253
vt 0.738236 0.992192
vt 0.697631 0.993253
vt 0.735675 0.947964
vt 0.738236 0.949025
vt 0.739297 0.951587
vt 0.739297 0.989631
vt 0.697411 0.946861
vt 0.694225 0.948181
vt 0.735894 0.994356
vt 0.739081 0.993037
vt 0.697411 0.994356
vt 0.694225 0.993037
vt 0.735894 0.946861
vt 0.739081 0.948181
vt 0.868077 0.776399
vt 0.869061 0.779398
vt 0.868077 0.738418
vt 0.913051 0.738418
vt 0.913051 0.776399
vt 0.912376 0.779221
vt 0.909645 0.780352
vt 0.871483 0.780352
vt 0.868752 0.735597
vt 0.871483 0.734466
vt 0.909645 0.734466
vt 0.912376 0.735597
vt 0.965673 0.437785
vt 0.965673 0.475767
vt 0.964997 0.478588
vt 0.962267 0.479719
vt 0.924104 0.479719
vt 0.921374 0.478588
vt 0.920698 0.475767
vt 0.920698 0.437785
vt 0.921374 0.434964
vt 0.924104 0.433833
vt 0.962267 0.433833
vt 0.964997 0.434964
vt 0.997453 0.489485
vt 0.997453 0.527467
vt 0.996778 0.530288
vt 0.994047 0.531419
vt 0.955885 0.531419
vt 0.953154 0.530288
vt 0.952479 0.527467
vt 0.952479 0.489485
vt 0.953154 0.486664
vt 0.955885 0.485533
vt 0.994047 0.485533
vt 0.996778 0.486664
vt 0.945234 0.790118
vt 0.945234 0.828099
vt 0.944558 0.830920
vt 0.941828 0.832051
vt 0.903665 0.832051
vt 0.900935 0.830920
vt 0.900259 0.828099
vt 0.900259 0.790118
vt 0.900935 0.787297
vt 0.903665 0.786166
vt 0.941828 0.786166
vt 0.944558 0.787297
vt 0.846744 0.213462
vt 0.844134 0.212381
vt 0.844134 0.003066
vt 0.846744 0.001985
vt 0.876274 0.001985
vt 0.876274 0.213462
vt 0.878883 0.212381
vt 0.878883 0.003066
vt 0.919811 0.212381
vt 0.917201 0.213462
vt 0.917201 0.001985
vt 0.919811 0.003066
vt 0.887672 0.213462
vt 0.887672 0.001985
vt 0.885062 0.212381
vt 0.885062 0.003066
vt 0.924985 0.428930
vt 0.922375 0.427849
vt 0.922375 0.218534
vt 0.924985 0.217453
vt 0.954514 0.217453
vt 0.954514 0.428930
vt 0.957124 0.427849
vt 0.957124 0.218534
vt 0.916240 0.427849
vt 0.913630 0.428930
vt 0.913630 0.217453
vt 0.916240 0.218534
vt 0.884100 0.428930
vt 0.884100 0.217453
vt 0.881491 0.427849
vt 0.881491 0.218534
vt 0.843216 0.729563
vt 0.840607 0.728482
vt 0.840607 0.519167
vt 0.843216 0.518086
vt 0.872746 0.518086
vt 0.872746 0.729563
vt 0.875355 0.728482
vt 0.875355 0.519167
vt 0.834471 0.728482
vt 0.831861 0.729563
vt 0.831861 0.518086
vt 0.834471 0.519167
vt 0.802332 0.729563
vt 0.802332 0.518086
vt 0.799722 0.728482
vt 0.799722 0.519167
vt 0.426656 0.514095
vt 0.426576 0.512587
vt 0.465219 0.512587
vt 0.465139 0.514095
vt 0.423470 0.514095
vt 0.423161 0.512587
vt 0.426605 0.002540
vt 0.465190 0.002540
vt 0.468634 0.512587
vt 0.468325 0.514095
vt 0.423274 0.002540
vt 0.468521 0.002540
vt 0.479198 0.003492
vt 0.479278 0.001985
vt 0.517761 0.001985
vt 0.517841 0.003492
vt 0.475782 0.003492
vt 0.476091 0.001985
vt 0.520947 0.001985
vt 0.521256 0.003492
vt 0.479227 0.513540
vt 0.517811 0.513540
vt 0.475896 0.513540
vt 0.521142 0.513540
vt 0.531900 0.514095
vt 0.531819 0.512587
vt 0.570463 0.512587
vt 0.570382 0.514095
vt 0.528713 0.514095
vt 0.528404 0.512587
vt 0.531849 0.002540
vt 0.570433 0.002540
vt 0.573878 0.512587
vt 0.573569 0.514095
vt 0.528518 0.002540
vt 0.573764 0.002540
vt 0.584441 0.003492
vt 0.584521 0.001985
vt 0.623004 0.001985
vt 0.623084 0.003492
vt 0.581026 0.003492
vt 0.581335 0.001985
vt 0.626191 0.001985
vt 0.626500 0.003492
vt 0.584471 0.513540
vt 0.623055 0.513540
vt 0.581140 0.513540
vt 0.626386 0.513540
vt 0.636834 0.514095
vt 0.636754 0.512587
vt 0.675397 0.512587
vt 0.675317 0.514095
vt 0.633648 0.514095
vt 0.634444 0.512587
vt 0.636783 0.002540
vt 0.675367 0.002540
vt 0.678812 0.512587
vt 0.678503 0.514095
vt 0.634572 0.002623
vt 0.678698 0.002540
vt 0.689684 0.003492
vt 0.689765 0.001985
vt 0.728247 0.001985
vt 0.728328 0.003492
vt 0.686269 0.003492
vt 0.686578 0.001985
vt 0.731434 0.001985
vt 0.731743 0.003492
vt 0.689714 0.513540
vt 0.728298 0.513540
vt 0.686383 0.513540
vt 0.731629 0.513540
vt 0.742386 0.514095
vt 0.742306 0.512587
vt 0.780949 0.512587
vt 0.780869 0.514095
vt 0.739200 0.514095
vt 0.738891 0.512587
vt 0.742336 0.002540
vt 0.780920 0.002540
vt 0.784365 0.512587
vt 0.784056 0.514095
vt 0.739005 0.002540
vt 0.784251 0.002540
vt 0.794928 0.003492
vt 0.795008 0.001985
vt 0.833491 0.001985
vt 0.833571 0.003492
vt 0.791513 0.003492
vt 0.791822 0.001985
vt 0.836677 0.001985
vt 0.836986 0.003492
vt 0.794957 0.513540
vt 0.833542 0.513540
vt 0.791626 0.513540
vt 0.836873 0.513540
vn 0.000000 -0.026171 0.999658
vn 0.000000 -0.382680 0.923881
vn 0.000000 -0.382680 0.923881
vn 0.000000 -0.026171 0.999658
vn 0.000000 -0.923879 0.382685
vn -0.007620 -0.999942 0.007620
vn 0.007620 -0.999942 0.007620
vn 0.000000 -0.923879 0.382685
vn -0.007620 0.999942 0.007620
vn 0.000000 0.923879 0.382685
vn 0.000000 0.923879 0.382685
vn 0.007620 0.999942 0.007620
vn 0.000000 0.382680 0.923881
vn 0.000000 0.026170 0.999658
vn 0.000000 0.026171 0.999658
vn 0.000000 0.382680 0.923881
vn -0.007620 -0.999942 -0.007620
vn 0.000000 -0.923880 -0.382683
vn 0.000000 -0.923880 -0.382683
vn 0.007620 -0.999942 -0.007620
vn 0.000000 -0.382675 -0.923883
vn 0.000000 -0.026170 -0.999658
vn 0.000000 -0.026171 -0.999658
vn 0.000000 -0.382675 -0.923883
vn 0.007620 0.999942 -0.007620
vn -0.007620 0.999942 -0.007620
vn 0.000000 0.026170 -0.999658
vn 0.000000 0.026170 -0.999658
vn 0.999658 -0.026170 0.000000
vn 0.999658 -0.026170 0.000000
vn 0.999658 0.026170 0.000000
vn 0.999658 0.026170 0.000000
vn -0.999658 -0.026170 0.000000
vn -0.999658 -0.026170 0.000000
vn -0.999658 0.026170 0.000000
vn -0.999658 0.026170 0.000000
vn 0.382682 0.923880 0.000000
vn 0.382682 0.923880 0.000000
vn 0.923881 0.382679 0.000000
vn 0.923882 0.382679 0.000000
vn -0.923882 0.382679 0.000000
vn -0.923881 0.382679 0.000000
vn -0.382689 0.923877 0.000000
vn -0.382689 0.923877 0.000000
vn 0.000000 0.382675 -0.923883
vn 0.000000 0.382675 -0.923883
vn 0.000000 0.923880 -0.382683
vn 0.000000 0.923880 -0.382683
vn -0.382678 -0.923882 0.000000
vn -0.382678 -0.923882 0.000000
vn -0.923883 -0.382674 0.000000
vn -0.923883 -0.382674 0.000000
vn 0.923883 -0.382674 0.000000
vn 0.923883 -0.382674 0.000000
vn 0.382672 -0.923884 0.000000
vn 0.382672 -0.923884 0.000000
vn 0.000000 -0.026170 0.999658
vn 0.000000 -0.382684 0.923879
vn 0.000000 -0.382684 0.923880
vn 0.000000 -0.026171 0.999658
vn 0.000000 -0.923879 0.382685
vn -0.007620 -0.999942 0.007620
vn 0.007620 -0.999942 0.007620
vn 0.000000 -0.923879 0.382685
vn -0.007620 0.999942 0.007620
vn 0.000000 0.923879 0.382685
vn 0.000000 0.923879 0.382685
vn 0.007620 0.999942 0.007620
vn 0.000000 0.382684 0.923880
vn 0.000000 0.026170 0.999658
vn 0.000000 0.026171 0.999658
vn 0.000000 0.382684 0.923880
vn -0.007620 -0.999942 -0.007620
vn 0.000000 -0.923880 -0.382683
vn 0.000000 -0.923880 -0.382683
vn 0.007620 -0.999942 -0.007620
vn 0.000000 -0.382678 -0.923882
vn 0.000000 -0.026170 -0.999658
vn 0.000000 -0.026170 -0.999658
vn 0.000000 -0.382678 -0.923882
vn 0.000000 -0.026171 0.999658
vn 0.000000 -0.382687 0.923878
vn 0.000000 -0.382687 0.923878
vn 0.000000 -0.026171 0.999658
vn 0.000000 -0.923879 0.382685
vn -0.007620 -0.999942 0.007620
vn 0.007620 -0.999942 0.007620
vn 0.000000 -0.923879 0.382685
vn -0.007620 0.999942 0.007620
vn 0.000000 0.923879 0.382685
vn 0.000000 0.923879 0.382685
vn 0.007620 0.999942 0.007620
vn 0.000000 0.382687 0.923878
vn 0.000000 0.026171 0.999658
vn 0.000000 0.026171 0.999658
vn 0.000000 0.382687 0.923878
vn -0.007620 -0.999942 -0.007620
vn 0.000000 -0.923880 -0.382683
vn 0.000000 -0.923880 -0.382683
vn 0.007620 -0.999942 -0.007620
vn 0.000000 -0.382681 -0.923880
vn 0.000000 -0.026170 -0.999658
vn 0.000000 -0.026171 -0.999658
vn 0.000000 -0.382681 -0.923880
vn 0.007620 0.999942 -0.007620
vn -0.007620 0.999942 -0.007620
vn 0.000000 0.026170 -0.999658
vn 0.000000 0.026170 -0.999658
vn 0.999658 -0.026170 0.000000
vn 0.999658 -0.026170 0.000000
vn 0.999658 0.026170 0.000000
vn 0.999658 0.026170 0.000000
vn -0.999658 -0.026170 0.000000
vn -0.999658 -0.026170 0.000000
vn -0.999658 0.026170 0.000000
vn -0.999658 0.026170 0.000000
vn 0.007620 0.999942 -0.007620
vn -0.007620 0.999942 -0.007620
vn 0.000000 0.026170 -0.999658
vn 0.000000 0.026171 -0.999658
vn 0.999658 -0.026170 0.000000
vn 0.999658 -0.026170 0.000000
vn 0.999658 0.026170 0.000000
vn 0.999658 0.026170 0.000000
vn -0.999658 -0.026170 0.000000
vn -0.999658 -0.026170 0.000000
vn -0.999658 0.026170 0.000000
vn -0.999658 0.026170 0.000000
vn 0.382672 0.923884 0.000000
vn 0.382672 0.923884 0.000000
vn 0.923883 0.382674 0.000000
vn 0.923883 0.382674 0.000000
vn -0.923883 0.382674 0.000000
vn -0.923883 0.382674 0.000000
vn -0.382678 0.923882 0.000000
vn -0.382678 0.923882 0.000000
vn 0.000000 0.382678 -0.923882
vn 0.000000 0.382678 -0.923882
vn 0.000000 0.923880 -0.382683
vn 0.000000 0.923880 -0.382683
vn -0.382678 -0.923882 0.000000
vn -0.382678 -0.923882 0.000000
vn -0.923883 -0.382674 0.000000
vn -0.923883 -0.382674 0.000000
vn 0.923883 -0.382674 0.000000
vn 0.923883 -0.382674 0.000000
vn 0.382672 -0.923884 0.000000
vn 0.382672 -0.923884 0.000000
vn 0.382677 0.923882 0.000000
vn 0.382677 0.923882 0.000000
vn 0.923882 0.382677 0.000000
vn 0.923882 0.382677 0.000000
vn -0.923882 0.382677 0.000000
vn -0.923882 0.382677 0.000000
vn -0.382683 0.923880 0.000000
vn -0.382683 0.923880 0.000000
vn 0.000000 0.382681 -0.923880
vn 0.000000 0.382681 -0.923880
vn 0.000000 0.923880 -0.382683
vn 0.000000 0.923880 -0.382683
vn -0.382683 -0.923880 0.000000
vn -0.382683 -0.923880 0.000000
vn -0.923882 -0.382677 0.000000
vn -0.923882 -0.382677 0.000000
vn 0.923882 -0.382677 0.000000
vn 0.923882 -0.382677 0.000000
vn 0.382677 -0.923882 0.000000
vn 0.382677 -0.923882 0.000000
vn -0.999506 -0.001008 0.031422
vn -0.965030 0.260238 0.031518
vn -0.965030 0.260238 -0.031518
vn -0.999506 -0.001008 -0.031422
vn -0.704918 0.708996 0.020399
vn -0.704918 0.708996 0.020400
vn -0.704917 0.708997 -0.020399
vn -0.704917 0.708997 -0.020399
vn -0.257753 0.966194 0.005714
vn -0.005670 0.999984 0.000126
vn -0.005670 0.999984 -0.000125
vn -0.257753 0.966194 -0.005715
vn -0.000126 0.999984 0.005671
vn -0.005715 0.966191 0.257763
vn 0.005715 0.966192 0.257762
vn 0.000126 0.999984 0.005671
vn -0.020401 0.708964 0.704950
vn -0.027277 0.485362 0.873888
vn 0.027277 0.485358 0.873890
vn 0.020399 0.708963 0.704951
vn -0.031421 -0.001008 0.999506
vn 0.031421 -0.001008 0.999506
vn 0.005670 0.999984 0.000126
vn 0.257748 0.966195 0.005715
vn 0.257748 0.966195 -0.005714
vn 0.005670 0.999984 -0.000125
vn 0.704927 0.708987 0.020400
vn 0.704927 0.708987 0.020400
vn 0.704927 0.708986 -0.020400
vn 0.704927 0.708986 -0.020400
vn 0.965025 0.260255 0.031517
vn 0.999506 -0.001008 0.031421
vn 0.999506 -0.001008 -0.031421
vn 0.965025 0.260255 -0.031517
vn -0.031422 -0.001008 -0.999506
vn -0.027276 0.485362 -0.873888
vn 0.027277 0.485359 -0.873890
vn 0.031422 -0.001008 -0.999506
vn -0.020400 0.708964 -0.704950
vn 0.020399 0.708964 -0.704949
vn -0.005715 0.966192 -0.257762
vn -0.000126 0.999984 -0.005670
vn 0.000126 0.999984 -0.005670
vn 0.005715 0.966192 -0.257760
vn -0.999506 -0.001008 0.031422
vn -0.965031 0.260236 0.031518
vn -0.965030 0.260238 -0.031517
vn -0.999506 -0.001008 -0.031422
vn -0.704916 0.708997 0.020399
vn -0.704916 0.708997 0.020399
vn -0.704917 0.708997 -0.020399
vn -0.704917 0.708997 -0.020400
vn -0.257753 0.966194 0.005714
vn -0.005670 0.999984 0.000126
vn -0.005670 0.999984 -0.000125
vn -0.257753 0.966194 -0.005715
vn -0.000126 0.999984 0.005672
vn -0.005715 0.966180 0.257805
vn 0.005715 0.966181 0.257803
vn 0.000126 0.999984 0.005672
vn -0.020400 0.708970 0.704944
vn -0.027277 0.485377 0.873880
vn 0.027277 0.485377 0.873879
vn 0.020400 0.708970 0.704943
vn -0.031420 -0.001008 0.999506
vn 0.031420 -0.001008 0.999506
vn 0.005670 0.999984 0.000126
vn 0.257754 0.966194 0.005715
vn 0.257754 0.966194 -0.005714
vn 0.005670 0.999984 -0.000125
vn 0.704937 0.708977 0.020400
vn 0.704937 0.708977 0.020400
vn 0.704936 0.708977 -0.020400
vn 0.704937 0.708977 -0.020399
vn 0.965030 0.260238 0.031517
vn 0.999506 -0.001008 0.031420
vn 0.999506 -0.001008 -0.031420
vn 0.965030 0.260238 -0.031518
vn -0.031421 -0.001008 -0.999506
vn -0.027277 0.485381 -0.873877
vn 0.027277 0.485381 -0.873877
vn 0.031421 -0.001008 -0.999506
vn -0.014430 0.850320 -0.526068
vn 0.014430 0.850320 -0.526068
vn -0.000126 0.999984 -0.005671
vn 0.000126 0.999984 -0.005671
vn -0.999343 -0.001014 0.036221
vn -0.967906 0.248729 0.035947
vn -0.965020 0.260273 -0.031517
vn -0.999506 -0.001008 -0.031421
vn -0.704937 0.708977 0.020402
vn -0.704937 0.708977 0.020401
vn -0.704936 0.708977 -0.020399
vn -0.704936 0.708977 -0.020400
vn -0.257748 0.966195 0.005714
vn -0.005670 0.999984 0.000126
vn -0.005670 0.999984 -0.000125
vn -0.257748 0.966195 -0.005714
vn -0.000126 0.999984 0.005671
vn -0.014431 0.850329 0.526053
vn 0.014429 0.850331 0.526050
vn 0.000126 0.999984 0.005671
vn -0.029750 0.480627 0.876420
vn 0.020399 0.708974 0.704940
vn -0.036220 -0.001014 0.999343
vn 0.031421 -0.001008 0.999506
vn 0.031515 0.260239 0.965030
vn 0.005670 0.999984 0.000126
vn 0.257747 0.966195 0.005715
vn 0.257747 0.966195 -0.005715
vn 0.005670 0.999984 -0.000125
vn 0.704947 0.708966 0.020400
vn 0.873876 0.485383 0.027279
vn 0.873876 0.485382 -0.027279
vn 0.704947 0.708966 -0.020400
vn 0.999506 -0.001008 0.031423
vn 0.999506 -0.001008 -0.031423
vn -0.031422 -0.001008 -0.999506
vn -0.027276 0.485370 -0.873883
vn 0.031515 0.260239 -0.965030
vn 0.031422 -0.001008 -0.999506
vn -0.014431 0.850329 -0.526053
vn 0.014429 0.850331 -0.526050
vn 0.020400 0.708975 -0.704939
vn -0.000126 0.999984 -0.005670
vn 0.000126 0.999984 -0.005670
vn -0.999506 -0.001008 0.031421
vn -0.965025 0.260256 0.031517
vn -0.965026 0.260254 -0.031517
vn -0.999506 -0.001008 -0.031421
vn -0.704937 0.708976 0.020400
vn -0.704938 0.708976 0.020400
vn -0.704937 0.708977 -0.020400
vn -0.704937 0.708977 -0.020400
vn -0.257749 0.966195 0.005714
vn -0.005670 0.999984 0.000126
vn -0.005670 0.999984 -0.000125
vn -0.257749 0.966195 -0.005715
vn -0.000126 0.999984 0.005671
vn -0.005715 0.966191 0.257766
vn 0.005715 0.966191 0.257765
vn 0.000126 0.999984 0.005671
vn -0.020400 0.708970 0.704944
vn -0.027276 0.485366 0.873886
vn 0.027277 0.485363 0.873887
vn 0.020399 0.708968 0.704945
vn -0.031420 -0.001008 0.999506
vn 0.031420 -0.001008 0.999506
vn 0.005670 0.999984 0.000126
vn 0.257748 0.966195 0.005715
vn 0.257748 0.966195 -0.005715
vn 0.005670 0.999984 -0.000125
vn 0.704948 0.708966 0.020400
vn 0.873877 0.485382 0.027279
vn 0.873877 0.485382 -0.027279
vn 0.704948 0.708966 -0.020400
vn 0.999506 -0.001008 0.031423
vn 0.999506 -0.001008 -0.031423
vn -0.031421 -0.001008 -0.999506
vn -0.027277 0.485362 -0.873888
vn 0.027278 0.485360 -0.873889
vn 0.031421 -0.001008 -0.999506
vn -0.020400 0.708964 -0.704950
vn 0.014430 0.850331 -0.526051
vn -0.005715 0.966192 -0.257761
vn -0.000126 0.999984 -0.005670
vn 0.000126 0.999984 -0.005670
vn 0.000565 1.000000 -0.000565
vn -0.000565 1.000000 -0.000565
vn -0.000565 1.000000 0.000566
vn 0.000565 1.000000 0.000566
vn 0.000565 1.000000 -0.000565
vn -0.000565 1.000000 -0.000565
vn -0.000565 1.000000 0.000566
vn 0.000565 1.000000 0.000566
vn 0.000565 1.000000 -0.000565
vn -0.000565 1.000000 -0.000565
vn -0.000565 1.000000 0.000566
vn 0.000565 1.000000 0.000566
vn 0.000565 1.000000 -0.000565
vn -0.000565 1.000000 -0.000565
vn -0.000565 1.000000 0.000566
vn 0.000565 1.000000 0.000566
vn -0.923876 -0.001001 0.382692
vn -0.892396 0.258829 0.369644
vn -0.169920 0.970696 0.169931
vn -0.653293 0.707092 0.270611
vn -0.653293 0.707092 0.270611
vn -0.169914 0.970698 -0.169925
vn -0.892396 0.258829 -0.369644
vn -0.923874 -0.001001 -0.382696
vn -0.653282 0.707105 -0.270603
vn -0.653282 0.707105 -0.270603
vn 0.382693 -0.001001 0.923875
vn 0.341154 0.453051 0.823626
vn 0.169916 0.970698 0.169924
vn 0.270603 0.707097 0.653291
vn 0.169913 0.970702 -0.169905
vn 0.341155 0.453055 -0.823623
vn 0.382703 -0.001001 -0.923871
vn 0.270601 0.707114 -0.653273
vn -0.923875 -0.001001 0.382694
vn -0.892402 0.258803 0.369649
vn -0.169916 0.970696 0.169933
vn -0.653279 0.707107 0.270603
vn -0.653279 0.707107 0.270603
vn -0.169915 0.970698 -0.169926
vn -0.892395 0.258831 -0.369646
vn -0.923875 -0.001001 -0.382694
vn -0.653284 0.707103 -0.270602
vn -0.653284 0.707103 -0.270602
vn 0.382681 -0.001001 0.923880
vn 0.341156 0.453059 0.823620
vn 0.169918 0.970697 0.169928
vn 0.270607 0.707109 0.653276
vn 0.169918 0.970696 -0.169932
vn 0.341157 0.453055 -0.823622
vn 0.382691 -0.001001 -0.923876
vn 0.270605 0.707113 -0.653272
vn -0.707106 -0.001053 0.707107
vn -0.613697 0.300855 0.729975
vn -0.169917 0.970697 0.169931
vn -0.653281 0.707102 0.270612
vn -0.653281 0.707102 0.270612
vn -0.169917 0.970698 -0.169926
vn -0.892403 0.258801 -0.369647
vn -0.923878 -0.001001 -0.382687
vn -0.653274 0.707113 -0.270599
vn -0.653274 0.707113 -0.270599
vn 0.382695 -0.001001 0.923874
vn 0.369640 0.258812 0.892403
vn 0.230813 0.870128 0.435434
vn 0.270592 0.707105 0.653286
vn 0.230814 0.870130 -0.435429
vn 0.369640 0.258812 -0.892403
vn 0.382705 -0.001001 -0.923870
vn 0.270599 0.707118 -0.653269
vn -0.923878 -0.001001 0.382685
vn -0.892398 0.258817 0.369648
vn -0.169918 0.970696 0.169935
vn -0.653279 0.707107 0.270603
vn -0.653279 0.707107 0.270603
vn -0.169919 0.970697 -0.169927
vn -0.892403 0.258801 -0.369647
vn -0.923879 -0.001001 -0.382683
vn -0.653272 0.707115 -0.270600
vn -0.653271 0.707115 -0.270600
vn 0.382685 -0.001001 0.923879
vn 0.341152 0.453054 0.823625
vn 0.169918 0.970697 0.169924
vn 0.270597 0.707102 0.653288
vn 0.230820 0.870133 -0.435421
vn 0.369640 0.258812 -0.892403
vn 0.382695 -0.001001 -0.923874
vn 0.270610 0.707120 -0.653262
vn -0.341159 0.453053 0.823622
vn -0.382695 -0.001001 0.923874
vn -0.270612 0.707104 0.653279
vn 0.892403 0.258801 0.369647
vn 0.923879 -0.001001 0.382683
vn 0.653277 0.707109 0.270604
vn 0.653277 0.707109 0.270604
vn -0.341154 0.453059 -0.823621
vn -0.270603 0.707110 -0.653277
vn -0.382705 -0.001001 -0.923870
vn 0.653282 0.707105 -0.270603
vn 0.653282 0.707105 -0.270603
vn 0.923878 -0.001001 -0.382687
vn 0.892403 0.258801 -0.369647
vn -0.341157 0.453054 0.823623
vn -0.382685 -0.001001 0.923879
vn -0.270608 0.707105 0.653280
vn 0.892395 0.258831 0.369646
vn 0.923880 -0.001001 0.382680
vn 0.653279 0.707107 0.270603
vn 0.653279 0.707107 0.270603
vn -0.341156 0.453059 -0.823620
vn -0.270607 0.707109 -0.653276
vn -0.382695 -0.001001 -0.923874
vn 0.653276 0.707111 -0.270599
vn 0.653276 0.707111 -0.270599
vn 0.923880 -0.001001 -0.382680
vn 0.892395 0.258831 -0.369646
vn -0.270616 0.707115 0.653266
vn 0.823612 0.453067 0.341165
vn 0.923868 -0.001001 0.382709
vn 0.653282 0.707105 0.270603
vn -0.341155 0.453056 -0.823622
vn -0.270601 0.707114 -0.653273
vn -0.382703 -0.001001 -0.923871
vn 0.823614 0.453065 -0.341164
vn 0.653282 0.707105 -0.270603
vn 0.923867 -0.001001 -0.382714
vn -0.341156 0.453057 0.823621
vn -0.382683 -0.001001 0.923879
vn -0.270603 0.707117 0.653268
vn 0.823616 0.453059 0.341166
vn 0.923868 -0.001001 0.382711
vn 0.653292 0.707094 0.270605
vn -0.341157 0.453052 -0.823623
vn -0.270607 0.707109 -0.653276
vn -0.382693 -0.001001 -0.923875
vn 0.823616 0.453059 -0.341166
vn 0.653287 0.707098 -0.270607
vn 0.923868 -0.001001 -0.382709
vn 0.984049 -0.175186 -0.030931
vn 0.984049 -0.175186 0.030931
vn 0.500750 -0.706050 0.500742
vn 0.030932 -0.175185 0.984049
vn -0.030932 -0.175185 0.984050
vn -0.500746 -0.706053 0.500741
vn -0.984050 -0.175185 0.030932
vn -0.984050 -0.175185 -0.030932
vn -0.500745 -0.706056 -0.500739
vn -0.030933 -0.175185 -0.984050
vn 0.030933 -0.175185 -0.984050
vn 0.500748 -0.706053 -0.500741
vn 0.984049 -0.175187 -0.030931
vn 0.984049 -0.175187 0.030931
vn 0.500747 -0.706050 0.500746
vn 0.030931 -0.175186 0.984049
vn -0.030931 -0.175186 0.984049
vn -0.500742 -0.706055 0.500743
vn -0.984049 -0.175185 0.030932
vn -0.984049 -0.175185 -0.030932
vn -0.500744 -0.706055 -0.500741
vn -0.030932 -0.175185 -0.984050
vn 0.030932 -0.175186 -0.984049
vn 0.500749 -0.706050 -0.500744
vn 0.984051 -0.175186 -0.030879
vn 0.984048 -0.175185 0.030993
vn 0.500522 -0.706038 0.500987
vn 0.030873 -0.175167 0.984055
vn -0.033412 -0.175249 0.983957
vn -0.518046 -0.680629 0.518047
vn -0.983957 -0.175250 0.033413
vn -0.984054 -0.175169 -0.030873
vn -0.500992 -0.706035 -0.500522
vn -0.030992 -0.175186 -0.984047
vn 0.030878 -0.175187 -0.984051
vn 0.500638 -0.706202 -0.500640
vn 0.984050 -0.175184 -0.030934
vn 0.984050 -0.175184 0.030934
vn 0.500737 -0.706056 0.500747
vn 0.030931 -0.175186 0.984049
vn -0.030931 -0.175186 0.984049
vn -0.500745 -0.706052 0.500745
vn -0.984049 -0.175187 0.030931
vn -0.984049 -0.175186 -0.030931
vn -0.500749 -0.706051 -0.500742
vn -0.030932 -0.175186 -0.984049
vn 0.030932 -0.175185 -0.984049
vn 0.500742 -0.706054 -0.500744
s 1
g GroundShelf3
usemtl lambert7SG
f 2307/3718/2627 2306/3719/2628 2309/3720/2629 2308/3721/2630
s 2
f 2306/3494/2631 2305/3495/2632 2310/3496/2633 2309/3497/2634
s 3
f 2313/3502/2635 2312/3503/2636 2315/3504/2637 2314/3505/2638
s 1
f 2312/3724/2639 2311/3723/2640 2316/3722/2641 2315/3725/2642
s 2
f 2325/3499/2643 2324/3498/2644 2327/3501/2645 2326/3500/2646
s 4
f 2324/3726/2647 2323/3727/2648 2328/3728/2649 2327/3729/2650
s 1
f 2307/3718/2627 2308/3721/2630 2316/3722/2641 2311/3723/2640
s 3
f 2313/3502/2635 2314/3505/2638 2320/3509/2651 2317/3506/2652
s 4
f 2319/3730/2653 2322/3731/2654 2328/3728/2649 2323/3727/2648
s 2
f 2325/3499/2643 2326/3500/2646 2310/3496/2633 2305/3495/2632
s 5
f 2308/3318/2655 2328/3319/2656 2322/3320/2657 2316/3321/2658
s 6
f 2323/3326/2659 2307/3327/2660 2311/3328/2661 2319/3329/2662
s 3
f 2314/3505/2638 2315/3504/2663 2321/3508/2664 2320/3509/2651
s 5
f 2315/3324/2665 2316/3321/2658 2322/3320/2657 2321/3325/2666
s 6
f 2311/3328/2661 2312/3332/2667 2318/3333/2668 2319/3329/2662
s 3
f 2312/3503/2669 2313/3502/2635 2317/3506/2652 2318/3507/2670
s 4
f 2319/3730/2653 2318/3732/2671 2321/3733/2672 2322/3731/2654
s 3
f 2318/3507/2673 2317/3506/2652 2320/3509/2651 2321/3508/2674
s 2
f 2305/3495/2632 2306/3494/2675 2324/3498/2676 2325/3499/2643
s 6
f 2306/3330/2677 2307/3327/2660 2323/3326/2659 2324/3331/2678
s 5
f 2308/3318/2655 2309/3322/2679 2327/3323/2680 2328/3319/2656
s 2
f 2309/3497/2681 2310/3496/2633 2326/3500/2646 2327/3501/2682
s 7
f 2331/3734/2683 2330/3735/2684 2333/3736/2685 2332/3737/2686
s 8
f 2330/3510/2687 2329/3511/2688 2334/3512/2689 2333/3513/2690
s 9
f 2337/3518/2691 2336/3519/2692 2339/3520/2693 2338/3521/2694
s 7
f 2336/3740/2695 2335/3739/2696 2340/3738/2697 2339/3741/2698
s 8
f 2349/3515/2699 2348/3514/2700 2351/3517/2701 2350/3516/2702
s 10
f 2348/3742/2703 2347/3743/2704 2352/3744/2705 2351/3745/2706
s 11
f 2355/3750/2707 2354/3751/2708 2357/3752/2709 2356/3753/2710
s 12
f 2354/3526/2711 2353/3527/2712 2358/3528/2713 2357/3529/2714
s 13
f 2361/3534/2715 2360/3535/2716 2363/3536/2717 2362/3537/2718
s 11
f 2360/3756/2719 2359/3755/2720 2364/3754/2721 2363/3757/2722
s 12
f 2373/3531/2723 2372/3530/2724 2375/3533/2725 2374/3532/2726
s 14
f 2372/3758/2727 2371/3759/2728 2376/3760/2729 2375/3761/2730
s 7
f 2331/3734/2683 2332/3737/2686 2340/3738/2697 2335/3739/2696
s 9
f 2337/3518/2691 2338/3521/2694 2344/3525/2731 2341/3522/2732
s 10
f 2343/3746/2733 2346/3747/2734 2352/3744/2705 2347/3743/2704
s 8
f 2349/3515/2699 2350/3516/2702 2334/3512/2689 2329/3511/2688
s 15
f 2332/3334/2735 2352/3335/2736 2346/3336/2737 2340/3337/2738
s 16
f 2347/3342/2739 2331/3343/2740 2335/3344/2741 2343/3345/2742
s 11
f 2355/3750/2707 2356/3753/2710 2364/3754/2721 2359/3755/2720
s 13
f 2361/3534/2715 2362/3537/2718 2368/3541/2743 2365/3538/2744
s 14
f 2367/3762/2745 2370/3763/2746 2376/3760/2729 2371/3759/2728
s 12
f 2373/3531/2723 2374/3532/2726 2358/3528/2713 2353/3527/2712
s 17
f 2356/3350/2747 2376/3351/2748 2370/3352/2749 2364/3353/2750
s 18
f 2371/3358/2751 2355/3359/2752 2359/3360/2753 2367/3361/2754
s 9
f 2338/3521/2694 2339/3520/2755 2345/3524/2756 2344/3525/2731
s 15
f 2339/3340/2757 2340/3337/2738 2346/3336/2737 2345/3341/2758
s 16
f 2335/3344/2741 2336/3348/2759 2342/3349/2760 2343/3345/2742
s 9
f 2336/3519/2761 2337/3518/2691 2341/3522/2732 2342/3523/2762
s 10
f 2343/3746/2733 2342/3748/2763 2345/3749/2764 2346/3747/2734
s 9
f 2342/3523/2765 2341/3522/2732 2344/3525/2731 2345/3524/2766
s 8
f 2329/3511/2688 2330/3510/2767 2348/3514/2768 2349/3515/2699
s 16
f 2330/3346/2769 2331/3343/2740 2347/3342/2739 2348/3347/2770
s 15
f 2332/3334/2735 2333/3338/2771 2351/3339/2772 2352/3335/2736
s 8
f 2333/3513/2773 2334/3512/2689 2350/3516/2702 2351/3517/2774
s 13
f 2362/3537/2718 2363/3536/2775 2369/3540/2776 2368/3541/2743
s 17
f 2363/3356/2777 2364/3353/2750 2370/3352/2749 2369/3357/2778
s 18
f 2359/3360/2753 2360/3364/2779 2366/3365/2780 2367/3361/2754
s 13
f 2360/3535/2781 2361/3534/2715 2365/3538/2744 2366/3539/2782
s 14
f 2367/3762/2745 2366/3764/2783 2369/3765/2784 2370/3763/2746
s 13
f 2366/3539/2785 2365/3538/2744 2368/3541/2743 2369/3540/2786
s 12
f 2353/3527/2712 2354/3526/2787 2372/3530/2788 2373/3531/2723
s 18
f 2354/3362/2789 2355/3359/2752 2371/3358/2751 2372/3363/2790
s 17
f 2356/3350/2747 2357/3354/2791 2375/3355/2792 2376/3351/2748
s 12
f 2357/3529/2793 2358/3528/2713 2374/3532/2726 2375/3533/2794
s 19
f 2380/3366/2795 2379/3367/2796 2382/3368/2797 2381/3369/2798
s 20
f 2379/3367/2799 2378/3372/2800 2383/3373/2801 2382/3368/2802
s 21
f 2378/3542/2803 2377/3543/2804 2384/3544/2805 2383/3545/2806
f 2388/3552/2807 2387/3558/2808 2390/3562/2809 2389/3553/2810
s 19
f 2387/3558/2811 2386/3566/2812 2391/3572/2813 2390/3562/2814
f 2386/3766/2812 2385/3767/2815 2392/3768/2816 2391/3769/2813
s 21
f 2396/3555/2817 2395/3564/2818 2398/3565/2819 2397/3556/2820
s 25
f 2395/3392/2821 2394/3382/2822 2399/3385/2823 2398/3393/2824
s 19
f 2394/3382/2825 2393/3383/2826 2400/3384/2827 2399/3385/2828
f 2404/3778/2829 2403/3779/2830 2406/3780/2831 2405/3781/2832
f 2403/3570/2830 2402/3561/2833 2407/3559/2834 2406/3568/2831
s 21
f 2402/3561/2835 2401/3550/2836 2408/3549/2837 2407/3559/2838
s 29
f 2412/3398/2839 2411/3399/2840 2414/3400/2841 2413/3401/2842
s 30
f 2411/3399/2843 2410/3404/2844 2415/3405/2845 2414/3400/2846
s 29
f 2410/3574/2847 2409/3575/2848 2416/3576/2849 2415/3577/2850
f 2420/3584/2851 2419/3590/2852 2422/3594/2853 2421/3585/2854
f 2419/3590/2855 2418/3598/2856 2423/3604/2857 2422/3594/2858
f 2418/3790/2856 2417/3791/2859 2424/3792/2860 2423/3793/2857
f 2428/3587/2861 2427/3596/2862 2430/3597/2863 2429/3588/2864
s 35
f 2427/3424/2865 2426/3414/2866 2431/3417/2867 2430/3425/2868
s 29
f 2426/3414/2869 2425/3415/2870 2432/3416/2871 2431/3417/2872
f 2436/3802/2873 2435/3803/2874 2438/3804/2875 2437/3805/2876
f 2435/3602/2874 2434/3593/2877 2439/3591/2878 2438/3600/2875
f 2434/3593/2877 2433/3582/2879 2440/3581/2880 2439/3591/2878
s 39
f 2444/3430/2881 2443/3431/2882 2446/3432/2883 2445/3433/2884
s 40
f 2443/3431/2885 2442/3436/2886 2447/3437/2887 2446/3432/2888
s 39
f 2442/3606/2889 2441/3607/2890 2448/3608/2891 2447/3609/2892
f 2452/3616/2893 2451/3622/2894 2454/3626/2895 2453/3617/2896
f 2451/3622/2894 2450/3630/2897 2455/3636/2898 2454/3626/2895
f 2450/3814/2897 2449/3815/2899 2456/3816/2900 2455/3817/2901
f 2460/3619/2902 2459/3628/2903 2462/3629/2904 2461/3620/2905
f 2459/3456/2906 2458/3446/2907 2463/3449/2908 2462/3457/2909
f 2458/3446/2907 2457/3447/2910 2464/3448/2911 2463/3449/2908
f 2468/3826/2912 2467/3827/2913 2470/3828/2914 2469/3829/2915
f 2467/3634/2913 2466/3625/2916 2471/3623/2917 2470/3632/2918
f 2466/3625/2916 2465/3614/2919 2472/3613/2920 2471/3623/2917
s 48
f 2476/3462/2921 2475/3463/2922 2478/3464/2923 2477/3465/2924
s 49
f 2475/3463/2925 2474/3468/2926 2479/3469/2927 2478/3464/2928
s 48
f 2474/3638/2929 2473/3639/2930 2480/3640/2931 2479/3641/2932
f 2484/3648/2933 2483/3654/2934 2486/3658/2935 2485/3649/2936
f 2483/3654/2937 2482/3662/2938 2487/3668/2939 2486/3658/2940
f 2482/3838/2938 2481/3839/2941 2488/3840/2942 2487/3841/2939
f 2492/3651/2943 2491/3660/2944 2494/3661/2945 2493/3652/2946
f 2491/3488/2947 2490/3478/2948 2495/3481/2949 2494/3489/2950
f 2490/3478/2948 2489/3479/2951 2496/3480/2952 2495/3481/2949
f 2500/3850/2953 2499/3851/2954 2502/3852/2955 2501/3853/2956
f 2499/3666/2954 2498/3657/2957 2503/3655/2958 2502/3664/2955
f 2498/3657/2959 2497/3646/2960 2504/3645/2961 2503/3655/2958
s 21
f 2520/3548/2962 2408/3549/2837 2401/3550/2836 2516/3551/2963 2384/3544/2805 2377/3543/2804 2505/3547/2964 2388/3552/2807 2389/3553/2810 2509/3554/2965 2396/3555/2817 2397/3556/2820
s 29
f 2536/3580/2966 2440/3581/2880 2433/3582/2879 2532/3583/2967 2416/3576/2849 2409/3575/2848 2521/3579/2968 2420/3584/2851 2421/3585/2854 2525/3586/2969 2428/3587/2861 2429/3588/2864
s 39
f 2551/3612/2970 2472/3613/2920 2465/3614/2919 2547/3615/2971 2448/3608/2891 2441/3607/2890 2537/3611/2972 2452/3616/2893 2453/3617/2896 2540/3618/2973 2460/3619/2902 2461/3620/2905
s 48
f 2567/3644/2974 2504/3645/2961 2497/3646/2960 2563/3647/2975 2480/3640/2931 2473/3639/2930 2552/3643/2976 2484/3648/2933 2485/3649/2936 2556/3650/2977 2492/3651/2943 2493/3652/2946
s 19
f 2379/3367/2796 2380/3366/2795 2508/3370/2978 2507/3371/2979
s 21
f 2377/3543/2804 2378/3542/2803 2506/3546/2980 2505/3547/2964
s 20
f 2378/3372/2800 2379/3367/2799 2507/3371/2981 2506/3379/2982
s 21
f 2383/3545/2806 2384/3544/2805 2516/3551/2963 2515/3557/2983
s 19
f 2381/3369/2798 2382/3368/2797 2514/3374/2984 2513/3375/2985
s 20
f 2382/3368/2802 2383/3373/2801 2515/3380/2986 2514/3374/2987
s 19
f 2391/3769/2813 2392/3768/2816 2512/3774/2988 2511/3775/2989
s 21
f 2389/3553/2810 2390/3562/2809 2510/3563/2990 2509/3554/2965
s 19
f 2390/3562/2814 2391/3572/2813 2511/3573/2989 2510/3563/2991
s 21
f 2407/3559/2838 2408/3549/2837 2520/3548/2962 2519/3560/2992
s 19
f 2405/3781/2832 2406/3780/2831 2518/3784/2993 2517/3785/2994
f 2406/3568/2831 2407/3559/2834 2519/3560/2995 2518/3569/2993
s 29
f 2411/3399/2840 2412/3398/2839 2524/3402/2996 2523/3403/2997
f 2409/3575/2848 2410/3574/2847 2522/3578/2998 2521/3579/2968
s 30
f 2410/3404/2844 2411/3399/2843 2523/3403/2999 2522/3411/3000
s 29
f 2415/3577/2850 2416/3576/2849 2532/3583/2967 2531/3589/3001
f 2413/3401/2842 2414/3400/2841 2530/3406/3002 2529/3407/3003
s 30
f 2414/3400/2846 2415/3405/2845 2531/3412/3004 2530/3406/3005
s 29
f 2423/3793/2857 2424/3792/2860 2528/3798/3006 2527/3799/3007
f 2421/3585/2854 2422/3594/2853 2526/3595/3008 2525/3586/2969
f 2422/3594/2858 2423/3604/2857 2527/3605/3007 2526/3595/3009
f 2439/3591/2878 2440/3581/2880 2536/3580/2966 2535/3592/3010
f 2437/3805/2876 2438/3804/2875 2534/3808/3011 2533/3809/3012
f 2438/3600/2875 2439/3591/2878 2535/3592/3013 2534/3601/3011
s 39
f 2443/3431/2882 2444/3430/2881 2616/3434/3014 2539/3435/3015
f 2441/3607/2890 2442/3606/2889 2538/3610/3016 2537/3611/2972
s 40
f 2442/3436/2886 2443/3431/2885 2539/3435/3017 2538/3443/3018
s 39
f 2447/3609/2892 2448/3608/2891 2547/3615/2971 2546/3621/3019
f 2445/3433/2884 2446/3432/2883 2545/3438/3020 2544/3439/3021
s 40
f 2446/3432/2888 2447/3437/2887 2546/3444/3022 2545/3438/3023
s 39
f 2455/3817/2901 2456/3816/2900 2543/3822/3024 2542/3823/3025
f 2453/3617/2896 2454/3626/2895 2541/3627/3026 2540/3618/2973
f 2454/3626/2895 2455/3636/2898 2542/3637/3027 2541/3627/3026
f 2471/3623/2917 2472/3613/2920 2551/3612/2970 2550/3624/3028
f 2469/3829/2915 2470/3828/2914 2549/3832/3029 2548/3833/3030
f 2470/3632/2918 2471/3623/2917 2550/3624/3028 2549/3633/3031
s 48
f 2475/3463/2922 2476/3462/2921 2555/3466/3032 2554/3467/3033
f 2473/3639/2930 2474/3638/2929 2553/3642/3034 2552/3643/2976
s 49
f 2474/3468/2926 2475/3463/2925 2554/3467/3035 2553/3475/3036
s 48
f 2479/3641/2932 2480/3640/2931 2563/3647/2975 2562/3653/3037
f 2477/3465/2924 2478/3464/2923 2561/3470/3038 2560/3471/3039
s 49
f 2478/3464/2928 2479/3469/2927 2562/3476/3040 2561/3470/3041
s 48
f 2487/3841/2939 2488/3840/2942 2559/3846/3042 2558/3847/3043
f 2485/3649/2936 2486/3658/2935 2557/3659/3044 2556/3650/2977
f 2486/3658/2940 2487/3668/2939 2558/3669/3043 2557/3659/3045
f 2503/3655/2958 2504/3645/2961 2567/3644/2974 2566/3656/3046
f 2501/3853/2956 2502/3852/2955 2565/3856/3047 2564/3857/3048
f 2502/3664/2955 2503/3655/2958 2566/3656/3046 2565/3665/3049
s 19
f 2385/3767/2815 2386/3766/2812 2507/3770/3050 2508/3771/3051
f 2386/3566/2812 2387/3558/2811 2506/3546/3052 2507/3567/3050
s 21
f 2387/3558/2808 2388/3552/2807 2505/3547/2964 2506/3546/2980
s 19
f 2393/3383/2826 2394/3382/2825 2511/3386/3053 2512/3387/3054
s 25
f 2394/3382/2822 2395/3392/2821 2510/3394/3055 2511/3386/3056
s 21
f 2395/3564/2818 2396/3555/2817 2509/3554/2965 2510/3563/2990
f 2401/3550/2836 2402/3561/2835 2515/3557/2983 2516/3551/2963
s 19
f 2402/3561/2833 2403/3570/2830 2514/3571/3057 2515/3557/3058
f 2403/3779/2830 2404/3778/2829 2513/3782/3059 2514/3783/3057
s 21
f 2397/3556/2820 2398/3565/2819 2519/3560/2992 2520/3548/2962
s 25
f 2398/3393/2824 2399/3385/2823 2518/3391/3060 2519/3397/3061
s 19
f 2399/3385/2828 2400/3384/2827 2517/3390/3062 2518/3391/3063
s 29
f 2417/3791/2859 2418/3790/2856 2523/3794/3064 2524/3795/3065
f 2418/3598/2856 2419/3590/2855 2522/3578/3066 2523/3599/3064
f 2419/3590/2852 2420/3584/2851 2521/3579/2968 2522/3578/2998
f 2425/3415/2870 2426/3414/2869 2527/3418/3067 2528/3419/3068
s 35
f 2426/3414/2866 2427/3424/2865 2526/3426/3069 2527/3418/3070
s 29
f 2427/3596/2862 2428/3587/2861 2525/3586/2969 2526/3595/3008
f 2433/3582/2879 2434/3593/2877 2531/3589/3001 2532/3583/2967
f 2434/3593/2877 2435/3602/2874 2530/3603/3071 2531/3589/3072
f 2435/3803/2874 2436/3802/2873 2529/3806/3073 2530/3807/3071
f 2429/3588/2864 2430/3597/2863 2535/3592/3010 2536/3580/2966
s 35
f 2430/3425/2868 2431/3417/2867 2534/3423/3074 2535/3429/3075
s 29
f 2431/3417/2872 2432/3416/2871 2533/3422/3076 2534/3423/3077
s 39
f 2449/3815/2899 2450/3814/2897 2539/3818/3015 2616/3819/3014
f 2450/3630/2897 2451/3622/2894 2538/3610/3078 2539/3631/3015
f 2451/3622/2894 2452/3616/2893 2537/3611/2972 2538/3610/3016
f 2457/3447/2910 2458/3446/2907 2542/3450/3079 2543/3451/3080
f 2458/3446/2907 2459/3456/2906 2541/3458/3081 2542/3450/3079
f 2459/3628/2903 2460/3619/2902 2540/3618/2973 2541/3627/3026
f 2465/3614/2919 2466/3625/2916 2546/3621/3019 2547/3615/2971
f 2466/3625/2916 2467/3634/2913 2545/3635/3082 2546/3621/3083
f 2467/3827/2913 2468/3826/2912 2544/3830/3084 2545/3831/3082
f 2461/3620/2905 2462/3629/2904 2550/3624/3028 2551/3612/2970
f 2462/3457/2909 2463/3449/2908 2549/3455/3085 2550/3461/3086
f 2463/3449/2908 2464/3448/2911 2548/3454/3087 2549/3455/3085
s 48
f 2481/3839/2941 2482/3838/2938 2554/3842/3088 2555/3843/3089
f 2482/3662/2938 2483/3654/2937 2553/3642/3090 2554/3663/3088
f 2483/3654/2934 2484/3648/2933 2552/3643/2976 2553/3642/3034
f 2489/3479/2951 2490/3478/2948 2558/3482/3091 2559/3483/3092
f 2490/3478/2948 2491/3488/2947 2557/3490/3093 2558/3482/3091
f 2491/3660/2944 2492/3651/2943 2556/3650/2977 2557/3659/3044
f 2497/3646/2960 2498/3657/2959 2562/3653/3037 2563/3647/2975
f 2498/3657/2957 2499/3666/2954 2561/3667/3094 2562/3653/3095
f 2499/3851/2954 2500/3850/2953 2560/3854/3096 2561/3855/3094
f 2493/3652/2946 2494/3661/2945 2566/3656/3046 2567/3644/2974
f 2494/3489/2950 2495/3481/2949 2565/3487/3097 2566/3493/3098
f 2495/3481/2949 2496/3480/2952 2564/3486/3099 2565/3487/3097
s 19
f 2575/3682/3100 2574/3683/3101 2601/3684/3102 2569/3685/3103 2568/3686/3104 2600/3687/3105 2570/3688/3106 2571/3689/3107 2602/3690/3108 2572/3691/3109 2573/3692/3110 2603/3693/3111
s 29
f 2583/3694/3112 2582/3695/3113 2605/3696/3114 2577/3697/3115 2576/3698/3116 2604/3699/3117 2578/3700/3118 2579/3701/3119 2606/3702/3120 2580/3703/3121 2581/3704/3122 2607/3705/3123
s 39
f 2591/3673/3124 2590/3674/3125 2609/3675/3126 2585/3676/3127 2584/3677/3128 2608/3671/3129 2586/3670/3130 2587/3672/3131 2610/3678/3132 2588/3679/3133 2589/3680/3134 2611/3681/3135
s 48
f 2599/3706/3136 2598/3707/3137 2613/3708/3138 2593/3709/3139 2592/3710/3140 2612/3711/3141 2594/3712/3142 2595/3713/3143 2614/3714/3144 2596/3715/3145 2597/3716/3146 2615/3717/3147
s 19
f 2385/3767/2815 2568/3772/3104 2569/3773/3103 2392/3768/2816
f 2572/3786/3109 2404/3778/2829 2405/3781/2832 2573/3787/3110
f 2393/3383/2826 2574/3388/3101 2575/3389/3100 2400/3384/2827
f 2381/3369/2798 2571/3376/3107 2570/3377/3106 2380/3366/2795
s 29
f 2417/3791/2859 2576/3796/3116 2577/3797/3115 2424/3792/2860
f 2580/3810/3121 2436/3802/2873 2437/3805/2876 2581/3811/3122
f 2425/3415/2870 2582/3420/3113 2583/3421/3112 2432/3416/2871
f 2413/3401/2842 2579/3408/3119 2578/3409/3118 2412/3398/2839
s 39
f 2449/3815/2899 2584/3820/3128 2585/3821/3127 2456/3816/2900
f 2588/3834/3133 2468/3826/2912 2469/3829/2915 2589/3835/3134
f 2457/3447/2910 2590/3452/3125 2591/3453/3124 2464/3448/2911
f 2445/3433/2884 2587/3440/3131 2586/3441/3130 2444/3430/2881
s 48
f 2481/3839/2941 2592/3844/3140 2593/3845/3139 2488/3840/2942
f 2596/3858/3145 2500/3850/2953 2501/3853/2956 2597/3859/3146
f 2489/3479/2951 2598/3484/3137 2599/3485/3136 2496/3480/2952
f 2477/3465/2924 2595/3472/3143 2594/3473/3142 2476/3462/2921
s 19
f 2570/3377/3106 2600/3378/3105 2508/3370/2978 2380/3366/2795
f 2600/3776/3105 2568/3772/3104 2385/3767/2815 2508/3771/3051
f 2569/3773/3103 2601/3777/3102 2512/3774/2988 2392/3768/2816
f 2601/3395/3102 2574/3388/3101 2393/3383/2826 2512/3387/3054
f 2381/3369/2798 2513/3375/2985 2602/3381/3108 2571/3376/3107
f 2513/3782/3059 2404/3778/2829 2572/3786/3109 2602/3788/3108
f 2405/3781/2832 2517/3785/2994 2603/3789/3111 2573/3787/3110
f 2517/3390/3062 2400/3384/2827 2575/3389/3100 2603/3396/3111
s 29
f 2578/3409/3118 2604/3410/3117 2524/3402/2996 2412/3398/2839
f 2604/3800/3117 2576/3796/3116 2417/3791/2859 2524/3795/3065
f 2577/3797/3115 2605/3801/3114 2528/3798/3006 2424/3792/2860
f 2605/3427/3114 2582/3420/3113 2425/3415/2870 2528/3419/3068
f 2413/3401/2842 2529/3407/3003 2606/3413/3120 2579/3408/3119
f 2529/3806/3073 2436/3802/2873 2580/3810/3121 2606/3812/3120
f 2437/3805/2876 2533/3809/3012 2607/3813/3123 2581/3811/3122
f 2533/3422/3076 2432/3416/2871 2583/3421/3112 2607/3428/3123
s 39
f 2586/3441/3130 2608/3442/3129 2616/3434/3014 2444/3430/2881
f 2608/3824/3129 2584/3820/3128 2449/3815/2899 2616/3819/3014
f 2585/3821/3127 2609/3825/3126 2543/3822/3024 2456/3816/2900
f 2609/3459/3126 2590/3452/3125 2457/3447/2910 2543/3451/3080
f 2445/3433/2884 2544/3439/3021 2610/3445/3132 2587/3440/3131
f 2544/3830/3084 2468/3826/2912 2588/3834/3133 2610/3836/3132
f 2469/3829/2915 2548/3833/3030 2611/3837/3135 2589/3835/3134
f 2548/3454/3087 2464/3448/2911 2591/3453/3124 2611/3460/3135
s 48
f 2594/3473/3142 2612/3474/3141 2555/3466/3032 2476/3462/2921
f 2612/3848/3141 2592/3844/3140 2481/3839/2941 2555/3843/3089
f 2593/3845/3139 2613/3849/3138 2559/3846/3042 2488/3840/2942
f 2613/3491/3138 2598/3484/3137 2489/3479/2951 2559/3483/3092
f 2477/3465/2924 2560/3471/3039 2614/3477/3144 2595/3472/3143
f 2560/3854/3096 2500/3850/2953 2596/3858/3145 2614/3860/3144
f 2501/3853/2956 2564/3857/3048 2615/3861/3147 2597/3859/3146
f 2564/3486/3099 2496/3480/2952 2599/3485/3136 2615/3492/3147
g default
v -3.688940 4.956504 -2.670409
v -3.668550 4.948058 -2.670409
v -3.668550 4.956504 -2.650019
v -3.668550 4.976894 -2.641573
v -3.688940 4.976894 -2.650019
v -3.697386 4.976894 -2.670409
v -0.210293 4.956504 -2.670409
v -0.201847 4.976894 -2.670409
v -0.210293 4.976894 -2.650019
v -0.230682 4.976894 -2.641573
v -0.230682 4.956504 -2.650019
v -0.230682 4.948058 -2.670409
v -3.688940 5.227997 -2.670409
v -3.697386 5.207607 -2.670409
v -3.688940 5.207607 -2.650019
v -3.668550 5.207607 -2.641573
v -3.668550 5.227997 -2.650019
v -3.668550 5.236443 -2.670409
v -0.210293 5.227997 -2.670409
v -0.230682 5.236443 -2.670409
v -0.230682 5.227997 -2.650019
v -0.230682 5.207607 -2.641573
v -0.210293 5.207607 -2.650019
v -0.201847 5.207607 -2.670409
v -3.688940 5.207607 -3.633127
v -3.697386 5.207607 -3.612738
v -3.688940 5.227997 -3.612738
v -3.668550 5.236443 -3.612738
v -3.668550 5.227997 -3.633127
v -3.668550 5.207607 -3.641573
v -0.210293 5.207607 -3.633127
v -0.230682 5.207607 -3.641573
v -0.230682 5.227997 -3.633127
v -0.230682 5.236443 -3.612738
v -0.210293 5.227997 -3.612738
v -0.201847 5.207607 -3.612738
v -3.688940 4.956504 -3.612738
v -3.697386 4.976894 -3.612738
v -3.688940 4.976894 -3.633127
v -3.668550 4.976894 -3.641573
v -3.668550 4.956504 -3.633127
v -3.668550 4.948058 -3.612738
v -0.210293 4.956504 -3.612738
v -0.230682 4.948058 -3.612738
v -0.230682 4.956504 -3.633127
v -0.230682 4.976894 -3.641573
v -0.210293 4.976894 -3.633127
v -0.201847 4.976894 -3.612738
v -3.685193 4.960251 -2.653766
v -0.214040 4.960251 -2.653766
v -3.685193 5.224249 -2.653766
v -0.214040 5.224249 -2.653766
v -3.685193 5.224249 -3.629380
v -0.214040 5.224249 -3.629380
v -3.685193 4.960251 -3.629380
v -0.214040 4.960251 -3.629380
vt 0.282777 0.079301
vt 0.284990 0.079301
vt 0.284990 0.181574
vt 0.282777 0.181574
vt 0.284990 0.077088
vt 0.283184 0.077495
vt 0.310030 0.079301
vt 0.310030 0.181574
vt 0.284990 0.183787
vt 0.283184 0.183380
vt 0.310030 0.077088
vt 0.312243 0.079301
vt 0.312243 0.181574
vt 0.310030 0.183787
vt 0.311836 0.077495
vt 0.311836 0.183380
vt 0.316773 0.181574
vt 0.314560 0.181574
vt 0.314560 0.079301
vt 0.316773 0.079301
vt 0.316773 0.183787
vt 0.314966 0.183380
vt 0.316773 0.077088
vt 0.314966 0.077495
vt 0.341812 0.079301
vt 0.341812 0.181574
vt 0.341812 0.183787
vt 0.341812 0.077088
vt 0.344025 0.181574
vt 0.344025 0.079301
vt 0.343619 0.183380
vt 0.343619 0.077495
vt 0.105296 0.452419
vt 0.105296 0.454632
vt 0.003023 0.454632
vt 0.003023 0.452419
vt 0.107509 0.452419
vt 0.107102 0.454225
vt 0.000810 0.452419
vt 0.001217 0.454225
vt 0.003023 0.079301
vt 0.105296 0.079301
vt 0.107509 0.079301
vt 0.000810 0.079301
vt 0.105296 0.077088
vt 0.003023 0.077088
vt 0.107102 0.077495
vt 0.001217 0.077495
vt 0.144041 0.454632
vt 0.144041 0.452419
vt 0.246314 0.452419
vt 0.246314 0.454632
vt 0.141828 0.452419
vt 0.142235 0.454225
vt 0.144041 0.079301
vt 0.246314 0.079301
vt 0.248527 0.452419
vt 0.248120 0.454225
vt 0.141828 0.079301
vt 0.144041 0.077088
vt 0.246314 0.077088
vt 0.248527 0.079301
vt 0.142235 0.077495
vt 0.248120 0.077495
vt 0.112259 0.452419
vt 0.110046 0.452419
vt 0.110046 0.079301
vt 0.112259 0.079301
vt 0.112259 0.454632
vt 0.110452 0.454225
vt 0.112259 0.077088
vt 0.110452 0.077495
vt 0.137298 0.079301
vt 0.137298 0.452419
vt 0.137298 0.454632
vt 0.137298 0.077088
vt 0.139511 0.452419
vt 0.139511 0.079301
vt 0.139104 0.454225
vt 0.139104 0.077495
vt 0.253208 0.454632
vt 0.253208 0.452419
vt 0.278247 0.452419
vt 0.278247 0.454632
vt 0.250995 0.452419
vt 0.251401 0.454225
vt 0.253208 0.079301
vt 0.278247 0.079301
vt 0.280460 0.452419
vt 0.280053 0.454225
vt 0.250995 0.079301
vt 0.253208 0.077088
vt 0.278247 0.077088
vt 0.280460 0.079301
vt 0.251401 0.077495
vt 0.280053 0.077495
vn -0.002424 -0.999959 0.008755
vn -0.382066 -0.924119 0.005447
vn -0.382066 -0.924119 -0.005447
vn -0.002424 -0.999959 -0.008755
vn -0.924119 -0.382066 0.005447
vn -0.999406 -0.033383 0.008525
vn -0.999406 -0.033383 -0.008525
vn -0.924119 -0.382066 -0.005447
vn -0.002373 -0.033551 0.999434
vn -0.001510 -0.382508 0.923951
vn 0.001510 -0.382508 0.923951
vn 0.002373 -0.033551 0.999434
vn -0.001510 -0.923947 0.382518
vn 0.002424 -0.999959 0.008755
vn 0.001510 -0.923947 0.382518
vn -0.924648 -0.021207 0.380232
vn -0.924648 0.021207 0.380231
vn -0.999406 0.033383 0.008525
vn -0.380226 -0.021207 0.924650
vn -0.002373 0.033551 0.999434
vn -0.380226 0.021207 0.924650
vn 0.999406 -0.033383 0.008525
vn 0.924119 -0.382066 0.005447
vn 0.924119 -0.382066 -0.005446
vn 0.999406 -0.033383 -0.008525
vn 0.382074 -0.924116 0.005447
vn 0.002424 -0.999959 -0.008755
vn 0.382074 -0.924116 -0.005447
vn 0.380234 -0.021207 0.924647
vn 0.380234 0.021207 0.924647
vn 0.002373 0.033551 0.999434
vn 0.924648 -0.021206 0.380231
vn 0.999406 0.033383 0.008525
vn 0.924648 0.021206 0.380231
vn -0.924119 0.382066 0.005447
vn -0.924119 0.382066 -0.005447
vn -0.999406 0.033383 -0.008525
vn -0.382066 0.924119 0.005447
vn -0.002424 0.999959 0.008755
vn -0.002424 0.999959 -0.008755
vn -0.382066 0.924119 -0.005447
vn -0.001510 0.923947 0.382518
vn 0.001510 0.923947 0.382518
vn 0.002424 0.999959 0.008755
vn -0.001510 0.382508 0.923951
vn 0.001510 0.382508 0.923951
vn 0.382074 0.924116 0.005447
vn 0.382074 0.924116 -0.005447
vn 0.002424 0.999959 -0.008755
vn 0.924119 0.382066 0.005447
vn 0.999406 0.033383 -0.008525
vn 0.924119 0.382066 -0.005447
vn -0.924648 0.021207 -0.380231
vn -0.924648 -0.021207 -0.380232
vn -0.380225 0.021207 -0.924651
vn -0.002373 0.033551 -0.999434
vn -0.002373 -0.033551 -0.999434
vn -0.380226 -0.021207 -0.924651
vn -0.001510 0.382508 -0.923951
vn 0.001510 0.382508 -0.923951
vn 0.002373 0.033551 -0.999434
vn -0.001510 0.923947 -0.382518
vn 0.001510 0.923947 -0.382518
vn 0.380233 0.021208 -0.924648
vn 0.380233 -0.021208 -0.924648
vn 0.002373 -0.033551 -0.999434
vn 0.924648 0.021206 -0.380231
vn 0.924649 -0.021206 -0.380231
vn -0.001510 -0.923947 -0.382518
vn 0.001510 -0.923947 -0.382518
vn -0.001510 -0.382508 -0.923951
vn 0.001510 -0.382508 -0.923951
vn -0.887916 -0.325273 0.325275
vn -0.325263 -0.887918 0.325277
vn -0.325277 -0.325272 0.887915
vn 0.325267 -0.887915 0.325282
vn 0.887924 -0.325259 0.325264
vn 0.325279 -0.325263 0.887918
vn -0.325261 0.887913 0.325295
vn -0.887917 0.325272 0.325272
vn -0.325275 0.325268 0.887917
vn 0.887923 0.325258 0.325268
vn 0.325267 0.887915 0.325282
vn 0.325278 0.325265 0.887917
vn -0.325265 0.325267 -0.887921
vn -0.887917 0.325273 -0.325271
vn -0.325261 0.887914 -0.325290
vn 0.887922 0.325259 -0.325270
vn 0.325273 0.325267 -0.887918
vn 0.325267 0.887915 -0.325282
vn -0.325263 -0.887918 -0.325277
vn -0.887915 -0.325272 -0.325277
vn -0.325269 -0.325272 -0.887918
vn 0.887925 -0.325258 -0.325264
vn 0.325268 -0.887916 -0.325278
vn 0.325272 -0.325266 -0.887919
s 1
g WallShelf2 Shelves
usemtl lambert7SG
f 2618/3894/3148 2617/3895/3149 2653/3896/3150 2658/3897/3151
s 2
f 2617/3862/3152 2622/3863/3153 2654/3864/3154 2653/3865/3155
s 3
f 2620/3926/3156 2619/3927/3157 2627/3928/3158 2626/3929/3159
s 1
f 2619/3898/3160 2618/3894/3148 2628/3903/3161 2627/3904/3162
s 2
f 2622/3863/3153 2621/3866/3163 2631/3872/3164 2630/3868/3165
s 3
f 2621/3930/3166 2620/3926/3156 2632/3935/3167 2631/3936/3168
s 4
f 2624/3878/3169 2623/3879/3170 2659/3880/3171 2664/3881/3172
s 1
f 2623/3906/3173 2628/3903/3161 2660/3902/3174 2659/3907/3175
s 3
f 2626/3929/3159 2625/3932/3176 2639/3937/3177 2638/3934/3178
s 4
f 2625/3882/3179 2624/3878/3169 2640/3887/3180 2639/3888/3181
s 2
f 2630/3868/3165 2629/3873/3182 2643/3874/3183 2642/3869/3184
s 5
f 2629/3910/3185 2634/3911/3186 2644/3912/3187 2643/3913/3188
f 2634/3911/3186 2633/3914/3189 2637/3920/3190 2636/3916/3191
s 3
f 2633/3938/3192 2632/3935/3167 2638/3934/3178 2637/3939/3193
s 5
f 2636/3916/3191 2635/3921/3194 2651/3922/3195 2650/3917/3196
s 4
f 2635/3890/3197 2640/3887/3180 2652/3886/3198 2651/3891/3199
s 2
f 2642/3869/3184 2641/3875/3200 2655/3870/3201 2654/3864/3154
s 6
f 2641/3942/3202 2646/3943/3203 2656/3944/3204 2655/3945/3205
f 2646/3943/3203 2645/3946/3206 2649/3952/3207 2648/3948/3208
s 5
f 2645/3918/3209 2644/3912/3187 2650/3917/3196 2649/3923/3210
s 6
f 2648/3948/3208 2647/3953/3211 2663/3954/3212 2662/3949/3213
s 4
f 2647/3889/3214 2652/3886/3198 2664/3881/3172 2663/3884/3215
s 1
f 2658/3897/3151 2657/3900/3216 2661/3905/3217 2660/3902/3174
s 6
f 2657/3950/3218 2656/3944/3204 2662/3949/3213 2661/3955/3219
s 3
f 2620/3926/3156 2626/3929/3159 2638/3934/3178 2632/3935/3167
s 5
f 2634/3911/3186 2636/3916/3191 2650/3917/3196 2644/3912/3187
s 6
f 2646/3943/3203 2648/3948/3208 2662/3949/3213 2656/3944/3204
s 1
f 2658/3897/3151 2660/3902/3174 2628/3903/3161 2618/3894/3148
s 4
f 2624/3878/3169 2664/3881/3172 2652/3886/3198 2640/3887/3180
s 2
f 2654/3864/3154 2622/3863/3153 2630/3868/3165 2642/3869/3184
f 2621/3866/3163 2622/3863/3153 2617/3862/3152 2665/3867/3220
s 1
f 2617/3895/3149 2618/3894/3148 2619/3898/3160 2665/3899/3221
s 3
f 2619/3927/3157 2620/3926/3156 2621/3930/3166 2665/3931/3222
s 1
f 2627/3904/3162 2628/3903/3161 2623/3906/3173 2666/3908/3223
s 4
f 2623/3879/3170 2624/3878/3169 2625/3882/3179 2666/3883/3224
s 3
f 2625/3932/3176 2626/3929/3159 2627/3928/3158 2666/3933/3225
s 5
f 2633/3914/3189 2634/3911/3186 2629/3910/3185 2667/3915/3226
s 2
f 2629/3873/3182 2630/3868/3165 2631/3872/3164 2667/3876/3227
s 3
f 2631/3936/3168 2632/3935/3167 2633/3938/3192 2667/3940/3228
s 4
f 2639/3888/3181 2640/3887/3180 2635/3890/3197 2668/3892/3229
s 5
f 2635/3921/3194 2636/3916/3191 2637/3920/3190 2668/3924/3230
s 3
f 2637/3939/3193 2638/3934/3178 2639/3937/3177 2668/3941/3231
s 6
f 2645/3946/3206 2646/3943/3203 2641/3942/3202 2669/3947/3232
s 2
f 2641/3875/3200 2642/3869/3184 2643/3874/3183 2669/3877/3233
s 5
f 2643/3913/3188 2644/3912/3187 2645/3918/3209 2669/3919/3234
s 4
f 2651/3891/3199 2652/3886/3198 2647/3889/3214 2670/3893/3235
s 6
f 2647/3953/3211 2648/3948/3208 2649/3952/3207 2670/3956/3236
s 5
f 2649/3923/3210 2650/3917/3196 2651/3922/3195 2670/3925/3237
s 1
f 2657/3900/3216 2658/3897/3151 2653/3896/3150 2671/3901/3238
s 2
f 2653/3865/3155 2654/3864/3154 2655/3870/3201 2671/3871/3239
s 6
f 2655/3945/3205 2656/3944/3204 2657/3950/3218 2671/3951/3240
s 4
f 2663/3884/3215 2664/3881/3172 2659/3880/3171 2672/3885/3241
s 1
f 2659/3907/3175 2660/3902/3174 2661/3905/3217 2672/3909/3242
s 6
f 2661/3955/3219 2662/3949/3213 2663/3954/3212 2672/3957/3243
g default
v -4.076724 5.774951 4.126761
v -4.058458 5.756685 4.126761
v -4.033506 5.750000 4.126761
v -4.033506 5.756685 4.151713
v -4.033506 5.774951 4.169979
v -4.033506 5.799902 4.176664
v -4.058458 5.799902 4.169979
v -4.076724 5.799902 4.151713
v -4.083409 5.799902 4.126761
v -3.589578 5.756685 4.126761
v -3.571312 5.774951 4.126761
v -3.564626 5.799902 4.126761
v -3.571312 5.799902 4.151713
v -3.589578 5.799902 4.169979
v -3.614529 5.799902 4.176664
v -3.614529 5.774951 4.169979
v -3.614529 5.756685 4.151713
v -3.614529 5.750000 4.126761
v -4.058458 6.262096 4.126761
v -4.076724 6.243831 4.126761
v -4.083409 6.218879 4.126761
v -4.076724 6.218879 4.151713
v -4.058458 6.218879 4.169979
v -4.033506 6.218879 4.176664
v -4.033506 6.243831 4.169979
v -4.033506 6.262096 4.151713
v -4.033506 6.268782 4.126761
v -3.571312 6.243831 4.126761
v -3.589578 6.262096 4.126761
v -3.614529 6.268782 4.126761
v -3.614529 6.262096 4.151713
v -3.614529 6.243831 4.169979
v -3.614529 6.218879 4.176664
v -3.589578 6.218879 4.169979
v -3.571312 6.218879 4.151713
v -3.564626 6.218879 4.126761
v -4.076724 6.243831 -3.993560
v -4.058458 6.262096 -3.993560
v -4.033506 6.268782 -3.993560
v -4.033506 6.262096 -4.018511
v -4.033506 6.243831 -4.036777
v -4.033506 6.218879 -4.043463
v -4.058458 6.218879 -4.036777
v -4.076724 6.218879 -4.018511
v -4.083409 6.218879 -3.993560
v -3.564626 6.218879 -4.043463
v -3.564626 6.243831 -4.036777
v -3.564626 6.262096 -4.018511
v -3.564626 6.268782 -3.993560
v -4.058458 5.756685 -3.993560
v -4.076724 5.774951 -3.993560
v -4.083409 5.799902 -3.993560
v -4.076724 5.799902 -4.018511
v -4.058458 5.799902 -4.036777
v -4.033506 5.799902 -4.043463
v -4.033506 5.774951 -4.036777
v -4.033506 5.756685 -4.018511
v -4.033506 5.750000 -3.993560
v -3.564626 5.750000 -3.993560
v -3.564626 5.756685 -4.018511
v -3.564626 5.774951 -4.036777
v -3.564626 5.799902 -4.043463
v -4.033506 6.268782 -3.544386
v -4.058458 6.262096 -3.544386
v -4.076724 6.243831 -3.544386
v -4.083409 6.218879 -3.544386
v -3.514724 6.218879 -3.544386
v -3.521410 6.243831 -3.551071
v -3.539675 6.262096 -3.569337
v -3.564626 6.268782 -3.594288
v -3.614529 6.268782 -3.544386
v -3.589578 6.262096 -3.519434
v -3.571312 6.243831 -3.501169
v -3.564626 6.218879 -3.494483
v -3.557941 6.218879 -3.519434
v -3.539675 6.218879 -3.537700
v -3.589578 6.268782 -3.587603
v -3.607843 6.268782 -3.569337
v -4.083409 5.799902 -3.544386
v -4.076724 5.774951 -3.544386
v -4.058458 5.756685 -3.544386
v -4.033506 5.750000 -3.544386
v -3.539675 5.756685 -3.569337
v -3.521410 5.774951 -3.551071
v -3.514724 5.799902 -3.544386
v -3.539675 5.799902 -3.537700
v -3.557941 5.799902 -3.519434
v -3.564626 5.799902 -3.494483
v -3.571312 5.774951 -3.501169
v -3.589578 5.756685 -3.519434
v -3.614529 5.750000 -3.544386
v -3.564626 5.750000 -3.594288
v -3.607843 5.750000 -3.569337
v -3.589578 5.750000 -3.587603
v 4.148681 5.756685 -3.594288
v 4.166947 5.774951 -3.594288
v 4.173633 5.799902 -3.594288
v 4.166947 5.799902 -3.569337
v 4.148681 5.799902 -3.551071
v 4.123730 5.799902 -3.544386
v 4.123730 5.774951 -3.551071
v 4.123730 5.756685 -3.569337
v 4.123730 5.750000 -3.594288
v 4.166947 6.243831 -3.594288
v 4.148681 6.262096 -3.594288
v 4.123730 6.268782 -3.594288
v 4.123730 6.262096 -3.569337
v 4.123730 6.243831 -3.551071
v 4.123730 6.218879 -3.544386
v 4.148681 6.218879 -3.551071
v 4.166947 6.218879 -3.569337
v 4.173633 6.218879 -3.594288
v 4.148681 5.799902 -4.036777
v 4.166947 5.799902 -4.018511
v 4.173633 5.799902 -3.993560
v 4.166947 5.774951 -3.993560
v 4.148681 5.756685 -3.993560
v 4.123730 5.750000 -3.993560
v 4.123730 5.756685 -4.018511
v 4.123730 5.774951 -4.036777
v 4.123730 5.799902 -4.043463
v 4.148681 6.262096 -3.993560
v 4.166947 6.243831 -3.993560
v 4.173633 6.218879 -3.993560
v 4.166947 6.218879 -4.018511
v 4.148681 6.218879 -4.036777
v 4.123730 6.218879 -4.043463
v 4.123730 6.243831 -4.036777
v 4.123730 6.262096 -4.018511
v 4.123730 6.268782 -3.993560
v -4.072971 5.778340 4.148324
v -4.055068 5.760438 4.148324
v -4.055068 5.778340 4.166226
v -3.592967 5.760438 4.148324
v -3.575065 5.778340 4.148324
v -3.592967 5.778340 4.166226
v -4.055068 6.258344 4.148324
v -4.072971 6.240441 4.148324
v -4.055068 6.240441 4.166226
v -3.575065 6.240441 4.148324
v -3.592967 6.258344 4.148324
v -3.592967 6.240441 4.166226
v -4.072971 6.240441 -4.015122
v -4.055068 6.258344 -4.015122
v -4.055068 6.240441 -4.033024
v -4.055068 5.760438 -4.015122
v -4.072971 5.778340 -4.015122
v -4.055068 5.778340 -4.033024
v -3.546361 6.243831 -3.544386
v -3.564626 6.262096 -3.562651
v -3.582892 6.262096 -3.544386
v -3.564626 6.243831 -3.526120
v -3.564626 5.756685 -3.562651
v -3.546361 5.774951 -3.544386
v -3.564626 5.774951 -3.526120
v -3.582892 5.756685 -3.544386
v 4.145292 5.760438 -3.572726
v 4.163194 5.778340 -3.572726
v 4.145292 5.778340 -3.554824
v 4.163194 6.240441 -3.572726
v 4.145292 6.258344 -3.572726
v 4.145292 6.240441 -3.554824
v 4.145292 5.778340 -4.033024
v 4.163194 5.778340 -4.015122
v 4.145292 5.760438 -4.015122
v 4.145292 6.258344 -4.015122
v 4.163194 6.240441 -4.015122
v 4.145292 6.240441 -4.033024
vt 0.033319 0.504479
vt 0.033319 0.502971
vt 0.058647 0.502971
vt 0.058647 0.504479
vt 0.031810 0.504479
vt 0.032015 0.503175
vt 0.033319 0.501866
vt 0.058647 0.501866
vt 0.060156 0.504479
vt 0.059951 0.503175
vt 0.033319 0.968229
vt 0.058647 0.968229
vt 0.031810 0.968229
vt 0.030706 0.504479
vt 0.030933 0.503175
vt 0.032015 0.502093
vt 0.059951 0.502093
vt 0.060156 0.968229
vt 0.061033 0.503175
vt 0.061260 0.504479
vt 0.033319 0.995384
vt 0.058647 0.995384
vt 0.031810 0.995384
vt 0.030706 0.968229
vt 0.061260 0.968229
vt 0.060156 0.995384
vt 0.058647 0.996892
vt 0.033319 0.996892
vt 0.032015 0.996687
vt 0.030706 0.995384
vt 0.061260 0.995384
vt 0.059951 0.996687
vt 0.058647 0.997996
vt 0.033319 0.997996
vt 0.032015 0.997769
vt 0.030933 0.996687
vt 0.061033 0.996687
vt 0.059951 0.997769
vt 0.064732 0.965605
vt 0.063224 0.965605
vt 0.063224 0.504467
vt 0.064732 0.504871
vt 0.064732 0.967114
vt 0.063428 0.966909
vt 0.062119 0.965605
vt 0.062119 0.503363
vt 0.064732 0.503363
vt 0.063224 0.502959
vt 0.090061 0.504871
vt 0.090061 0.965605
vt 0.090061 0.967114
vt 0.064732 0.968218
vt 0.063428 0.967991
vt 0.062346 0.966909
vt 0.062119 0.501855
vt 0.090061 0.503363
vt 0.063224 0.501855
vt 0.064732 0.502259
vt 0.091569 0.965605
vt 0.091569 0.504467
vt 0.091364 0.966909
vt 0.090061 0.968218
vt 0.091569 0.502959
vt 0.090061 0.502259
vt 0.092673 0.965605
vt 0.092673 0.503363
vt 0.092447 0.966909
vt 0.091364 0.967991
vt 0.091569 0.501855
vt 0.092673 0.501855
vt 0.003297 0.471841
vt 0.003297 0.470333
vt 0.027434 0.470333
vt 0.027434 0.471841
vt 0.001788 0.471841
vt 0.001993 0.470538
vt 0.003297 0.469229
vt 0.027434 0.469229
vt 0.028943 0.471841
vt 0.028738 0.470538
vt 0.003297 0.497170
vt 0.027434 0.497170
vt 0.001788 0.497170
vt 0.000684 0.471841
vt 0.000911 0.470538
vt 0.001993 0.469456
vt 0.028738 0.469456
vt 0.028943 0.497170
vt 0.029820 0.470538
vt 0.030047 0.471841
vt 0.003297 0.498678
vt 0.027434 0.498678
vt 0.001993 0.498474
vt 0.000684 0.497170
vt 0.030047 0.497170
vt 0.028738 0.498474
vt 0.003297 0.499783
vt 0.027434 0.499783
vt 0.001993 0.499556
vt 0.000911 0.498474
vt 0.029820 0.498474
vt 0.028738 0.499556
vt 0.496314 0.996471
vt 0.494806 0.996471
vt 0.494806 0.971142
vt 0.496314 0.971142
vt 0.494806 0.997979
vt 0.496109 0.997774
vt 0.031055 0.996471
vt 0.031055 0.971142
vt 0.494806 0.969634
vt 0.496109 0.969839
vt 0.497418 0.996471
vt 0.497418 0.971142
vt 0.031055 0.997979
vt 0.497191 0.997774
vt 0.003901 0.996471
vt 0.003901 0.968125
vt 0.028038 0.968125
vt 0.028442 0.969634
vt 0.029547 0.970738
vt 0.032563 0.969634
vt 0.497191 0.969839
vt 0.003901 0.997979
vt 0.002392 0.996471
vt 0.002392 0.968125
vt 0.028038 0.503334
vt 0.003901 0.503334
vt 0.029547 0.966617
vt 0.029951 0.968125
vt 0.031055 0.969229
vt 0.002597 0.997774
vt 0.001288 0.996471
vt 0.001288 0.968125
vt 0.002392 0.503334
vt 0.029547 0.503334
vt 0.028038 0.501826
vt 0.003901 0.501826
vt 0.030651 0.965513
vt 0.031055 0.967021
vt 0.032159 0.968125
vt 0.001515 0.997774
vt 0.001288 0.503334
vt 0.002597 0.502031
vt 0.029342 0.502031
vt 0.030651 0.503334
vt 0.001515 0.502031
vt 0.030424 0.502031
vt 0.004400 0.503621
vt 0.004405 0.502112
vt 0.029734 0.502198
vt 0.029729 0.503706
vt 0.002892 0.503616
vt 0.003101 0.502313
vt 0.004409 0.501008
vt 0.029738 0.501093
vt 0.031237 0.503711
vt 0.031037 0.502407
vt 0.028166 0.967454
vt 0.002837 0.967368
vt 0.001329 0.967363
vt 0.003105 0.501230
vt 0.031040 0.501325
vt 0.029679 0.965950
vt 0.028565 0.968964
vt 0.029665 0.970071
vt 0.031172 0.970481
vt 0.031091 0.994618
vt 0.002746 0.994523
vt 0.001237 0.994517
vt 0.030078 0.967460
vt 0.031179 0.968568
vt 0.032686 0.968977
vt 0.495961 0.972047
vt 0.495879 0.996184
vt 0.002741 0.996031
vt 0.031086 0.996127
vt 0.001438 0.995822
vt 0.032287 0.967468
vt 0.031186 0.966360
vt 0.495966 0.970539
vt 0.033794 0.967877
vt 0.497469 0.972052
vt 0.497388 0.996190
vt 0.495874 0.997693
vt 0.002737 0.997135
vt 0.031082 0.997231
vt 0.001434 0.996904
vt 0.495969 0.969435
vt 0.497269 0.970748
vt 0.497178 0.997492
vt 0.495870 0.998797
vt 0.497272 0.969666
vt 0.497175 0.998575
vt 0.002701 0.497170
vt 0.001193 0.497170
vt 0.001193 0.471841
vt 0.002701 0.471841
vt 0.002701 0.498679
vt 0.001398 0.498474
vt 0.002701 0.470333
vt 0.001398 0.470538
vt 0.028030 0.471841
vt 0.028030 0.497170
vt 0.028030 0.498679
vt 0.028030 0.470333
vt 0.029538 0.497170
vt 0.029538 0.471841
vt 0.029333 0.498474
vt 0.029333 0.470538
vt 0.033319 0.996500
vt 0.031810 0.996500
vt 0.031810 0.968154
vt 0.033319 0.968154
vt 0.033319 0.998008
vt 0.032015 0.997803
vt 0.031810 0.503363
vt 0.033319 0.503363
vt 0.058647 0.968154
vt 0.058647 0.996500
vt 0.058647 0.998008
vt 0.033319 0.501855
vt 0.032015 0.502060
vt 0.058647 0.503363
vt 0.060156 0.996500
vt 0.060156 0.968154
vt 0.059951 0.997803
vt 0.058647 0.501855
vt 0.060156 0.503363
vt 0.059951 0.502060
vt 0.091569 0.966125
vt 0.090061 0.965721
vt 0.090061 0.503947
vt 0.091569 0.503947
vt 0.090061 0.967229
vt 0.091569 0.967634
vt 0.064732 0.965721
vt 0.064732 0.503947
vt 0.090061 0.502439
vt 0.091364 0.502644
vt 0.064732 0.967229
vt 0.063224 0.966125
vt 0.063224 0.503947
vt 0.064732 0.502439
vt 0.063224 0.967634
vt 0.063429 0.502644
vn -0.014851 -0.014851 0.999779
vn -0.011389 -0.499803 0.866064
vn 0.011389 -0.499803 0.866064
vn 0.014851 -0.014851 0.999779
vn -0.011389 -0.866068 0.499797
vn 0.011389 -0.866068 0.499797
vn -0.015047 -0.999886 0.000856
vn 0.015024 -0.999887 0.000856
vn -0.999886 -0.015047 0.000856
vn -0.866064 -0.011389 0.499803
vn -0.866064 0.011389 0.499803
vn -0.999886 0.015047 0.000856
vn -0.499802 -0.011388 0.866065
vn -0.499802 0.011388 0.866065
vn -0.014851 0.014851 0.999779
vn 0.999886 -0.015053 0.000862
vn 0.865925 -0.500174 0.000654
vn 0.830897 -0.556426 0.000644
vn 0.999849 -0.017335 0.000861
vn 0.707113 -0.707100 0.000648
vn 0.400021 -0.916506 0.000457
vn 0.258758 -0.965942 0.000613
vn 0.007420 -0.999973 0.000017
vn 0.257737 -0.010722 0.966156
vn 0.257737 0.010722 0.966156
vn 0.014851 0.014851 0.999779
vn 0.707063 -0.011275 0.707061
vn 0.866065 -0.011389 0.499801
vn 0.866065 0.011389 0.499802
vn 0.707062 0.011275 0.707061
vn 0.999886 0.015053 0.000862
vn -0.015047 0.999886 0.000856
vn -0.011389 0.866063 0.499804
vn 0.011389 0.866063 0.499805
vn 0.015024 0.999887 0.000856
vn -0.011389 0.499799 0.866067
vn 0.011389 0.499799 0.866067
vn 0.258758 0.965942 0.000613
vn 0.400021 0.916506 0.000457
vn 0.007420 0.999973 0.000017
vn 0.707113 0.707100 0.000648
vn 0.865925 0.500174 0.000654
vn 0.830897 0.556426 0.000644
vn 0.999849 0.017335 0.000861
vn -0.013470 0.999811 -0.014038
vn -0.499817 0.866066 -0.010656
vn -0.500000 0.866026 0.000000
vn -0.014973 0.999888 0.000000
vn -0.866065 0.499818 -0.010656
vn -0.866025 0.500000 0.000000
vn -0.999793 0.014865 -0.013905
vn -0.999887 0.015059 0.000000
vn -0.013350 0.014872 -0.999800
vn -0.010227 0.499825 -0.866066
vn 0.000000 0.500002 -0.866025
vn 0.000000 0.015059 -0.999887
vn -0.010227 0.866066 -0.499826
vn 0.000000 0.866023 -0.500005
vn 0.000000 0.999877 -0.015661
vn -0.866064 0.011389 -0.499803
vn -0.866064 -0.011389 -0.499803
vn -0.999793 -0.014865 -0.013905
vn -0.499805 0.011388 -0.866063
vn -0.499805 -0.011388 -0.866063
vn -0.013350 -0.014872 -0.999800
vn -0.866065 -0.499818 -0.010656
vn -0.866025 -0.500000 0.000000
vn -0.999887 -0.015059 0.000000
vn -0.499817 -0.866066 -0.010656
vn -0.500000 -0.866026 0.000000
vn -0.013470 -0.999811 -0.014037
vn -0.014973 -0.999888 0.000000
vn -0.010227 -0.866066 -0.499826
vn 0.000000 -0.866027 -0.499998
vn 0.000000 -0.999877 -0.015661
vn -0.010227 -0.499825 -0.866066
vn 0.000000 -0.500001 -0.866025
vn 0.000000 -0.015059 -0.999887
vn 0.000017 0.999970 0.007751
vn 0.000456 0.916501 0.400032
vn 0.000612 0.965937 0.258777
vn 0.000854 0.999876 0.015723
vn 0.000643 0.556431 0.830894
vn 0.000653 0.500178 0.865922
vn 0.000647 0.707108 0.707106
vn 0.000859 0.017335 0.999849
vn 0.000860 0.015053 0.999886
vn 0.499144 0.021581 0.866250
vn 0.499144 -0.021581 0.866250
vn 0.000859 -0.017335 0.999849
vn 0.866249 0.021582 0.499147
vn 0.866249 -0.021581 0.499147
vn 0.000643 -0.556431 0.830894
vn 0.000653 -0.500178 0.865922
vn 0.000860 -0.015053 0.999886
vn 0.000456 -0.916506 0.400020
vn 0.000647 -0.707107 0.707106
vn 0.000017 -0.999970 0.007751
vn 0.000854 -0.999876 0.015722
vn 0.000612 -0.965942 0.258759
vn 0.999769 -0.014842 0.015541
vn 0.866063 -0.499792 0.011923
vn 0.866063 -0.499792 -0.011923
vn 0.999769 -0.014842 -0.015541
vn 0.499791 -0.866064 0.011923
vn 0.499791 -0.866064 -0.011923
vn 0.000854 -0.999876 -0.015746
vn 0.499802 -0.011388 0.866065
vn 0.499801 0.011389 0.866065
vn 0.707060 -0.011275 0.707064
vn 0.707060 0.011275 0.707063
vn 0.966156 -0.010722 0.257735
vn 0.999769 0.014842 0.015541
vn 0.966156 0.010723 0.257735
vn 0.499791 0.866064 0.011923
vn 0.499791 0.866064 -0.011923
vn 0.000854 0.999876 -0.015746
vn 0.866063 0.499793 0.011923
vn 0.866063 0.499792 -0.011923
vn 0.999769 0.014842 -0.015541
vn 0.866064 -0.011388 -0.499803
vn 0.866064 0.011388 -0.499803
vn 0.499805 -0.011388 -0.866063
vn 0.499805 0.011388 -0.866063
vn 0.000854 -0.015047 -0.999886
vn 0.000854 0.015047 -0.999886
vn 0.000671 1.000000 0.000436
vn 0.000436 1.000000 0.000671
vn 0.000436 -1.000000 0.000671
vn 0.000671 -1.000000 0.000436
vn 0.000649 0.866028 -0.499996
vn 0.000649 0.499992 -0.866030
vn 0.000649 -0.499992 -0.866030
vn 0.000649 -0.866032 -0.499988
vn -0.866031 0.499991 0.000651
vn -0.499990 0.866031 0.000651
vn -0.499990 -0.866031 0.000651
vn -0.866031 -0.499991 0.000651
vn -0.946100 -0.229026 0.229001
vn -0.707845 -0.499474 0.499480
vn -0.499486 -0.707832 0.499487
vn -0.229009 -0.946106 0.228993
vn -0.499493 -0.499476 0.707835
vn -0.229012 -0.229007 0.946102
vn 0.229012 -0.946107 0.228987
vn 0.499490 -0.707833 0.499482
vn 0.707845 -0.499483 0.499472
vn 0.946103 -0.229012 0.229002
vn 0.499490 -0.499483 0.707833
vn 0.229011 -0.229010 0.946102
vn -0.229008 0.946106 0.228996
vn -0.499491 0.707839 0.499473
vn -0.707845 0.499475 0.499479
vn -0.946099 0.229024 0.229008
vn -0.499495 0.499478 0.707832
vn -0.229009 0.229007 0.946103
vn 0.946101 0.229016 0.229008
vn 0.707844 0.499478 0.499479
vn 0.499493 0.707838 0.499472
vn 0.229011 0.946102 0.229008
vn 0.499492 0.499481 0.707833
vn 0.229015 0.229006 0.946102
vn -0.946101 0.229019 -0.229005
vn -0.707838 0.499481 -0.499483
vn -0.499481 0.707842 -0.499479
vn -0.229010 0.946102 -0.229008
vn -0.499476 0.499484 -0.707841
vn -0.229014 0.229010 -0.946101
vn -0.229010 -0.946105 -0.228999
vn -0.499481 -0.707834 -0.499490
vn -0.707836 -0.499480 -0.499488
vn -0.946102 -0.229022 -0.228999
vn -0.499477 -0.499479 -0.707845
vn -0.229011 -0.229010 -0.946102
vn 0.482333 0.344986 0.805195
vn 0.280659 0.804352 0.523688
vn 0.184918 0.932838 0.309223
vn 0.309228 0.932836 0.184919
vn 0.523687 0.804351 0.280663
vn 0.805197 0.344991 0.482327
vn 0.184919 -0.932837 0.309225
vn 0.280660 -0.804352 0.523687
vn 0.482334 -0.344982 0.805197
vn 0.805198 -0.344983 0.482331
vn 0.523691 -0.804350 0.280659
vn 0.309230 -0.932836 0.184917
vn 0.229011 -0.946104 0.229000
vn 0.499480 -0.707835 0.499488
vn 0.707837 -0.499482 0.499483
vn 0.946103 -0.229013 0.229003
vn 0.499479 -0.499481 0.707842
vn 0.229024 -0.229009 0.946099
vn 0.946100 0.229019 0.229011
vn 0.707837 0.499486 0.499480
vn 0.499481 0.707844 0.499475
vn 0.229010 0.946102 0.229008
vn 0.499484 0.499484 0.707836
vn 0.229019 0.229011 0.946100
vn 0.229012 -0.229008 -0.946102
vn 0.499477 -0.499476 -0.707847
vn 0.707839 -0.499479 -0.499484
vn 0.946105 -0.229009 -0.228999
vn 0.499476 -0.707835 -0.499493
vn 0.229011 -0.946105 -0.228996
vn 0.229010 0.946105 -0.228999
vn 0.499486 0.707839 -0.499478
vn 0.707839 0.499479 -0.499485
vn 0.946103 0.229009 -0.229006
vn 0.499484 0.499476 -0.707842
vn 0.229009 0.229007 -0.946103
s 1
g Roof
usemtl lambert5SG
f 2678/4152/3244 2677/4153/3245 2688/4154/3246 2687/4155/3247
f 2677/4070/3245 2676/4060/3248 2689/4063/3249 2688/4071/3246
f 2676/4060/3248 2675/4061/3250 2690/4062/3251 2689/4063/3249
f 2681/3958/3252 2680/3959/3253 2694/3960/3254 2693/3961/3255
f 2680/3959/3253 2679/3964/3256 2695/3965/3257 2694/3960/3254
f 2679/4156/3256 2678/4152/3244 2696/4161/3258 2695/4162/3257
f 2684/3996/3259 2683/3997/3260 2761/3998/3261 2760/3999/3262
f 2683/3997/3260 2682/4002/3263 2762/4003/3264 2761/3998/3261
f 2682/4068/3265 2690/4062/3251 2763/4067/3266 2762/4079/3264
f 2687/4155/3247 2686/4158/3267 2706/4163/3268 2705/4160/3269
f 2686/4009/3270 2685/4000/3271 2707/4008/3272 2706/4019/3273
f 2685/4000/3271 2684/3996/3259 2708/4007/3274 2707/4008/3272
f 2699/4106/3275 2698/4107/3276 2703/4108/3277 2702/4109/3278
f 2698/4107/3276 2697/4112/3279 2704/4113/3280 2703/4108/3277
f 2697/4164/3279 2696/4161/3258 2705/4160/3269 2704/4165/3280
f 2702/4109/3278 2701/4114/3281 2744/4121/3282 2743/4116/3283
f 2701/4022/3284 2700/4016/3285 2745/4017/3286 2744/4023/3282
f 2700/4016/3285 2708/4007/3274 2746/4006/3287 2745/4017/3286
f 2711/4126/3288 2710/4127/3289 2736/4118/3290 2735/4117/3291
f 2710/3988/3289 2709/3983/3292 2737/3975/3293 2736/3982/3290
f 2709/3983/3292 2717/3979/3294 2738/3969/3295 2737/3975/3293
f 2714/4168/3296 2713/4169/3297 2719/4170/3298 2718/4171/3299
f 2713/4143/3297 2712/4133/3300 2720/4134/3301 2719/4144/3298
f 2712/4133/3300 2711/4126/3288 2721/4125/3302 2720/4134/3301
f 2717/3979/3294 2716/3984/3303 2725/3985/3304 2724/3978/3305
f 2716/3984/3303 2715/3990/3306 2726/3991/3307 2725/3985/3304
f 2715/4172/3306 2714/4168/3296 2727/4177/3308 2726/4178/3307
f 2724/3978/3305 2723/3980/3309 2752/3970/3310 2751/3968/3311
f 2723/3980/3309 2722/3987/3312 2753/3981/3313 2752/3970/3310
f 2722/4081/3312 2730/4074/3314 2754/4066/3315 2753/4072/3313
f 2730/4074/3314 2729/4082/3316 2732/4083/3317 2731/4075/3318
f 2729/4082/3316 2728/4090/3319 2733/4091/3320 2732/4083/3317
f 2728/4182/3319 2727/4177/3308 2734/4176/3321 2733/4183/3320
f 2742/4124/3322 2741/4130/3323 2779/4138/3324 2778/4131/3325
f 2741/4130/3323 2740/4139/3326 2780/4146/3327 2779/4138/3328
f 2740/4188/3326 2739/4189/3329 2781/4190/3330 2780/4191/3327
f 2739/4189/3329 2748/4192/3331 2758/4198/3332 2757/4194/3333
f 2748/4021/3331 2747/4013/3334 2759/4004/3335 2758/4015/3332
f 2747/4013/3334 2746/4006/3287 2760/3999/3262 2759/4004/3335
f 2757/4194/3333 2756/4199/3336 2773/4200/3337 2772/4195/3338
f 2756/4096/3336 2755/4086/3339 2774/4093/3340 2773/4103/3337
f 2755/4086/3339 2764/4076/3341 2775/4084/3342 2774/4093/3343
f 2769/4028/3344 2768/4029/3345 2788/4030/3346 2787/4031/3347
f 2768/4029/3345 2767/4034/3348 2789/4035/3349 2788/4030/3346
f 2767/4094/3348 2775/4084/3342 2790/4085/3350 2789/4095/3349
f 2772/4195/3338 2771/4201/3351 2782/4196/3352 2781/4190/3330
f 2771/4041/3351 2770/4032/3353 2783/4040/3354 2782/4051/3352
f 2770/4032/3355 2769/4028/3344 2784/4038/3356 2783/4040/3357
f 2778/4131/3325 2777/4140/3358 2794/4141/3359 2802/4132/3360
f 2777/4054/3358 2776/4048/3361 2795/4049/3362 2794/4055/3359
f 2776/4048/3361 2784/4038/3356 2796/4039/3363 2795/4049/3362
f 2787/4031/3347 2786/4036/3364 2797/4045/3365 2796/4039/3363
f 2786/4036/3364 2785/4047/3366 2798/4052/3367 2797/4045/3365
f 2785/4185/3366 2793/4181/3368 2799/4175/3369 2798/4179/3367
f 2678/4152/3244 2687/4155/3247 2705/4160/3269 2696/4161/3258
f 2699/4106/3275 2702/4109/3278 2743/4116/3283 2735/4117/3291
f 2714/4168/3296 2718/4171/3299 2734/4176/3321 2727/4177/3308
f 2754/4066/3315 2763/4067/3266 2690/4062/3251 2675/4061/3250
f 2751/3968/3311 2681/3958/3252 2693/3961/3255 2738/3969/3295
f 2735/4117/3291 2743/4116/3283 2750/4122/3370 2749/4123/3371 2742/4124/3322 2721/4125/3302 2711/4126/3288
f 2724/3978/3305 2751/3968/3311 2738/3969/3295 2717/3979/3294
f 2730/4074/3314 2731/4075/3318 2764/4076/3341 2766/4077/3372 2765/4078/3373 2763/4067/3266 2754/4066/3315
f 2784/4038/3356 2769/4028/3344 2787/4031/3347 2796/4039/3363
f 2775/4084/3342 2764/4076/3341 2731/4075/3318 2790/4085/3350
f 2734/4176/3321 2718/4171/3299 2799/4175/3369 2793/4181/3368
f 2721/4125/3302 2742/4124/3322 2778/4131/3325 2802/4132/3360
f 2684/3996/3259 2760/3999/3262 2746/4006/3287 2708/4007/3274
f 2781/4190/3330 2739/4189/3329 2757/4194/3333 2772/4195/3338
f 2720/4134/3301 2721/4125/3302 2802/4132/3360 2801/4142/3374
f 2718/4171/3299 2719/4170/3298 2800/4174/3375 2799/4175/3369
f 2719/4144/3298 2720/4134/3301 2801/4142/3374 2800/4149/3375
f 2733/4183/3320 2734/4176/3321 2793/4181/3368 2792/4186/3376
f 2731/4075/3318 2732/4083/3317 2791/4092/3377 2790/4085/3350
f 2732/4083/3317 2733/4091/3320 2792/4100/3376 2791/4092/3377
f 2693/3961/3255 2692/3966/3378 2737/3975/3293 2738/3969/3295
f 2692/3966/3378 2691/3977/3379 2736/3982/3290 2737/3975/3293
f 2691/4110/3379 2699/4106/3275 2735/4117/3291 2736/4118/3290
f 2675/4061/3250 2674/4064/3380 2753/4072/3313 2754/4066/3315
f 2674/3971/3380 2673/3962/3381 2752/3970/3310 2753/3981/3313
f 2673/3962/3381 2681/3958/3252 2751/3968/3311 2752/3970/3310
f 2680/3959/3253 2681/3958/3252 2673/3962/3381 2803/3963/3382
f 2803/3963/3383 2673/3962/3381 2674/3971/3380 2804/3972/3384
f 2674/4064/3380 2675/4061/3250 2676/4060/3248 2804/4065/3385
f 2804/4065/3384 2676/4060/3248 2677/4070/3245 2805/4073/3386
f 2677/4153/3245 2678/4152/3244 2679/4156/3256 2805/4157/3387
f 2805/3973/3386 2679/3964/3256 2680/3959/3253 2803/3963/3383
f 2803/3963/3383 2804/3972/3384 2805/3973/3386
f 2689/4063/3249 2690/4062/3251 2682/4068/3265 2806/4069/3388
f 2806/4011/3389 2682/4002/3263 2683/3997/3260 2807/4001/3390
f 2683/3997/3260 2684/3996/3259 2685/4000/3271 2807/4001/3391
f 2807/4001/3390 2685/4000/3271 2686/4009/3270 2808/4010/3392
f 2686/4158/3267 2687/4155/3247 2688/4154/3246 2808/4159/3393
f 2808/4080/3392 2688/4071/3246 2689/4063/3249 2806/4069/3389
f 2806/4011/3389 2807/4001/3390 2808/4010/3392
f 2698/4107/3276 2699/4106/3275 2691/4110/3379 2809/4111/3394
f 2809/3976/3395 2691/3977/3379 2692/3966/3378 2810/3967/3396
f 2692/3966/3378 2693/3961/3255 2694/3960/3254 2810/3967/3397
f 2810/3967/3396 2694/3960/3254 2695/3965/3257 2811/3974/3398
f 2695/4162/3257 2696/4161/3258 2697/4164/3279 2811/4166/3399
f 2811/4119/3398 2697/4112/3279 2698/4107/3276 2809/4111/3395
f 2809/3976/3395 2810/3967/3396 2811/3974/3398
f 2707/4008/3272 2708/4007/3274 2700/4016/3285 2812/4018/3400
f 2812/4018/3401 2700/4016/3285 2701/4022/3284 2813/4024/3402
f 2701/4114/3281 2702/4109/3278 2703/4108/3277 2813/4115/3403
f 2813/4115/3402 2703/4108/3277 2704/4113/3280 2814/4120/3404
f 2704/4165/3280 2705/4160/3269 2706/4163/3268 2814/4167/3405
f 2814/4025/3404 2706/4019/3273 2707/4008/3272 2812/4018/3401
f 2812/4018/3401 2813/4024/3402 2814/4025/3404
f 2716/3984/3303 2717/3979/3294 2709/3983/3292 2815/3989/3406
f 2815/3989/3407 2709/3983/3292 2710/3988/3289 2816/3994/3408
f 2710/4127/3289 2711/4126/3288 2712/4133/3300 2816/4135/3409
f 2816/4135/3408 2712/4133/3300 2713/4143/3297 2817/4145/3410
f 2713/4169/3297 2714/4168/3296 2715/4172/3306 2817/4173/3411
f 2817/3995/3410 2715/3990/3306 2716/3984/3303 2815/3989/3407
f 2815/3989/3407 2816/3994/3408 2817/3995/3410
f 2729/4082/3316 2730/4074/3314 2722/4081/3312 2818/4089/3412
f 2818/3993/3413 2722/3987/3312 2723/3980/3309 2819/3986/3414
f 2723/3980/3309 2724/3978/3305 2725/3985/3304 2819/3986/3415
f 2819/3986/3414 2725/3985/3304 2726/3991/3307 2820/3992/3416
f 2726/4178/3307 2727/4177/3308 2728/4182/3319 2820/4184/3417
f 2820/4099/3416 2728/4090/3319 2729/4082/3316 2818/4089/3413
f 2818/3993/3413 2819/3986/3414 2820/3992/3416
f 2748/4192/3331 2739/4189/3329 2740/4188/3326 2821/4193/3418
f 2821/4136/3419 2740/4139/3326 2741/4130/3323 2822/4129/3420
f 2741/4130/3323 2742/4124/3322 2749/4123/3371 2822/4129/3420
f 2822/4129/3420 2749/4123/3371 2750/4122/3370 2823/4128/3421
f 2750/4122/3370 2743/4116/3283 2744/4121/3282 2823/4128/3421
f 2823/4027/3421 2744/4023/3282 2745/4017/3286 2824/4020/3422
f 2745/4017/3286 2746/4006/3287 2747/4013/3334 2824/4020/3423
f 2824/4020/3423 2747/4013/3334 2748/4021/3331 2821/4026/3418
f 2821/4136/3419 2822/4129/3420 2823/4128/3421 2824/4137/3422
f 2766/4077/3372 2764/4076/3341 2755/4086/3339 2825/4087/3424
f 2825/4087/3424 2755/4086/3339 2756/4096/3336 2826/4097/3425
f 2756/4199/3336 2757/4194/3333 2758/4198/3332 2826/4202/3426
f 2826/4014/3426 2758/4015/3332 2759/4004/3335 2827/4005/3427
f 2759/4004/3335 2760/3999/3262 2761/3998/3261 2827/4005/3427
f 2827/4005/3428 2761/3998/3261 2762/4003/3264 2828/4012/3429
f 2762/4079/3264 2763/4067/3266 2765/4078/3373 2828/4088/3429
f 2828/4088/3429 2765/4078/3373 2766/4077/3372 2825/4087/3424
f 2825/4087/3424 2826/4097/3425 2827/4098/3428 2828/4088/3429
f 2774/4093/3343 2775/4084/3342 2767/4094/3348 2829/4102/3430
f 2829/4043/3431 2767/4034/3348 2768/4029/3345 2830/4033/3432
f 2768/4029/3345 2769/4028/3344 2770/4032/3355 2830/4033/3433
f 2830/4033/3432 2770/4032/3353 2771/4041/3351 2831/4042/3434
f 2771/4201/3351 2772/4195/3338 2773/4200/3337 2831/4203/3435
f 2831/4105/3434 2773/4103/3337 2774/4093/3340 2829/4102/3431
f 2829/4043/3431 2830/4033/3432 2831/4042/3434
f 2783/4040/3357 2784/4038/3356 2776/4048/3361 2832/4050/3436
f 2832/4050/3437 2776/4048/3361 2777/4054/3358 2833/4056/3438
f 2777/4140/3358 2778/4131/3325 2779/4138/3324 2833/4147/3439
f 2833/4147/3438 2779/4138/3328 2780/4146/3327 2834/4150/3440
f 2780/4191/3327 2781/4190/3330 2782/4196/3352 2834/4197/3441
f 2834/4057/3440 2782/4051/3352 2783/4040/3354 2832/4050/3437
f 2832/4050/3437 2833/4056/3438 2834/4057/3440
f 2792/4186/3376 2793/4181/3368 2785/4185/3366 2835/4187/3442
f 2835/4046/3443 2785/4047/3366 2786/4036/3364 2836/4037/3444
f 2786/4036/3364 2787/4031/3347 2788/4030/3346 2836/4037/3445
f 2836/4037/3444 2788/4030/3346 2789/4035/3349 2837/4044/3446
f 2789/4095/3349 2790/4085/3350 2791/4092/3377 2837/4101/3447
f 2837/4101/3446 2791/4092/3377 2792/4100/3376 2835/4104/3443
f 2835/4046/3443 2836/4037/3444 2837/4044/3446
f 2801/4142/3374 2802/4132/3360 2794/4141/3359 2838/4148/3448
f 2838/4059/3449 2794/4055/3359 2795/4049/3362 2839/4053/3450
f 2795/4049/3362 2796/4039/3363 2797/4045/3365 2839/4053/3451
f 2839/4053/3450 2797/4045/3365 2798/4052/3367 2840/4058/3452
f 2798/4179/3367 2799/4175/3369 2800/4174/3375 2840/4180/3453
f 2840/4151/3452 2800/4149/3375 2801/4142/3374 2838/4148/3449
f 2838/4059/3449 2839/4053/3450 2840/4058/3452
