# This file uses centimeters as units for non-parametric coordinates.

mtllib LightWoodedOBJ.mtl
g default
v 0.686584 3.413222 -1.441953
v 0.686584 3.334456 -1.500994
v 0.260530 3.334456 -1.500994
v 0.260530 3.413222 -1.441953
v 0.686584 3.109939 -1.435378
v 0.686584 3.043503 -1.346746
v 0.260530 3.043503 -1.346746
v 0.260530 3.109939 -1.435378
v 0.686584 2.241850 -0.755622
v 0.686584 2.308286 -0.844254
v 0.260530 2.308286 -0.844254
v 0.260530 2.241850 -0.755622
v 0.686584 1.984646 -0.762514
v 0.686584 2.063411 -0.703472
v 0.260530 2.063411 -0.703472
v 0.260530 1.984646 -0.762514
v 0.686584 3.373839 -1.514713
v 0.686584 3.413222 -1.482983
v 0.686584 3.413222 -1.514713
v 0.260530 3.413222 -1.482983
v 0.260530 3.373839 -1.514712
v 0.260530 3.413222 -1.514712
v 0.686584 3.043503 -1.381354
v 0.686584 3.076721 -1.425670
v 0.686584 3.043503 -1.415962
v 0.260530 3.076721 -1.425670
v 0.260530 3.043503 -1.381354
v 0.260530 3.043503 -1.415962
v 0.686584 2.308286 -0.809646
v 0.686584 2.275068 -0.765330
v 0.686584 2.308286 -0.775038
v 0.260530 2.275068 -0.765330
v 0.260530 2.308286 -0.809646
v 0.260530 2.308286 -0.775038
v 0.686584 2.024029 -0.691962
v 0.686584 1.984646 -0.721483
v 0.686584 1.984646 -0.680453
v 0.260530 1.984646 -0.721483
v 0.260530 2.024029 -0.691962
v 0.260530 1.984646 -0.680453
v 0.473557 4.594604 -1.656251
v 0.642797 2.308286 -0.475252
v 0.686584 2.308286 -0.431464
v 0.686584 1.984646 -0.431464
v 0.642797 1.984646 -0.475252
v 0.304317 1.984646 -0.475252
v 0.260530 1.984646 -0.431464
v 0.260530 2.308286 -0.431464
v 0.304317 2.308286 -0.475252
v 0.686584 2.308286 -0.453358
v 0.664692 2.308286 -0.475252
v 0.686584 2.308286 -0.475252
v 0.664692 1.984646 -0.475252
v 0.686584 1.984646 -0.453358
v 0.686584 1.984646 -0.475252
v 0.260530 1.984646 -0.453358
v 0.282425 1.984646 -0.475252
v 0.260530 1.984646 -0.475252
v 0.282425 2.308286 -0.475252
v 0.260530 2.308286 -0.453358
v 0.260530 2.308286 -0.475252
v 0.262611 0.737209 -0.346413
v 0.268572 0.727915 -0.344378
v 0.277504 0.721653 -0.343219
v 0.288046 0.719380 -0.343112
v 0.287966 0.721917 -0.332221
v 0.287874 0.728999 -0.323623
v 0.287788 0.739131 -0.319123
v 0.287729 0.750159 -0.319668
v 0.277313 0.749717 -0.321890
v 0.268486 0.749174 -0.328249
v 0.262590 0.748612 -0.337774
v 0.260530 0.748119 -0.349014
v 0.669611 0.721653 -0.343219
v 0.678543 0.727915 -0.344378
v 0.684504 0.737209 -0.346413
v 0.686584 0.748119 -0.349014
v 0.684504 0.748702 -0.337814
v 0.678543 0.749363 -0.328322
v 0.669611 0.750000 -0.321987
v 0.659069 0.750516 -0.319773
v 0.659077 0.739355 -0.319187
v 0.659081 0.729111 -0.323656
v 0.659077 0.721948 -0.332235
v 0.659069 0.719380 -0.343112
v 0.277811 4.592412 -1.468181
v 0.268703 4.586467 -1.467416
v 0.262634 4.577676 -1.465816
v 0.260530 4.567386 -1.463627
v 0.262636 4.568189 -1.453135
v 0.268705 4.569125 -1.444249
v 0.277811 4.570052 -1.438327
v 0.288561 4.570828 -1.436276
v 0.288570 4.580379 -1.440832
v 0.288572 4.588000 -1.448175
v 0.288570 4.592910 -1.457549
v 0.288561 4.594604 -1.467995
v 0.658348 4.592897 -1.457651
v 0.658346 4.587954 -1.448210
v 0.658348 4.580278 -1.440816
v 0.658354 4.570660 -1.436226
v 0.669176 4.569918 -1.438283
v 0.678347 4.569035 -1.444216
v 0.684462 4.568145 -1.453117
v 0.686584 4.567386 -1.463627
v 0.684462 4.577681 -1.465863
v 0.678349 4.586473 -1.467512
v 0.669178 4.592417 -1.468323
v 0.658354 4.594604 -1.468171
v 0.287716 4.592065 -1.847964
v 0.287712 4.584985 -1.856445
v 0.287716 4.574859 -1.860862
v 0.287729 4.563826 -1.860283
v 0.277313 4.564268 -1.858061
v 0.268486 4.564811 -1.851703
v 0.262590 4.565372 -1.842177
v 0.260530 4.565866 -1.830938
v 0.262590 4.576788 -1.833631
v 0.268484 4.586087 -1.835769
v 0.277313 4.592343 -1.837027
v 0.287729 4.594604 -1.837212
v 0.669611 4.592330 -1.836727
v 0.678543 4.586069 -1.835567
v 0.684504 4.576775 -1.833533
v 0.686584 4.565866 -1.830938
v 0.684504 4.565282 -1.842137
v 0.678543 4.564621 -1.851629
v 0.669611 4.563984 -1.857965
v 0.659069 4.563468 -1.860178
v 0.659079 4.574629 -1.860764
v 0.659082 4.584873 -1.856295
v 0.659079 4.592035 -1.847716
v 0.659069 4.594604 -1.836839
v 0.262636 0.745797 -0.726817
v 0.268705 0.744861 -0.735703
v 0.277811 0.743934 -0.741625
v 0.288561 0.743156 -0.743675
v 0.288614 0.733603 -0.739106
v 0.288671 0.725983 -0.731728
v 0.288719 0.721074 -0.722295
v 0.288761 0.719380 -0.711780
v 0.277937 0.721567 -0.711628
v 0.268766 0.727511 -0.712439
v 0.262653 0.736303 -0.714088
v 0.260530 0.746598 -0.716325
v 0.669304 0.743934 -0.741625
v 0.678410 0.744861 -0.735703
v 0.684479 0.745797 -0.726817
v 0.686584 0.746598 -0.716325
v 0.684481 0.736308 -0.714135
v 0.678411 0.727517 -0.712535
v 0.669304 0.721572 -0.711770
v 0.658554 0.719380 -0.711956
v 0.658550 0.721074 -0.722402
v 0.658546 0.725984 -0.731776
v 0.658550 0.733605 -0.739119
v 0.658554 0.743156 -0.743675
v 0.260530 1.881479 -0.679298
v 0.262650 1.883276 -0.668727
v 0.268684 1.884799 -0.659765
v 0.277712 1.885817 -0.653777
v 0.288364 1.886174 -0.651674
v 0.658751 1.886174 -0.651674
v 0.669403 1.885817 -0.653777
v 0.678431 1.884799 -0.659765
v 0.684465 1.883276 -0.668727
v 0.686584 1.881479 -0.679298
v 0.260530 3.481664 -1.515020
v 0.262650 3.479044 -1.525351
v 0.268684 3.476823 -1.534109
v 0.277712 3.475339 -1.539961
v 0.288364 3.474818 -1.542016
v 0.658751 3.474818 -1.542016
v 0.669403 3.475339 -1.539961
v 0.678431 3.476823 -1.534109
v 0.684465 3.479044 -1.525351
v 0.686584 3.481664 -1.515020
v 0.288929 3.413222 -1.097960
v 0.278061 3.413222 -1.100122
v 0.268847 3.413222 -1.106277
v 0.262691 3.413222 -1.115490
v 0.260530 3.413222 -1.126356
v 0.686584 3.413222 -1.126356
v 0.684423 3.413222 -1.115490
v 0.678268 3.413222 -1.106277
v 0.669054 3.413222 -1.100122
v 0.658186 3.413222 -1.097960
v 0.288929 3.043503 -0.989908
v 0.278061 3.043503 -0.992070
v 0.268847 3.043503 -0.998225
v 0.262691 3.043503 -1.007438
v 0.260530 3.043503 -1.018304
v 0.686584 3.043503 -1.018304
v 0.684423 3.043503 -1.007438
v 0.678268 3.043503 -0.998225
v 0.669054 3.043503 -0.992070
v 0.658186 3.043503 -0.989908
v 0.669609 0.750183 -2.320646
v 0.678534 0.749576 -2.314298
v 0.684498 0.748861 -2.304787
v 0.686584 0.748147 -2.293563
v 0.684505 0.737231 -2.296235
v 0.678547 0.727929 -2.298329
v 0.669619 0.721660 -2.299526
v 0.659079 0.719380 -2.299644
v 0.659147 0.721960 -2.310527
v 0.659172 0.729151 -2.319093
v 0.659147 0.739423 -2.323519
v 0.659079 0.750588 -2.322864
v 0.262617 0.748861 -2.304787
v 0.268581 0.749576 -2.314298
v 0.277506 0.750183 -2.320646
v 0.288036 0.750588 -2.322864
v 0.287889 0.739417 -2.323555
v 0.287767 0.729150 -2.319214
v 0.287706 0.721960 -2.310769
v 0.287710 0.719380 -2.300030
v 0.277300 0.721646 -2.299836
v 0.268478 0.727910 -2.298539
v 0.262589 0.737217 -2.296335
v 0.260530 0.748147 -2.293563
v 0.684475 0.745431 -2.232985
v 0.678400 0.744264 -2.224115
v 0.669287 0.743190 -2.218212
v 0.658527 0.742372 -2.216179
v 0.658411 0.733067 -2.221147
v 0.658331 0.725712 -2.228734
v 0.658293 0.721001 -2.238225
v 0.658300 0.719380 -2.248713
v 0.669157 0.721608 -2.248910
v 0.678349 0.727551 -2.247981
v 0.684469 0.736300 -2.246068
v 0.686584 0.746512 -2.243466
v 0.277828 0.743190 -2.218212
v 0.268715 0.744264 -2.224115
v 0.262640 0.745431 -2.232985
v 0.260530 0.746512 -2.243466
v 0.262623 0.736306 -2.246016
v 0.268696 0.727559 -2.247872
v 0.277815 0.721614 -2.248752
v 0.288588 0.719380 -2.248518
v 0.288658 0.721001 -2.238106
v 0.288681 0.725713 -2.228680
v 0.288658 0.733069 -2.221133
v 0.288588 0.742372 -2.216179
v 0.288929 2.308286 -1.201092
v 0.278061 2.308286 -1.198930
v 0.268847 2.308286 -1.192775
v 0.262691 2.308286 -1.183562
v 0.260530 2.308286 -1.172696
v 0.288929 1.984646 -1.106506
v 0.278061 1.984646 -1.104345
v 0.268847 1.984646 -1.098189
v 0.262691 1.984646 -1.088977
v 0.260530 1.984646 -1.078110
v 0.686584 2.308286 -1.172696
v 0.684423 2.308286 -1.183562
v 0.678268 2.308286 -1.192775
v 0.669054 2.308286 -1.198930
v 0.658186 2.308286 -1.201092
v 0.658186 1.984646 -1.106506
v 0.669054 1.984646 -1.104345
v 0.678268 1.984646 -1.098189
v 0.684423 1.984646 -1.088977
v 0.686584 1.984646 -1.078110
v 0.686584 2.012477 -0.271807
v 0.686584 2.001827 -0.273926
v 0.686584 1.992797 -0.279959
v 0.686584 1.986764 -0.288988
v 0.686584 1.984646 -0.299639
v 0.260530 2.012477 -0.271807
v 0.260530 2.001827 -0.273926
v 0.260530 1.992797 -0.279959
v 0.260530 1.986764 -0.288988
v 0.260530 1.984646 -0.299639
v 0.686584 2.280454 -0.271807
v 0.686584 2.291105 -0.273926
v 0.686584 2.300134 -0.279959
v 0.686584 2.306168 -0.288988
v 0.686584 2.308286 -0.299639
v 0.260530 2.280454 -0.271807
v 0.260530 2.291105 -0.273926
v 0.260530 2.300134 -0.279959
v 0.260530 2.306168 -0.288988
v 0.260530 2.308286 -0.299639
v 1.622473 2.291105 -0.473133
v 1.622473 2.300134 -0.467100
v 1.622473 2.306168 -0.458071
v 1.622473 2.308286 -0.447420
v 1.633123 2.306168 -0.447420
v 1.642153 2.300134 -0.447420
v 1.648188 2.291105 -0.447420
v 1.650305 2.280454 -0.447420
v 1.648188 2.280454 -0.458071
v 1.642153 2.280454 -0.467100
v 1.633123 2.280454 -0.473133
v 1.622473 2.280454 -0.475252
v 1.622473 1.986764 -0.458071
v 1.622473 1.992797 -0.467100
v 1.622473 2.001827 -0.473133
v 1.622473 2.012477 -0.475252
v 1.633123 2.012477 -0.473133
v 1.642153 2.012477 -0.467100
v 1.648188 2.012477 -0.458071
v 1.650305 2.012477 -0.447420
v 1.648188 2.001827 -0.447420
v 1.642153 1.992797 -0.447420
v 1.633123 1.986764 -0.447420
v 1.622473 1.984646 -0.447420
v 1.633123 2.280454 -0.273926
v 1.642153 2.280454 -0.279959
v 1.648188 2.280454 -0.288988
v 1.650305 2.280454 -0.299639
v 1.648188 2.291105 -0.299639
v 1.642153 2.300134 -0.299639
v 1.633123 2.306168 -0.299639
v 1.622473 2.308286 -0.299639
v 1.622473 2.306168 -0.288988
v 1.622473 2.300134 -0.279959
v 1.622473 2.291105 -0.273926
v 1.622473 2.280454 -0.271807
v 1.633123 1.986764 -0.299639
v 1.642153 1.992797 -0.299639
v 1.648188 2.001827 -0.299639
v 1.650305 2.012477 -0.299639
v 1.648188 2.012477 -0.288988
v 1.642153 2.012477 -0.279959
v 1.633123 2.012477 -0.273926
v 1.622473 2.012477 -0.271807
v 1.622473 2.001827 -0.273926
v 1.622473 1.992797 -0.279959
v 1.622473 1.986764 -0.288988
v 1.622473 1.984646 -0.299639
v -0.675358 2.001827 -0.473133
v -0.675358 1.992797 -0.467100
v -0.675358 1.986764 -0.458071
v -0.675358 1.984646 -0.447420
v -0.686008 1.986764 -0.447420
v -0.695038 1.992797 -0.447420
v -0.701073 2.001827 -0.447420
v -0.703190 2.012477 -0.447420
v -0.701073 2.012477 -0.458071
v -0.695038 2.012477 -0.467100
v -0.686008 2.012477 -0.473133
v -0.675358 2.012477 -0.475252
v -0.675358 2.306168 -0.458071
v -0.675358 2.300134 -0.467100
v -0.675358 2.291105 -0.473133
v -0.675358 2.280454 -0.475252
v -0.686008 2.280454 -0.473133
v -0.695038 2.280454 -0.467100
v -0.701073 2.280454 -0.458071
v -0.703190 2.280454 -0.447420
v -0.701073 2.291105 -0.447420
v -0.695038 2.300134 -0.447420
v -0.686008 2.306168 -0.447420
v -0.675358 2.308286 -0.447420
v -0.686008 2.012477 -0.273926
v -0.695038 2.012477 -0.279959
v -0.701073 2.012477 -0.288988
v -0.703190 2.012477 -0.299639
v -0.701073 2.001827 -0.299639
v -0.695038 1.992797 -0.299639
v -0.686008 1.986764 -0.299639
v -0.675358 1.984646 -0.299639
v -0.675358 1.986764 -0.288988
v -0.675358 1.992797 -0.279959
v -0.675358 2.001827 -0.273926
v -0.675358 2.012477 -0.271807
v -0.686008 2.306168 -0.299639
v -0.695038 2.300134 -0.299639
v -0.701073 2.291105 -0.299639
v -0.703190 2.280454 -0.299639
v -0.701073 2.280454 -0.288988
v -0.695038 2.280454 -0.279959
v -0.686008 2.280454 -0.273926
v -0.675358 2.280454 -0.271807
v -0.675358 2.291105 -0.273926
v -0.675358 2.300134 -0.279959
v -0.675358 2.306168 -0.288988
v -0.675358 2.308286 -0.299639
v 0.686584 3.344717 -1.515509
v 0.684465 3.347410 -1.525821
v 0.678431 3.349693 -1.534563
v 0.669403 3.351219 -1.540404
v 0.658751 3.351755 -1.542455
v 0.288364 3.351755 -1.542455
v 0.277712 3.351219 -1.540404
v 0.268684 3.349693 -1.534563
v 0.262650 3.347410 -1.525821
v 0.260530 3.344717 -1.515509
v 0.658751 2.852692 -1.482316
v 0.669403 2.853706 -1.484207
v 0.678431 2.856594 -1.489590
v 0.684465 2.860915 -1.497647
v 0.686584 2.866013 -1.507151
v 0.686584 2.861650 -1.333818
v 0.684465 2.857037 -1.343566
v 0.678431 2.853126 -1.351830
v 0.669403 2.850513 -1.357352
v 0.658751 2.849595 -1.359291
v 0.260530 2.866013 -1.507151
v 0.262650 2.860915 -1.497647
v 0.268684 2.856594 -1.489590
v 0.277712 2.853706 -1.484207
v 0.288364 2.852692 -1.482316
v 0.288364 2.849595 -1.359291
v 0.277712 2.850513 -1.357352
v 0.268684 2.853126 -1.351830
v 0.262650 2.857037 -1.343566
v 0.260530 2.861650 -1.333818
v 0.658751 2.308286 -0.698139
v 0.669403 2.306168 -0.698310
v 0.678431 2.300134 -0.698796
v 0.684465 2.291105 -0.699523
v 0.686584 2.280454 -0.700382
v 0.686584 2.280454 -0.526552
v 0.684465 2.291105 -0.526343
v 0.678431 2.300134 -0.525749
v 0.669403 2.306168 -0.524860
v 0.658751 2.308286 -0.523811
v 0.686584 2.372138 -0.822695
v 0.684465 2.375949 -0.812713
v 0.678431 2.379181 -0.804250
v 0.669403 2.381340 -0.798595
v 0.658751 2.382098 -0.796610
v 0.260530 2.280454 -0.700382
v 0.262650 2.291105 -0.699523
v 0.268684 2.300134 -0.698796
v 0.277712 2.306168 -0.698310
v 0.288364 2.308286 -0.698139
v 0.288364 2.308286 -0.523811
v 0.277712 2.306168 -0.524860
v 0.268684 2.300134 -0.525749
v 0.262650 2.291105 -0.526343
v 0.260530 2.280454 -0.526552
v 0.288364 2.382098 -0.796610
v 0.277712 2.381340 -0.798595
v 0.268684 2.379181 -0.804250
v 0.262650 2.375949 -0.812713
v 0.260530 2.372138 -0.822695
v 0.686584 2.012477 -0.581104
v 0.684465 2.001827 -0.579863
v 0.678431 1.992797 -0.578812
v 0.669403 1.986764 -0.578109
v 0.658751 1.984646 -0.577862
v 0.658751 1.984646 -0.523811
v 0.669403 1.986764 -0.524860
v 0.678431 1.992797 -0.525749
v 0.684465 2.001827 -0.526343
v 0.686584 2.012477 -0.526552
v 0.288364 1.984646 -0.577862
v 0.277712 1.986764 -0.578109
v 0.268684 1.992797 -0.578812
v 0.262650 2.001827 -0.579863
v 0.260530 2.012477 -0.581104
v 0.260530 2.012477 -0.526552
v 0.262650 2.001827 -0.526343
v 0.268684 1.992797 -0.525749
v 0.277712 1.986764 -0.524860
v 0.288364 1.984646 -0.523811
v 0.658751 3.444350 -1.535447
v 0.669403 3.444648 -1.533343
v 0.678431 3.445494 -1.527354
v 0.684465 3.446761 -1.518390
v 0.686584 3.448255 -1.507817
v 0.288364 3.444350 -1.535447
v 0.277712 3.444648 -1.533343
v 0.268684 3.445494 -1.527354
v 0.262650 3.446761 -1.518390
v 0.260530 3.448255 -1.507817
v 0.658751 3.413255 -1.533316
v 0.669403 3.413247 -1.531192
v 0.678431 3.413226 -1.525143
v 0.684465 3.413193 -1.516091
v 0.686584 3.413155 -1.514713
v 0.288366 3.413255 -1.533316
v 0.277714 3.413241 -1.531192
v 0.268684 3.413202 -1.525143
v 0.262650 3.413143 -1.516089
v 0.260530 3.413074 -1.514712
v 0.658751 3.382176 -1.535669
v 0.669403 3.381863 -1.533568
v 0.678431 3.380975 -1.527584
v 0.684465 3.379644 -1.518630
v 0.686584 3.378074 -1.514713
v 0.288364 3.382176 -1.535669
v 0.277712 3.381863 -1.533568
v 0.268684 3.380975 -1.527584
v 0.262650 3.379644 -1.518630
v 0.260530 3.378074 -1.514712
v 0.658751 2.884590 -1.458067
v 0.669403 2.886423 -1.459336
v 0.678431 2.891641 -1.462948
v 0.684465 2.899450 -1.468353
v 0.686584 2.908661 -1.474730
v 0.288364 2.884590 -1.458067
v 0.277712 2.886423 -1.459336
v 0.268684 2.891641 -1.462948
v 0.262650 2.899450 -1.468353
v 0.260530 2.908661 -1.474730
v 0.658751 2.896054 -1.419673
v 0.669403 2.898282 -1.419617
v 0.678431 2.904626 -1.419458
v 0.684465 2.914120 -1.419219
v 0.686584 2.925320 -1.418937
v 0.288364 2.896054 -1.419673
v 0.277712 2.898282 -1.419617
v 0.268684 2.904626 -1.419458
v 0.262650 2.914120 -1.419219
v 0.260530 2.925320 -1.418937
v 0.658751 2.882673 -1.381905
v 0.669403 2.884439 -1.380546
v 0.678431 2.889469 -1.376676
v 0.684465 2.896996 -1.370884
v 0.686584 2.905876 -1.364053
v 0.288364 2.882673 -1.381905
v 0.277712 2.884439 -1.380546
v 0.268684 2.889469 -1.376676
v 0.262650 2.896996 -1.370884
v 0.260530 2.905876 -1.364053
v 0.658751 2.313546 -0.730568
v 0.669403 2.311510 -0.731246
v 0.678431 2.305712 -0.733178
v 0.684465 2.297033 -0.736070
v 0.686584 2.286796 -0.739480
v 0.288364 2.313546 -0.730568
v 0.277712 2.311510 -0.731246
v 0.268684 2.305712 -0.733178
v 0.262650 2.297033 -0.736070
v 0.260530 2.286796 -0.739480
v 0.658751 2.328788 -0.759671
v 0.669403 2.327070 -0.760958
v 0.678431 2.322180 -0.764624
v 0.684465 2.314860 -0.770110
v 0.686584 2.306227 -0.776582
v 0.288364 2.328788 -0.759671
v 0.277712 2.327070 -0.760958
v 0.268684 2.322180 -0.764624
v 0.262650 2.314860 -0.770110
v 0.260530 2.306227 -0.776582
v 0.658751 2.352447 -0.782464
v 0.669403 2.351224 -0.784228
v 0.678431 2.347743 -0.789252
v 0.684465 2.342533 -0.796771
v 0.686584 2.336388 -0.805640
v 0.288364 2.352447 -0.782464
v 0.277712 2.351224 -0.784228
v 0.268684 2.347743 -0.789252
v 0.262650 2.342533 -0.796771
v 0.260530 2.336388 -0.805640
v 0.658751 1.921472 -0.653527
v 0.669403 1.921860 -0.655669
v 0.678431 1.922967 -0.661768
v 0.684465 1.924623 -0.670897
v 0.686584 1.926576 -0.681665
v 0.288364 1.921472 -0.653527
v 0.277712 1.921860 -0.655669
v 0.268684 1.922967 -0.661768
v 0.262650 1.924623 -0.670897
v 0.260530 1.926576 -0.681665
v 0.658751 1.953869 -0.639394
v 0.669403 1.955175 -0.641136
v 0.678431 1.958893 -0.646096
v 0.684465 1.964458 -0.653520
v 0.686584 1.971021 -0.662277
v 0.288364 1.953869 -0.639394
v 0.277712 1.955175 -0.641136
v 0.268684 1.958893 -0.646096
v 0.262650 1.964458 -0.653520
v 0.260530 1.971021 -0.662277
v 0.658751 1.976522 -0.612262
v 0.669403 1.978469 -0.613236
v 0.678431 1.984014 -0.616009
v 0.684465 1.992311 -0.620159
v 0.686584 2.002099 -0.625055
v 0.288364 1.976522 -0.612262
v 0.277712 1.978469 -0.613236
v 0.268684 1.984014 -0.616009
v 0.262650 1.992311 -0.620159
v 0.260530 2.002099 -0.625055
v 0.735142 2.308286 -0.447420
v 0.736191 2.306168 -0.458071
v 0.737080 2.300134 -0.467100
v 0.737675 2.291105 -0.473133
v 0.737883 2.280454 -0.475252
v 0.737883 2.012477 -0.475252
v 0.737675 2.001827 -0.473133
v 0.737080 1.992797 -0.467100
v 0.736191 1.986764 -0.458071
v 0.735142 1.984646 -0.447420
v 0.211973 1.984646 -0.447420
v 0.210924 1.986764 -0.458071
v 0.210035 1.992797 -0.467100
v 0.209440 2.001827 -0.473133
v 0.209232 2.012477 -0.475252
v 0.209232 2.280454 -0.475252
v 0.209440 2.291105 -0.473133
v 0.210035 2.300134 -0.467100
v 0.210924 2.306168 -0.458071
v 0.211973 2.308286 -0.447420
v 0.690489 2.280454 -0.506920
v 0.688494 2.291105 -0.506094
v 0.682812 2.300134 -0.503740
v 0.674305 2.306168 -0.500217
v 0.664272 2.308286 -0.496061
v 0.690489 2.012477 -0.506920
v 0.688494 2.001827 -0.506094
v 0.682812 1.992797 -0.503740
v 0.674305 1.986764 -0.500217
v 0.664272 1.984646 -0.496061
v 0.701609 2.280454 -0.490277
v 0.700081 2.291105 -0.488750
v 0.695730 2.300134 -0.484400
v 0.689222 2.306168 -0.477890
v 0.681543 2.308286 -0.470212
v 0.701609 2.012477 -0.490277
v 0.700081 2.001827 -0.488750
v 0.695730 1.992797 -0.484400
v 0.689222 1.986764 -0.477890
v 0.681543 1.984646 -0.470212
v 0.718252 2.280454 -0.479157
v 0.717426 2.291105 -0.477161
v 0.715071 2.300134 -0.471478
v 0.711548 2.306168 -0.462973
v 0.707392 2.308286 -0.452940
v 0.718252 2.012477 -0.479157
v 0.717426 2.001827 -0.477161
v 0.715071 1.992797 -0.471478
v 0.711548 1.986764 -0.462973
v 0.707392 1.984646 -0.452940
v 0.256626 2.012477 -0.506920
v 0.258621 2.001827 -0.506094
v 0.264303 1.992797 -0.503740
v 0.272810 1.986764 -0.500217
v 0.282843 1.984646 -0.496061
v 0.256626 2.280454 -0.506920
v 0.258621 2.291105 -0.506094
v 0.264303 2.300134 -0.503740
v 0.272810 2.306168 -0.500217
v 0.282843 2.308286 -0.496061
v 0.245506 2.012477 -0.490277
v 0.247034 2.001827 -0.488750
v 0.251385 1.992797 -0.484400
v 0.257893 1.986764 -0.477890
v 0.265572 1.984646 -0.470212
v 0.245506 2.280454 -0.490277
v 0.247034 2.291105 -0.488750
v 0.251385 2.300134 -0.484400
v 0.257893 2.306168 -0.477890
v 0.265572 2.308286 -0.470212
v 0.228863 2.012477 -0.479157
v 0.229689 2.001827 -0.477161
v 0.232044 1.992797 -0.471478
v 0.235567 1.986764 -0.462973
v 0.239723 1.984646 -0.452940
v 0.228863 2.280454 -0.479157
v 0.229689 2.291105 -0.477161
v 0.232044 2.300134 -0.471478
v 0.235567 2.306168 -0.462973
v 0.239723 2.308286 -0.452940
v 0.263998 0.738697 -0.336481
v 0.269413 0.729081 -0.335984
v 0.278484 0.723410 -0.333407
v 0.279850 0.729809 -0.324678
v 0.278370 0.739901 -0.320884
v 0.269358 0.740845 -0.327061
v 0.272076 0.732433 -0.328152
v 0.668583 0.723437 -0.333423
v 0.677679 0.729111 -0.336001
v 0.683100 0.738756 -0.336508
v 0.677679 0.740980 -0.327115
v 0.668583 0.740090 -0.320948
v 0.667150 0.729908 -0.324713
v 0.674974 0.732516 -0.328186
v 0.278866 4.591348 -1.458660
v 0.269587 4.585948 -1.459311
v 0.264059 4.577261 -1.456232
v 0.269588 4.576751 -1.447024
v 0.278868 4.578885 -1.442021
v 0.280334 4.586907 -1.448996
v 0.272350 4.583961 -1.451208
v 0.668116 4.591341 -1.458746
v 0.666639 4.586867 -1.449026
v 0.668116 4.578800 -1.442004
v 0.677460 4.576690 -1.447015
v 0.683023 4.577237 -1.456250
v 0.677460 4.585941 -1.459371
v 0.674679 4.583929 -1.451232
v 0.278326 4.590582 -1.846741
v 0.279741 4.584181 -1.855376
v 0.278326 4.574091 -1.859097
v 0.269339 4.573147 -1.852921
v 0.263979 4.575296 -1.843531
v 0.269339 4.584916 -1.844107
v 0.272011 4.581561 -1.851887
v 0.668585 4.590547 -1.846526
v 0.677681 4.584873 -1.843946
v 0.683102 4.575229 -1.843440
v 0.677681 4.573004 -1.852835
v 0.668585 4.573894 -1.859002
v 0.667152 4.584075 -1.855237
v 0.674976 4.581467 -1.851763
v 0.264076 0.736721 -0.723690
v 0.269604 0.737232 -0.732913
v 0.278896 0.735098 -0.737919
v 0.280403 0.727075 -0.730911
v 0.278969 0.722633 -0.721199
v 0.269640 0.728031 -0.720574
v 0.272392 0.730019 -0.728705
v 0.668249 0.735100 -0.737931
v 0.677528 0.737235 -0.732927
v 0.683056 0.736724 -0.723720
v 0.677528 0.728036 -0.720641
v 0.668251 0.722636 -0.721291
v 0.666784 0.727077 -0.730955
v 0.674768 0.730023 -0.728744
v 0.668623 0.740222 -2.321752
v 0.677691 0.741137 -2.315564
v 0.683102 0.738857 -2.306157
v 0.677698 0.729164 -2.306721
v 0.668623 0.723463 -2.309336
v 0.667212 0.729973 -2.318035
v 0.675003 0.732609 -2.314539
v 0.263994 0.738846 -2.306223
v 0.269405 0.741126 -2.315598
v 0.278444 0.740211 -2.321784
v 0.279783 0.729964 -2.318144
v 0.278320 0.723452 -2.309542
v 0.269335 0.729149 -2.306871
v 0.272043 0.732596 -2.314633
v 0.683037 0.736524 -2.236452
v 0.677492 0.736817 -2.227217
v 0.668165 0.734587 -2.222287
v 0.666636 0.726833 -2.229537
v 0.668089 0.722596 -2.239334
v 0.677454 0.727969 -2.239837
v 0.674685 0.729792 -2.231662
v 0.278919 0.734592 -2.222273
v 0.269604 0.736822 -2.227201
v 0.264059 0.736530 -2.236419
v 0.269600 0.727977 -2.239761
v 0.278915 0.722602 -2.239231
v 0.280403 0.726838 -2.229487
v 0.272381 0.729800 -2.231617
v 1.632078 2.290061 -0.471702
v 1.630630 2.299254 -0.466220
v 1.632078 2.304736 -0.457027
v 1.641272 2.299254 -0.455576
v 1.646757 2.290061 -0.457027
v 1.641272 2.288610 -0.466220
v 1.638536 2.296517 -0.463483
v 1.632078 1.988195 -0.457027
v 1.630630 1.993678 -0.466219
v 1.632078 2.002871 -0.471702
v 1.641272 2.004321 -0.466219
v 1.646757 2.002871 -0.457027
v 1.641272 1.993678 -0.455576
v 1.638536 1.996414 -0.463483
v 1.632078 2.290061 -0.275357
v 1.641272 2.288610 -0.280839
v 1.646757 2.290061 -0.290032
v 1.641272 2.299254 -0.291483
v 1.632078 2.304736 -0.290032
v 1.630630 2.299254 -0.280839
v 1.638536 2.296517 -0.283576
v 1.632078 1.988195 -0.290032
v 1.641272 1.993678 -0.291483
v 1.646757 2.002871 -0.290032
v 1.641272 2.004321 -0.280839
v 1.632078 2.002871 -0.275357
v 1.630630 1.993678 -0.280839
v 1.638536 1.996414 -0.283576
v -0.684963 2.002871 -0.471702
v -0.683516 1.993678 -0.466219
v -0.684963 1.988195 -0.457027
v -0.694157 1.993678 -0.455576
v -0.699642 2.002871 -0.457027
v -0.694157 2.004321 -0.466219
v -0.691422 1.996414 -0.463483
v -0.684963 2.304736 -0.457027
v -0.683516 2.299254 -0.466220
v -0.684963 2.290061 -0.471702
v -0.694157 2.288610 -0.466220
v -0.699642 2.290061 -0.457027
v -0.694157 2.299254 -0.455576
v -0.691422 2.296517 -0.463483
v -0.684963 2.002871 -0.275357
v -0.694157 2.004321 -0.280839
v -0.699642 2.002871 -0.290032
v -0.694157 1.993678 -0.291483
v -0.684963 1.988195 -0.290032
v -0.683516 1.993678 -0.280839
v -0.691422 1.996414 -0.283576
v -0.684963 2.304736 -0.290032
v -0.694157 2.299254 -0.291483
v -0.699642 2.290061 -0.290032
v -0.694157 2.288610 -0.280839
v -0.684963 2.290061 -0.275357
v -0.683516 2.299254 -0.280839
v -0.691422 2.296517 -0.283576
v -0.501295 0.759618 -0.650964
v -0.506924 0.753515 -0.649359
v -0.514235 0.749548 -0.648380
v -0.522432 0.748154 -0.648136
v -0.522160 0.749487 -0.656442
v -0.521257 0.753316 -0.663889
v -0.519815 0.759246 -0.669710
v -0.517984 0.766661 -0.673300
v -0.510330 0.766752 -0.671762
v -0.503839 0.766882 -0.667368
v -0.499500 0.767031 -0.660786
v -0.497971 0.767178 -0.653018
v -0.741224 0.750205 -0.648399
v -0.747982 0.755728 -0.649002
v -0.751492 0.763543 -0.650233
v -0.750999 0.771951 -0.651825
v -0.749281 0.770989 -0.660026
v -0.744219 0.769832 -0.666967
v -0.736591 0.768659 -0.671577
v -0.727573 0.767649 -0.673146
v -0.729717 0.759898 -0.669630
v -0.731388 0.753646 -0.663928
v -0.732399 0.749588 -0.656656
v -0.732637 0.748154 -0.648556
v -0.514231 0.749645 -0.438573
v -0.506849 0.753805 -0.439520
v -0.501144 0.760179 -0.441145
v -0.497751 0.768043 -0.443262
v -0.499325 0.769039 -0.434215
v -0.503981 0.770195 -0.426556
v -0.510996 0.771332 -0.421459
v -0.519297 0.772277 -0.419708
v -0.520845 0.763744 -0.419221
v -0.522051 0.755817 -0.422796
v -0.522646 0.750222 -0.429673
v -0.522503 0.748154 -0.438407
v -0.751287 0.764416 -0.439526
v -0.748089 0.756168 -0.437950
v -0.741655 0.750328 -0.437093
v -0.733431 0.748154 -0.437136
v -0.733353 0.750303 -0.428783
v -0.732304 0.756094 -0.422208
v -0.730503 0.764302 -0.418845
v -0.728315 0.773259 -0.419409
v -0.736814 0.773323 -0.421080
v -0.744024 0.773365 -0.425864
v -0.748850 0.773380 -0.433034
v -0.750555 0.773366 -0.441498
v 0.260530 3.753900 -1.524919
v 0.260530 3.756961 -1.540943
v 0.260530 3.765679 -1.554527
v 0.260530 3.778726 -1.563604
v 0.260530 3.794116 -1.566791
v 0.260527 4.005052 -1.541727
v 0.260527 3.980815 -1.566791
v 0.260527 3.990090 -1.564883
v 0.260527 3.997953 -1.559450
v 0.260527 4.003207 -1.551319
v 0.260530 3.768547 -1.359300
v 0.260530 3.760849 -1.364677
v 0.260530 3.755706 -1.372724
v 0.260530 3.753900 -1.382216
v 0.260530 3.777626 -1.357412
v 0.260527 4.002114 -1.382136
v 0.260527 3.993747 -1.369143
v 0.260527 3.981225 -1.360461
v 0.260527 3.966455 -1.357412
v 0.260527 4.005052 -1.397462
v 1.448303 0.742913 -0.567744
v 1.454002 0.736566 -0.566392
v 1.461388 0.732431 -0.565618
v 1.469664 0.730960 -0.565506
v 1.469761 0.732952 -0.556802
v 1.469130 0.738363 -0.549861
v 1.467894 0.746089 -0.546076
v 1.466312 0.754522 -0.546216
v 1.458082 0.753673 -0.547955
v 1.451118 0.752659 -0.553000
v 1.446495 0.751635 -0.560576
v 1.444918 0.750759 -0.569522
v 1.688938 0.733110 -0.564597
v 1.695314 0.738920 -0.565203
v 1.698483 0.747135 -0.566415
v 1.697750 0.756056 -0.567982
v 1.696022 0.756059 -0.559591
v 1.691130 0.756029 -0.552481
v 1.683817 0.755968 -0.547733
v 1.675196 0.755887 -0.546071
v 1.677509 0.746889 -0.545855
v 1.679438 0.738747 -0.549493
v 1.680605 0.733055 -0.556248
v 1.680780 0.730960 -0.564724
v 1.461363 0.732345 -0.776177
v 1.454056 0.736310 -0.777027
v 1.448433 0.742421 -0.778403
v 1.445110 0.750001 -0.780152
v 1.446745 0.750361 -0.788062
v 1.451408 0.750792 -0.794760
v 1.458389 0.751230 -0.799222
v 1.466619 0.751606 -0.800766
v 1.468138 0.743460 -0.797366
v 1.469206 0.736845 -0.791643
v 1.469696 0.732519 -0.784239
v 1.469555 0.730960 -0.775946
v 1.698631 0.746366 -0.777539
v 1.695135 0.738522 -0.776485
v 1.688391 0.732992 -0.775965
v 1.679819 0.730960 -0.776092
v 1.679548 0.732451 -0.784207
v 1.678482 0.736667 -0.791436
v 1.676743 0.743137 -0.796996
v 1.674536 0.751098 -0.800251
v 1.683611 0.751952 -0.798656
v 1.691286 0.752960 -0.794034
v 1.696388 0.753968 -0.787092
v 1.698133 0.754822 -0.778898
v 0.686584 3.753900 -1.370119
v 0.686584 3.755763 -1.360447
v 0.686584 3.761067 -1.352248
v 0.686584 3.769006 -1.346769
v 0.686584 3.778371 -1.344845
v 0.686584 4.005052 -1.382901
v 0.686584 3.968003 -1.344845
v 0.686584 3.982181 -1.347742
v 0.686584 3.994200 -1.355992
v 0.686584 4.002231 -1.368338
v 0.686584 3.777553 -1.551222
v 0.686584 3.765122 -1.542674
v 0.686584 3.756816 -1.529881
v 0.686584 3.753900 -1.514790
v 0.686584 3.792216 -1.554224
v 0.686584 4.003153 -1.538454
v 0.686584 3.997746 -1.546742
v 0.686584 3.989654 -1.552280
v 0.686584 3.980109 -1.554224
v 0.686584 4.005052 -1.528678
v -0.502161 0.760240 -0.658185
v -0.507444 0.754054 -0.655570
v -0.514832 0.750448 -0.655814
v -0.515139 0.753930 -0.663356
v -0.512711 0.760017 -0.668851
v -0.505873 0.761101 -0.665129
v -0.509037 0.755778 -0.661785
v -0.740191 0.751077 -0.655795
v -0.747114 0.756075 -0.655308
v -0.750103 0.763664 -0.657703
v -0.745190 0.763677 -0.664860
v -0.737673 0.761441 -0.668731
v -0.738092 0.754741 -0.663301
v -0.744335 0.757560 -0.661604
v -0.515102 0.751137 -0.430678
v -0.507486 0.754896 -0.432756
v -0.502064 0.761717 -0.433145
v -0.506010 0.763950 -0.425577
v -0.513264 0.763897 -0.420629
v -0.515629 0.756194 -0.423666
v -0.509239 0.757735 -0.426456
v -0.749908 0.765352 -0.432022
v -0.747269 0.757031 -0.431587
v -0.740747 0.751777 -0.429619
v -0.738634 0.756983 -0.422985
v -0.738005 0.765283 -0.420179
v -0.745138 0.766617 -0.424889
v -0.744530 0.759575 -0.425646
v 1.449224 0.744355 -0.559808
v 1.454634 0.737599 -0.559675
v 1.462233 0.733861 -0.557760
v 1.462734 0.738757 -0.550694
v 1.460360 0.746298 -0.547435
v 1.453146 0.746452 -0.552286
v 1.456369 0.740325 -0.553377
v 1.687977 0.734519 -0.557036
v 1.694473 0.739755 -0.558804
v 1.697086 0.748046 -0.558915
v 1.692266 0.749265 -0.551777
v 1.685076 0.747893 -0.547148
v 1.685785 0.739644 -0.550239
v 1.691694 0.742247 -0.552794
v 1.462233 0.733433 -0.783612
v 1.454712 0.737038 -0.783262
v 1.449404 0.743388 -0.785689
v 1.453400 0.744720 -0.792695
v 1.460629 0.743987 -0.796494
v 1.462856 0.737356 -0.791112
v 1.456522 0.739094 -0.789481
v 1.697226 0.746568 -0.784991
v 1.694254 0.738915 -0.782782
v 1.687336 0.733912 -0.783358
v 1.685194 0.737720 -0.790801
v 1.684729 0.744593 -0.796060
v 1.692278 0.746717 -0.792135
v 1.691446 0.740502 -0.789045
vt 0.661099 0.358709
vt 0.662974 0.364091
vt 0.658638 0.369472
vt 0.653032 0.369472
vt 0.663083 0.360111
vt 0.662974 0.364670
vt 0.662974 0.369472
vt 0.662032 0.374260
vt 0.663016 0.378825
vt 0.595141 0.318951
vt 0.640022 0.318951
vt 0.652133 0.328030
vt 0.609906 0.369472
vt 0.664492 0.360479
vt 0.663509 0.364884
vt 0.661941 0.294697
vt 0.762557 0.005072
vt 0.769402 0.005296
vt 0.662974 0.369463
vt 0.664428 0.378467
vt 0.663477 0.374055
vt 0.706186 0.526979
vt 0.655993 0.527186
vt 0.568411 0.227211
vt 0.571357 0.218485
vt 0.616238 0.218485
vt 0.638255 0.294101
vt 0.644751 0.318951
vt 0.650807 0.323490
vt 0.608421 0.369472
vt 0.593656 0.318951
vt 0.770936 0.005393
vt 0.665687 0.360791
vt 0.664733 0.365066
vt 0.663162 0.369469
vt 0.657510 0.300525
vt 0.761124 0.004925
vt 0.660642 0.294001
vt 0.769767 0.003804
vt 0.762912 0.003677
vt 0.707716 0.526899
vt 0.665624 0.378163
vt 0.664702 0.373882
vt 0.656299 0.528593
vt 0.706540 0.528469
vt 0.654557 0.527290
vt 0.566081 0.222325
vt 0.566628 0.218485
vt 0.552120 0.185024
vt 0.560188 0.174261
vt 0.603313 0.174261
vt 0.559246 0.209407
vt 0.617723 0.218485
vt 0.639587 0.293471
vt 0.642387 0.300145
vt 0.567047 0.227731
vt 0.649480 0.318951
vt 0.607162 0.369472
vt 0.592397 0.318951
vt 0.771123 0.004026
vt 0.772236 0.005491
vt 0.666485 0.361000
vt 0.665551 0.365187
vt 0.664399 0.369473
vt 0.649886 0.302802
vt 0.656639 0.299267
vt 0.761598 0.003707
vt 0.759912 0.004765
vt 0.659541 0.293410
vt 0.770053 0.002533
vt 0.763174 0.002481
vt 0.707894 0.528258
vt 0.709013 0.526809
vt 0.666424 0.377961
vt 0.665520 0.373767
vt 0.654985 0.528533
vt 0.656524 0.529795
vt 0.706818 0.529739
vt 0.653341 0.527412
vt 0.564869 0.223165
vt 0.562110 0.218204
vt 0.561899 0.218485
vt 0.560573 0.213946
vt 0.550547 0.179642
vt 0.554581 0.174261
vt 0.503684 0.005292
vt 0.553876 0.005084
vt 0.548816 0.160163
vt 0.604798 0.174261
vt 0.535398 0.178064
vt 0.551697 0.214682
vt 0.527944 0.214682
vt 0.527944 0.178064
vt 0.618982 0.218485
vt 0.640717 0.292937
vt 0.643320 0.298931
vt 0.565891 0.228173
vt 0.606321 0.369472
vt 0.591556 0.318951
vt 0.771200 0.002702
vt 0.772409 0.004338
vt 0.773103 0.005574
vt 0.665226 0.369476
vt 0.649925 0.301271
vt 0.655900 0.298199
vt 0.760336 0.003747
vt 0.762061 0.002538
vt 0.759106 0.004618
vt 0.658805 0.293016
vt 0.770217 0.001676
vt 0.763301 0.001669
vt 0.709178 0.527954
vt 0.707963 0.529576
vt 0.709879 0.526722
vt 0.655412 0.529722
vt 0.653723 0.528458
vt 0.656635 0.530607
vt 0.706977 0.530595
vt 0.652530 0.527532
vt 0.563841 0.223877
vt 0.561226 0.219384
vt 0.557040 0.215549
vt 0.541404 0.176646
vt 0.548974 0.174261
vt 0.549140 0.166325
vt 0.503328 0.003801
vt 0.553577 0.003678
vt 0.555310 0.004975
vt 0.502153 0.005372
vt 0.547372 0.160409
vt 0.606057 0.174261
vt 0.551580 0.216138
vt 0.527916 0.216138
vt 0.525261 0.214682
vt 0.525261 0.178064
vt 0.535229 0.176608
vt 0.527916 0.176608
vt 0.619823 0.218485
vt 0.641471 0.292579
vt 0.644112 0.297903
vt 0.565118 0.228468
vt 0.771558 0.001923
vt 0.772269 0.003173
vt 0.773254 0.004213
vt 0.649958 0.299974
vt 0.655407 0.297486
vt 0.759663 0.003443
vt 0.760944 0.002788
vt 0.761992 0.001804
vt 0.710021 0.528076
vt 0.709031 0.529111
vt 0.708316 0.530351
vt 0.655326 0.530460
vt 0.654300 0.529447
vt 0.653039 0.528746
vt 0.563155 0.224353
vt 0.560476 0.220384
vt 0.556574 0.216948
vt 0.540735 0.175308
vt 0.546491 0.172399
vt 0.547668 0.166059
vt 0.501975 0.004012
vt 0.503050 0.002531
vt 0.553358 0.002477
vt 0.554887 0.003735
vt 0.556524 0.004847
vt 0.500856 0.005462
vt 0.546147 0.160617
vt 0.606898 0.174261
vt 0.551481 0.217371
vt 0.527834 0.217371
vt 0.525148 0.216138
vt 0.522987 0.214682
vt 0.522987 0.178064
vt 0.525148 0.176608
vt 0.535085 0.175375
vt 0.527834 0.175375
vt 0.644641 0.297215
vt 0.772746 0.002812
vt 0.649979 0.299107
vt 0.709506 0.529467
vt 0.559975 0.221052
vt 0.556179 0.218134
vt 0.540168 0.174174
vt 0.545294 0.171502
vt 0.546421 0.165832
vt 0.500691 0.004316
vt 0.501906 0.002694
vt 0.502892 0.001675
vt 0.553254 0.001664
vt 0.554466 0.002548
vt 0.556145 0.003805
vt 0.557333 0.004720
vt 0.499991 0.005549
vt 0.545329 0.160756
vt 0.551414 0.218196
vt 0.527713 0.218196
vt 0.524827 0.217371
vt 0.522779 0.216138
vt 0.521468 0.214682
vt 0.521468 0.178064
vt 0.522779 0.176608
vt 0.524827 0.175375
vt 0.534989 0.174550
vt 0.527713 0.174550
vt 0.555915 0.218926
vt 0.539789 0.173417
vt 0.544279 0.170742
vt 0.545588 0.165681
vt 0.499849 0.004195
vt 0.500838 0.003160
vt 0.501553 0.001919
vt 0.554555 0.001810
vt 0.555573 0.002819
vt 0.556828 0.003513
vt 0.524345 0.218196
vt 0.522184 0.217371
vt 0.521195 0.216138
vt 0.521195 0.176608
vt 0.522184 0.175375
vt 0.524345 0.174550
vt 0.543602 0.170233
vt 0.500363 0.002803
vt 0.620069 0.369473
vt 0.614462 0.369473
vt 0.610127 0.364092
vt 0.612001 0.358710
vt 0.610085 0.378826
vt 0.611069 0.374260
vt 0.610127 0.369473
vt 0.610127 0.364670
vt 0.610018 0.360112
vt 0.620968 0.328030
vt 0.633079 0.318952
vt 0.677960 0.318952
vt 0.663195 0.369473
vt 0.608673 0.378468
vt 0.609624 0.374056
vt 0.610127 0.369453
vt 0.617108 0.527187
vt 0.566915 0.526979
vt 0.608609 0.360480
vt 0.609591 0.364885
vt 0.611160 0.294698
vt 0.503699 0.005296
vt 0.510544 0.005073
vt 0.622294 0.323491
vt 0.628350 0.318952
vt 0.656863 0.218486
vt 0.701743 0.218486
vt 0.704689 0.227211
vt 0.634846 0.294102
vt 0.664680 0.369473
vt 0.679445 0.318952
vt 0.565379 0.526912
vt 0.607476 0.378164
vt 0.608399 0.373883
vt 0.609939 0.369462
vt 0.618541 0.527297
vt 0.616808 0.528593
vt 0.566547 0.528472
vt 0.502165 0.005394
vt 0.607414 0.360792
vt 0.608368 0.365067
vt 0.615590 0.300526
vt 0.503320 0.003803
vt 0.510196 0.003678
vt 0.511976 0.004925
vt 0.612459 0.294002
vt 0.623621 0.318952
vt 0.630714 0.300145
vt 0.669788 0.174261
vt 0.712913 0.174261
vt 0.720981 0.185024
vt 0.713855 0.209408
vt 0.706473 0.218486
vt 0.707020 0.222326
vt 0.706053 0.227732
vt 0.655378 0.218486
vt 0.633514 0.293472
vt 0.665939 0.369473
vt 0.680704 0.318952
vt 0.565194 0.528268
vt 0.564078 0.526835
vt 0.606677 0.377961
vt 0.607581 0.373767
vt 0.608702 0.369470
vt 0.618118 0.528536
vt 0.619755 0.527425
vt 0.616590 0.529795
vt 0.566255 0.529743
vt 0.501969 0.004025
vt 0.500865 0.005492
vt 0.606616 0.361001
vt 0.607550 0.365188
vt 0.616462 0.299267
vt 0.623214 0.302802
vt 0.503018 0.002531
vt 0.509942 0.002483
vt 0.511507 0.003709
vt 0.513188 0.004766
vt 0.613560 0.293411
vt 0.629781 0.298932
vt 0.719225 0.005085
vt 0.769417 0.005292
vt 0.724284 0.160164
vt 0.718520 0.174261
vt 0.722554 0.179643
vt 0.721403 0.214683
vt 0.737702 0.178064
vt 0.745157 0.178064
vt 0.745157 0.214683
vt 0.712528 0.213947
vt 0.668303 0.174261
vt 0.711202 0.218486
vt 0.710991 0.218205
vt 0.708232 0.223166
vt 0.707210 0.228174
vt 0.654119 0.218486
vt 0.632384 0.292937
vt 0.666780 0.369473
vt 0.681545 0.318952
vt 0.565116 0.529583
vt 0.563911 0.527974
vt 0.563209 0.526761
vt 0.607875 0.369476
vt 0.619376 0.528467
vt 0.617697 0.529724
vt 0.620565 0.527551
vt 0.616485 0.530607
vt 0.566083 0.530598
vt 0.500687 0.004337
vt 0.501880 0.002700
vt 0.499998 0.005575
vt 0.617200 0.298200
vt 0.623176 0.301272
vt 0.502841 0.001675
vt 0.509822 0.001671
vt 0.511050 0.002540
vt 0.512767 0.003749
vt 0.513995 0.004619
vt 0.614295 0.293016
vt 0.628989 0.297903
vt 0.769772 0.003802
vt 0.719530 0.003678
vt 0.770953 0.005360
vt 0.725729 0.160409
vt 0.723961 0.166326
vt 0.717791 0.004975
vt 0.724127 0.174261
vt 0.731697 0.176646
vt 0.716061 0.215549
vt 0.737872 0.176609
vt 0.745185 0.176609
vt 0.747839 0.178064
vt 0.747839 0.214683
vt 0.721521 0.216138
vt 0.745185 0.216138
vt 0.667044 0.174261
vt 0.711875 0.219384
vt 0.709259 0.223878
vt 0.707983 0.228469
vt 0.653278 0.218486
vt 0.631630 0.292580
vt 0.564756 0.530357
vt 0.564053 0.529124
vt 0.563067 0.528103
vt 0.620060 0.528758
vt 0.618805 0.529452
vt 0.617786 0.530462
vt 0.499842 0.004212
vt 0.500819 0.003171
vt 0.501515 0.001922
vt 0.617694 0.297487
vt 0.623143 0.299975
vt 0.511123 0.001806
vt 0.512163 0.002789
vt 0.513440 0.003444
vt 0.628460 0.297216
vt 0.771130 0.004005
vt 0.718218 0.003735
vt 0.770050 0.002532
vt 0.719756 0.002476
vt 0.772255 0.005437
vt 0.726954 0.160617
vt 0.725432 0.166059
vt 0.726610 0.172399
vt 0.716577 0.004847
vt 0.732366 0.175309
vt 0.716527 0.216948
vt 0.738016 0.175375
vt 0.745266 0.175375
vt 0.747952 0.176609
vt 0.750114 0.178064
vt 0.750114 0.214683
vt 0.747952 0.216138
vt 0.721620 0.217372
vt 0.745266 0.217372
vt 0.666203 0.174261
vt 0.712625 0.220385
vt 0.709946 0.224353
vt 0.563576 0.529482
vt 0.500340 0.002812
vt 0.623121 0.299108
vt 0.771197 0.002691
vt 0.772417 0.004298
vt 0.716958 0.003805
vt 0.718644 0.002547
vt 0.770209 0.001676
vt 0.719867 0.001664
vt 0.773123 0.005511
vt 0.727772 0.160757
vt 0.726680 0.165833
vt 0.727807 0.171503
vt 0.715768 0.004721
vt 0.732933 0.174175
vt 0.716922 0.218134
vt 0.738112 0.174551
vt 0.745388 0.174551
vt 0.748274 0.175375
vt 0.750322 0.176609
vt 0.751633 0.178064
vt 0.751633 0.214683
vt 0.750322 0.216138
vt 0.748274 0.217372
vt 0.721686 0.218196
vt 0.745388 0.218196
vt 0.713126 0.221053
vt 0.771550 0.001916
vt 0.772268 0.003149
vt 0.773261 0.004170
vt 0.716274 0.003513
vt 0.717533 0.002819
vt 0.718559 0.001810
vt 0.727513 0.165682
vt 0.728821 0.170742
vt 0.733312 0.173417
vt 0.717186 0.218926
vt 0.748755 0.174551
vt 0.750917 0.175375
vt 0.751906 0.176609
vt 0.751906 0.216138
vt 0.750917 0.217372
vt 0.748755 0.218196
vt 0.772742 0.002791
vt 0.729499 0.170234
vt 0.756557 0.445151
vt 0.756557 0.449880
vt 0.752018 0.451206
vt 0.815890 0.281476
vt 0.815890 0.282932
vt 0.795696 0.282932
vt 0.795696 0.281476
vt 0.817345 0.281476
vt 0.817202 0.282789
vt 0.815890 0.284166
vt 0.795696 0.284166
vt 0.794240 0.281476
vt 0.794383 0.282789
vt 0.815890 0.244858
vt 0.795696 0.244858
vt 0.817345 0.244858
vt 0.818579 0.281476
vt 0.818459 0.282591
vt 0.817004 0.284045
vt 0.815890 0.284990
vt 0.795696 0.284990
vt 0.794581 0.284045
vt 0.794240 0.244858
vt 0.793127 0.282591
vt 0.793006 0.281476
vt 0.815890 0.243403
vt 0.795696 0.243403
vt 0.817202 0.243545
vt 0.818579 0.244858
vt 0.819403 0.281476
vt 0.819208 0.282789
vt 0.818085 0.283671
vt 0.817202 0.284795
vt 0.794383 0.284795
vt 0.793501 0.283671
vt 0.793006 0.244858
vt 0.794383 0.243545
vt 0.792378 0.282789
vt 0.792182 0.281476
vt 0.815890 0.242169
vt 0.795696 0.242169
vt 0.817004 0.242289
vt 0.818459 0.243743
vt 0.819403 0.244858
vt 0.792182 0.244858
vt 0.793127 0.243743
vt 0.794581 0.242289
vt 0.815890 0.241344
vt 0.795696 0.241344
vt 0.817202 0.241540
vt 0.818085 0.242663
vt 0.819208 0.243545
vt 0.792378 0.243545
vt 0.793501 0.242663
vt 0.794383 0.241540
vt 0.744190 0.429869
vt 0.744190 0.428414
vt 0.764384 0.428414
vt 0.764384 0.429869
vt 0.742735 0.429869
vt 0.742878 0.428557
vt 0.744190 0.427180
vt 0.764384 0.427180
vt 0.765840 0.429869
vt 0.765697 0.428557
vt 0.744190 0.466488
vt 0.764384 0.466488
vt 0.742735 0.466488
vt 0.741501 0.429869
vt 0.741622 0.428755
vt 0.743076 0.427300
vt 0.744190 0.426356
vt 0.764384 0.426356
vt 0.765499 0.427300
vt 0.765840 0.466488
vt 0.766953 0.428755
vt 0.767074 0.429869
vt 0.744190 0.467943
vt 0.764384 0.467943
vt 0.742878 0.467801
vt 0.741501 0.466488
vt 0.740677 0.429869
vt 0.740872 0.428557
vt 0.741995 0.427674
vt 0.742878 0.426551
vt 0.765697 0.426551
vt 0.766579 0.427674
vt 0.767074 0.466488
vt 0.765697 0.467801
vt 0.767703 0.428557
vt 0.767898 0.429869
vt 0.744190 0.469177
vt 0.764384 0.469177
vt 0.743076 0.469057
vt 0.741621 0.467602
vt 0.740677 0.466488
vt 0.767898 0.466488
vt 0.766953 0.467602
vt 0.765499 0.469057
vt 0.744190 0.470002
vt 0.764384 0.470002
vt 0.742878 0.469806
vt 0.741995 0.468683
vt 0.740872 0.467801
vt 0.767703 0.467801
vt 0.766579 0.468683
vt 0.765697 0.469806
vt 0.754287 0.446067
vt 0.754287 0.450860
vt 0.754287 0.450869
vt 0.754287 0.445488
vt 0.754287 0.445488
vt 0.754287 0.450869
vt 0.754287 0.450849
vt 0.754287 0.446067
vt 0.753621 0.445644
vt 0.756276 0.450714
vt 0.756557 0.450503
vt 0.752018 0.449176
vt 0.753769 0.450947
vt 0.752370 0.450481
vt 0.755025 0.445411
vt 0.756205 0.446295
vt 0.752370 0.445877
vt 0.753769 0.445411
vt 0.756205 0.450062
vt 0.755025 0.450947
vt 0.871175 0.471578
vt 0.871455 0.472611
vt 0.842792 0.472729
vt 0.842503 0.471655
vt 0.872517 0.472591
vt 0.872161 0.471663
vt 0.990599 0.880740
vt 0.971098 0.880740
vt 0.841556 0.472865
vt 0.841410 0.471865
vt 0.870955 0.470744
vt 0.842281 0.470784
vt 0.992788 0.881159
vt 0.871804 0.470818
vt 0.873110 0.471781
vt 0.873416 0.472571
vt 0.971088 0.914658
vt 0.969312 0.913515
vt 0.968126 0.911804
vt 0.967709 0.909786
vt 0.967709 0.883982
vt 0.967967 0.882742
vt 0.968702 0.881690
vt 0.969801 0.880987
vt 0.994644 0.882350
vt 0.995885 0.884133
vt 0.996320 0.886236
vt 0.996320 0.911748
vt 0.996060 0.913015
vt 0.995317 0.914090
vt 0.994206 0.914808
vt 0.992895 0.915060
vt 0.973182 0.915060
vt 0.840510 0.473023
vt 0.840376 0.472170
vt 0.841357 0.470933
vt 0.872653 0.471053
vt 0.839574 0.473308
vt 0.839813 0.473179
vt 0.874016 0.472553
vt 0.839700 0.472163
vt 0.840496 0.471321
vt 0.964661 0.005703
vt 0.964879 0.004554
vt 0.993671 0.004673
vt 0.993402 0.005896
vt 0.963540 0.005572
vt 0.963858 0.004571
vt 0.965047 0.003486
vt 0.993886 0.003546
vt 0.994558 0.005898
vt 0.994696 0.004801
vt 0.862771 0.447499
vt 0.843058 0.447499
vt 0.841747 0.447247
vt 0.962592 0.005414
vt 0.962880 0.004573
vt 0.964185 0.003534
vt 0.965129 0.002732
vt 0.994004 0.002748
vt 0.994756 0.003664
vt 0.864866 0.447098
vt 0.995671 0.004974
vt 0.995538 0.005896
vt 0.840636 0.446529
vt 0.961962 0.005253
vt 0.962351 0.004267
vt 0.963325 0.003737
vt 0.964119 0.002851
vt 0.995025 0.002946
vt 0.995568 0.004012
vt 0.866641 0.445955
vt 0.996315 0.004792
vt 0.996192 0.005891
vt 0.839894 0.445455
vt 0.963093 0.003351
vt 0.995931 0.003658
vt 0.867827 0.444243
vt 0.984033 0.002685
vt 0.983791 0.003757
vt 0.955009 0.003653
vt 0.955248 0.002617
vt 0.985013 0.003876
vt 0.985118 0.002882
vt 0.874391 0.414129
vt 0.854622 0.414129
vt 0.953928 0.003702
vt 0.954252 0.002749
vt 0.984218 0.001817
vt 0.955436 0.001782
vt 0.875712 0.414384
vt 0.985136 0.001958
vt 0.986146 0.003168
vt 0.986048 0.004016
vt 0.851388 0.448189
vt 0.850256 0.447450
vt 0.849499 0.446345
vt 0.849233 0.445040
vt 0.849233 0.419365
vt 0.849643 0.417361
vt 0.850811 0.415663
vt 0.852560 0.414528
vt 0.876833 0.415109
vt 0.877581 0.416194
vt 0.877844 0.417473
vt 0.877844 0.443386
vt 0.877448 0.445323
vt 0.876321 0.446966
vt 0.874634 0.448063
vt 0.872644 0.448449
vt 0.852724 0.448449
vt 0.953012 0.003761
vt 0.953294 0.002931
vt 0.954583 0.001882
vt 0.985997 0.002331
vt 0.986809 0.003147
vt 0.986738 0.004155
vt 0.952403 0.003821
vt 0.986975 0.004271
vt 0.953734 0.002163
vt 0.852119 0.472493
vt 0.851905 0.471275
vt 0.880755 0.471169
vt 0.880941 0.472325
vt 0.850973 0.472494
vt 0.850880 0.471399
vt 0.851740 0.470152
vt 0.880611 0.470097
vt 0.882060 0.472208
vt 0.881773 0.471197
vt 0.983397 0.916462
vt 0.963476 0.916462
vt 0.961486 0.916076
vt 0.850001 0.472490
vt 0.849905 0.471566
vt 0.850865 0.470266
vt 0.851657 0.469358
vt 0.880540 0.469342
vt 0.881471 0.470151
vt 0.984732 0.916202
vt 0.882749 0.471217
vt 0.883009 0.472070
vt 0.959799 0.914979
vt 0.849353 0.472481
vt 0.849273 0.471378
vt 0.850044 0.470607
vt 0.850624 0.469551
vt 0.881550 0.469468
vt 0.882327 0.470368
vt 0.985865 0.915464
vt 0.883286 0.470927
vt 0.883641 0.471933
vt 0.958672 0.913337
vt 0.849695 0.470251
vt 0.882567 0.469988
vt 0.986622 0.914358
vt 0.792454 0.234058
vt 0.795446 0.234058
vt 0.798438 0.237049
vt 0.798438 0.240041
vt 0.794635 0.227422
vt 0.795389 0.231214
vt 0.798438 0.234058
vt 0.801281 0.237106
vt 0.805073 0.237861
vt 0.798438 0.286293
vt 0.792454 0.292277
vt 0.774440 0.292277
vt 0.774440 0.234058
vt 0.796090 0.227279
vt 0.796760 0.230646
vt 0.774440 0.106170
vt 0.794635 0.106170
vt 0.805216 0.236405
vt 0.801849 0.235736
vt 0.828895 0.237861
vt 0.828895 0.288473
vt 0.805073 0.288473
vt 0.798438 0.289285
vt 0.795446 0.292277
vt 0.794635 0.298912
vt 0.794635 0.420164
vt 0.774440 0.420164
vt 0.772985 0.234058
vt 0.772985 0.292277
vt 0.796090 0.106170
vt 0.797324 0.227157
vt 0.797922 0.230165
vt 0.772985 0.106170
vt 0.794635 0.104715
vt 0.774440 0.104715
vt 0.828918 0.236405
vt 0.833326 0.237861
vt 0.833326 0.288473
vt 0.828918 0.289929
vt 0.805216 0.289929
vt 0.801281 0.289228
vt 0.798438 0.292277
vt 0.795389 0.295120
vt 0.796090 0.420164
vt 0.796090 0.299056
vt 0.794635 0.421619
vt 0.774440 0.421619
vt 0.772985 0.420164
vt 0.771751 0.234058
vt 0.771751 0.292277
vt 0.795947 0.104858
vt 0.797324 0.106170
vt 0.798148 0.227076
vt 0.798699 0.229843
vt 0.799688 0.232808
vt 0.798798 0.233697
vt 0.771751 0.106170
vt 0.773128 0.104858
vt 0.833419 0.236405
vt 0.837303 0.237861
vt 0.837303 0.288473
vt 0.833419 0.289929
vt 0.801849 0.290599
vt 0.796760 0.295688
vt 0.795947 0.421477
vt 0.797324 0.420164
vt 0.797324 0.299177
vt 0.773128 0.421477
vt 0.771751 0.420164
vt 0.770927 0.234058
vt 0.770927 0.292277
vt 0.797203 0.105056
vt 0.798148 0.106170
vt 0.800282 0.232213
vt 0.802330 0.234573
vt 0.770927 0.106170
vt 0.771872 0.105056
vt 0.837479 0.236405
vt 0.840418 0.237861
vt 0.840418 0.288473
vt 0.837479 0.289929
vt 0.797922 0.296170
vt 0.797203 0.421279
vt 0.798148 0.420164
vt 0.798148 0.299258
vt 0.771872 0.421279
vt 0.770927 0.420164
vt 0.797953 0.104858
vt 0.795749 0.103602
vt 0.796829 0.103975
vt 0.771122 0.104858
vt 0.773326 0.103602
vt 0.772246 0.103975
vt 0.840659 0.236405
vt 0.840659 0.289929
vt 0.798798 0.292637
vt 0.799688 0.293527
vt 0.798699 0.296491
vt 0.797953 0.421477
vt 0.795749 0.422733
vt 0.796829 0.422359
vt 0.771122 0.421477
vt 0.773326 0.422733
vt 0.772246 0.422359
vt 0.802330 0.291761
vt 0.800282 0.294121
vt 0.803371 0.240041
vt 0.803371 0.237049
vt 0.806363 0.234058
vt 0.809355 0.234058
vt 0.796736 0.237861
vt 0.800528 0.237106
vt 0.803371 0.234058
vt 0.806420 0.231214
vt 0.807174 0.227422
vt 0.809355 0.292277
vt 0.803371 0.286294
vt 0.827368 0.234058
vt 0.827368 0.292277
vt 0.796592 0.236405
vt 0.799960 0.235736
vt 0.789350 0.288473
vt 0.789350 0.237861
vt 0.796736 0.288473
vt 0.805719 0.227279
vt 0.805049 0.230646
vt 0.807174 0.106170
vt 0.827368 0.106170
vt 0.806363 0.292277
vt 0.803371 0.289285
vt 0.828824 0.234058
vt 0.828824 0.292277
vt 0.807174 0.298912
vt 0.827368 0.420164
vt 0.807174 0.420164
vt 0.789316 0.236405
vt 0.784649 0.237861
vt 0.784649 0.288473
vt 0.800528 0.289228
vt 0.789316 0.289929
vt 0.796592 0.289929
vt 0.805719 0.106170
vt 0.804485 0.227157
vt 0.803887 0.230165
vt 0.807174 0.104715
vt 0.827368 0.104715
vt 0.828824 0.106170
vt 0.806420 0.295120
vt 0.803371 0.292277
vt 0.830058 0.234058
vt 0.830058 0.292277
vt 0.828824 0.420164
vt 0.807174 0.421619
vt 0.827368 0.421619
vt 0.805719 0.420164
vt 0.805719 0.299056
vt 0.784516 0.236405
vt 0.784516 0.289929
vt 0.780941 0.237861
vt 0.780941 0.288473
vt 0.799960 0.290599
vt 0.805862 0.104858
vt 0.804485 0.106170
vt 0.803011 0.233697
vt 0.802121 0.232808
vt 0.803661 0.227076
vt 0.803110 0.229843
vt 0.828681 0.104858
vt 0.830058 0.106170
vt 0.805049 0.295688
vt 0.830882 0.234058
vt 0.830882 0.292277
vt 0.830058 0.420164
vt 0.828681 0.421477
vt 0.805862 0.421477
vt 0.804485 0.420164
vt 0.804485 0.299177
vt 0.780703 0.236405
vt 0.780703 0.289929
vt 0.804605 0.105056
vt 0.803661 0.106170
vt 0.799478 0.234573
vt 0.801527 0.232213
vt 0.829937 0.105056
vt 0.830882 0.106170
vt 0.803887 0.296170
vt 0.830882 0.420164
vt 0.829937 0.421279
vt 0.804605 0.421279
vt 0.803661 0.420164
vt 0.803661 0.299258
vt 0.803856 0.104858
vt 0.806060 0.103602
vt 0.804979 0.103975
vt 0.830686 0.104858
vt 0.828483 0.103602
vt 0.829563 0.103975
vt 0.803110 0.296491
vt 0.802121 0.293527
vt 0.803011 0.292637
vt 0.830686 0.421477
vt 0.828483 0.422733
vt 0.829563 0.422359
vt 0.803856 0.421477
vt 0.806060 0.422733
vt 0.804979 0.422359
vt 0.801527 0.294121
vt 0.799478 0.291761
vt 0.780442 0.288892
vt 0.779001 0.288878
vt 0.779060 0.238535
vt 0.780539 0.238515
vt 0.780431 0.290381
vt 0.779135 0.290218
vt 0.780534 0.237078
vt 0.779201 0.237228
vt 0.831071 0.238491
vt 0.831141 0.288892
vt 0.831142 0.290379
vt 0.780418 0.291555
vt 0.779322 0.291411
vt 0.831070 0.237063
vt 0.779397 0.235900
vt 0.780527 0.235789
vt 0.832582 0.288878
vt 0.832540 0.238516
vt 0.832441 0.290216
vt 0.831143 0.291551
vt 0.831070 0.235782
vt 0.832396 0.237215
vt 0.779191 0.234943
vt 0.780519 0.234781
vt 0.777927 0.237313
vt 0.778303 0.236202
vt 0.832246 0.291407
vt 0.831070 0.234779
vt 0.832196 0.235894
vt 0.777922 0.235627
vt 0.832396 0.234941
vt 0.833664 0.237304
vt 0.833287 0.236197
vt 0.833664 0.235625
vt 0.779049 0.238509
vt 0.780518 0.238484
vt 0.780404 0.288936
vt 0.778981 0.288911
vt 0.780519 0.237056
vt 0.779193 0.237208
vt 0.805797 0.264209
vt 0.780403 0.290406
vt 0.779119 0.290239
vt 0.831049 0.237070
vt 0.831049 0.238508
vt 0.779394 0.235888
vt 0.780520 0.235775
vt 0.831147 0.288886
vt 0.831148 0.290372
vt 0.780402 0.291565
vt 0.779313 0.291419
vt 0.831048 0.235780
vt 0.832529 0.238529
vt 0.832383 0.237220
vt 0.779193 0.234934
vt 0.780519 0.234772
vt 0.777925 0.237297
vt 0.778303 0.236190
vt 0.832588 0.288870
vt 0.832447 0.290209
vt 0.831149 0.291544
vt 0.831049 0.234770
vt 0.832182 0.235892
vt 0.777925 0.235618
vt 0.832252 0.291400
vt 0.832383 0.234932
vt 0.833660 0.237305
vt 0.833280 0.236193
vt 0.833660 0.235617
vt 0.801766 0.237815
vt 0.801782 0.236374
vt 0.808698 0.236437
vt 0.808725 0.237921
vt 0.800279 0.237805
vt 0.800441 0.236510
vt 0.810158 0.237922
vt 0.810007 0.236583
vt 0.801713 0.288561
vt 0.808752 0.288441
vt 0.800245 0.288562
vt 0.799108 0.237802
vt 0.799253 0.236703
vt 0.810175 0.288432
vt 0.811346 0.236782
vt 0.811455 0.237917
vt 0.801739 0.289984
vt 0.808720 0.289913
vt 0.800413 0.289844
vt 0.799091 0.288553
vt 0.811463 0.288429
vt 0.810021 0.289763
vt 0.812336 0.236573
vt 0.812492 0.237906
vt 0.809938 0.235304
vt 0.811055 0.235682
vt 0.799238 0.289644
vt 0.812494 0.288432
vt 0.811352 0.289560
vt 0.811663 0.235298
vt 0.812338 0.289762
vt 0.809948 0.291036
vt 0.811061 0.290656
vt 0.811665 0.291035
vt 0.800697 0.237861
vt 0.805944 0.237861
vt 0.805944 0.288473
vt 0.800697 0.288473
vt 0.800524 0.236405
vt 0.805952 0.236405
vt 0.811105 0.237861
vt 0.811105 0.288473
vt 0.800524 0.289929
vt 0.805952 0.289929
vt 0.797384 0.237861
vt 0.797384 0.288473
vt 0.797125 0.236405
vt 0.811291 0.236405
vt 0.814195 0.237861
vt 0.814195 0.288473
vt 0.811291 0.289929
vt 0.797125 0.289929
vt 0.814460 0.236405
vt 0.814460 0.289929
vt 0.757234 0.444948
vt 0.753701 0.447309
vt 0.754390 0.447997
vt 0.754390 0.445006
vt 0.751399 0.447997
vt 0.751341 0.450841
vt 0.752712 0.451409
vt 0.754751 0.448358
vt 0.751341 0.451409
vt 0.754874 0.449049
vt 0.754185 0.448360
vt 0.754185 0.451351
vt 0.757176 0.448360
vt 0.757234 0.445516
vt 0.753824 0.447999
vt 0.755863 0.444948
vt 0.751341 0.451409
vt 0.754873 0.449049
vt 0.754185 0.448360
vt 0.754185 0.451352
vt 0.757176 0.448360
vt 0.757234 0.445516
vt 0.755863 0.444948
vt 0.753824 0.447999
vt 0.757234 0.444948
vt 0.753701 0.447309
vt 0.754390 0.447997
vt 0.754390 0.445006
vt 0.751398 0.447997
vt 0.751341 0.450841
vt 0.754751 0.448358
vt 0.752712 0.451409
vt 0.755992 0.449179
vt 0.754943 0.450229
vt 0.752583 0.446697
vt 0.753954 0.446129
vt 0.752583 0.446696
vt 0.753954 0.446129
vt 0.755992 0.449179
vt 0.754943 0.450229
vt 0.752583 0.447178
vt 0.753632 0.446129
vt 0.755992 0.449661
vt 0.754621 0.450229
vt 0.755992 0.449661
vt 0.754621 0.450229
vt 0.752583 0.447178
vt 0.753632 0.446128
vt 0.768376 0.434216
vt 0.769496 0.434183
vt 0.769496 0.462853
vt 0.768366 0.462875
vt 0.768413 0.433081
vt 0.769414 0.433167
vt 0.770495 0.434049
vt 0.770505 0.462723
vt 0.768346 0.464069
vt 0.769377 0.463932
vt 0.739543 0.463049
vt 0.739652 0.434159
vt 0.739684 0.433052
vt 0.768536 0.432064
vt 0.769372 0.432137
vt 0.770424 0.433200
vt 0.770418 0.463648
vt 0.739554 0.464190
vt 0.769305 0.464890
vt 0.768428 0.465009
vt 0.738478 0.434180
vt 0.738419 0.463055
vt 0.738619 0.433170
vt 0.739822 0.432058
vt 0.768733 0.431268
vt 0.769704 0.431386
vt 0.770206 0.432351
vt 0.770178 0.464508
vt 0.739697 0.465089
vt 0.738543 0.464076
vt 0.738906 0.432144
vt 0.740051 0.431279
vt 0.770638 0.431894
vt 0.738832 0.464983
vt 0.738964 0.431402
vt 0.737936 0.431931
vt 0.738053 0.432376
vt 0.740417 0.462926
vt 0.739286 0.462911
vt 0.739283 0.434138
vt 0.740402 0.434170
vt 0.740430 0.464116
vt 0.739401 0.463985
vt 0.738277 0.462805
vt 0.738284 0.434022
vt 0.740421 0.433037
vt 0.739401 0.433122
vt 0.769134 0.434150
vt 0.769266 0.463033
vt 0.769242 0.464191
vt 0.740344 0.465064
vt 0.739470 0.464950
vt 0.738363 0.463723
vt 0.738374 0.433170
vt 0.769097 0.433041
vt 0.739487 0.432098
vt 0.740354 0.432025
vt 0.770380 0.463050
vt 0.770305 0.434167
vt 0.770249 0.464084
vt 0.769082 0.465114
vt 0.738600 0.464584
vt 0.738621 0.432320
vt 0.768952 0.432053
vt 0.770161 0.433157
vt 0.739182 0.431362
vt 0.740208 0.431243
vt 0.769949 0.465012
vt 0.738195 0.431881
vt 0.768714 0.431293
vt 0.769869 0.432140
vt 0.769805 0.431421
vt 0.780413 0.182281
vt 0.780421 0.180775
vt 0.831157 0.180805
vt 0.831155 0.182330
vt 0.778989 0.182221
vt 0.779134 0.180880
vt 0.780432 0.179390
vt 0.831157 0.179405
vt 0.832596 0.182260
vt 0.832456 0.180906
vt 0.831112 0.337516
vt 0.780500 0.337516
vt 0.779044 0.337467
vt 0.779336 0.179501
vt 0.832260 0.179514
vt 0.832568 0.337467
vt 0.831112 0.342339
vt 0.780500 0.342339
vt 0.779044 0.342392
vt 0.832568 0.342392
vt 0.831112 0.346766
vt 0.780500 0.346766
vt 0.779044 0.346944
vt 0.832568 0.346944
vt 0.780513 0.414167
vt 0.779044 0.414061
vt 0.779079 0.255982
vt 0.780564 0.255982
vt 0.780515 0.415472
vt 0.779189 0.415268
vt 0.779079 0.205461
vt 0.780564 0.205461
vt 0.831022 0.255982
vt 0.831045 0.414144
vt 0.831044 0.415458
vt 0.779031 0.114978
vt 0.780487 0.115081
vt 0.831022 0.205461
vt 0.832524 0.414042
vt 0.832507 0.255982
vt 0.832379 0.415256
vt 0.779031 0.110863
vt 0.780487 0.111030
vt 0.831099 0.115081
vt 0.832507 0.205461
vt 0.831099 0.111030
vt 0.832555 0.114978
vt 0.832555 0.110863
vt 0.780413 0.002613
vt 0.780411 0.001105
vt 0.831157 0.001137
vt 0.831155 0.002662
vt 0.778989 0.002552
vt 0.779128 0.001210
vt 0.780410 -0.000279
vt 0.831157 -0.000263
vt 0.832596 0.002591
vt 0.832456 0.001237
vt 0.831112 0.151423
vt 0.780500 0.151423
vt 0.779044 0.151352
vt 0.779321 -0.000169
vt 0.832260 -0.000154
vt 0.832568 0.151352
vt 0.831112 0.155587
vt 0.780500 0.155587
vt 0.779044 0.155546
vt 0.832568 0.155546
vt 0.831112 0.159836
vt 0.780500 0.159836
vt 0.779044 0.159838
vt 0.832568 0.159837
vt 0.831112 0.164083
vt 0.780500 0.164083
vt 0.779044 0.164125
vt 0.832568 0.164125
vt 0.831112 0.168240
vt 0.780500 0.168240
vt 0.779044 0.168313
vt 0.832568 0.168313
vt 0.831157 0.523683
vt 0.780455 0.523683
vt 0.779016 0.523739
vt 0.832596 0.523739
vt 0.831166 0.525209
vt 0.780435 0.525210
vt 0.779144 0.525101
vt 0.832461 0.525100
vt 0.831170 0.526613
vt 0.780418 0.526613
vt 0.779327 0.526502
vt 0.832268 0.526500
vt 0.780513 0.406497
vt 0.779044 0.406391
vt 0.779079 0.236851
vt 0.780564 0.236851
vt 0.780521 0.407803
vt 0.779193 0.407598
vt 0.779079 0.192626
vt 0.780564 0.192626
vt 0.831022 0.236851
vt 0.831072 0.406497
vt 0.831072 0.407803
vt 0.779031 0.118532
vt 0.780487 0.118657
vt 0.831022 0.192626
vt 0.832541 0.406391
vt 0.832507 0.236851
vt 0.832397 0.407598
vt 0.831099 0.118657
vt 0.832507 0.192626
vt 0.832555 0.118532
vt 0.831068 0.119548
vt 0.832539 0.119660
vt 0.832555 0.408058
vt 0.831099 0.407919
vt 0.831053 0.118277
vt 0.832385 0.118485
vt 0.780487 0.407919
vt 0.780517 0.119548
vt 0.780527 0.118277
vt 0.779047 0.119660
vt 0.779031 0.408058
vt 0.779196 0.118485
vt 0.786028 0.292277
vt 0.787483 0.292277
vt 0.787483 0.420164
vt 0.786028 0.420164
vt 0.786028 0.234058
vt 0.787483 0.234058
vt 0.824102 0.292277
vt 0.824102 0.420164
vt 0.787483 0.421619
vt 0.786171 0.421476
vt 0.786028 0.106170
vt 0.787483 0.106170
vt 0.824102 0.234058
vt 0.825557 0.292277
vt 0.825557 0.420164
vt 0.824102 0.421619
vt 0.787483 0.104715
vt 0.786171 0.104858
vt 0.824102 0.106170
vt 0.825557 0.234058
vt 0.825415 0.421476
vt 0.824102 0.104715
vt 0.825557 0.106170
vt 0.825415 0.104858
vt 0.786028 0.202059
vt 0.787483 0.202059
vt 0.787483 0.322936
vt 0.786028 0.322964
vt 0.787483 0.200603
vt 0.786171 0.200746
vt 0.824102 0.322936
vt 0.824102 0.202059
vt 0.787483 0.325618
vt 0.786028 0.325731
vt 0.824102 0.200603
vt 0.824102 0.325618
vt 0.825557 0.202059
vt 0.825557 0.322964
vt 0.825415 0.200746
vt 0.825557 0.325731
vt 0.825557 0.324276
vt 0.824102 0.324276
vt 0.824102 0.203399
vt 0.825557 0.203370
vt 0.824102 0.325731
vt 0.825415 0.325588
vt 0.787483 0.203399
vt 0.787483 0.324276
vt 0.824102 0.200716
vt 0.825557 0.200603
vt 0.787483 0.325731
vt 0.787483 0.200716
vt 0.786028 0.324276
vt 0.786028 0.203370
vt 0.786171 0.325588
vt 0.786028 0.200603
vt 0.755014 0.448906
vt 0.753758 0.448708
vt 0.753560 0.447451
vt 0.754641 0.447825
vt 0.753560 0.448906
vt 0.753758 0.447650
vt 0.755014 0.447451
vt 0.754641 0.448532
vt 0.753560 0.448906
vt 0.753758 0.447650
vt 0.755014 0.447451
vt 0.754641 0.448532
vt 0.755014 0.448906
vt 0.753758 0.448708
vt 0.753560 0.447451
vt 0.754641 0.447825
vt 0.555853 0.901046
vt 0.557109 0.901244
vt 0.557307 0.902501
vt 0.556227 0.902127
vt 0.566097 0.901046
vt 0.565900 0.902302
vt 0.564643 0.902501
vt 0.565017 0.901420
vt 0.574888 0.901046
vt 0.574690 0.902302
vt 0.573434 0.902501
vt 0.573808 0.901420
vt 0.582224 0.901046
vt 0.583481 0.901244
vt 0.583678 0.902501
vt 0.582598 0.902127
vt 0.879923 0.444846
vt 0.879673 0.445859
vt 0.850990 0.445770
vt 0.851283 0.444711
vt 0.880969 0.444834
vt 0.880644 0.445754
vt 0.850051 0.444573
vt 0.849903 0.445559
vt 0.986305 0.005639
vt 0.986305 0.031151
vt 0.986305 0.033254
vt 0.881856 0.444816
vt 0.881578 0.445606
vt 0.986305 0.004371
vt 0.879276 0.472529
vt 0.879441 0.473612
vt 0.850791 0.473689
vt 0.850545 0.472567
vt 0.880477 0.473633
vt 0.880153 0.472581
vt 0.879652 0.474778
vt 0.851090 0.474913
vt 0.849680 0.472689
vt 0.849766 0.473823
vt 0.880786 0.474649
vt 0.881468 0.473641
vt 0.881027 0.472791
vt 0.986214 0.885453
vt 0.986213 0.911256
vt 0.849929 0.474921
vt 0.986213 0.913274
vt 0.956383 0.005693
vt 0.956599 0.004541
vt 0.985243 0.004650
vt 0.984926 0.005880
vt 0.955258 0.005577
vt 0.955570 0.004569
vt 0.956768 0.003485
vt 0.985506 0.003538
vt 0.986105 0.005891
vt 0.986277 0.004787
vt 0.849835 0.444808
vt 0.849835 0.418896
vt 0.955894 0.003539
vt 0.986374 0.003660
vt 0.849835 0.446746
vt 0.954584 0.004590
vt 0.955024 0.003753
vt 0.956340 0.913559
vt 0.955215 0.913611
vt 0.849750 0.500070
vt 0.849750 0.498067
vt 0.956548 0.914672
vt 0.955521 0.914601
vt 0.849750 0.472391
vt 0.984751 0.913629
vt 0.985053 0.914717
vt 0.954534 0.914500
vt 0.954261 0.913670
vt 0.985991 0.913512
vt 0.849750 0.471087
vt 0.986144 0.914518
vt 0.591078 0.902276
vt 0.591015 0.901336
vt 0.592046 0.901046
vt 0.591933 0.901895
vn 1.000000 0.000000 0.000000
vn 1.000000 0.000000 0.000000
vn 1.000000 0.000001 0.000000
vn 1.000000 0.000000 0.000000
vn 1.000000 0.000000 0.000000
vn -1.000000 0.000000 0.000000
vn -1.000000 0.000000 0.000000
vn -1.000000 0.000000 0.000000
vn -1.000000 0.000000 0.000000
vn -1.000000 0.000000 0.000000
vn 1.000000 -0.000000 0.000000
vn 1.000000 0.000000 0.000000
vn 1.000000 0.000000 0.000000
vn 1.000000 0.000000 0.000000
vn 1.000000 0.000000 0.000000
vn -1.000000 0.000000 0.000000
vn -1.000000 0.000000 0.000000
vn -1.000000 0.000000 0.000000
vn -1.000000 0.000000 0.000000
vn -1.000000 0.000000 0.000000
vn 1.000000 -0.000000 0.000000
vn 1.000000 0.000000 0.000000
vn 1.000000 -0.000000 0.000000
vn 1.000000 0.000000 0.000000
vn 1.000000 -0.000001 0.000000
vn -1.000000 0.000000 0.000000
vn -1.000000 -0.000001 0.000000
vn -1.000000 -0.000001 0.000000
vn -1.000000 0.000000 0.000000
vn -1.000000 0.000000 0.000000
vn 1.000000 -0.000000 0.000000
vn 1.000000 0.000000 0.000000
vn 1.000000 -0.000000 0.000000
vn 1.000000 0.000000 0.000000
vn 1.000000 -0.000000 0.000000
vn -1.000000 0.000000 0.000000
vn -1.000000 0.000000 0.000000
vn -1.000000 0.000000 0.000000
vn -1.000000 0.000000 0.000000
vn -1.000000 0.000000 0.000000
vn 0.000000 1.000000 -0.000000
vn 0.000000 1.000000 0.000002
vn 0.000000 1.000000 0.000005
vn 0.000000 1.000000 -0.000000
vn 0.000000 1.000000 -0.000002
vn 0.000000 -1.000000 0.000000
vn 0.000000 -1.000000 -0.000003
vn 0.000000 -1.000000 -0.000002
vn 0.000000 -1.000000 0.000000
vn 0.000000 -1.000000 -0.000008
vn 0.000000 -1.000000 0.000000
vn 0.000000 -1.000000 -0.000002
vn 0.000000 -1.000000 -0.000001
vn 0.000000 -1.000000 0.000000
vn 0.000000 -1.000000 -0.000009
vn 0.000000 1.000000 -0.000000
vn 0.000000 1.000000 0.000005
vn 0.000000 1.000000 0.000002
vn 0.000000 1.000000 -0.000000
vn 0.000000 1.000000 0.000003
vn -0.005798 -0.999961 0.006731
vn -0.382652 -0.923878 0.005147
vn -0.391365 -0.920230 -0.003264
vn -0.005760 -0.999974 -0.004449
vn -0.696867 -0.717183 0.005032
vn -0.717111 -0.696955 -0.002553
vn -0.914782 -0.403912 0.005408
vn -0.931629 -0.363400 -0.002796
vn -0.999976 -0.000260 0.007010
vn -0.999988 -0.002491 -0.004218
vn -0.005669 0.278461 0.960431
vn -0.004254 -0.179857 0.983684
vn 0.004772 -0.180535 0.983557
vn 0.005703 0.278458 0.960432
vn -0.003908 -0.601829 0.798615
vn 0.004407 -0.602546 0.798072
vn -0.004391 -0.895279 0.445484
vn 0.004624 -0.895668 0.444700
vn 0.005807 -0.999961 0.006709
vn -0.917233 0.110171 0.382812
vn -0.932133 0.098768 0.348387
vn -0.999996 0.000802 0.002836
vn -0.703249 0.197904 0.682843
vn -0.723834 0.188636 0.663688
vn -0.385535 0.257201 0.886121
vn -0.398636 0.251154 0.882049
vn -0.005814 0.274113 0.961680
vn 0.999975 -0.000249 0.007016
vn 0.915317 -0.402695 0.005564
vn 0.931923 -0.362645 -0.002754
vn 0.999988 -0.002488 -0.004217
vn 0.698108 -0.715973 0.005264
vn 0.718071 -0.695965 -0.002461
vn 0.383856 -0.923377 0.005378
vn 0.392347 -0.919812 -0.003166
vn 0.005762 -0.999974 -0.004443
vn 0.384932 0.257215 0.886379
vn 0.397073 0.251313 0.882709
vn 0.005831 0.274112 0.961680
vn 0.702092 0.198167 0.683957
vn 0.721944 0.189145 0.665598
vn 0.916825 0.110405 0.383721
vn 0.931454 0.099232 0.350067
vn 0.999996 0.000806 0.002850
vn -0.999988 0.002569 0.004211
vn -0.932608 0.360881 0.002840
vn -0.915784 0.401635 -0.005367
vn -0.999974 0.000358 -0.007172
vn -0.719936 0.694036 0.002663
vn -0.699302 0.714809 -0.004958
vn -0.393830 0.919177 0.003385
vn -0.384532 0.923098 -0.005078
vn -0.019597 0.999692 0.015205
vn -0.019912 0.999533 -0.023191
vn -0.005545 0.281852 0.959442
vn -0.377047 0.260768 0.888727
vn -0.366619 0.260987 0.893015
vn -0.005466 0.280516 0.959834
vn -0.703920 0.200142 0.681499
vn -0.684683 0.204453 0.699578
vn -0.927203 0.106107 0.359217
vn -0.911592 0.115312 0.394593
vn -0.999976 0.001956 0.006694
vn -0.004415 0.948830 0.315755
vn 0.004652 0.948841 0.315719
vn 0.019661 0.999691 0.015196
vn -0.004091 0.800159 0.599774
vn 0.004401 0.800159 0.599772
vn -0.004404 0.569238 0.822161
vn 0.004641 0.569207 0.822181
vn 0.005545 0.281851 0.959442
vn 0.999988 0.002580 0.004216
vn 0.926917 0.106336 0.359886
vn 0.911154 0.115596 0.395519
vn 0.999976 0.001962 0.006715
vn 0.702959 0.200452 0.682398
vn 0.683689 0.204738 0.700466
vn 0.376165 0.260911 0.889059
vn 0.365719 0.261109 0.893349
vn 0.005461 0.280516 0.959834
vn 0.391387 0.920220 0.003312
vn 0.382654 0.923877 -0.005257
vn 0.020033 0.999531 -0.023150
vn 0.717105 0.696961 0.002608
vn 0.696874 0.717175 -0.005145
vn 0.931620 0.363424 0.002852
vn 0.914794 0.403883 -0.005502
vn 0.999974 0.000370 -0.007179
vn -0.005668 -0.278378 -0.960455
vn -0.004143 0.178242 -0.983978
vn 0.004891 0.178042 -0.984011
vn 0.005702 -0.278382 -0.960454
vn -0.003674 0.599790 -0.800149
vn 0.004665 0.599789 -0.800145
vn -0.004143 0.894483 -0.447082
vn 0.004893 0.894570 -0.446901
vn -0.917221 -0.110140 -0.382852
vn -0.928674 -0.103197 -0.356252
vn -0.999994 -0.000925 -0.003198
vn -0.703224 -0.197879 -0.682876
vn -0.718677 -0.193638 -0.667838
vn -0.385517 -0.257167 -0.886139
vn -0.394835 -0.255996 -0.882367
vn -0.005754 -0.278672 -0.960369
vn 0.384915 -0.257143 -0.886407
vn 0.393288 -0.256127 -0.883020
vn 0.005769 -0.278670 -0.960370
vn 0.702076 -0.198102 -0.683992
vn 0.716773 -0.194131 -0.669739
vn 0.916812 -0.110343 -0.383771
vn 0.927959 -0.103669 -0.357973
vn 0.999994 -0.000930 -0.003213
vn -0.005542 -0.281759 -0.959469
vn -0.377042 -0.260718 -0.888744
vn -0.365911 -0.261065 -0.893283
vn -0.005456 -0.280516 -0.959834
vn -0.703943 -0.200091 -0.681489
vn -0.683456 -0.204775 -0.700681
vn -0.927219 -0.106043 -0.359194
vn -0.910622 -0.115913 -0.396650
vn -0.999974 -0.002013 -0.006890
vn -0.004616 -0.949016 -0.315194
vn 0.004456 -0.949120 -0.314884
vn -0.004329 -0.800720 -0.599023
vn 0.004175 -0.800950 -0.598716
vn -0.004570 -0.569651 -0.821874
vn 0.004497 -0.569988 -0.821641
vn 0.005541 -0.281762 -0.959468
vn 0.999688 0.006686 -0.024076
vn 0.916842 0.114035 -0.382620
vn 0.927880 0.106673 -0.357296
vn 0.999733 0.006599 -0.022159
vn 0.701674 0.204064 -0.682650
vn 0.717107 0.199665 -0.667751
vn 0.383180 0.264705 -0.884932
vn 0.392914 0.263506 -0.881012
vn 0.005632 0.286462 -0.958075
vn 0.005738 0.286582 -0.958039
vn 0.005785 -0.999109 -0.041804
vn 0.386049 -0.921902 -0.032595
vn 0.386778 -0.921952 0.020174
vn 0.005584 -0.999648 0.025946
vn 0.704705 -0.708755 -0.032503
vn 0.711474 -0.702544 0.015417
vn 0.921345 -0.387166 -0.035012
vn 0.928694 -0.370476 0.016565
vn 0.999928 -0.004220 0.011217
vn 0.004667 -0.170770 -0.985300
vn -0.004420 -0.171725 -0.985135
vn -0.005632 0.286458 -0.958076
vn 0.004477 -0.594021 -0.804437
vn -0.003956 -0.594772 -0.803885
vn 0.004833 -0.892336 -0.451345
vn -0.004287 -0.892628 -0.450773
vn -0.005752 -0.999110 -0.041801
vn -0.383179 0.264720 -0.884928
vn -0.392914 0.263506 -0.881013
vn -0.005738 0.286582 -0.958039
vn -0.701673 0.204080 -0.682646
vn -0.717107 0.199665 -0.667751
vn -0.916841 0.114048 -0.382617
vn -0.927880 0.106672 -0.357296
vn -0.999688 0.006690 -0.024075
vn -0.999733 0.006599 -0.022159
vn -0.922451 -0.384553 -0.034694
vn -0.929738 -0.367838 0.016815
vn -0.999928 -0.004217 0.011216
vn -0.707571 -0.705922 -0.031894
vn -0.714406 -0.699547 0.016064
vn -0.388532 -0.920879 -0.032005
vn -0.389369 -0.920846 0.020829
vn -0.005591 -0.999649 0.025888
vn 0.005617 -0.329129 0.944268
vn 0.384503 -0.303732 0.871725
vn 0.387538 -0.307716 0.868979
vn 0.005767 -0.333616 0.942691
vn 0.712111 -0.231059 0.662956
vn 0.711493 -0.234764 0.662317
vn 0.930623 -0.120711 0.345500
vn 0.928514 -0.124176 0.349918
vn 0.999969 -0.002634 0.007413
vn 0.004697 -0.953029 0.302844
vn -0.004527 -0.953155 0.302449
vn 0.004368 -0.815596 0.578606
vn -0.004206 -0.815836 0.578268
vn 0.004568 -0.600069 0.799935
vn -0.004490 -0.600381 0.799702
vn -0.005616 -0.329131 0.944268
vn -0.930624 -0.120699 0.345501
vn -0.928514 -0.124176 0.349918
vn -0.999969 -0.002634 0.007413
vn -0.712112 -0.231048 0.662959
vn -0.711493 -0.234763 0.662317
vn -0.384502 -0.303724 0.871728
vn -0.387538 -0.307716 0.868979
vn -0.005767 -0.333616 0.942691
vn 0.005536 -0.280518 -0.959833
vn 0.376855 -0.259902 -0.889062
vn 0.365911 -0.261065 -0.893283
vn 0.005456 -0.280516 -0.959834
vn 0.701895 -0.199794 -0.683685
vn 0.683457 -0.204774 -0.700682
vn 0.923459 -0.107560 -0.368313
vn 0.910623 -0.115912 -0.396650
vn 0.999990 -0.001235 -0.004232
vn 0.999974 -0.002013 -0.006890
vn 0.000000 -0.999918 0.012803
vn 0.000000 -0.923880 0.382684
vn -0.001696 -0.923940 0.382534
vn -0.002216 -0.999908 0.013377
vn 0.000000 -0.707104 0.707110
vn -0.001568 -0.707102 0.707110
vn 0.000000 -0.382685 0.923879
vn -0.001696 -0.382536 0.923939
vn 0.000000 -0.007603 0.999971
vn -0.002223 -0.007588 0.999969
vn 0.000000 0.999918 0.012805
vn 0.000000 0.923875 0.382694
vn 0.001696 0.923936 0.382545
vn 0.002217 0.999908 0.013380
vn 0.000000 0.707108 0.707105
vn 0.001568 0.707108 0.707104
vn 0.000000 0.382685 0.923879
vn 0.001696 0.382536 0.923939
vn 0.000000 0.007603 0.999971
vn 0.002223 0.007588 0.999969
vn 0.002224 0.999917 -0.012728
vn 0.001790 0.923981 -0.382434
vn 0.001961 0.928333 -0.371744
vn 0.000040 0.999975 -0.007057
vn 0.001656 0.707160 -0.707052
vn 0.003387 0.713523 -0.700624
vn 0.001793 0.382567 -0.923926
vn 0.004152 0.387259 -0.921962
vn 0.002350 0.007588 -0.999969
vn 0.004321 0.007699 -0.999961
vn 0.999884 0.007507 -0.013273
vn 0.924196 0.381782 -0.010219
vn 0.924196 0.381782 0.010219
vn 0.999884 0.007507 0.013273
vn 0.707036 0.707114 -0.009468
vn 0.707036 0.707114 0.009468
vn 0.381781 0.924196 -0.010222
vn 0.381781 0.924196 0.010222
vn 0.382172 0.005786 -0.924073
vn 0.382172 -0.005787 -0.924073
vn 0.002350 -0.007589 -0.999969
vn 0.707056 0.005354 -0.707137
vn 0.707056 -0.005354 -0.707137
vn 0.924070 0.005784 -0.382181
vn 0.924070 -0.005784 -0.382181
vn 0.999884 -0.007507 -0.013273
vn 0.001793 -0.382570 -0.923925
vn 0.004152 -0.387261 -0.921961
vn 0.004321 -0.007699 -0.999961
vn 0.001656 -0.707160 -0.707051
vn 0.003387 -0.713523 -0.700624
vn 0.001790 -0.923984 -0.382428
vn 0.001961 -0.928336 -0.371737
vn 0.002224 -0.999917 -0.012727
vn 0.000040 -0.999975 -0.007056
vn 0.381771 -0.924200 -0.010223
vn 0.381771 -0.924200 0.010223
vn 0.002216 -0.999908 0.013377
vn 0.707036 -0.707114 -0.009470
vn 0.707036 -0.707114 0.009469
vn 0.924196 -0.381782 -0.010219
vn 0.924196 -0.381783 0.010219
vn 0.999884 -0.007507 0.013273
vn 0.924070 0.005785 0.382181
vn 0.924070 -0.005785 0.382181
vn 0.707055 0.005354 0.707138
vn 0.707055 -0.005354 0.707138
vn 0.382172 0.005786 0.924073
vn 0.382172 -0.005786 0.924073
vn 0.002223 -0.007588 0.999969
vn -0.002224 -0.999917 -0.012727
vn -0.001790 -0.923984 -0.382428
vn -0.001961 -0.928336 -0.371737
vn -0.000040 -0.999975 -0.007056
vn -0.001656 -0.707160 -0.707051
vn -0.003387 -0.713523 -0.700624
vn -0.001793 -0.382569 -0.923925
vn -0.004152 -0.387261 -0.921961
vn -0.002350 -0.007589 -0.999969
vn -0.004321 -0.007699 -0.999961
vn -0.999884 -0.007507 -0.013273
vn -0.924196 -0.381782 -0.010219
vn -0.924196 -0.381783 0.010219
vn -0.999884 -0.007507 0.013273
vn -0.707036 -0.707114 -0.009469
vn -0.707036 -0.707114 0.009469
vn -0.381771 -0.924200 -0.010223
vn -0.381771 -0.924200 0.010223
vn -0.382172 -0.005786 -0.924073
vn -0.382172 0.005786 -0.924073
vn -0.002350 0.007588 -0.999969
vn -0.707056 -0.005354 -0.707137
vn -0.707056 0.005354 -0.707137
vn -0.924070 -0.005784 -0.382180
vn -0.924070 0.005784 -0.382181
vn -0.999884 0.007507 -0.013273
vn -0.001793 0.382567 -0.923926
vn -0.004152 0.387258 -0.921962
vn -0.004321 0.007699 -0.999961
vn -0.001656 0.707160 -0.707052
vn -0.003387 0.713523 -0.700624
vn -0.001790 0.923981 -0.382434
vn -0.001961 0.928333 -0.371744
vn -0.002224 0.999917 -0.012728
vn -0.000040 0.999975 -0.007057
vn -0.381781 0.924197 -0.010222
vn -0.381781 0.924196 0.010222
vn -0.002217 0.999908 0.013380
vn -0.707035 0.707115 -0.009468
vn -0.707035 0.707115 0.009468
vn -0.924196 0.381782 -0.010219
vn -0.924196 0.381782 0.010219
vn -0.999884 0.007507 0.013273
vn -0.924070 -0.005784 0.382181
vn -0.924070 0.005784 0.382181
vn -0.707055 -0.005354 0.707138
vn -0.707055 0.005354 0.707138
vn -0.382172 -0.005786 0.924073
vn -0.382172 0.005786 0.924073
vn -0.002223 0.007588 0.999969
vn 0.999987 0.005109 0.000148
vn 0.928054 0.372299 0.010420
vn 0.921443 0.388029 -0.019390
vn 0.999793 0.007262 -0.019022
vn 0.713254 0.700653 0.018839
vn 0.699300 0.714655 -0.015720
vn 0.386928 0.921799 0.023969
vn 0.369872 0.929039 -0.008991
vn 0.004612 0.999771 0.020880
vn 0.002666 0.999996 -0.000070
vn -0.004612 0.999771 0.020880
vn -0.386928 0.921799 0.023969
vn -0.369872 0.929039 -0.008991
vn -0.002666 0.999996 -0.000070
vn -0.713253 0.700653 0.018839
vn -0.699300 0.714656 -0.015720
vn -0.928054 0.372300 0.010420
vn -0.921443 0.388029 -0.019389
vn -0.999987 0.005109 0.000148
vn -0.999793 0.007262 -0.019022
vn 0.003764 -0.998149 0.060707
vn 0.390829 -0.916410 0.086286
vn 0.366259 -0.930236 -0.022716
vn 0.002337 -0.999997 -0.000153
vn 0.718603 -0.692155 0.067313
vn 0.696443 -0.716463 -0.040597
vn 0.931266 -0.362510 0.036469
vn 0.919901 -0.388876 -0.050574
vn 0.999998 -0.002114 0.000219
vn 0.999807 -0.002850 -0.019460
vn -0.999998 -0.002114 0.000219
vn -0.931265 -0.362512 0.036469
vn -0.919900 -0.388878 -0.050573
vn -0.999807 -0.002850 -0.019460
vn -0.718603 -0.692155 0.067313
vn -0.696443 -0.716463 -0.040597
vn -0.390830 -0.916410 0.086286
vn -0.366259 -0.930236 -0.022716
vn -0.003764 -0.998149 0.060707
vn -0.002337 -0.999997 -0.000153
vn -0.005543 0.280517 0.959833
vn 0.005543 0.280517 0.959833
vn 0.999988 0.001404 0.004810
vn -0.005578 0.287521 0.957758
vn 0.005578 0.287521 0.957758
vn -0.999990 -0.001235 -0.004232
vn -0.999994 0.000984 0.003272
vn -0.999988 0.001404 0.004810
vn -0.999997 -0.000724 -0.002269
vn -0.005650 -0.300305 -0.953827
vn 0.005650 -0.300305 -0.953827
vn -0.005536 -0.280518 -0.959833
vn 0.000000 -0.007603 0.999971
vn 0.000000 0.007603 0.999971
vn 0.000000 -0.999918 0.012803
vn 0.000000 0.999918 0.012805
vn 0.999994 0.000984 0.003272
vn 0.999997 -0.000724 -0.002269
vn 0.005646 -0.139922 -0.990147
vn -0.005647 -0.139923 -0.990146
vn 0.005650 0.003572 -0.999978
vn -0.005649 0.003571 -0.999978
vn 0.005646 0.146987 -0.989122
vn -0.005647 0.146989 -0.989122
vn 0.005851 -0.605171 0.796074
vn -0.005851 -0.605171 0.796074
vn 0.005875 -0.958185 0.286088
vn 0.005875 -0.958185 0.286088
vn -0.005875 -0.958185 0.286088
vn -0.005875 -0.958185 0.286088
vn 0.005875 -0.942577 -0.333936
vn 0.005875 -0.942577 -0.333936
vn -0.005875 -0.942577 -0.333936
vn -0.005875 -0.942577 -0.333936
vn 0.005850 -0.564351 -0.825514
vn -0.005850 -0.564351 -0.825514
vn 0.005794 0.948708 0.316101
vn -0.005794 0.948708 0.316101
vn 0.005801 0.800147 0.599775
vn -0.005801 0.800147 0.599775
vn 0.005794 0.569539 0.821944
vn -0.005794 0.569539 0.821944
vn 0.005946 -0.178495 0.983923
vn -0.005946 -0.178495 0.983923
vn 0.005956 -0.599774 0.800147
vn -0.005956 -0.599774 0.800147
vn 0.005946 -0.894344 0.447340
vn -0.005946 -0.894344 0.447340
vn 0.933078 0.031312 -0.358308
vn 0.999446 -0.002799 -0.033156
vn -1.000000 0.000000 0.000000
vn -1.000000 0.000000 0.000000
vn -0.000000 0.000000 0.000000
vn -0.000000 0.000000 0.000000
vn 0.928742 0.019371 -0.370220
vn -0.999445 -0.002801 -0.033190
vn -0.933145 0.031327 -0.358134
vn -0.928260 0.019386 -0.371427
vn 0.000000 0.000000 0.000000
vn 0.000000 0.000000 0.000000
vn 0.000000 0.000000 0.000000
vn 0.000000 0.000000 0.000000
vn 0.999915 -0.010433 -0.007836
vn 0.999883 -0.012679 0.008561
vn 0.999915 -0.013007 -0.000327
vn -0.999883 -0.012679 0.008561
vn -0.999915 -0.010433 -0.007836
vn -0.999915 -0.013007 -0.000327
vn 0.999004 0.025555 0.036582
vn 0.999004 0.042282 0.014267
vn 0.995263 0.077793 0.058313
vn -0.999004 0.042282 0.014267
vn -0.999004 0.025554 0.036582
vn -0.995263 0.077795 0.058313
vn 0.999731 -0.020658 0.010517
vn 0.999731 -0.004300 0.022779
vn 0.999430 -0.020243 0.027005
vn -0.999731 -0.004300 0.022779
vn -0.999731 -0.020658 0.010517
vn -0.999430 -0.020242 0.027005
vn 0.000000 1.000000 -0.000000
vn 0.923853 0.008076 -0.382662
vn 0.923853 -0.008076 -0.382663
vn 0.707086 0.008096 -0.707081
vn 0.707086 -0.008097 -0.707081
vn 0.382698 0.008076 -0.923838
vn 0.382698 -0.008076 -0.923838
vn -0.923853 -0.008076 -0.382662
vn -0.923853 0.008076 -0.382662
vn -0.707086 -0.008097 -0.707081
vn -0.707086 0.008096 -0.707081
vn -0.382698 -0.008076 -0.923838
vn -0.382698 0.008076 -0.923838
vn 0.023750 0.998145 -0.056061
vn 0.056051 0.998145 -0.023750
vn 0.098632 0.990224 -0.098634
vn 0.056045 -0.998146 -0.023751
vn 0.023748 -0.998146 -0.056046
vn 0.098622 -0.990226 -0.098622
vn -0.023747 -0.998146 -0.056046
vn -0.056047 -0.998146 -0.023747
vn -0.098620 -0.990226 -0.098622
vn -0.056053 0.998145 -0.023752
vn -0.023750 0.998145 -0.056061
vn -0.098630 0.990225 -0.098624
vn 0.939935 -0.062714 0.335544
vn 0.735797 -0.122936 0.665950
vn 0.406031 -0.164165 0.898993
vn 0.909488 -0.049964 -0.412717
vn 0.714497 -0.097665 -0.692788
vn 0.388168 -0.128841 -0.912538
vn -0.923812 0.107333 0.367492
vn -0.702451 0.199643 0.683158
vn -0.377275 0.259843 0.888901
vn 0.377274 0.259844 0.888901
vn 0.702451 0.199643 0.683158
vn 0.923812 0.107334 0.367492
vn -0.925205 0.109247 0.363401
vn -0.705842 0.203868 0.678398
vn -0.380319 0.266045 0.885764
vn 0.380319 0.266046 0.885763
vn 0.705842 0.203870 0.678398
vn 0.925205 0.109248 0.363401
vn -0.923459 -0.107560 -0.368313
vn -0.929231 -0.111939 -0.352135
vn -0.701895 -0.199795 -0.683685
vn -0.712049 -0.211886 -0.669396
vn -0.376855 -0.259902 -0.889062
vn -0.384863 -0.277631 -0.880228
vn 0.384863 -0.277631 -0.880228
vn 0.712049 -0.211885 -0.669396
vn 0.929231 -0.111939 -0.352135
vn 0.927220 -0.106023 -0.359196
vn 0.703944 -0.200073 -0.681493
vn 0.377042 -0.260704 -0.888748
vn 0.000000 -0.923880 0.382684
vn 0.001696 -0.923940 0.382534
vn 0.000000 -0.707104 0.707110
vn 0.001568 -0.707102 0.707110
vn 0.000000 -0.382685 0.923879
vn 0.001696 -0.382536 0.923939
vn 0.000000 0.923875 0.382694
vn 0.000000 0.707108 0.707105
vn 0.000000 0.382685 0.923879
vn -0.001696 0.923935 0.382545
vn -0.001568 0.707108 0.707104
vn -0.001696 0.382536 0.923939
vn -0.861755 0.063884 -0.503287
vn -0.714490 0.102658 -0.692073
vn -0.388177 0.135383 -0.911587
vn 0.945885 -0.268441 0.182322
vn 0.749356 -0.546425 0.374012
vn 0.418608 -0.747759 0.515387
vn -0.945885 -0.258927 -0.195595
vn -0.749358 -0.526913 -0.401030
vn -0.418603 -0.720882 -0.552358
vn 0.934880 0.336451 0.113138
vn 0.725540 0.652549 0.218568
vn 0.397109 0.870542 0.290623
vn 0.317093 0.938933 -0.133632
vn 0.627150 0.733339 -0.262481
vn 0.844708 0.403817 -0.351284
vn -0.934880 0.202975 0.291205
vn -0.725542 0.392839 0.565036
vn -0.397113 0.523156 0.754062
vn -0.939934 -0.304480 0.154322
vn -0.735799 -0.604723 0.304811
vn -0.406032 -0.816845 0.409759
vn -0.317083 -0.938937 -0.133625
vn -0.627152 -0.733339 -0.262477
vn -0.844709 -0.403816 -0.351282
vn 0.855255 0.008908 -0.518131
vn 0.714778 0.002496 -0.699347
vn 0.388383 0.003292 -0.921492
vn -0.909485 -0.049939 -0.412727
vn -0.714503 -0.097638 -0.692786
vn -0.388172 -0.128833 -0.912537
vn 0.861697 0.063842 -0.503390
vn 0.714500 0.102608 -0.692070
vn 0.388177 0.135355 -0.911591
vn -0.855573 0.008954 -0.517605
vn -0.714779 0.002496 -0.699346
vn -0.388377 0.003273 -0.921495
vn 0.946262 -0.323299 -0.008137
vn 0.750131 -0.661080 -0.016640
vn 0.419326 -0.907548 -0.022847
vn -0.945885 -0.268443 0.182321
vn -0.749356 -0.546426 0.374011
vn -0.418608 -0.747759 0.515386
vn 0.945885 -0.258929 -0.195595
vn 0.749358 -0.526913 -0.401030
vn 0.418604 -0.720882 -0.552358
vn -0.946262 -0.323299 -0.008138
vn -0.750132 -0.661079 -0.016640
vn -0.419326 -0.907548 -0.022847
vn 0.935191 0.283373 0.212409
vn 0.726079 0.550199 0.412420
vn 0.397544 0.734215 0.550351
vn -0.934880 0.336451 0.113138
vn -0.725540 0.652549 0.218568
vn -0.397109 0.870542 0.290623
vn 0.934879 0.202976 0.291206
vn 0.725541 0.392841 0.565036
vn 0.397113 0.523157 0.754061
vn -0.935191 0.283372 0.212409
vn -0.726080 0.550199 0.412419
vn -0.397544 0.734215 0.550351
vn 0.940296 -0.204141 0.272342
vn 0.736480 -0.405731 0.541276
vn 0.406621 -0.547960 0.731026
vn -0.939935 -0.062714 0.335544
vn -0.735797 -0.122936 0.665950
vn -0.406031 -0.164164 0.898993
vn 0.939934 -0.304480 0.154322
vn 0.735799 -0.604724 0.304810
vn 0.406032 -0.816845 0.409759
vn -0.940296 -0.204141 0.272342
vn -0.736480 -0.405731 0.541276
vn -0.406621 -0.547959 0.731027
vn 0.133630 -0.938936 -0.317083
vn 0.262482 -0.733354 -0.627132
vn 0.351290 -0.403837 -0.844696
vn -0.133635 0.938932 -0.317093
vn -0.262484 0.733358 -0.627127
vn -0.351292 0.403837 -0.844695
vn 0.242431 0.939391 -0.242427
vn 0.480032 0.734282 -0.479999
vn 0.646628 0.404675 -0.646615
vn 0.317083 -0.938937 -0.133628
vn 0.627152 -0.733339 -0.262478
vn 0.844708 -0.403817 -0.351284
vn 0.133635 0.938932 -0.317093
vn 0.262484 0.733358 -0.627127
vn 0.351292 0.403837 -0.844695
vn 0.242424 -0.939396 -0.242416
vn 0.480032 -0.734281 -0.480000
vn 0.646627 -0.404677 -0.646614
vn -0.242424 -0.939396 -0.242415
vn -0.480033 -0.734283 -0.479997
vn -0.646629 -0.404676 -0.646613
vn -0.317093 0.938933 -0.133629
vn -0.627150 0.733339 -0.262480
vn -0.844707 0.403818 -0.351285
vn -0.133631 -0.938937 -0.317080
vn -0.262483 -0.733357 -0.627129
vn -0.351290 -0.403837 -0.844696
vn -0.242432 0.939392 -0.242424
vn -0.480032 0.734282 -0.479999
vn -0.646626 0.404676 -0.646616
vn -0.904555 -0.259511 0.338283
vn -0.713742 -0.616563 0.332299
vn -0.366457 -0.846205 0.386841
vn -0.339110 -0.570710 0.747860
vn -0.369471 -0.145668 0.917754
vn -0.717072 -0.156483 0.679206
vn -0.627448 -0.472935 0.618580
vn 0.365494 -0.843830 0.392893
vn 0.712747 -0.614335 0.338502
vn 0.903210 -0.257172 0.343619
vn 0.712679 -0.151963 0.684833
vn 0.365465 -0.140018 0.920234
vn 0.336416 -0.564644 0.753659
vn 0.624380 -0.468207 0.625245
vn -0.333217 0.901961 0.274651
vn -0.649138 0.716325 0.255927
vn -0.861417 0.406581 0.304389
vn -0.649106 0.447201 0.615364
vn -0.332964 0.517084 0.788517
vn -0.302167 0.762899 0.571559
vn -0.550640 0.668148 0.500374
vn 0.330391 0.902843 0.275166
vn 0.299339 0.763615 0.572091
vn 0.330183 0.517795 0.789219
vn 0.646032 0.449079 0.617228
vn 0.859452 0.409281 0.306319
vn 0.646060 0.718647 0.257203
vn 0.547398 0.669864 0.501636
vn -0.370570 0.842275 -0.391472
vn -0.341984 0.563500 -0.752007
vn -0.370500 0.139249 -0.918335
vn -0.717957 0.150088 -0.679714
vn -0.905852 0.253868 -0.339091
vn -0.718009 0.610046 -0.335122
vn -0.630483 0.465351 -0.621240
vn 0.365606 0.843829 -0.392790
vn 0.712769 0.614405 -0.338330
vn 0.903241 0.257219 -0.343503
vn 0.712720 0.151998 -0.684783
vn 0.365546 0.140039 -0.920199
vn 0.336551 0.564665 -0.753582
vn 0.624421 0.468279 -0.625151
vn -0.860441 -0.409343 -0.303446
vn -0.648391 -0.449890 -0.614156
vn -0.332412 -0.519410 -0.787220
vn -0.300792 -0.765289 -0.569084
vn -0.331010 -0.903421 -0.272511
vn -0.646856 -0.718983 -0.254245
vn -0.549105 -0.670921 -0.498347
vn 0.333015 -0.516993 -0.788555
vn 0.649177 -0.447085 -0.615373
vn 0.861466 -0.406514 -0.304340
vn 0.649192 -0.716299 -0.255864
vn 0.333276 -0.901955 -0.274597
vn 0.302251 -0.762865 -0.571561
vn 0.550749 -0.668086 -0.500337
vn 0.367918 -0.132918 -0.920309
vn 0.714943 -0.145388 -0.683900
vn 0.904205 -0.252957 -0.344130
vn 0.715419 -0.610644 -0.339543
vn 0.368462 -0.842014 -0.394015
vn 0.340268 -0.560137 -0.755291
vn 0.628197 -0.462434 -0.625719
vn -0.905590 -0.246907 -0.344884
vn -0.715881 -0.138549 -0.684338
vn -0.368939 -0.126131 -0.920856
vn -0.343124 -0.552538 -0.759584
vn -0.372648 -0.837940 -0.398736
vn -0.720032 -0.603662 -0.342266
vn -0.631423 -0.454240 -0.628467
vn 0.857673 -0.422053 0.293716
vn 0.644022 -0.476084 0.598815
vn 0.330048 -0.551305 0.766245
vn 0.298756 -0.780955 0.548502
vn 0.330312 -0.907251 0.260366
vn 0.642434 -0.726947 0.242543
vn 0.543519 -0.687928 0.480980
vn -0.330608 -0.548840 0.767771
vn -0.644832 -0.473146 0.600270
vn -0.858781 -0.418994 0.294854
vn -0.644883 -0.724104 0.244540
vn -0.332715 -0.905645 0.262884
vn -0.300279 -0.778405 0.551287
vn -0.545156 -0.684999 0.483303
vn 0.337446 0.337450 -0.878782
vn 0.306212 0.673136 -0.673143
vn 0.337448 0.878780 -0.337454
vn 0.673093 0.673198 -0.306186
vn 0.878753 0.337484 -0.337489
vn 0.673095 0.306189 -0.673195
vn 0.577358 0.577338 -0.577355
vn 0.337449 -0.878780 -0.337453
vn 0.306217 -0.673141 -0.673136
vn 0.337447 -0.337450 -0.878781
vn 0.673095 -0.306192 -0.673193
vn 0.878750 -0.337489 -0.337490
vn 0.673093 -0.673197 -0.306189
vn 0.577360 -0.577354 -0.577337
vn 0.337447 0.337450 0.878782
vn 0.673093 0.306192 0.673195
vn 0.878750 0.337494 0.337486
vn 0.673093 0.673199 0.306184
vn 0.337448 0.878779 0.337456
vn 0.306213 0.673136 0.673143
vn 0.577358 0.577339 0.577353
vn 0.337448 -0.878780 0.337453
vn 0.673093 -0.673197 0.306191
vn 0.878749 -0.337495 0.337486
vn 0.673095 -0.306192 0.673194
vn 0.337447 -0.337450 0.878782
vn 0.306215 -0.673141 0.673137
vn 0.577358 -0.577352 0.577340
vn -0.337447 -0.337450 -0.878782
vn -0.306215 -0.673141 -0.673137
vn -0.337448 -0.878780 -0.337453
vn -0.673094 -0.673195 -0.306191
vn -0.878751 -0.337490 -0.337487
vn -0.673096 -0.306195 -0.673192
vn -0.577358 -0.577354 -0.577339
vn -0.337448 0.878780 -0.337454
vn -0.306212 0.673137 -0.673142
vn -0.337446 0.337451 -0.878782
vn -0.673094 0.306191 -0.673195
vn -0.878751 0.337490 -0.337488
vn -0.673095 0.673198 -0.306184
vn -0.577357 0.577341 -0.577352
vn -0.337447 -0.337451 0.878781
vn -0.673094 -0.306193 0.673195
vn -0.878750 -0.337489 0.337489
vn -0.673093 -0.673196 0.306190
vn -0.337449 -0.878780 0.337452
vn -0.306217 -0.673141 0.673136
vn -0.577359 -0.577355 0.577337
vn -0.337447 0.878780 0.337454
vn -0.673094 0.673197 0.306186
vn -0.878751 0.337489 0.337487
vn -0.673095 0.306189 0.673195
vn -0.337446 0.337448 0.878783
vn -0.306212 0.673135 0.673144
vn -0.577357 0.577339 0.577355
vn 0.006617 -0.999958 -0.006348
vn 0.339059 -0.940758 -0.003757
vn 0.327082 -0.944960 0.008309
vn 0.006485 -0.999935 0.009434
vn 0.631674 -0.775228 -0.003054
vn 0.610151 -0.792245 0.007973
vn 0.850469 -0.526013 -0.003643
vn 0.829351 -0.558670 0.008008
vn 0.968820 -0.247726 -0.004415
vn 0.969636 -0.244415 0.008193
vn -0.189012 -0.221246 -0.956726
vn 0.002815 -0.548242 -0.836315
vn -0.009044 -0.577846 -0.816095
vn -0.213302 -0.212325 -0.953635
vn 0.003094 -0.786891 -0.617085
vn -0.008135 -0.802432 -0.596688
vn 0.004304 -0.944310 -0.329030
vn -0.007969 -0.948288 -0.317312
vn -0.009493 -0.999936 -0.006206
vn 0.935999 -0.294844 -0.192285
vn 0.984541 -0.136510 -0.109743
vn 0.977947 -0.208721 -0.007447
vn 0.805220 -0.347508 -0.480477
vn 0.963480 -0.140145 -0.228178
vn 0.365425 -0.348958 -0.862956
vn 0.653931 -0.363412 -0.663556
vn -0.195322 -0.218535 -0.956082
vn 0.016743 -0.287397 -0.957665
vn -0.954926 0.296802 -0.005050
vn -0.990094 -0.140340 -0.004296
vn -0.982450 -0.186357 0.007884
vn -0.953873 0.300080 0.008827
vn -0.816995 -0.576632 -0.003888
vn -0.798815 -0.601531 0.007377
vn -0.462794 -0.886451 -0.005057
vn -0.455416 -0.890248 0.007455
vn -0.009676 -0.999907 0.009584
vn -0.662812 -0.002638 -0.748781
vn -0.723812 0.033563 -0.689181
vn -0.265185 -0.190640 -0.945163
vn -0.863169 0.133746 -0.486879
vn -0.874623 0.144474 -0.462776
vn -0.943848 0.228564 -0.238556
vn -0.942305 0.226175 -0.246792
vn -0.954994 0.296511 -0.008206
vn 0.218889 0.224811 0.949498
vn 0.681822 0.052189 0.729654
vn 0.627894 0.080263 0.774150
vn 0.211605 0.227456 0.950519
vn 0.880473 -0.079072 0.467457
vn 0.981075 -0.029440 0.191377
vn 0.956443 -0.169228 0.237864
vn 0.992840 -0.072764 0.094738
vn 0.976677 -0.214676 0.004127
vn 0.006414 -0.889751 0.456401
vn -0.006262 -0.894418 0.447188
vn 0.006308 -0.585464 0.810674
vn -0.005080 -0.612322 0.790592
vn 0.007321 -0.152100 0.988338
vn -0.004938 -0.201128 0.979552
vn 0.192227 0.231776 0.953587
vn -0.905471 0.352127 0.236915
vn -0.925381 0.339116 0.169325
vn -0.954029 0.299686 0.004096
vn -0.764266 0.388726 0.514577
vn -0.832733 0.378506 0.404091
vn -0.391085 0.368278 0.843459
vn -0.607812 0.391605 0.690804
vn 0.147128 0.245751 0.958102
vn -0.026998 0.289034 0.956938
vn -0.006429 -0.999937 0.009173
vn -0.326697 -0.945096 0.007893
vn -0.336843 -0.941548 -0.004901
vn -0.006574 -0.999955 -0.006816
vn -0.611217 -0.791427 0.007566
vn -0.629482 -0.777003 -0.004305
vn -0.831109 -0.556057 0.007644
vn -0.849012 -0.528351 -0.004885
vn -0.969857 -0.243552 0.007714
vn -0.969175 -0.246326 -0.004821
vn -0.190321 0.192527 0.962659
vn -0.006096 -0.187017 0.982338
vn 0.006023 -0.236732 0.971556
vn -0.162184 0.199801 0.966321
vn -0.004956 -0.606459 0.795099
vn 0.006221 -0.633933 0.773363
vn -0.005419 -0.896231 0.443554
vn 0.007017 -0.901728 0.432247
vn 0.009635 -0.999911 0.009187
vn -0.955016 -0.179296 0.236215
vn -0.992458 -0.076175 0.096046
vn -0.976947 -0.213437 0.004275
vn -0.876771 -0.098344 0.470746
vn -0.980399 -0.036315 0.193647
vn -0.669649 0.024736 0.742266
vn -0.607663 0.054102 0.792351
vn -0.182599 0.195228 0.963610
vn 0.954456 0.298234 0.008343
vn 0.983754 -0.179363 0.007568
vn 0.989842 -0.142089 -0.004782
vn 0.955321 0.295525 -0.005242
vn 0.802978 -0.595968 0.006949
vn 0.817169 -0.576381 -0.004528
vn 0.458162 -0.888841 0.007031
vn 0.462688 -0.886503 -0.005604
vn 0.009376 -0.999933 -0.006783
vn 0.424011 0.339017 0.839811
vn 0.075276 0.262131 0.962092
vn -0.109410 0.215924 0.970261
vn 0.774745 0.367593 0.514437
vn 0.836349 0.361990 0.411683
vn 0.624674 0.364716 0.690482
vn 0.909167 0.341503 0.238310
vn 0.926634 0.332092 0.176253
vn 0.954515 0.298132 0.004273
vn 0.160860 -0.188304 -0.968848
vn -0.390146 -0.314459 -0.865391
vn -0.065002 -0.255957 -0.964500
vn 0.168267 -0.185351 -0.968159
vn -0.801143 -0.327653 -0.500813
vn -0.962211 -0.132228 -0.238046
vn -0.651570 -0.334775 -0.680722
vn -0.934709 -0.288035 -0.208217
vn -0.984431 -0.131579 -0.116541
vn -0.977981 -0.208551 -0.007715
vn -0.004654 -0.936343 -0.351057
vn 0.007332 -0.939831 -0.341561
vn -0.003927 -0.762544 -0.646924
vn 0.006817 -0.777835 -0.628431
vn -0.003607 -0.511852 -0.859066
vn 0.007530 -0.540561 -0.841271
vn 0.187051 -0.179216 -0.965864
vn 0.941346 0.236321 -0.240872
vn 0.940731 0.235866 -0.243705
vn 0.955309 0.295508 -0.007769
vn 0.857067 0.150784 -0.492646
vn 0.871181 0.162497 -0.463291
vn 0.649119 0.022748 -0.760346
vn 0.715486 0.058936 -0.696137
vn 0.244030 -0.156501 -0.957056
vn 1.000000 0.000015 0.000001
vn 1.000000 0.000015 0.000001
vn 1.000000 0.000015 0.000001
vn 1.000000 0.000015 0.000001
vn 1.000000 0.000015 0.000001
vn 1.000000 0.000015 0.000001
vn 1.000000 0.000015 0.000001
vn 1.000000 0.000015 0.000001
vn 1.000000 0.000015 0.000001
vn 1.000000 0.000015 0.000001
vn 1.000000 0.000015 0.000001
vn 1.000000 0.000015 0.000001
vn 1.000000 0.000015 0.000001
vn 1.000000 0.000015 0.000001
vn -1.000000 0.000000 0.000000
vn -1.000000 0.000000 0.000000
vn -1.000000 0.000000 0.000000
vn -1.000000 0.000000 0.000000
vn -1.000000 0.000000 0.000000
vn -1.000000 0.000000 0.000000
vn -1.000000 0.000000 0.000000
vn -1.000000 0.000000 0.000000
vn -1.000000 0.000000 0.000000
vn -1.000000 0.000000 0.000000
vn -1.000000 0.000000 0.000000
vn -1.000000 0.000000 0.000000
vn -1.000000 0.000000 0.000000
vn -1.000000 0.000000 0.000000
vn 0.780199 -0.557967 -0.282774
vn 0.566767 -0.787823 -0.241062
vn 0.279168 -0.923366 -0.263553
vn 0.257040 -0.797843 -0.545323
vn 0.299268 -0.577070 -0.759888
vn 0.593861 -0.563763 -0.574021
vn 0.487440 -0.737429 -0.467547
vn -0.386757 -0.868627 -0.309686
vn -0.732889 -0.611554 -0.298119
vn -0.912848 -0.206896 -0.351999
vn -0.671310 -0.293054 -0.680780
vn -0.343510 -0.430944 -0.834439
vn -0.334420 -0.704857 -0.625572
vn -0.602542 -0.564284 -0.564382
vn 0.310503 -0.868707 0.385923
vn 0.628418 -0.702078 0.334930
vn 0.839321 -0.420581 0.344459
vn 0.681772 -0.284773 0.673862
vn 0.351737 -0.204343 0.913524
vn 0.298131 -0.611033 0.733319
vn 0.565390 -0.560774 0.604869
vn -0.931523 -0.035213 0.361973
vn -0.795900 -0.481034 0.367626
vn -0.428611 -0.797098 0.425355
vn -0.366403 -0.488308 0.792025
vn -0.358011 -0.046118 0.932578
vn -0.704888 0.026078 0.708839
vn -0.667119 -0.331072 0.667340
vn -0.834467 -0.433445 0.340280
vn -0.621651 -0.711911 0.326700
vn -0.305450 -0.875644 0.374095
vn -0.292627 -0.631301 0.718212
vn -0.346510 -0.238126 0.907319
vn -0.675165 -0.310059 0.669340
vn -0.557765 -0.579404 0.594296
vn 0.424027 -0.803904 0.417062
vn 0.791084 -0.490129 0.366004
vn 0.929293 -0.046865 0.366358
vn 0.699392 0.002050 0.714735
vn 0.353284 -0.077481 0.932302
vn 0.360755 -0.508308 0.781971
vn 0.660380 -0.349901 0.664430
vn -0.270516 -0.911791 -0.308963
vn -0.559055 -0.777691 -0.287497
vn -0.771077 -0.545802 -0.327935
vn -0.571354 -0.529764 -0.626821
vn -0.272951 -0.526560 -0.805129
vn -0.238951 -0.762933 -0.600696
vn -0.471319 -0.710726 -0.522233
vn 0.912411 -0.196331 -0.359112
vn 0.734402 -0.604479 -0.308640
vn 0.385548 -0.864717 -0.321897
vn 0.331352 -0.689775 -0.643752
vn 0.339124 -0.403741 -0.849699
vn 0.669044 -0.271216 -0.691969
vn 0.602281 -0.549208 -0.579335
s 1
g Eisel_Detailed4
usemtl lambert7SG
f 2/1/1 17/2/2 18/3/3 1/4/4
f 17/2/2 19/7/5 18/3/3
f 4/224/6 20/225/7 21/226/8 3/227/9
f 20/225/7 22/230/10 21/226/8
f 6/11/11 23/28/12 24/29/13 5/12/14
f 23/28/12 25/57/15 24/29/13
f 8/233/16 26/247/17 27/248/18 7/234/19
f 26/247/17 28/270/20 27/248/18
f 10/25/21 29/48/22 30/83/23 9/52/24
f 29/447/22 31/448/25 30/449/23
f 12/275/26 32/313/27 33/276/28 11/250/29
f 32/313/27 34/315/30 33/276/28
f 14/49/31 35/84/32 36/85/33 13/50/34
f 35/84/32 37/124/35 36/85/33
f 16/273/36 38/307/37 39/308/38 15/274/39
f 38/307/37 40/350/40 39/308/38
f 43/730/41 50/731/42 51/732/43 42/733/44
f 50/731/42 52/736/45 51/732/43
f 45/836/46 53/837/47 54/838/48 44/839/49
f 53/837/47 55/842/50 54/838/48
f 47/845/51 56/858/52 57/859/53 46/846/54
f 56/858/52 58/878/55 57/859/53
f 49/739/56 59/752/57 60/753/58 48/740/59
f 59/752/57 61/771/60 60/753/58
f 65/938/61 64/939/62 142/940/63 141/941/64
f 64/409/62 63/382/65 143/383/66 142/410/63
f 63/382/65 62/344/67 144/345/68 143/383/66
f 62/344/67 73/305/69 145/304/70 144/345/68
f 69/1181/71 68/1182/72 82/1183/73 81/1184/74
f 68/1182/72 67/1187/75 83/1188/76 82/1183/73
f 67/949/75 66/942/77 84/948/78 83/957/76
f 66/942/77 65/938/61 85/947/79 84/948/78
f 73/305/69 72/346/80 159/347/81 158/306/82
f 72/346/80 71/384/83 160/385/84 159/347/81
f 71/384/83 70/411/85 161/412/86 160/385/84
f 70/1185/85 69/1181/71 162/1192/87 161/1193/86
f 77/86/88 76/126/89 150/127/90 149/87/91
f 76/126/89 75/163/92 151/164/93 150/127/90
f 75/163/92 74/189/94 152/190/95 151/164/93
f 74/954/94 85/947/79 153/946/96 152/955/95
f 81/1184/74 80/1189/97 164/1196/98 163/1191/99
f 80/194/97 79/167/100 165/168/101 164/195/98
f 79/167/100 78/129/102 166/130/103 165/168/101
f 78/129/102 77/86/88 167/88/104 166/130/103
f 89/240/105 88/260/106 118/261/107 117/241/108
f 88/260/106 87/290/109 119/291/110 118/261/107
f 87/290/109 86/330/111 120/331/112 119/291/110
f 86/972/111 97/973/113 121/974/114 120/975/112
f 93/1205/115 92/1206/116 179/1207/117 178/1208/118
f 92/329/116 91/289/119 180/281/120 179/321/117
f 91/289/119 90/259/121 181/253/122 180/281/120
f 90/259/121 89/240/105 182/236/123 181/253/122
f 97/973/113 96/976/124 98/981/125 109/982/126
f 96/976/124 95/984/127 99/989/128 98/981/125
f 95/984/127 94/993/129 100/999/130 99/989/128
f 94/1209/129 93/1205/115 101/1214/131 100/1215/130
f 105/23/132 104/46/133 184/30/134 183/13/135
f 104/46/133 103/79/136 185/58/137 184/30/134
f 103/79/136 102/119/138 186/98/139 185/58/137
f 102/1219/138 101/1214/131 187/1213/140 186/1220/139
f 109/982/126 108/990/141 122/996/142 133/985/143
f 108/117/141 107/77/144 123/78/145 122/118/142
f 107/77/144 106/44/146 124/45/147 123/78/145
f 106/44/146 105/23/132 125/22/148 124/45/147
f 113/1229/149 112/1230/150 130/1231/151 129/1232/152
f 112/1230/150 111/1235/153 131/1236/154 130/1231/151
f 111/987/153 110/979/155 132/986/156 131/998/154
f 110/979/155 121/974/114 133/985/143 132/986/156
f 117/241/108 116/255/157 169/237/158 168/228/159
f 116/255/157 115/284/160 170/256/161 169/237/158
f 115/284/160 114/325/162 171/285/163 170/256/161
f 114/1233/162 113/1229/149 172/1240/164 171/1241/163
f 129/1232/152 128/1237/165 174/1244/166 173/1239/167
f 128/114/165 127/73/168 175/42/169 174/74/166
f 127/73/168 126/41/170 176/20/171 175/42/169
f 126/41/170 125/22/148 177/9/172 176/20/171
f 137/1273/173 136/1274/174 252/1275/175 251/1276/176
f 136/415/174 135/388/177 253/359/178 252/399/175
f 135/388/177 134/349/179 254/314/180 253/359/178
f 134/349/179 145/304/70 255/272/181 254/314/180
f 141/941/64 140/944/182 154/951/183 153/946/96
f 140/944/182 139/953/184 155/958/185 154/951/183
f 139/953/184 138/961/186 156/965/187 155/958/185
f 138/1277/186 137/1273/173 157/1282/188 156/1283/187
f 201/18/189 200/32/190 383/14/191 382/5/192
f 200/32/190 199/61/193 384/33/194 383/14/191
f 199/61/193 198/102/195 385/62/196 384/33/194
f 198/1264/195 209/1261/197 386/1257/198 385/1260/196
f 205/1007/199 204/1008/200 230/1009/201 229/1010/202
f 204/110/200 203/70/203 231/71/204 230/111/201
f 203/70/203 202/39/205 232/40/206 231/71/204
f 202/39/205 201/18/189 233/17/207 232/40/206
f 209/1261/197 208/1265/208 214/1266/209 213/1262/210
f 208/1265/208 207/1269/211 215/1270/212 214/1266/209
f 207/1018/211 206/1011/213 216/1017/214 215/1026/212
f 206/1011/213 205/1007/199 217/1015/215 216/1017/214
f 213/1262/210 212/1263/216 388/1259/217 387/1258/218
f 212/334/216 211/293/219 389/263/220 388/294/217
f 211/293/219 210/262/221 390/242/222 389/263/220
f 210/262/221 221/245/223 391/232/224 390/242/222
f 221/245/223 220/266/225 238/267/226 237/246/227
f 220/266/225 219/298/228 239/299/229 238/267/226
f 219/298/228 218/337/230 240/338/231 239/299/229
f 218/1023/230 217/1015/215 241/1016/232 240/1024/231
f 225/1293/233 224/1294/234 393/1295/235 392/1296/236
f 224/108/234 223/68/237 394/69/238 393/109/235
f 223/68/237 222/37/239 395/38/240 394/69/238
f 222/37/239 233/17/207 396/16/241 395/38/240
f 229/1010/202 228/1013/242 242/1020/243 241/1016/232
f 228/1013/242 227/1022/244 243/1027/245 242/1020/243
f 227/1022/244 226/1030/246 244/1034/247 243/1027/245
f 226/1297/246 225/1293/233 245/1300/248 244/1301/247
f 237/246/227 236/268/249 403/269/250 402/244/251
f 236/268/249 235/301/252 404/302/253 403/269/250
f 235/301/252 234/341/254 405/342/255 404/302/253
f 234/1302/254 245/1300/248 406/1299/256 405/1303/255
f 260/1286/257 259/1291/258 262/1288/259 261/1281/260
f 259/138/258 258/94/261 263/131/262 262/169/259
f 258/94/261 257/53/263 264/89/264 263/131/262
f 257/53/263 256/26/265 265/51/266 264/89/264
f 275/848/267 274/861/268 366/881/269 365/863/270
f 274/861/268 273/880/271 367/902/272 366/881/269
f 273/880/271 272/901/273 368/916/274 367/902/272
f 272/1305/273 271/1306/275 369/1307/276 368/1308/274
f 280/742/277 279/757/278 318/762/279 317/745/280
f 279/757/278 278/778/281 319/786/282 318/762/279
f 278/778/281 277/799/283 320/805/284 319/786/282
f 277/1324/283 276/1317/285 321/1323/286 320/1327/284
f 289/746/287 288/759/288 583/743/289 582/734/290
f 288/759/288 287/781/291 584/760/292 583/743/289
f 287/781/291 286/802/293 585/782/294 584/760/292
f 286/1329/293 297/1330/295 586/1331/296 585/1332/294
f 293/450/297 292/451/298 314/452/299 313/453/300
f 292/451/298 291/456/301 315/457/302 314/452/299
f 291/456/301 290/466/303 316/467/304 315/457/302
f 290/763/303 289/746/287 317/745/280 316/764/304
f 297/1330/295 296/1333/305 302/1339/306 301/1336/307
f 296/476/305 295/463/308 303/475/309 302/490/306
f 295/463/308 294/454/310 304/462/311 303/475/309
f 294/454/310 293/450/297 305/460/312 304/462/311
f 301/1336/307 300/1341/313 588/1342/314 587/1335/315
f 300/910/313 299/892/316 589/872/317 588/895/314
f 299/892/316 298/871/318 590/854/319 589/872/317
f 298/871/318 309/856/320 591/844/321 590/854/319
f 309/856/320 308/874/322 322/875/323 333/857/324
f 308/494/322 307/486/325 323/487/326 322/495/323
f 307/486/325 306/472/327 324/473/328 323/487/326
f 306/472/327 305/460/312 325/461/329 324/473/328
f 313/453/300 312/458/330 326/469/331 325/461/329
f 312/458/330 311/471/332 327/482/333 326/469/331
f 311/471/332 310/485/334 328/491/335 327/482/333
f 310/1326/334 321/1323/286 329/1316/336 328/1321/335
f 337/864/337 336/884/338 593/885/339 592/862/340
f 336/884/338 335/905/341 594/906/342 593/885/339
f 335/905/341 334/919/343 595/920/344 594/906/342
f 334/1345/343 345/1346/345 596/1347/346 595/1348/344
f 341/502/347 340/503/348 362/504/349 361/505/350
f 340/503/348 339/508/351 363/509/352 362/504/349
f 339/508/351 338/518/353 364/519/354 363/509/352
f 338/882/353 337/864/337 365/863/270 364/883/354
f 345/1346/345 344/1349/355 350/1355/356 349/1352/357
f 344/528/355 343/515/358 351/527/359 350/542/356
f 343/515/358 342/506/360 352/514/361 351/527/359
f 342/506/360 341/502/347 353/512/362 352/514/361
f 349/1352/357 348/1357/363 598/1358/364 597/1351/365
f 348/813/363 347/795/366 599/796/367 598/814/364
f 347/795/366 346/773/368 600/774/369 599/796/367
f 346/773/368 357/755/370 601/754/371 600/774/369
f 357/755/370 356/775/372 370/776/373 381/756/374
f 356/546/372 355/538/375 371/539/376 370/547/373
f 355/538/375 354/524/377 372/525/378 371/539/376
f 354/524/377 353/512/362 373/513/379 372/525/378
f 361/505/350 360/510/380 374/521/381 373/513/379
f 360/510/380 359/523/382 375/534/383 374/521/381
f 359/523/382 358/537/384 376/543/385 375/534/383
f 358/1313/384 369/1307/276 377/1312/386 376/1320/385
f 416/91/387 415/132/388 418/133/389 417/92/390
f 415/132/388 414/170/391 419/171/392 418/133/389
f 414/170/391 413/196/393 420/197/394 419/171/392
f 413/765/393 412/749/395 421/738/396 420/747/394
f 431/750/397 430/768/398 433/769/399 432/751/400
f 430/426/398 429/397/401 434/398/402 433/427/399
f 429/397/401 428/357/403 435/358/404 434/398/402
f 428/357/403 427/309/405 436/312/406 435/358/404
f 446/852/407 445/865/408 448/849/409 447/840/410
f 445/204/408 444/176/411 449/177/412 448/205/409
f 444/176/411 443/136/413 450/137/414 449/177/412
f 443/136/413 442/90/415 451/93/416 450/137/414
f 456/310/417 455/353/418 458/354/419 457/311/420
f 455/353/418 454/391/421 459/392/422 458/354/419
f 454/391/421 453/418/423 460/419/424 459/392/422
f 453/869/423 452/851/425 461/853/426 460/870/424
f 178/1208/118 187/1213/140 101/1214/131 93/1205/115
f 113/1229/149 129/1232/152 173/1239/167 172/1240/164
f 141/941/64 153/946/96 85/947/79 65/938/61
f 183/13/135 1/4/4 177/9/172 125/22/148 105/23/132
f 217/1015/215 205/1007/199 229/1010/202 241/1016/232
f 188/1212/427 197/1218/428 187/1213/140 178/1208/118
f 193/10/429 6/11/11 5/12/14 2/1/1 1/4/4 183/13/135
f 251/1276/176 261/1281/260 157/1282/188 137/1273/173
f 145/304/70 73/305/69 158/306/82 16/273/36 255/272/181
f 69/1181/71 81/1184/74 163/1191/99 162/1192/87
f 77/86/88 149/87/91 265/51/266 13/50/34 167/88/104
f 387/1258/218 386/1257/198 209/1261/197 213/1262/210
f 392/1296/236 406/1299/256 245/1300/248 225/1293/233
f 437/1217/430 426/1224/431 197/1218/428 188/1212/427
f 250/249/432 11/250/29 441/251/433 192/235/434 7/234/19 411/252/435
f 407/1285/436 401/1290/437 260/1286/257 246/1280/438
f 271/1306/275 266/1310/439 276/1317/285 281/1311/440
f 255/272/181 16/273/36 15/274/39 12/275/26 11/250/29 250/249/432
f 246/1280/438 260/1286/257 261/1281/260 251/1276/176
f 452/851/425 446/852/407 447/840/410 45/836/46 46/846/54 461/853/426
f 412/749/395 431/750/397 432/751/400 49/739/56 42/733/44 421/738/396
f 305/460/312 293/450/297 313/453/300 325/461/329
f 353/512/362 341/502/347 361/505/350 373/513/379
f 587/1335/315 586/1331/296 297/1330/295 301/1336/307
f 276/1317/285 266/1310/439 329/1316/336 321/1323/286
f 270/847/441 44/839/49 591/844/321 309/856/320 333/857/324
f 597/1351/365 596/1347/346 345/1346/345 349/1352/357
f 271/1306/275 281/1311/440 377/1312/386 369/1307/276
f 285/741/442 48/740/59 601/754/371 357/755/370 381/756/374
f 382/5/192 2/1/1 5/12/14 396/16/241 233/17/207 201/18/189
f 168/228/159 4/224/6 182/236/123 89/240/105 117/241/108
f 402/244/251 8/233/16 3/227/9 391/232/224 221/245/223 237/246/227
f 8/233/16 7/234/19 192/235/434 182/236/123 4/224/6 3/227/9
f 422/24/443 10/25/21 256/26/265 397/27/444 6/11/11 193/10/429
f 427/309/405 12/275/26 15/274/39 456/310/417 457/311/420 436/312/406
f 442/90/415 14/49/31 9/52/24 416/91/387 417/92/390 451/93/416
f 14/49/31 13/50/34 265/51/266 256/26/265 10/25/21 9/52/24
f 173/1239/167 462/1245/445 467/1246/446 172/1240/164
f 462/1245/445 472/1249/447 477/1250/448 467/1246/446
f 472/1249/447 482/1253/449 487/1254/450 477/1250/448
f 482/1253/449 386/1257/198 387/1258/218 487/1254/450
f 392/1051/236 492/1041/451 497/1044/452 406/1052/256
f 492/1041/453 502/1042/454 507/1043/455 497/1044/456
f 502/1042/457 512/1047/458 517/1048/459 507/1043/460
f 512/1047/461 401/1055/437 407/1056/436 517/1048/462
f 412/749/395 522/766/463 527/767/464 431/750/397
f 522/766/463 532/789/465 537/790/466 527/767/464
f 532/789/465 542/808/467 547/809/468 537/790/466
f 542/1226/467 426/1224/431 437/1217/430 547/1223/468
f 163/1191/99 552/1197/469 557/1198/470 162/1192/87
f 552/1197/469 562/1201/471 567/1202/472 557/1198/470
f 562/888/471 572/866/473 577/867/474 567/889/472
f 572/866/473 446/852/407 452/851/425 577/867/474
f 382/5/192 486/6/475 17/2/2 2/1/1
f 1/4/4 18/3/3 466/8/476 177/9/172
s off
f 486/554/477 476/555/478 19/556/479 17/557/480
s 1
f 18/3/3 19/7/5 476/19/481 466/8/476
f 168/228/159 471/229/482 20/225/7 4/224/6
f 3/227/9 21/226/8 491/231/483 391/232/224
f 471/229/482 481/239/484 22/230/10 20/225/7
s off
f 21/558/485 22/559/486 481/560/487 491/561/488
s 1
f 397/27/444 516/55/489 23/28/12 6/11/11
f 5/12/14 24/29/13 496/36/490 396/16/241
f 516/55/489 506/65/491 25/57/15 23/28/12
f 24/29/13 25/57/15 506/65/491 496/36/490
f 402/244/251 501/265/492 26/247/17 8/233/16
f 7/234/19 27/248/18 521/271/493 411/252/435
f 501/265/492 511/297/494 28/270/20 26/247/17
f 27/248/18 28/270/20 511/297/494 521/271/493
f 422/24/443 546/47/495 29/48/22 10/25/21
f 9/52/24 30/83/23 526/122/496 416/91/387
f 546/47/495 536/81/497 31/82/25 29/48/22
f 30/83/23 31/82/25 536/81/497 526/122/496
f 427/309/405 531/352/498 32/313/27 12/275/26
f 11/250/29 33/276/28 551/277/499 441/251/433
f 531/562/498 541/563/500 34/564/30 32/565/27
f 33/276/28 34/315/30 541/316/500 551/277/499
f 442/90/415 576/123/501 35/84/32 14/49/31
f 13/50/34 36/85/33 556/125/502 167/88/104
f 576/123/501 566/160/503 37/124/35 35/84/32
f 36/85/33 37/124/35 566/160/503 556/125/502
f 158/306/82 561/348/504 38/307/37 16/273/36
f 15/274/39 39/308/38 581/351/505 456/310/417
f 561/348/504 571/387/506 40/350/40 38/307/37
f 39/308/38 40/350/40 571/387/506 581/351/505
f 97/973/113 109/982/126 41/978/507
f 133/985/143 121/974/114 41/978/507
f 121/974/114 97/973/113 41/978/507
f 109/982/126 133/985/143 41/978/507
f 43/730/41 42/733/44 49/739/56 48/740/59 285/741/442 280/742/277
f 582/734/290 43/730/41 280/742/277 317/745/280 289/746/287
f 47/845/51 46/846/54 45/836/46 44/839/49 270/847/441 275/848/267
f 592/862/340 47/845/51 275/848/267 365/863/270 337/864/337
f 417/92/390 602/134/508 607/135/509 451/93/416
f 602/134/508 612/173/510 617/174/511 607/135/509
f 612/173/510 622/200/512 627/201/513 617/174/511
f 622/1337/512 586/1331/296 587/1335/315 627/1340/513
f 457/311/420 632/355/514 637/356/515 436/312/406
f 632/355/514 642/394/516 647/395/517 637/356/515
f 642/394/516 652/422/518 657/423/519 647/395/517
f 652/1353/518 596/1347/346 597/1351/365 657/1356/519
f 582/734/290 626/735/520 50/731/42 43/730/41
f 42/733/44 51/732/43 606/737/521 421/738/396
f 626/1061/520 616/1062/522 52/1063/45 50/1064/42
f 51/1065/43 52/1063/45 616/1062/522 606/1066/521
f 447/840/410 611/841/523 53/837/47 45/836/46
f 44/839/49 54/838/48 631/843/524 591/844/321
f 611/1069/523 621/1070/525 55/1071/50 53/1072/47
f 54/1073/48 55/1071/50 621/1070/525 631/1074/524
f 592/862/340 656/877/526 56/858/52 47/845/51
f 46/846/54 57/859/53 636/868/527 461/853/426
f 656/1077/526 646/1078/528 58/1079/55 56/1080/52
f 57/1081/53 58/1079/55 646/1078/528 636/1082/527
f 432/751/400 641/770/529 59/752/57 49/739/56
f 48/740/59 60/753/58 661/772/530 601/754/371
f 641/1085/529 651/1086/531 61/1087/60 59/1088/57
f 60/1089/58 61/1087/60 651/1086/531 661/1090/530
f 166/130/103 167/88/104 556/125/502 555/161/532
f 165/168/101 166/130/103 555/161/532 554/186/533
f 163/1191/99 164/1196/98 553/1200/534 552/1197/469
f 164/195/98 165/168/101 554/186/533 553/209/534
f 176/20/171 177/9/172 466/8/476 465/21/535
f 175/42/169 176/20/171 465/21/535 464/43/536
f 173/1239/167 174/1244/166 463/1248/537 462/1245/445
f 174/74/166 175/42/169 464/43/536 463/75/537
f 181/253/122 182/236/123 192/235/434 191/254/538
f 180/281/120 181/253/122 191/254/538 190/282/539
f 178/1208/118 179/1207/117 189/1211/540 188/1212/427
f 179/321/117 180/281/120 190/282/539 189/322/540
f 186/1220/139 187/1213/140 197/1218/428 196/1225/541
f 185/58/137 186/98/139 196/99/541 195/59/542
f 183/13/135 184/30/134 194/31/543 193/10/429
f 184/30/134 185/58/137 195/59/542 194/31/543
f 191/254/538 192/235/434 441/251/433 440/278/544
f 190/282/539 191/254/538 440/278/544 439/318/545
f 188/1212/427 189/1211/540 438/1216/546 437/1217/430
f 189/322/540 190/282/539 439/318/545 438/362/546
f 196/1225/541 197/1218/428 426/1224/431 425/1227/547
f 195/59/542 196/99/541 425/141/547 424/97/548
f 193/10/429 194/31/543 423/56/549 422/24/443
f 194/31/543 195/59/542 424/97/548 423/56/549
f 249/279/550 250/249/432 411/252/435 410/280/551
f 248/319/552 249/279/550 410/280/551 409/320/553
f 246/1280/438 247/1279/554 408/1284/555 407/1285/436
f 247/363/554 248/319/552 409/320/553 408/364/555
f 250/249/432 249/279/550 254/314/180 255/272/181
f 249/279/550 248/319/552 253/359/178 254/314/180
f 248/319/552 247/363/554 252/399/175 253/359/178
f 247/1279/554 246/1280/438 251/1276/176 252/1275/175
f 259/1291/258 260/1286/257 401/1290/437 400/1292/556
f 258/94/261 259/138/258 400/139/556 399/95/557
f 256/26/265 257/53/263 398/54/558 397/27/444
f 257/53/263 258/94/261 399/95/557 398/54/558
f 149/87/91 148/128/559 264/89/264 265/51/266
f 148/128/559 147/166/560 263/131/262 264/89/264
f 147/166/560 146/193/561 262/169/259 263/131/262
f 146/1287/561 157/1282/188 261/1281/260 262/1288/259
f 269/860/562 270/847/441 333/857/324 332/876/563
f 268/879/564 269/860/562 332/876/563 331/898/565
f 266/1310/439 267/1309/566 330/1315/567 329/1316/336
f 267/900/566 268/879/564 331/898/565 330/914/567
f 270/847/441 269/860/562 274/861/268 275/848/267
f 269/860/562 268/879/564 273/880/271 274/861/268
f 268/879/564 267/900/566 272/901/273 273/880/271
f 267/1309/566 266/1310/439 271/1306/275 272/1305/273
f 279/757/278 280/742/277 285/741/442 284/758/568
f 278/778/281 279/757/278 284/758/568 283/779/569
f 276/1317/285 277/1324/283 282/1318/570 281/1311/440
f 277/799/283 278/778/281 283/779/569 282/800/570
f 284/758/568 285/741/442 381/756/374 380/777/571
f 283/779/569 284/758/568 380/777/571 379/798/572
f 281/1311/440 282/1318/570 378/1319/573 377/1312/386
f 282/800/570 283/779/569 379/798/572 378/816/573
f 390/242/222 391/232/224 491/231/483 490/243/574
f 389/263/220 390/242/222 490/243/574 489/264/575
f 387/1258/218 388/1259/217 488/1255/576 487/1254/450
f 388/294/217 389/263/220 489/264/575 488/295/576
f 395/38/240 396/16/241 496/36/490 495/66/577
f 394/69/238 395/38/240 495/66/577 494/105/578
f 392/1051/236 393/1053/235 493/1045/579 492/1041/451
f 393/109/235 394/69/238 494/105/578 493/146/579
f 410/280/551 411/252/435 521/271/493 520/303/580
f 409/320/553 410/280/551 520/303/580 519/343/581
f 407/1056/436 408/1060/555 518/1057/582 517/1048/462
f 408/364/555 409/320/553 519/343/581 518/379/582
f 415/132/388 416/91/387 526/122/496 525/158/583
f 414/170/391 415/132/388 525/158/583 524/183/584
f 412/749/395 413/765/393 523/788/585 522/766/463
f 413/196/393 414/170/391 524/183/584 523/206/585
f 420/747/394 421/738/396 606/737/521 605/748/586
f 419/171/392 420/197/394 605/216/586 604/198/587
f 417/92/390 418/133/389 603/172/588 602/134/508
f 418/133/389 419/171/392 604/198/587 603/172/588
f 440/278/544 441/251/433 551/277/499 550/317/589
f 439/318/545 440/278/544 550/317/589 549/361/590
f 437/1217/430 438/1216/546 548/1222/591 547/1223/468
f 438/362/546 439/318/545 549/361/590 548/401/591
f 455/353/418 456/310/417 581/351/505 580/389/592
f 454/391/421 455/353/418 580/389/592 579/416/593
f 452/851/425 453/869/423 578/887/594 577/867/474
f 453/418/423 454/391/421 579/416/593 578/437/594
f 460/870/424 461/853/426 636/868/527 635/890/595
f 459/392/422 460/419/424 635/439/595 634/420/596
f 457/311/420 458/354/419 633/393/597 632/355/514
f 458/354/419 459/392/422 634/420/596 633/393/597
f 465/21/535 466/8/476 476/19/481 475/35/598
f 464/43/536 465/21/535 475/35/598 474/64/599
f 462/1245/445 463/1248/537 473/1252/600 472/1249/447
f 463/75/537 464/43/536 474/64/599 473/103/600
f 168/228/159 169/237/158 470/238/601 471/229/482
f 169/237/158 170/256/161 469/257/602 470/238/601
f 170/256/161 171/285/163 468/286/603 469/257/602
f 171/1241/163 172/1240/164 467/1246/446 468/1247/603
f 475/35/598 476/19/481 486/6/475 485/15/604
f 474/64/599 475/35/598 485/15/604 484/34/605
f 472/1249/447 473/1252/600 483/1256/606 482/1253/449
f 473/103/600 474/64/599 484/34/605 483/63/606
f 471/229/482 470/238/601 480/258/607 481/239/484
f 470/238/601 469/257/602 479/287/608 480/258/607
f 469/257/602 468/286/603 478/326/609 479/287/608
f 468/1247/603 467/1246/446 477/1250/448 478/1251/609
f 382/5/192 383/14/191 485/15/604 486/6/475
f 383/14/191 384/33/194 484/34/605 485/15/604
f 384/33/194 385/62/196 483/63/606 484/34/605
f 385/1260/196 386/1257/198 482/1253/449 483/1256/606
f 481/239/484 480/258/607 490/243/574 491/231/483
f 480/258/607 479/287/608 489/264/575 490/243/574
f 479/287/608 478/326/609 488/295/576 489/264/575
f 478/1251/609 477/1250/448 487/1254/450 488/1255/576
f 495/66/577 496/36/490 506/65/491 505/104/610
f 494/105/578 495/66/577 505/104/610 504/145/611
f 492/1041/453 493/1045/579 503/1046/612 502/1042/454
f 493/146/579 494/105/578 504/145/611 503/180/612
f 402/244/251 403/269/250 500/296/613 501/265/492
f 403/269/250 404/302/253 499/335/614 500/296/613
f 404/302/253 405/342/255 498/374/615 499/335/614
f 405/1058/255 406/1052/256 497/1044/452 498/1049/615
f 505/104/610 506/65/491 516/55/489 515/96/616
f 504/145/611 505/104/610 515/96/616 514/140/617
f 502/1042/457 503/1046/612 513/1054/618 512/1047/458
f 503/180/612 504/145/611 514/140/617 513/178/618
f 501/265/492 500/296/613 510/336/619 511/297/494
f 500/296/613 499/335/614 509/375/620 510/336/619
f 499/335/614 498/374/615 508/404/621 509/375/620
f 498/1049/615 497/1044/456 507/1043/455 508/1050/621
f 397/27/444 398/54/558 515/96/616 516/55/489
f 398/54/558 399/95/557 514/140/617 515/96/616
f 399/95/557 400/139/556 513/178/618 514/140/617
f 400/1059/556 401/1055/437 512/1047/461 513/1054/618
f 511/297/494 510/336/619 520/303/580 521/271/493
f 510/336/619 509/375/620 519/343/581 520/303/580
f 509/375/620 508/404/621 518/379/582 519/343/581
f 508/1050/621 507/1043/460 517/1048/459 518/1057/582
f 525/566/583 526/567/496 536/568/497 535/569/622
f 524/183/584 525/158/583 535/121/622 534/157/623
f 522/766/463 523/788/585 533/807/624 532/789/465
f 523/206/585 524/183/584 534/157/623 533/182/624
f 427/309/405 428/357/403 530/390/625 531/352/498
f 428/357/403 429/397/401 529/417/626 530/390/625
f 429/397/401 430/426/398 528/438/627 529/417/626
f 430/768/398 431/750/397 527/767/464 528/791/627
f 535/121/622 536/81/497 546/47/495 545/80/628
f 534/157/623 535/121/622 545/80/628 544/120/629
f 532/789/465 533/807/624 543/823/630 542/808/467
f 533/182/624 534/157/623 544/120/629 543/156/630
f 531/570/498 530/571/625 540/572/631 541/573/500
f 530/390/625 529/417/626 539/400/632 540/360/631
f 529/417/626 528/438/627 538/428/633 539/400/632
f 528/791/627 527/767/464 537/790/466 538/810/633
f 422/24/443 423/56/549 545/80/628 546/47/495
f 423/56/549 424/97/548 544/120/629 545/80/628
f 424/97/548 425/141/547 543/156/630 544/120/629
f 425/1227/547 426/1224/431 542/1226/467 543/1228/630
f 541/316/500 540/360/631 550/317/589 551/277/499
f 540/360/631 539/400/632 549/361/590 550/317/589
f 539/400/632 538/428/633 548/401/591 549/361/590
f 538/810/633 537/790/466 547/809/468 548/824/591
f 555/161/532 556/125/502 566/160/503 565/185/634
f 554/186/533 555/161/532 565/185/634 564/208/635
f 552/1197/469 553/1200/534 563/1204/636 562/1201/471
f 553/209/534 554/186/533 564/208/635 563/222/636
f 158/306/82 159/347/81 560/386/637 561/348/504
f 159/347/81 160/385/84 559/413/638 560/386/637
f 160/385/84 161/412/86 558/435/639 559/413/638
f 161/1193/86 162/1192/87 557/1198/470 558/1199/639
f 565/185/634 566/160/503 576/123/501 575/159/640
f 564/208/635 565/185/634 575/159/640 574/184/641
f 562/888/471 563/907/636 573/886/642 572/866/473
f 563/222/636 564/208/635 574/184/641 573/207/642
f 561/348/504 560/386/637 570/414/643 571/387/506
f 560/386/637 559/413/638 569/436/644 570/414/643
f 559/413/638 558/435/639 568/446/645 569/436/644
f 558/1199/639 557/1198/470 567/1202/472 568/1203/645
f 442/90/415 443/136/413 575/159/640 576/123/501
f 443/136/413 444/176/411 574/184/641 575/159/640
f 444/176/411 445/204/408 573/207/642 574/184/641
f 445/865/408 446/852/407 572/866/473 573/886/642
f 571/387/506 570/414/643 580/389/592 581/351/505
f 570/414/643 569/436/644 579/416/593 580/389/592
f 569/436/644 568/446/645 578/437/594 579/416/593
f 568/908/645 567/889/472 577/867/474 578/887/594
f 590/854/319 591/844/321 631/843/524 630/855/646
f 589/872/317 590/854/319 630/855/646 629/873/647
f 587/1335/315 588/1342/314 628/1344/648 627/1340/513
f 588/895/314 589/872/317 629/873/647 628/896/648
f 600/774/369 601/754/371 661/772/530 660/793/649
f 599/796/367 600/774/369 660/793/649 659/811/650
f 597/1351/365 598/1358/364 658/1360/651 657/1356/519
f 598/814/364 599/796/367 659/811/650 658/827/651
f 605/1067/586 606/1066/521 616/1062/522 615/1068/652
f 604/804/587 605/748/586 615/785/652 614/784/653
f 602/134/508 603/172/588 613/199/654 612/173/510
f 603/172/588 604/198/587 614/217/653 613/199/654
f 447/840/410 448/849/409 610/850/655 611/841/523
f 448/205/409 449/177/412 609/203/656 610/221/655
f 449/177/412 450/137/414 608/175/657 609/203/656
f 450/137/414 451/93/416 607/135/509 608/175/657
f 615/1093/652 616/1094/522 626/1095/520 625/1096/658
f 614/784/653 615/785/652 625/744/658 624/761/659
f 612/173/510 613/199/654 623/218/660 622/200/512
f 613/803/654 614/784/653 624/761/659 623/783/660
f 611/1097/523 610/1098/655 620/1099/661 621/1100/525
f 610/850/655 609/911/656 619/894/662 620/893/661
f 609/203/656 608/175/657 618/202/663 619/220/662
f 608/175/657 607/135/509 617/174/511 618/202/663
f 582/734/290 583/743/289 625/744/658 626/735/520
f 583/743/289 584/760/292 624/761/659 625/744/658
f 584/760/292 585/782/294 623/783/660 624/761/659
f 585/1332/294 586/1331/296 622/1337/512 623/1338/660
f 621/1070/525 620/1075/661 630/1076/646 631/1074/524
f 620/893/661 619/894/662 629/873/647 630/855/646
f 619/894/662 618/912/663 628/896/648 629/873/647
f 618/202/663 617/174/511 627/201/513 628/219/648
f 635/1083/595 636/1082/527 646/1078/528 645/1084/664
f 634/937/596 635/890/595 645/929/664 644/928/665
f 632/355/514 633/393/597 643/421/666 642/394/516
f 633/393/597 634/420/596 644/440/665 643/421/666
f 432/751/400 433/769/399 640/792/667 641/770/529
f 433/427/399 434/398/402 639/425/668 640/444/667
f 434/398/402 435/358/404 638/396/669 639/425/668
f 435/358/404 436/312/406 637/356/515 638/396/669
f 645/1101/664 646/1102/528 656/1103/526 655/1104/670
f 644/928/665 645/929/664 655/899/670 654/915/671
f 642/394/516 643/421/666 653/441/672 652/422/518
f 643/936/666 644/928/665 654/915/671 653/927/672
f 641/1105/529 640/1106/667 650/1107/673 651/1108/531
f 640/792/667 639/834/668 649/826/674 650/825/673
f 639/425/668 638/396/669 648/424/675 649/443/674
f 638/396/669 637/356/515 647/395/517 648/424/675
f 592/862/340 593/885/339 655/899/670 656/877/526
f 593/885/339 594/906/342 654/915/671 655/899/670
f 594/906/342 595/920/344 653/927/672 654/915/671
f 595/1348/344 596/1347/346 652/1353/518 653/1354/672
f 651/1086/531 650/1091/673 660/1092/649 661/1090/530
f 650/825/673 649/826/674 659/811/650 660/793/649
f 649/826/674 648/835/675 658/827/651 659/811/650
f 648/424/675 647/395/517 657/423/519 658/442/651
f 72/346/80 73/305/69 62/344/67 662/380/676
f 662/380/676 62/344/67 63/382/65 663/405/677
f 663/405/677 63/382/65 64/409/62 664/429/678
f 64/939/62 65/938/61 66/942/77 664/943/678
f 664/943/678 66/942/77 67/949/75 665/950/679
f 665/1194/679 67/1187/75 68/1182/72 666/1186/680
f 68/1182/72 69/1181/71 70/1185/85 666/1186/680
f 666/431/680 70/411/85 71/384/83 667/406/681
f 667/406/681 71/384/83 72/346/80 662/380/676
f 667/406/681 662/380/676 663/405/677 668/430/682
f 663/405/677 664/429/678 665/445/679 668/430/682
f 665/445/679 666/431/680 667/406/681 668/430/682
f 84/948/78 85/947/79 74/954/94 669/956/683
f 669/212/683 74/189/94 75/163/92 670/188/684
f 670/188/684 75/163/92 76/126/89 671/162/685
f 76/126/89 77/86/88 78/129/102 671/162/685
f 671/162/685 78/129/102 79/167/100 672/187/686
f 672/187/686 79/167/100 80/194/97 673/210/687
f 80/1189/97 81/1184/74 82/1183/73 673/1190/687
f 673/1190/687 82/1183/73 83/1188/76 674/1195/688
f 674/964/688 83/957/76 84/948/78 669/956/683
f 674/223/688 669/212/683 670/188/684 675/211/689
f 670/188/684 671/162/685 672/187/686 675/211/689
f 672/187/686 673/210/687 674/223/688 675/211/689
f 96/976/124 97/973/113 86/972/111 676/977/690
f 676/370/690 86/330/111 87/290/109 677/328/691
f 677/328/691 87/290/109 88/260/106 678/288/692
f 88/260/106 89/240/105 90/259/121 678/288/692
f 678/288/692 90/259/121 91/289/119 679/327/693
f 679/327/693 91/289/119 92/329/116 680/368/694
f 92/1206/116 93/1205/115 94/1209/129 680/1210/694
f 680/992/694 94/993/129 95/984/127 681/983/695
f 681/983/695 95/984/127 96/976/124 676/977/690
f 681/983/695 676/977/690 677/994/691 682/995/696
f 677/328/691 678/288/692 679/327/693 682/369/696
f 679/1001/693 680/992/694 681/983/695 682/995/696
f 108/990/141 109/982/126 98/981/125 683/991/697
f 683/991/697 98/981/125 99/989/128 684/1000/698
f 684/1000/698 99/989/128 100/999/130 685/1003/699
f 100/1215/130 101/1214/131 102/1219/138 685/1221/699
f 685/155/699 102/119/138 103/79/136 686/116/700
f 686/116/700 103/79/136 104/46/133 687/76/701
f 104/46/133 105/23/132 106/44/146 687/76/701
f 687/76/701 106/44/146 107/77/144 688/115/702
f 688/115/702 107/77/144 108/117/141 683/153/697
f 688/1004/702 683/991/697 684/1000/698 689/1005/703
f 684/1000/698 685/1003/699 686/1006/700 689/1005/703
f 686/116/700 687/76/701 688/115/702 689/154/703
f 120/975/112 121/974/114 110/979/155 690/980/704
f 690/980/704 110/979/155 111/987/153 691/988/705
f 691/1242/705 111/1235/153 112/1230/150 692/1234/706
f 112/1230/150 113/1229/149 114/1233/162 692/1234/706
f 692/367/706 114/325/162 115/284/160 693/324/707
f 693/324/707 115/284/160 116/255/157 694/283/708
f 116/255/157 117/241/108 118/261/107 694/283/708
f 694/283/708 118/261/107 119/291/110 695/323/709
f 695/323/709 119/291/110 120/331/112 690/365/704
f 695/323/709 690/365/704 691/402/705 696/366/710
f 691/402/705 692/367/706 693/324/707 696/366/710
f 693/324/707 694/283/708 695/323/709 696/366/710
f 132/986/156 133/985/143 122/996/142 697/997/711
f 697/152/711 122/118/142 123/78/145 698/113/712
f 698/113/712 123/78/145 124/45/147 699/72/713
f 124/45/147 125/22/148 126/41/170 699/72/713
f 699/72/713 126/41/170 127/73/168 700/112/714
f 700/112/714 127/73/168 128/114/165 701/150/715
f 128/1237/165 129/1232/152 130/1231/151 701/1238/715
f 701/1238/715 130/1231/151 131/1236/154 702/1243/716
f 702/1002/716 131/998/154 132/986/156 697/997/711
f 702/181/716 697/152/711 698/113/712 703/151/717
f 698/113/712 699/72/713 700/112/714 703/151/717
f 700/112/714 701/150/715 702/181/716 703/151/717
f 144/345/68 145/304/70 134/349/179 704/381/718
f 704/381/718 134/349/179 135/388/177 705/407/719
f 705/407/719 135/388/177 136/415/174 706/432/720
f 136/1274/174 137/1273/173 138/1277/186 706/1278/720
f 706/960/720 138/961/186 139/953/184 707/952/721
f 707/952/721 139/953/184 140/944/182 708/945/722
f 140/944/182 141/941/64 142/940/63 708/945/722
f 708/434/722 142/410/63 143/383/66 709/408/723
f 709/408/723 143/383/66 144/345/68 704/381/718
f 709/408/723 704/381/718 705/407/719 710/433/724
f 705/967/719 706/960/720 707/952/721 710/963/724
f 707/952/721 708/945/722 709/962/723 710/963/724
f 156/1283/187 157/1282/188 146/1287/561 711/1289/725
f 711/215/725 146/193/561 147/166/560 712/192/726
f 712/192/726 147/166/560 148/128/559 713/165/727
f 148/128/559 149/87/91 150/127/90 713/165/727
f 713/165/727 150/127/90 151/164/93 714/191/728
f 714/191/728 151/164/93 152/190/95 715/213/729
f 152/955/95 153/946/96 154/951/183 715/959/729
f 715/959/729 154/951/183 155/958/185 716/966/730
f 716/966/730 155/958/185 156/965/187 711/968/725
f 716/966/730 711/968/725 712/971/726 717/970/731
f 712/192/726 713/165/727 714/191/728 717/214/731
f 714/969/728 715/959/729 716/966/730 717/970/731
f 208/1265/208 209/1261/197 198/1264/195 718/1268/732
f 718/144/732 198/102/195 199/61/193 719/101/733
f 719/101/733 199/61/193 200/32/190 720/60/734
f 200/32/190 201/18/189 202/39/205 720/60/734
f 720/60/734 202/39/205 203/70/203 721/100/735
f 721/100/735 203/70/203 204/110/200 722/142/736
f 204/1008/200 205/1007/199 206/1011/213 722/1012/736
f 722/1012/736 206/1011/213 207/1018/211 723/1019/737
f 723/1272/737 207/1269/211 208/1265/208 718/1268/732
f 723/179/737 718/144/732 719/101/733 724/143/738
f 719/101/733 720/60/734 721/100/735 724/143/738
f 721/100/735 722/142/736 723/179/737 724/143/738
f 220/266/225 221/245/223 210/262/221 725/292/739
f 725/292/739 210/262/221 211/293/219 726/332/740
f 726/332/740 211/293/219 212/334/216 727/371/741
f 212/1263/216 213/1262/210 214/1266/209 727/1267/741
f 727/1267/741 214/1266/209 215/1270/212 728/1271/742
f 728/1033/742 215/1026/212 216/1017/214 729/1025/743
f 216/1017/214 217/1015/215 218/1023/230 729/1025/743
f 729/373/743 218/337/230 219/298/228 730/333/744
f 730/333/744 219/298/228 220/266/225 725/292/739
f 730/333/744 725/292/739 726/332/740 731/372/745
f 726/332/740 727/371/741 728/403/742 731/372/745
f 728/403/742 729/373/743 730/333/744 731/372/745
f 232/40/206 233/17/207 222/37/239 732/67/746
f 732/67/746 222/37/239 223/68/237 733/106/747
f 733/106/747 223/68/237 224/108/234 734/147/748
f 224/1294/234 225/1293/233 226/1297/246 734/1298/748
f 734/1029/748 226/1030/246 227/1022/244 735/1021/749
f 735/1021/749 227/1022/244 228/1013/242 736/1014/750
f 228/1013/242 229/1010/202 230/1009/201 736/1014/750
f 736/149/750 230/111/201 231/71/204 737/107/751
f 737/107/751 231/71/204 232/40/206 732/67/746
f 737/107/751 732/67/746 733/106/747 738/148/752
f 733/1036/747 734/1029/748 735/1021/749 738/1032/752
f 735/1021/749 736/1014/750 737/1031/751 738/1032/752
f 244/1301/247 245/1300/248 234/1302/254 739/1304/753
f 739/378/753 234/341/254 235/301/252 740/340/754
f 740/340/754 235/301/252 236/268/249 741/300/755
f 236/268/249 237/246/227 238/267/226 741/300/755
f 741/300/755 238/267/226 239/299/229 742/339/756
f 742/339/756 239/299/229 240/338/231 743/376/757
f 240/1024/231 241/1016/232 242/1020/243 743/1028/757
f 743/1028/757 242/1020/243 243/1027/245 744/1035/758
f 744/1035/758 243/1027/245 244/1034/247 739/1037/753
f 744/1035/758 739/1037/753 740/1040/754 745/1039/759
f 740/340/754 741/300/755 742/339/756 745/377/759
f 742/1038/756 743/1028/757 744/1035/758 745/1039/759
f 296/1333/305 297/1330/295 286/1329/293 746/1334/760
f 746/817/760 286/802/293 287/781/291 747/801/761
f 747/801/761 287/781/291 288/759/288 748/780/762
f 288/759/288 289/746/287 290/763/303 748/780/762
f 748/479/762 290/466/303 291/456/301 749/465/763
f 749/465/763 291/456/301 292/451/298 750/455/764
f 292/451/298 293/450/297 294/454/310 750/455/764
f 750/455/764 294/454/310 295/463/308 751/464/765
f 751/464/765 295/463/308 296/476/305 746/477/760
f 751/1361/765 746/1362/760 747/1363/761 752/1364/766
f 747/801/761 748/780/762 749/818/763 752/819/766
f 749/465/763 750/455/764 751/464/765 752/478/766
f 308/874/322 309/856/320 298/871/318 753/891/767
f 753/891/767 298/871/318 299/892/316 754/909/768
f 754/909/768 299/892/316 300/910/313 755/921/769
f 300/1341/313 301/1336/307 302/1339/306 755/1343/769
f 755/498/769 302/490/306 303/475/309 756/489/770
f 756/489/770 303/475/309 304/462/311 757/474/771
f 304/462/311 305/460/312 306/472/327 757/474/771
f 757/474/771 306/472/327 307/486/325 758/488/772
f 758/488/772 307/486/325 308/494/322 753/496/767
f 758/922/772 753/891/767 754/909/768 759/923/773
f 754/1365/768 755/1366/769 756/1367/770 759/1368/773
f 756/489/770 757/474/771 758/488/772 759/497/773
f 320/1327/284 321/1323/286 310/1326/334 760/1328/774
f 760/484/774 310/485/334 311/471/332 761/470/775
f 761/470/775 311/471/332 312/458/330 762/459/776
f 312/458/330 313/453/300 314/452/299 762/459/776
f 762/459/776 314/452/299 315/457/302 763/468/777
f 763/468/777 315/457/302 316/467/304 764/480/778
f 316/764/304 317/745/280 318/762/279 764/787/778
f 764/787/778 318/762/279 319/786/282 765/806/779
f 765/806/779 319/786/282 320/805/284 760/820/774
f 765/1369/779 760/1370/774 761/1371/775 766/1372/780
f 761/470/775 762/459/776 763/468/777 766/481/780
f 763/821/777 764/787/778 765/806/779 766/822/780
f 332/876/563 333/857/324 322/875/323 767/897/781
f 767/501/781 322/495/323 323/487/326 768/493/782
f 768/493/782 323/487/326 324/473/328 769/483/783
f 324/473/328 325/461/329 326/469/331 769/483/783
f 769/483/783 326/469/331 327/482/333 770/492/784
f 770/492/784 327/482/333 328/491/335 771/499/785
f 328/1321/335 329/1316/336 330/1315/567 771/1322/785
f 771/924/785 330/914/567 331/898/565 772/913/786
f 772/913/786 331/898/565 332/876/563 767/897/781
f 772/913/786 767/897/781 768/925/782 773/926/787
f 768/493/782 769/483/783 770/492/784 773/500/787
f 770/1373/784 771/1374/785 772/1375/786 773/1376/787
f 344/1349/355 345/1346/345 334/1345/343 774/1350/788
f 774/933/788 334/919/343 335/905/341 775/918/789
f 775/918/789 335/905/341 336/884/338 776/904/790
f 336/884/338 337/864/337 338/882/353 776/904/790
f 776/531/790 338/518/353 339/508/351 777/517/791
f 777/517/791 339/508/351 340/503/348 778/507/792
f 340/503/348 341/502/347 342/506/360 778/507/792
f 778/507/792 342/506/360 343/515/358 779/516/793
f 779/516/793 343/515/358 344/528/355 774/529/788
f 779/1377/793 774/1378/788 775/1379/789 780/1380/794
f 775/918/789 776/904/790 777/934/791 780/935/794
f 777/517/791 778/507/792 779/516/793 780/530/794
f 356/775/372 357/755/370 346/773/368 781/794/795
f 781/794/795 346/773/368 347/795/366 782/812/796
f 782/812/796 347/795/366 348/813/363 783/828/797
f 348/1357/363 349/1352/357 350/1355/356 783/1359/797
f 783/550/797 350/542/356 351/527/359 784/541/798
f 784/541/798 351/527/359 352/514/361 785/526/799
f 352/514/361 353/512/362 354/524/377 785/526/799
f 785/526/799 354/524/377 355/538/375 786/540/800
f 786/540/800 355/538/375 356/546/372 781/548/795
f 786/829/800 781/794/795 782/812/796 787/830/801
f 782/1381/796 783/1382/797 784/1383/798 787/1384/801
f 784/541/798 785/526/799 786/540/800 787/549/801
f 368/1308/274 369/1307/276 358/1313/384 788/1314/802
f 788/536/802 358/537/384 359/523/382 789/522/803
f 789/522/803 359/523/382 360/510/380 790/511/804
f 360/510/380 361/505/350 362/504/349 790/511/804
f 790/511/804 362/504/349 363/509/352 791/520/805
f 791/520/805 363/509/352 364/519/354 792/532/806
f 364/883/354 365/863/270 366/881/269 792/903/806
f 792/903/806 366/881/269 367/902/272 793/917/807
f 793/917/807 367/902/272 368/916/274 788/930/802
f 793/1385/807 788/1386/802 789/1387/803 794/1388/808
f 789/522/803 790/511/804 791/520/805 794/533/808
f 791/931/805 792/903/806 793/917/807 794/932/808
f 380/777/571 381/756/374 370/776/373 795/797/809
f 795/553/809 370/547/373 371/539/376 796/545/810
f 796/545/810 371/539/376 372/525/378 797/535/811
f 372/525/378 373/513/379 374/521/381 797/535/811
f 797/535/811 374/521/381 375/534/383 798/544/812
f 798/544/812 375/534/383 376/543/385 799/551/813
f 376/1320/385 377/1312/386 378/1319/573 799/1325/813
f 799/831/813 378/816/573 379/798/572 800/815/814
f 800/815/814 379/798/572 380/777/571 795/797/809
f 800/815/814 795/797/809 796/832/810 801/833/815
f 796/545/810 797/535/811 798/544/812 801/552/815
f 798/1389/812 799/1390/813 800/1391/814 801/1392/815
s 38
f 805/1109/816 804/1110/817 826/1111/818 837/1112/819
f 804/1110/817 803/1115/820 827/1116/821 826/1111/818
f 803/584/820 802/574/822 828/577/823 827/585/821
f 802/574/822 813/575/824 829/576/825 828/577/823
f 809/1393/826 808/1394/827 822/1395/828 821/1396/829
f 808/1133/827 807/1122/830 823/1132/831 822/1140/828
f 807/1122/830 806/1113/832 824/1121/833 823/1132/831
f 806/1113/832 805/1109/816 825/1120/834 824/1121/833
f 813/575/824 812/578/835 851/586/836 850/580/837
f 812/578/835 811/589/838 852/598/839 851/586/836
f 811/589/838 810/613/840 853/599/841 852/598/839
f 810/1397/840 809/1393/826 854/1402/842 853/1403/843
f 817/616/844 816/617/845 838/618/846 849/619/847
f 816/617/845 815/622/848 839/623/849 838/618/846
f 815/622/848 814/632/850 840/633/851 839/623/849
f 814/1129/850 825/1120/834 841/1119/852 840/1130/851
f 821/1396/829 820/1399/853 857/1406/854 856/1401/855
f 820/639/853 819/629/856 858/638/857 857/648/854
f 819/629/856 818/620/858 859/628/859 858/638/857
f 818/620/858 817/616/844 855/627/860 859/628/859
f 833/611/861 832/612/862 860/595/863 864/594/864
f 832/612/862 831/607/865 861/596/866 860/595/863
f 831/607/865 830/582/867 862/597/868 861/596/866
f 830/582/867 829/576/825 863/581/869 862/597/868
f 837/1112/819 836/1117/870 842/1126/871 841/1119/852
f 836/1117/870 835/1128/872 843/1137/873 842/1126/871
f 835/1407/872 834/1408/874 844/1409/875 843/1410/873
f 834/1408/874 833/1413/861 845/1414/876 844/1409/875
f 849/619/847 848/624/877 865/635/878 869/626/879
f 848/624/877 847/637/880 866/645/881 865/635/878
f 847/637/880 846/647/882 867/651/883 866/645/881
f 846/1422/882 845/1414/876 868/1421/884 867/1423/885
s 42
f 873/1146/886 872/1147/887 894/1148/888 905/1149/889
f 872/1147/887 871/1152/890 895/1153/891 894/1148/888
f 871/662/890 870/652/892 896/655/893 895/663/891
f 870/652/892 881/653/894 897/654/895 896/655/893
f 877/1424/896 876/1425/897 890/1426/898 889/1427/899
f 876/1425/897 875/1430/900 891/1431/901 890/1426/898
f 875/1159/900 874/1150/902 892/1158/903 891/1169/901
f 874/1150/902 873/1146/886 893/1157/904 892/1158/903
f 881/653/894 880/656/905 919/664/906 918/658/907
f 880/656/905 879/667/908 920/676/909 919/664/906
f 879/667/908 878/690/910 921/677/911 920/676/909
f 878/690/910 877/692/896 922/678/912 921/677/911
f 885/694/913 884/695/914 906/696/915 917/697/916
f 884/695/914 883/700/917 907/701/918 906/696/915
f 883/700/917 882/710/919 908/711/920 907/701/918
f 882/1166/919 893/1157/904 909/1156/921 908/1167/920
f 889/1427/899 888/1432/922 925/1438/923 924/1434/924
f 888/717/922 887/707/925 926/716/926 925/726/927
f 887/707/925 886/698/928 927/706/929 926/716/926
f 886/698/928 885/694/913 923/705/930 927/706/929
f 901/1441/931 900/1442/932 928/1443/933 932/1444/934
f 900/691/932 899/685/935 929/674/936 928/673/937
f 899/685/935 898/660/938 930/675/939 929/674/936
f 898/660/938 897/654/895 931/659/940 930/675/939
f 905/1149/889 904/1154/941 910/1163/942 909/1156/921
f 904/1154/941 903/1165/943 911/1172/944 910/1163/942
f 903/1165/943 902/1175/945 912/1178/946 911/1172/944
f 902/1445/945 901/1441/931 913/1448/947 912/1449/946
f 917/697/916 916/702/948 933/713/949 937/704/950
f 916/702/948 915/715/951 934/723/952 933/713/949
f 915/715/951 914/725/953 935/729/954 934/723/952
f 914/1452/953 913/1448/947 936/1447/955 935/1453/954
s 38
f 809/1393/826 821/1396/829 856/1401/855 854/1402/842
f 833/1413/861 864/1420/864 868/1421/884 845/1414/876
f 837/1112/819 841/1119/852 825/1120/834 805/1109/816
f 817/616/844 849/619/847 869/626/879 855/627/860
f 829/576/825 813/575/824 850/580/837 863/581/869
s 42
f 877/1424/896 889/1427/899 924/1434/924 922/1435/912
f 901/1441/931 932/1444/934 936/1447/955 913/1448/947
f 905/1149/889 909/1156/921 893/1157/904 873/1146/886
f 885/694/913 917/697/916 937/704/950 923/705/930
f 897/654/895 881/653/894 918/658/907 931/659/940
s 38
f 865/590/956 866/591/957 867/592/958 868/593/959 864/594/960 860/595/961 861/596/866 862/597/868 863/581/869 850/580/837 851/586/836 852/598/839 853/599/962 854/600/963 856/601/964 857/602/965 858/603/966 859/604/967 855/605/968 869/606/969
s 42
f 933/668/970 934/669/971 935/670/972 936/671/973 932/672/974 928/673/975 929/674/936 930/675/939 931/659/940 918/658/907 919/664/906 920/676/909 921/677/976 922/678/977 924/679/978 925/680/979 926/681/980 927/682/981 923/683/982 937/684/983
s 38
f 812/578/835 813/575/824 802/574/822 938/579/984
f 938/579/984 802/574/822 803/584/820 939/587/985
f 939/1124/985 803/1115/820 804/1110/817 940/1114/986
f 804/1110/817 805/1109/816 806/1113/832 940/1114/986
f 940/1114/986 806/1113/832 807/1122/830 941/1123/987
f 941/1123/987 807/1122/830 808/1133/827 942/1134/988
f 808/1394/827 809/1393/826 810/1397/840 942/1398/988
f 942/1398/988 810/1397/840 811/1404/838 943/1405/989
f 943/588/989 811/589/838 812/578/835 938/579/984
f 943/588/989 938/579/984 939/587/985 944/610/990
f 939/1124/985 940/1114/986 941/1123/987 944/1135/990
f 941/1123/987 942/1134/988 943/1141/989 944/1135/990
f 824/1121/833 825/1120/834 814/1129/850 945/1131/991
f 945/642/991 814/632/850 815/622/848 946/631/992
f 946/631/992 815/622/848 816/617/845 947/621/993
f 816/617/845 817/616/844 818/620/858 947/621/993
f 947/621/993 818/620/858 819/629/856 948/630/994
f 948/630/994 819/629/856 820/639/853 949/640/995
f 820/1399/853 821/1396/829 822/1395/828 949/1400/995
f 949/1143/995 822/1140/828 823/1132/831 950/1139/996
f 950/1139/996 823/1132/831 824/1121/833 945/1131/991
f 950/649/996 945/642/991 946/631/992 951/641/997
f 946/631/992 947/621/993 948/630/994 951/641/997
f 948/1144/994 949/1143/995 950/1139/996 951/1145/997
f 836/1117/870 837/1112/819 826/1111/818 952/1118/998
f 952/1118/998 826/1111/818 827/1116/821 953/1125/999
f 953/609/999 827/585/821 828/577/823 954/583/1000
f 828/577/823 829/576/825 830/582/867 954/583/1000
f 954/583/1000 830/582/867 831/607/865 955/608/1001
f 955/608/1001 831/607/865 832/612/862 956/614/1002
f 832/1417/862 833/1413/861 834/1408/874 956/1411/1002
f 956/1411/1002 834/1408/874 835/1407/872 957/1412/1003
f 957/1127/1003 835/1128/872 836/1117/870 952/1118/998
f 957/1127/1003 952/1118/998 953/1125/999 958/1136/1004
f 953/609/999 954/583/1000 955/608/1001 958/615/1004
f 955/1418/1001 956/1411/1002 957/1412/1003 958/1419/1004
f 848/624/877 849/619/847 838/618/846 959/625/1005
f 959/625/1005 838/618/846 839/623/849 960/634/1006
f 960/634/1006 839/623/849 840/633/851 961/643/1007
f 840/1130/851 841/1119/852 842/1126/871 961/1138/1007
f 961/1138/1007 842/1126/871 843/1137/873 962/1142/1008
f 962/1415/1008 843/1410/873 844/1409/875 963/1416/1009
f 844/1409/875 845/1414/876 846/1422/882 963/1416/1009
f 963/646/1009 846/647/882 847/637/880 964/636/1010
f 964/636/1010 847/637/880 848/624/877 959/625/1005
f 964/636/1010 959/625/1005 960/634/1006 965/644/1011
f 960/634/1006 961/643/1007 962/650/1008 965/644/1011
f 962/650/1008 963/646/1009 964/636/1010 965/644/1011
s 42
f 880/656/905 881/653/894 870/652/892 966/657/1012
f 966/657/1012 870/652/892 871/662/890 967/665/1013
f 967/1161/1013 871/1152/890 872/1147/887 968/1151/1014
f 872/1147/887 873/1146/886 874/1150/902 968/1151/1014
f 968/1151/1014 874/1150/902 875/1159/900 969/1160/1015
f 969/1436/1015 875/1430/900 876/1425/897 970/1429/1016
f 876/1425/897 877/1424/896 878/1428/910 970/1429/1016
f 970/689/1016 878/690/910 879/667/908 971/666/1017
f 971/666/1017 879/667/908 880/656/905 966/657/1012
f 971/666/1017 966/657/1012 967/665/1013 972/688/1018
f 967/1161/1013 968/1151/1014 969/1160/1015 972/1170/1018
f 969/1436/1015 970/1429/1016 971/1439/1017 972/1440/1018
f 892/1158/903 893/1157/904 882/1166/919 973/1168/1019
f 973/720/1019 882/710/919 883/700/917 974/709/1020
f 974/709/1020 883/700/917 884/695/914 975/699/1021
f 884/695/914 885/694/913 886/698/928 975/699/1021
f 975/699/1021 886/698/928 887/707/925 976/708/1022
f 976/708/1022 887/707/925 888/717/922 977/718/1023
f 888/1432/922 889/1427/899 890/1426/898 977/1433/1023
f 977/1433/1023 890/1426/898 891/1431/901 978/1437/1024
f 978/1176/1024 891/1169/901 892/1158/903 973/1168/1019
f 978/727/1024 973/720/1019 974/709/1020 979/719/1025
f 974/709/1020 975/699/1021 976/708/1022 979/719/1025
f 976/708/1022 977/718/1023 978/727/1024 979/719/1025
f 904/1154/941 905/1149/889 894/1148/888 980/1155/1026
f 980/1155/1026 894/1148/888 895/1153/891 981/1162/1027
f 981/687/1027 895/663/891 896/655/893 982/661/1028
f 896/655/893 897/654/895 898/660/938 982/661/1028
f 982/661/1028 898/660/938 899/685/935 983/686/1029
f 983/1450/1029 899/1451/935 900/1442/932 984/1446/1030
f 900/1442/932 901/1441/931 902/1445/945 984/1446/1030
f 984/1174/1030 902/1175/945 903/1165/943 985/1164/1031
f 985/1164/1031 903/1165/943 904/1154/941 980/1155/1026
f 985/1164/1031 980/1155/1026 981/1162/1027 986/1171/1032
f 981/687/1027 982/661/1028 983/686/1029 986/693/1032
f 983/1177/1029 984/1174/1030 985/1164/1031 986/1171/1032
f 916/702/948 917/697/916 906/696/915 987/703/1033
f 987/703/1033 906/696/915 907/701/918 988/712/1034
f 988/712/1034 907/701/918 908/711/920 989/721/1035
f 908/1167/920 909/1156/921 910/1163/942 989/1173/1035
f 989/1173/1035 910/1163/942 911/1172/944 990/1179/1036
f 990/1179/1036 911/1172/944 912/1178/946 991/1180/1037
f 912/1449/946 913/1448/947 914/1452/953 991/1454/1037
f 991/724/1037 914/725/953 915/715/951 992/714/1038
f 992/714/1038 915/715/951 916/702/948 987/703/1033
f 992/714/1038 987/703/1033 988/712/1034 993/722/1039
f 988/712/1034 989/721/1035 990/728/1036 993/722/1039
f 990/1455/1036 991/1456/1037 992/1457/1038 993/1458/1039
g default
v -4.076724 5.774951 4.126761
v -4.058458 5.756685 4.126761
v -4.033506 5.750000 4.126761
v -4.033506 5.756685 4.151713
v -4.033506 5.774951 4.169979
v -4.033506 5.799902 4.176664
v -4.058458 5.799902 4.169979
v -4.076724 5.799902 4.151713
v -4.083409 5.799902 4.126761
v -3.589578 5.756685 4.126761
v -3.571312 5.774951 4.126761
v -3.564626 5.799902 4.126761
v -3.571312 5.799902 4.151713
v -3.589578 5.799902 4.169979
v -3.614529 5.799902 4.176664
v -3.614529 5.774951 4.169979
v -3.614529 5.756685 4.151713
v -3.614529 5.750000 4.126761
v -4.058458 6.262096 4.126761
v -4.076724 6.243831 4.126761
v -4.083409 6.218879 4.126761
v -4.076724 6.218879 4.151713
v -4.058458 6.218879 4.169979
v -4.033506 6.218879 4.176664
v -4.033506 6.243831 4.169979
v -4.033506 6.262096 4.151713
v -4.033506 6.268782 4.126761
v -3.571312 6.243831 4.126761
v -3.589578 6.262096 4.126761
v -3.614529 6.268782 4.126761
v -3.614529 6.262096 4.151713
v -3.614529 6.243831 4.169979
v -3.614529 6.218879 4.176664
v -3.589578 6.218879 4.169979
v -3.571312 6.218879 4.151713
v -3.564626 6.218879 4.126761
v -4.076724 6.243831 -3.993560
v -4.058458 6.262096 -3.993560
v -4.033506 6.268782 -3.993560
v -4.033506 6.262096 -4.018511
v -4.033506 6.243831 -4.036777
v -4.033506 6.218879 -4.043463
v -4.058458 6.218879 -4.036777
v -4.076724 6.218879 -4.018511
v -4.083409 6.218879 -3.993560
v -3.564626 6.218879 -4.043463
v -3.564626 6.243831 -4.036777
v -3.564626 6.262096 -4.018511
v -3.564626 6.268782 -3.993560
v -4.058458 5.756685 -3.993560
v -4.076724 5.774951 -3.993560
v -4.083409 5.799902 -3.993560
v -4.076724 5.799902 -4.018511
v -4.058458 5.799902 -4.036777
v -4.033506 5.799902 -4.043463
v -4.033506 5.774951 -4.036777
v -4.033506 5.756685 -4.018511
v -4.033506 5.750000 -3.993560
v -3.564626 5.750000 -3.993560
v -3.564626 5.756685 -4.018511
v -3.564626 5.774951 -4.036777
v -3.564626 5.799902 -4.043463
v -4.033506 6.268782 -3.544386
v -4.058458 6.262096 -3.544386
v -4.076724 6.243831 -3.544386
v -4.083409 6.218879 -3.544386
v -3.514724 6.218879 -3.544386
v -3.521410 6.243831 -3.551071
v -3.539675 6.262096 -3.569337
v -3.564626 6.268782 -3.594288
v -3.614529 6.268782 -3.544386
v -3.589578 6.262096 -3.519434
v -3.571312 6.243831 -3.501169
v -3.564626 6.218879 -3.494483
v -3.557941 6.218879 -3.519434
v -3.539675 6.218879 -3.537700
v -3.589578 6.268782 -3.587603
v -3.607843 6.268782 -3.569337
v -4.083409 5.799902 -3.544386
v -4.076724 5.774951 -3.544386
v -4.058458 5.756685 -3.544386
v -4.033506 5.750000 -3.544386
v -3.539675 5.756685 -3.569337
v -3.521410 5.774951 -3.551071
v -3.514724 5.799902 -3.544386
v -3.539675 5.799902 -3.537700
v -3.557941 5.799902 -3.519434
v -3.564626 5.799902 -3.494483
v -3.571312 5.774951 -3.501169
v -3.589578 5.756685 -3.519434
v -3.614529 5.750000 -3.544386
v -3.564626 5.750000 -3.594288
v -3.607843 5.750000 -3.569337
v -3.589578 5.750000 -3.587603
v 4.148681 5.756685 -3.594288
v 4.166947 5.774951 -3.594288
v 4.173633 5.799902 -3.594288
v 4.166947 5.799902 -3.569337
v 4.148681 5.799902 -3.551071
v 4.123730 5.799902 -3.544386
v 4.123730 5.774951 -3.551071
v 4.123730 5.756685 -3.569337
v 4.123730 5.750000 -3.594288
v 4.166947 6.243831 -3.594288
v 4.148681 6.262096 -3.594288
v 4.123730 6.268782 -3.594288
v 4.123730 6.262096 -3.569337
v 4.123730 6.243831 -3.551071
v 4.123730 6.218879 -3.544386
v 4.148681 6.218879 -3.551071
v 4.166947 6.218879 -3.569337
v 4.173633 6.218879 -3.594288
v 4.148681 5.799902 -4.036777
v 4.166947 5.799902 -4.018511
v 4.173633 5.799902 -3.993560
v 4.166947 5.774951 -3.993560
v 4.148681 5.756685 -3.993560
v 4.123730 5.750000 -3.993560
v 4.123730 5.756685 -4.018511
v 4.123730 5.774951 -4.036777
v 4.123730 5.799902 -4.043463
v 4.148681 6.262096 -3.993560
v 4.166947 6.243831 -3.993560
v 4.173633 6.218879 -3.993560
v 4.166947 6.218879 -4.018511
v 4.148681 6.218879 -4.036777
v 4.123730 6.218879 -4.043463
v 4.123730 6.243831 -4.036777
v 4.123730 6.262096 -4.018511
v 4.123730 6.268782 -3.993560
v -4.072971 5.778340 4.148324
v -4.055068 5.760438 4.148324
v -4.055068 5.778340 4.166226
v -3.592967 5.760438 4.148324
v -3.575065 5.778340 4.148324
v -3.592967 5.778340 4.166226
v -4.055068 6.258344 4.148324
v -4.072971 6.240441 4.148324
v -4.055068 6.240441 4.166226
v -3.575065 6.240441 4.148324
v -3.592967 6.258344 4.148324
v -3.592967 6.240441 4.166226
v -4.072971 6.240441 -4.015122
v -4.055068 6.258344 -4.015122
v -4.055068 6.240441 -4.033024
v -4.055068 5.760438 -4.015122
v -4.072971 5.778340 -4.015122
v -4.055068 5.778340 -4.033024
v -3.546361 6.243831 -3.544386
v -3.564626 6.262096 -3.562651
v -3.582892 6.262096 -3.544386
v -3.564626 6.243831 -3.526120
v -3.564626 5.756685 -3.562651
v -3.546361 5.774951 -3.544386
v -3.564626 5.774951 -3.526120
v -3.582892 5.756685 -3.544386
v 4.145292 5.760438 -3.572726
v 4.163194 5.778340 -3.572726
v 4.145292 5.778340 -3.554824
v 4.163194 6.240441 -3.572726
v 4.145292 6.258344 -3.572726
v 4.145292 6.240441 -3.554824
v 4.145292 5.778340 -4.033024
v 4.163194 5.778340 -4.015122
v 4.145292 5.760438 -4.015122
v 4.145292 6.258344 -4.015122
v 4.163194 6.240441 -4.015122
v 4.145292 6.240441 -4.033024
vt 0.033319 0.504479
vt 0.033319 0.502971
vt 0.058647 0.502971
vt 0.058647 0.504479
vt 0.031810 0.504479
vt 0.032015 0.503175
vt 0.033319 0.501866
vt 0.058647 0.501866
vt 0.060156 0.504479
vt 0.059951 0.503175
vt 0.033319 0.968229
vt 0.058647 0.968229
vt 0.031810 0.968229
vt 0.030706 0.504479
vt 0.030933 0.503175
vt 0.032015 0.502093
vt 0.059951 0.502093
vt 0.060156 0.968229
vt 0.061033 0.503175
vt 0.061260 0.504479
vt 0.033319 0.995384
vt 0.058647 0.995384
vt 0.031810 0.995384
vt 0.030706 0.968229
vt 0.061260 0.968229
vt 0.060156 0.995384
vt 0.058647 0.996892
vt 0.033319 0.996892
vt 0.032015 0.996687
vt 0.030706 0.995384
vt 0.061260 0.995384
vt 0.059951 0.996687
vt 0.058647 0.997996
vt 0.033319 0.997996
vt 0.032015 0.997769
vt 0.030933 0.996687
vt 0.061033 0.996687
vt 0.059951 0.997769
vt 0.064732 0.965605
vt 0.063224 0.965605
vt 0.063224 0.504467
vt 0.064732 0.504871
vt 0.064732 0.967114
vt 0.063428 0.966909
vt 0.062119 0.965605
vt 0.062119 0.503363
vt 0.064732 0.503363
vt 0.063224 0.502959
vt 0.090061 0.504871
vt 0.090061 0.965605
vt 0.090061 0.967114
vt 0.064732 0.968218
vt 0.063428 0.967991
vt 0.062346 0.966909
vt 0.062119 0.501855
vt 0.090061 0.503363
vt 0.063224 0.501855
vt 0.064732 0.502259
vt 0.091569 0.965605
vt 0.091569 0.504467
vt 0.091364 0.966909
vt 0.090061 0.968218
vt 0.091569 0.502959
vt 0.090061 0.502259
vt 0.092673 0.965605
vt 0.092673 0.503363
vt 0.092447 0.966909
vt 0.091364 0.967991
vt 0.091569 0.501855
vt 0.092673 0.501855
vt 0.003297 0.471841
vt 0.003297 0.470333
vt 0.027434 0.470333
vt 0.027434 0.471841
vt 0.001788 0.471841
vt 0.001993 0.470538
vt 0.003297 0.469229
vt 0.027434 0.469229
vt 0.028943 0.471841
vt 0.028738 0.470538
vt 0.003297 0.497170
vt 0.027434 0.497170
vt 0.001788 0.497170
vt 0.000684 0.471841
vt 0.000911 0.470538
vt 0.001993 0.469456
vt 0.028738 0.469456
vt 0.028943 0.497170
vt 0.029820 0.470538
vt 0.030047 0.471841
vt 0.003297 0.498678
vt 0.027434 0.498678
vt 0.001993 0.498474
vt 0.000684 0.497170
vt 0.030047 0.497170
vt 0.028738 0.498474
vt 0.003297 0.499783
vt 0.027434 0.499783
vt 0.001993 0.499556
vt 0.000911 0.498474
vt 0.029820 0.498474
vt 0.028738 0.499556
vt 0.496314 0.996471
vt 0.494806 0.996471
vt 0.494806 0.971142
vt 0.496314 0.971142
vt 0.494806 0.997979
vt 0.496109 0.997774
vt 0.031055 0.996471
vt 0.031055 0.971142
vt 0.494806 0.969634
vt 0.496109 0.969839
vt 0.497418 0.996471
vt 0.497418 0.971142
vt 0.031055 0.997979
vt 0.497191 0.997774
vt 0.003901 0.996471
vt 0.003901 0.968125
vt 0.028038 0.968125
vt 0.028442 0.969634
vt 0.029547 0.970738
vt 0.032563 0.969634
vt 0.497191 0.969839
vt 0.003901 0.997979
vt 0.002392 0.996471
vt 0.002392 0.968125
vt 0.028038 0.503334
vt 0.003901 0.503334
vt 0.029547 0.966617
vt 0.029951 0.968125
vt 0.031055 0.969229
vt 0.002597 0.997774
vt 0.001288 0.996471
vt 0.001288 0.968125
vt 0.002392 0.503334
vt 0.029547 0.503334
vt 0.028038 0.501826
vt 0.003901 0.501826
vt 0.030651 0.965513
vt 0.031055 0.967021
vt 0.032159 0.968125
vt 0.001515 0.997774
vt 0.001288 0.503334
vt 0.002597 0.502031
vt 0.029342 0.502031
vt 0.030651 0.503334
vt 0.001515 0.502031
vt 0.030424 0.502031
vt 0.004400 0.503621
vt 0.004405 0.502112
vt 0.029734 0.502198
vt 0.029729 0.503706
vt 0.002892 0.503616
vt 0.003101 0.502313
vt 0.004409 0.501008
vt 0.029738 0.501093
vt 0.031237 0.503711
vt 0.031037 0.502407
vt 0.028166 0.967454
vt 0.002837 0.967368
vt 0.001329 0.967363
vt 0.003105 0.501230
vt 0.031040 0.501325
vt 0.029679 0.965950
vt 0.028565 0.968964
vt 0.029665 0.970071
vt 0.031172 0.970481
vt 0.031091 0.994618
vt 0.002746 0.994523
vt 0.001237 0.994517
vt 0.030078 0.967460
vt 0.031179 0.968568
vt 0.032686 0.968977
vt 0.495961 0.972047
vt 0.495879 0.996184
vt 0.002741 0.996031
vt 0.031086 0.996127
vt 0.001438 0.995822
vt 0.032287 0.967468
vt 0.031186 0.966360
vt 0.495966 0.970539
vt 0.033794 0.967877
vt 0.497469 0.972052
vt 0.497388 0.996190
vt 0.495874 0.997693
vt 0.002737 0.997135
vt 0.031082 0.997231
vt 0.001434 0.996904
vt 0.495969 0.969435
vt 0.497269 0.970748
vt 0.497178 0.997492
vt 0.495870 0.998797
vt 0.497272 0.969666
vt 0.497175 0.998575
vt 0.002701 0.497170
vt 0.001193 0.497170
vt 0.001193 0.471841
vt 0.002701 0.471841
vt 0.002701 0.498679
vt 0.001398 0.498474
vt 0.002701 0.470333
vt 0.001398 0.470538
vt 0.028030 0.471841
vt 0.028030 0.497170
vt 0.028030 0.498679
vt 0.028030 0.470333
vt 0.029538 0.497170
vt 0.029538 0.471841
vt 0.029333 0.498474
vt 0.029333 0.470538
vt 0.033319 0.996500
vt 0.031810 0.996500
vt 0.031810 0.968154
vt 0.033319 0.968154
vt 0.033319 0.998008
vt 0.032015 0.997803
vt 0.031810 0.503363
vt 0.033319 0.503363
vt 0.058647 0.968154
vt 0.058647 0.996500
vt 0.058647 0.998008
vt 0.033319 0.501855
vt 0.032015 0.502060
vt 0.058647 0.503363
vt 0.060156 0.996500
vt 0.060156 0.968154
vt 0.059951 0.997803
vt 0.058647 0.501855
vt 0.060156 0.503363
vt 0.059951 0.502060
vt 0.091569 0.966125
vt 0.090061 0.965721
vt 0.090061 0.503947
vt 0.091569 0.503947
vt 0.090061 0.967229
vt 0.091569 0.967634
vt 0.064732 0.965721
vt 0.064732 0.503947
vt 0.090061 0.502439
vt 0.091364 0.502644
vt 0.064732 0.967229
vt 0.063224 0.966125
vt 0.063224 0.503947
vt 0.064732 0.502439
vt 0.063224 0.967634
vt 0.063429 0.502644
vn -0.014851 -0.014851 0.999779
vn -0.011389 -0.499803 0.866064
vn 0.011389 -0.499803 0.866064
vn 0.014851 -0.014851 0.999779
vn -0.011389 -0.866068 0.499797
vn 0.011389 -0.866068 0.499797
vn -0.015047 -0.999886 0.000856
vn 0.015024 -0.999887 0.000856
vn -0.999886 -0.015047 0.000856
vn -0.866064 -0.011389 0.499803
vn -0.866064 0.011389 0.499803
vn -0.999886 0.015047 0.000856
vn -0.499802 -0.011388 0.866065
vn -0.499802 0.011388 0.866065
vn -0.014851 0.014851 0.999779
vn 0.999886 -0.015053 0.000862
vn 0.865925 -0.500174 0.000654
vn 0.830897 -0.556426 0.000644
vn 0.999849 -0.017335 0.000861
vn 0.707113 -0.707100 0.000648
vn 0.400021 -0.916506 0.000457
vn 0.258758 -0.965942 0.000613
vn 0.007420 -0.999973 0.000017
vn 0.257737 -0.010722 0.966156
vn 0.257737 0.010722 0.966156
vn 0.014851 0.014851 0.999779
vn 0.707063 -0.011275 0.707061
vn 0.866065 -0.011389 0.499801
vn 0.866065 0.011389 0.499802
vn 0.707062 0.011275 0.707061
vn 0.999886 0.015053 0.000862
vn -0.015047 0.999886 0.000856
vn -0.011389 0.866063 0.499804
vn 0.011389 0.866063 0.499805
vn 0.015024 0.999887 0.000856
vn -0.011389 0.499799 0.866067
vn 0.011389 0.499799 0.866067
vn 0.258758 0.965942 0.000613
vn 0.400021 0.916506 0.000457
vn 0.007420 0.999973 0.000017
vn 0.707113 0.707100 0.000648
vn 0.865925 0.500174 0.000654
vn 0.830897 0.556426 0.000644
vn 0.999849 0.017335 0.000861
vn -0.013470 0.999811 -0.014038
vn -0.499817 0.866066 -0.010656
vn -0.500000 0.866026 0.000000
vn -0.014973 0.999888 0.000000
vn -0.866065 0.499818 -0.010656
vn -0.866025 0.500000 0.000000
vn -0.999793 0.014865 -0.013905
vn -0.999887 0.015059 0.000000
vn -0.013350 0.014872 -0.999800
vn -0.010227 0.499825 -0.866066
vn 0.000000 0.500002 -0.866025
vn 0.000000 0.015059 -0.999887
vn -0.010227 0.866066 -0.499826
vn 0.000000 0.866023 -0.500005
vn 0.000000 0.999877 -0.015661
vn -0.866064 0.011389 -0.499803
vn -0.866064 -0.011389 -0.499803
vn -0.999793 -0.014865 -0.013905
vn -0.499805 0.011388 -0.866063
vn -0.499805 -0.011388 -0.866063
vn -0.013350 -0.014872 -0.999800
vn -0.866065 -0.499818 -0.010656
vn -0.866025 -0.500000 0.000000
vn -0.999887 -0.015059 0.000000
vn -0.499817 -0.866066 -0.010656
vn -0.500000 -0.866026 0.000000
vn -0.013470 -0.999811 -0.014037
vn -0.014973 -0.999888 0.000000
vn -0.010227 -0.866066 -0.499826
vn 0.000000 -0.866027 -0.499998
vn 0.000000 -0.999877 -0.015661
vn -0.010227 -0.499825 -0.866066
vn 0.000000 -0.500001 -0.866025
vn 0.000000 -0.015059 -0.999887
vn 0.000017 0.999970 0.007751
vn 0.000456 0.916501 0.400032
vn 0.000612 0.965937 0.258777
vn 0.000854 0.999876 0.015723
vn 0.000643 0.556431 0.830894
vn 0.000653 0.500178 0.865922
vn 0.000647 0.707108 0.707106
vn 0.000859 0.017335 0.999849
vn 0.000860 0.015053 0.999886
vn 0.499144 0.021581 0.866250
vn 0.499144 -0.021581 0.866250
vn 0.000859 -0.017335 0.999849
vn 0.866249 0.021582 0.499147
vn 0.866249 -0.021581 0.499147
vn 0.000643 -0.556431 0.830894
vn 0.000653 -0.500178 0.865922
vn 0.000860 -0.015053 0.999886
vn 0.000456 -0.916506 0.400020
vn 0.000647 -0.707107 0.707106
vn 0.000017 -0.999970 0.007751
vn 0.000854 -0.999876 0.015722
vn 0.000612 -0.965942 0.258759
vn 0.999769 -0.014842 0.015541
vn 0.866063 -0.499792 0.011923
vn 0.866063 -0.499792 -0.011923
vn 0.999769 -0.014842 -0.015541
vn 0.499791 -0.866064 0.011923
vn 0.499791 -0.866064 -0.011923
vn 0.000854 -0.999876 -0.015746
vn 0.499802 -0.011388 0.866065
vn 0.499801 0.011389 0.866065
vn 0.707060 -0.011275 0.707064
vn 0.707060 0.011275 0.707063
vn 0.966156 -0.010722 0.257735
vn 0.999769 0.014842 0.015541
vn 0.966156 0.010723 0.257735
vn 0.499791 0.866064 0.011923
vn 0.499791 0.866064 -0.011923
vn 0.000854 0.999876 -0.015746
vn 0.866063 0.499793 0.011923
vn 0.866063 0.499792 -0.011923
vn 0.999769 0.014842 -0.015541
vn 0.866064 -0.011388 -0.499803
vn 0.866064 0.011388 -0.499803
vn 0.499805 -0.011388 -0.866063
vn 0.499805 0.011388 -0.866063
vn 0.000854 -0.015047 -0.999886
vn 0.000854 0.015047 -0.999886
vn 0.000671 1.000000 0.000436
vn 0.000436 1.000000 0.000671
vn 0.000436 -1.000000 0.000671
vn 0.000671 -1.000000 0.000436
vn 0.000649 0.866028 -0.499996
vn 0.000649 0.499992 -0.866030
vn 0.000649 -0.499992 -0.866030
vn 0.000649 -0.866032 -0.499988
vn -0.866031 0.499991 0.000651
vn -0.499990 0.866031 0.000651
vn -0.499990 -0.866031 0.000651
vn -0.866031 -0.499991 0.000651
vn -0.946100 -0.229026 0.229001
vn -0.707845 -0.499474 0.499480
vn -0.499486 -0.707832 0.499487
vn -0.229009 -0.946106 0.228993
vn -0.499493 -0.499476 0.707835
vn -0.229012 -0.229007 0.946102
vn 0.229012 -0.946107 0.228987
vn 0.499490 -0.707833 0.499482
vn 0.707845 -0.499483 0.499472
vn 0.946103 -0.229012 0.229002
vn 0.499490 -0.499483 0.707833
vn 0.229011 -0.229010 0.946102
vn -0.229008 0.946106 0.228996
vn -0.499491 0.707839 0.499473
vn -0.707845 0.499475 0.499479
vn -0.946099 0.229024 0.229008
vn -0.499495 0.499478 0.707832
vn -0.229009 0.229007 0.946103
vn 0.946101 0.229016 0.229008
vn 0.707844 0.499478 0.499479
vn 0.499493 0.707838 0.499472
vn 0.229011 0.946102 0.229008
vn 0.499492 0.499481 0.707833
vn 0.229015 0.229006 0.946102
vn -0.946101 0.229019 -0.229005
vn -0.707838 0.499481 -0.499483
vn -0.499481 0.707842 -0.499479
vn -0.229010 0.946102 -0.229008
vn -0.499476 0.499484 -0.707841
vn -0.229014 0.229010 -0.946101
vn -0.229010 -0.946105 -0.228999
vn -0.499481 -0.707834 -0.499490
vn -0.707836 -0.499480 -0.499488
vn -0.946102 -0.229022 -0.228999
vn -0.499477 -0.499479 -0.707845
vn -0.229011 -0.229010 -0.946102
vn 0.482333 0.344986 0.805195
vn 0.280659 0.804352 0.523688
vn 0.184918 0.932838 0.309223
vn 0.309228 0.932836 0.184919
vn 0.523687 0.804351 0.280663
vn 0.805197 0.344991 0.482327
vn 0.184919 -0.932837 0.309225
vn 0.280660 -0.804352 0.523687
vn 0.482334 -0.344982 0.805197
vn 0.805198 -0.344983 0.482331
vn 0.523691 -0.804350 0.280659
vn 0.309230 -0.932836 0.184917
vn 0.229011 -0.946104 0.229000
vn 0.499480 -0.707835 0.499488
vn 0.707837 -0.499482 0.499483
vn 0.946103 -0.229013 0.229003
vn 0.499479 -0.499481 0.707842
vn 0.229024 -0.229009 0.946099
vn 0.946100 0.229019 0.229011
vn 0.707837 0.499486 0.499480
vn 0.499481 0.707844 0.499475
vn 0.229010 0.946102 0.229008
vn 0.499484 0.499484 0.707836
vn 0.229019 0.229011 0.946100
vn 0.229012 -0.229008 -0.946102
vn 0.499477 -0.499476 -0.707847
vn 0.707839 -0.499479 -0.499484
vn 0.946105 -0.229009 -0.228999
vn 0.499476 -0.707835 -0.499493
vn 0.229011 -0.946105 -0.228996
vn 0.229010 0.946105 -0.228999
vn 0.499486 0.707839 -0.499478
vn 0.707839 0.499479 -0.499485
vn 0.946103 0.229009 -0.229006
vn 0.499484 0.499476 -0.707842
vn 0.229009 0.229007 -0.946103
s 1
g Roof
usemtl lambert5SG
f 999/1653/1040 998/1654/1041 1009/1655/1042 1008/1656/1043
f 998/1571/1041 997/1561/1044 1010/1564/1045 1009/1572/1042
f 997/1561/1044 996/1562/1046 1011/1563/1047 1010/1564/1045
f 1002/1459/1048 1001/1460/1049 1015/1461/1050 1014/1462/1051
f 1001/1460/1049 1000/1465/1052 1016/1466/1053 1015/1461/1050
f 1000/1657/1052 999/1653/1040 1017/1662/1054 1016/1663/1053
f 1005/1497/1055 1004/1498/1056 1082/1499/1057 1081/1500/1058
f 1004/1498/1056 1003/1503/1059 1083/1504/1060 1082/1499/1057
f 1003/1569/1061 1011/1563/1047 1084/1568/1062 1083/1580/1060
f 1008/1656/1043 1007/1659/1063 1027/1664/1064 1026/1661/1065
f 1007/1510/1066 1006/1501/1067 1028/1509/1068 1027/1520/1069
f 1006/1501/1067 1005/1497/1055 1029/1508/1070 1028/1509/1068
f 1020/1607/1071 1019/1608/1072 1024/1609/1073 1023/1610/1074
f 1019/1608/1072 1018/1613/1075 1025/1614/1076 1024/1609/1073
f 1018/1665/1075 1017/1662/1054 1026/1661/1065 1025/1666/1076
f 1023/1610/1074 1022/1615/1077 1065/1622/1078 1064/1617/1079
f 1022/1523/1080 1021/1517/1081 1066/1518/1082 1065/1524/1078
f 1021/1517/1081 1029/1508/1070 1067/1507/1083 1066/1518/1082
f 1032/1627/1084 1031/1628/1085 1057/1619/1086 1056/1618/1087
f 1031/1489/1085 1030/1484/1088 1058/1476/1089 1057/1483/1086
f 1030/1484/1088 1038/1480/1090 1059/1470/1091 1058/1476/1089
f 1035/1669/1092 1034/1670/1093 1040/1671/1094 1039/1672/1095
f 1034/1644/1093 1033/1634/1096 1041/1635/1097 1040/1645/1094
f 1033/1634/1096 1032/1627/1084 1042/1626/1098 1041/1635/1097
f 1038/1480/1090 1037/1485/1099 1046/1486/1100 1045/1479/1101
f 1037/1485/1099 1036/1491/1102 1047/1492/1103 1046/1486/1100
f 1036/1673/1102 1035/1669/1092 1048/1678/1104 1047/1679/1103
f 1045/1479/1101 1044/1481/1105 1073/1471/1106 1072/1469/1107
f 1044/1481/1105 1043/1488/1108 1074/1482/1109 1073/1471/1106
f 1043/1582/1108 1051/1575/1110 1075/1567/1111 1074/1573/1109
f 1051/1575/1110 1050/1583/1112 1053/1584/1113 1052/1576/1114
f 1050/1583/1112 1049/1591/1115 1054/1592/1116 1053/1584/1113
f 1049/1683/1115 1048/1678/1104 1055/1677/1117 1054/1684/1116
f 1063/1625/1118 1062/1631/1119 1100/1639/1120 1099/1632/1121
f 1062/1631/1119 1061/1640/1122 1101/1647/1123 1100/1639/1124
f 1061/1689/1122 1060/1690/1125 1102/1691/1126 1101/1692/1123
f 1060/1690/1125 1069/1693/1127 1079/1699/1128 1078/1695/1129
f 1069/1522/1127 1068/1514/1130 1080/1505/1131 1079/1516/1128
f 1068/1514/1130 1067/1507/1083 1081/1500/1058 1080/1505/1131
f 1078/1695/1129 1077/1700/1132 1094/1701/1133 1093/1696/1134
f 1077/1597/1132 1076/1587/1135 1095/1594/1136 1094/1604/1133
f 1076/1587/1135 1085/1577/1137 1096/1585/1138 1095/1594/1139
f 1090/1529/1140 1089/1530/1141 1109/1531/1142 1108/1532/1143
f 1089/1530/1141 1088/1535/1144 1110/1536/1145 1109/1531/1142
f 1088/1595/1144 1096/1585/1138 1111/1586/1146 1110/1596/1145
f 1093/1696/1134 1092/1702/1147 1103/1697/1148 1102/1691/1126
f 1092/1542/1147 1091/1533/1149 1104/1541/1150 1103/1552/1148
f 1091/1533/1151 1090/1529/1140 1105/1539/1152 1104/1541/1153
f 1099/1632/1121 1098/1641/1154 1115/1642/1155 1123/1633/1156
f 1098/1555/1154 1097/1549/1157 1116/1550/1158 1115/1556/1155
f 1097/1549/1157 1105/1539/1152 1117/1540/1159 1116/1550/1158
f 1108/1532/1143 1107/1537/1160 1118/1546/1161 1117/1540/1159
f 1107/1537/1160 1106/1548/1162 1119/1553/1163 1118/1546/1161
f 1106/1686/1162 1114/1682/1164 1120/1676/1165 1119/1680/1163
f 999/1653/1040 1008/1656/1043 1026/1661/1065 1017/1662/1054
f 1020/1607/1071 1023/1610/1074 1064/1617/1079 1056/1618/1087
f 1035/1669/1092 1039/1672/1095 1055/1677/1117 1048/1678/1104
f 1075/1567/1111 1084/1568/1062 1011/1563/1047 996/1562/1046
f 1072/1469/1107 1002/1459/1048 1014/1462/1051 1059/1470/1091
f 1056/1618/1087 1064/1617/1079 1071/1623/1166 1070/1624/1167 1063/1625/1118 1042/1626/1098 1032/1627/1084
f 1045/1479/1101 1072/1469/1107 1059/1470/1091 1038/1480/1090
f 1051/1575/1110 1052/1576/1114 1085/1577/1137 1087/1578/1168 1086/1579/1169 1084/1568/1062 1075/1567/1111
f 1105/1539/1152 1090/1529/1140 1108/1532/1143 1117/1540/1159
f 1096/1585/1138 1085/1577/1137 1052/1576/1114 1111/1586/1146
f 1055/1677/1117 1039/1672/1095 1120/1676/1165 1114/1682/1164
f 1042/1626/1098 1063/1625/1118 1099/1632/1121 1123/1633/1156
f 1005/1497/1055 1081/1500/1058 1067/1507/1083 1029/1508/1070
f 1102/1691/1126 1060/1690/1125 1078/1695/1129 1093/1696/1134
f 1041/1635/1097 1042/1626/1098 1123/1633/1156 1122/1643/1170
f 1039/1672/1095 1040/1671/1094 1121/1675/1171 1120/1676/1165
f 1040/1645/1094 1041/1635/1097 1122/1643/1170 1121/1650/1171
f 1054/1684/1116 1055/1677/1117 1114/1682/1164 1113/1687/1172
f 1052/1576/1114 1053/1584/1113 1112/1593/1173 1111/1586/1146
f 1053/1584/1113 1054/1592/1116 1113/1601/1172 1112/1593/1173
f 1014/1462/1051 1013/1467/1174 1058/1476/1089 1059/1470/1091
f 1013/1467/1174 1012/1478/1175 1057/1483/1086 1058/1476/1089
f 1012/1611/1175 1020/1607/1071 1056/1618/1087 1057/1619/1086
f 996/1562/1046 995/1565/1176 1074/1573/1109 1075/1567/1111
f 995/1472/1176 994/1463/1177 1073/1471/1106 1074/1482/1109
f 994/1463/1177 1002/1459/1048 1072/1469/1107 1073/1471/1106
f 1001/1460/1049 1002/1459/1048 994/1463/1177 1124/1464/1178
f 1124/1464/1179 994/1463/1177 995/1472/1176 1125/1473/1180
f 995/1565/1176 996/1562/1046 997/1561/1044 1125/1566/1181
f 1125/1566/1180 997/1561/1044 998/1571/1041 1126/1574/1182
f 998/1654/1041 999/1653/1040 1000/1657/1052 1126/1658/1183
f 1126/1474/1182 1000/1465/1052 1001/1460/1049 1124/1464/1179
f 1124/1464/1179 1125/1473/1180 1126/1474/1182
f 1010/1564/1045 1011/1563/1047 1003/1569/1061 1127/1570/1184
f 1127/1512/1185 1003/1503/1059 1004/1498/1056 1128/1502/1186
f 1004/1498/1056 1005/1497/1055 1006/1501/1067 1128/1502/1187
f 1128/1502/1186 1006/1501/1067 1007/1510/1066 1129/1511/1188
f 1007/1659/1063 1008/1656/1043 1009/1655/1042 1129/1660/1189
f 1129/1581/1188 1009/1572/1042 1010/1564/1045 1127/1570/1185
f 1127/1512/1185 1128/1502/1186 1129/1511/1188
f 1019/1608/1072 1020/1607/1071 1012/1611/1175 1130/1612/1190
f 1130/1477/1191 1012/1478/1175 1013/1467/1174 1131/1468/1192
f 1013/1467/1174 1014/1462/1051 1015/1461/1050 1131/1468/1193
f 1131/1468/1192 1015/1461/1050 1016/1466/1053 1132/1475/1194
f 1016/1663/1053 1017/1662/1054 1018/1665/1075 1132/1667/1195
f 1132/1620/1194 1018/1613/1075 1019/1608/1072 1130/1612/1191
f 1130/1477/1191 1131/1468/1192 1132/1475/1194
f 1028/1509/1068 1029/1508/1070 1021/1517/1081 1133/1519/1196
f 1133/1519/1197 1021/1517/1081 1022/1523/1080 1134/1525/1198
f 1022/1615/1077 1023/1610/1074 1024/1609/1073 1134/1616/1199
f 1134/1616/1198 1024/1609/1073 1025/1614/1076 1135/1621/1200
f 1025/1666/1076 1026/1661/1065 1027/1664/1064 1135/1668/1201
f 1135/1526/1200 1027/1520/1069 1028/1509/1068 1133/1519/1197
f 1133/1519/1197 1134/1525/1198 1135/1526/1200
f 1037/1485/1099 1038/1480/1090 1030/1484/1088 1136/1490/1202
f 1136/1490/1203 1030/1484/1088 1031/1489/1085 1137/1495/1204
f 1031/1628/1085 1032/1627/1084 1033/1634/1096 1137/1636/1205
f 1137/1636/1204 1033/1634/1096 1034/1644/1093 1138/1646/1206
f 1034/1670/1093 1035/1669/1092 1036/1673/1102 1138/1674/1207
f 1138/1496/1206 1036/1491/1102 1037/1485/1099 1136/1490/1203
f 1136/1490/1203 1137/1495/1204 1138/1496/1206
f 1050/1583/1112 1051/1575/1110 1043/1582/1108 1139/1590/1208
f 1139/1494/1209 1043/1488/1108 1044/1481/1105 1140/1487/1210
f 1044/1481/1105 1045/1479/1101 1046/1486/1100 1140/1487/1211
f 1140/1487/1210 1046/1486/1100 1047/1492/1103 1141/1493/1212
f 1047/1679/1103 1048/1678/1104 1049/1683/1115 1141/1685/1213
f 1141/1600/1212 1049/1591/1115 1050/1583/1112 1139/1590/1209
f 1139/1494/1209 1140/1487/1210 1141/1493/1212
f 1069/1693/1127 1060/1690/1125 1061/1689/1122 1142/1694/1214
f 1142/1637/1215 1061/1640/1122 1062/1631/1119 1143/1630/1216
f 1062/1631/1119 1063/1625/1118 1070/1624/1167 1143/1630/1216
f 1143/1630/1216 1070/1624/1167 1071/1623/1166 1144/1629/1217
f 1071/1623/1166 1064/1617/1079 1065/1622/1078 1144/1629/1217
f 1144/1528/1217 1065/1524/1078 1066/1518/1082 1145/1521/1218
f 1066/1518/1082 1067/1507/1083 1068/1514/1130 1145/1521/1219
f 1145/1521/1219 1068/1514/1130 1069/1522/1127 1142/1527/1214
f 1142/1637/1215 1143/1630/1216 1144/1629/1217 1145/1638/1218
f 1087/1578/1168 1085/1577/1137 1076/1587/1135 1146/1588/1220
f 1146/1588/1220 1076/1587/1135 1077/1597/1132 1147/1598/1221
f 1077/1700/1132 1078/1695/1129 1079/1699/1128 1147/1703/1222
f 1147/1515/1222 1079/1516/1128 1080/1505/1131 1148/1506/1223
f 1080/1505/1131 1081/1500/1058 1082/1499/1057 1148/1506/1223
f 1148/1506/1224 1082/1499/1057 1083/1504/1060 1149/1513/1225
f 1083/1580/1060 1084/1568/1062 1086/1579/1169 1149/1589/1225
f 1149/1589/1225 1086/1579/1169 1087/1578/1168 1146/1588/1220
f 1146/1588/1220 1147/1598/1221 1148/1599/1224 1149/1589/1225
f 1095/1594/1139 1096/1585/1138 1088/1595/1144 1150/1603/1226
f 1150/1544/1227 1088/1535/1144 1089/1530/1141 1151/1534/1228
f 1089/1530/1141 1090/1529/1140 1091/1533/1151 1151/1534/1229
f 1151/1534/1228 1091/1533/1149 1092/1542/1147 1152/1543/1230
f 1092/1702/1147 1093/1696/1134 1094/1701/1133 1152/1704/1231
f 1152/1606/1230 1094/1604/1133 1095/1594/1136 1150/1603/1227
f 1150/1544/1227 1151/1534/1228 1152/1543/1230
f 1104/1541/1153 1105/1539/1152 1097/1549/1157 1153/1551/1232
f 1153/1551/1233 1097/1549/1157 1098/1555/1154 1154/1557/1234
f 1098/1641/1154 1099/1632/1121 1100/1639/1120 1154/1648/1235
f 1154/1648/1234 1100/1639/1124 1101/1647/1123 1155/1651/1236
f 1101/1692/1123 1102/1691/1126 1103/1697/1148 1155/1698/1237
f 1155/1558/1236 1103/1552/1148 1104/1541/1150 1153/1551/1233
f 1153/1551/1233 1154/1557/1234 1155/1558/1236
f 1113/1687/1172 1114/1682/1164 1106/1686/1162 1156/1688/1238
f 1156/1547/1239 1106/1548/1162 1107/1537/1160 1157/1538/1240
f 1107/1537/1160 1108/1532/1143 1109/1531/1142 1157/1538/1241
f 1157/1538/1240 1109/1531/1142 1110/1536/1145 1158/1545/1242
f 1110/1596/1145 1111/1586/1146 1112/1593/1173 1158/1602/1243
f 1158/1602/1242 1112/1593/1173 1113/1601/1172 1156/1605/1239
f 1156/1547/1239 1157/1538/1240 1158/1545/1242
f 1122/1643/1170 1123/1633/1156 1115/1642/1155 1159/1649/1244
f 1159/1560/1245 1115/1556/1155 1116/1550/1158 1160/1554/1246
f 1116/1550/1158 1117/1540/1159 1118/1546/1161 1160/1554/1247
f 1160/1554/1246 1118/1546/1161 1119/1553/1163 1161/1559/1248
f 1119/1680/1163 1120/1676/1165 1121/1675/1171 1161/1681/1249
f 1161/1652/1248 1121/1650/1171 1122/1643/1170 1159/1649/1245
f 1159/1560/1245 1160/1554/1246 1161/1559/1248
g default
v -3.688940 4.956504 -2.670409
v -3.668550 4.948058 -2.670409
v -3.668550 4.956504 -2.650019
v -3.668550 4.976894 -2.641573
v -3.688940 4.976894 -2.650019
v -3.697386 4.976894 -2.670409
v -0.210293 4.956504 -2.670409
v -0.201847 4.976894 -2.670409
v -0.210293 4.976894 -2.650019
v -0.230682 4.976894 -2.641573
v -0.230682 4.956504 -2.650019
v -0.230682 4.948058 -2.670409
v -3.688940 5.227997 -2.670409
v -3.697386 5.207607 -2.670409
v -3.688940 5.207607 -2.650019
v -3.668550 5.207607 -2.641573
v -3.668550 5.227997 -2.650019
v -3.668550 5.236443 -2.670409
v -0.210293 5.227997 -2.670409
v -0.230682 5.236443 -2.670409
v -0.230682 5.227997 -2.650019
v -0.230682 5.207607 -2.641573
v -0.210293 5.207607 -2.650019
v -0.201847 5.207607 -2.670409
v -3.688940 5.207607 -3.633127
v -3.697386 5.207607 -3.612738
v -3.688940 5.227997 -3.612738
v -3.668550 5.236443 -3.612738
v -3.668550 5.227997 -3.633127
v -3.668550 5.207607 -3.641573
v -0.210293 5.207607 -3.633127
v -0.230682 5.207607 -3.641573
v -0.230682 5.227997 -3.633127
v -0.230682 5.236443 -3.612738
v -0.210293 5.227997 -3.612738
v -0.201847 5.207607 -3.612738
v -3.688940 4.956504 -3.612738
v -3.697386 4.976894 -3.612738
v -3.688940 4.976894 -3.633127
v -3.668550 4.976894 -3.641573
v -3.668550 4.956504 -3.633127
v -3.668550 4.948058 -3.612738
v -0.210293 4.956504 -3.612738
v -0.230682 4.948058 -3.612738
v -0.230682 4.956504 -3.633127
v -0.230682 4.976894 -3.641573
v -0.210293 4.976894 -3.633127
v -0.201847 4.976894 -3.612738
v -3.685193 4.960251 -2.653766
v -0.214040 4.960251 -2.653766
v -3.685193 5.224249 -2.653766
v -0.214040 5.224249 -2.653766
v -3.685193 5.224249 -3.629380
v -0.214040 5.224249 -3.629380
v -3.685193 4.960251 -3.629380
v -0.214040 4.960251 -3.629380
vt 0.282777 0.079301
vt 0.284990 0.079301
vt 0.284990 0.181574
vt 0.282777 0.181574
vt 0.284990 0.077088
vt 0.283184 0.077495
vt 0.310030 0.079301
vt 0.310030 0.181574
vt 0.284990 0.183787
vt 0.283184 0.183380
vt 0.310030 0.077088
vt 0.312243 0.079301
vt 0.312243 0.181574
vt 0.310030 0.183787
vt 0.311836 0.077495
vt 0.311836 0.183380
vt 0.316773 0.181574
vt 0.314560 0.181574
vt 0.314560 0.079301
vt 0.316773 0.079301
vt 0.316773 0.183787
vt 0.314966 0.183380
vt 0.316773 0.077088
vt 0.314966 0.077495
vt 0.341812 0.079301
vt 0.341812 0.181574
vt 0.341812 0.183787
vt 0.341812 0.077088
vt 0.344025 0.181574
vt 0.344025 0.079301
vt 0.343619 0.183380
vt 0.343619 0.077495
vt 0.105296 0.452419
vt 0.105296 0.454632
vt 0.003023 0.454632
vt 0.003023 0.452419
vt 0.107509 0.452419
vt 0.107102 0.454225
vt 0.000810 0.452419
vt 0.001217 0.454225
vt 0.003023 0.079301
vt 0.105296 0.079301
vt 0.107509 0.079301
vt 0.000810 0.079301
vt 0.105296 0.077088
vt 0.003023 0.077088
vt 0.107102 0.077495
vt 0.001217 0.077495
vt 0.144041 0.454632
vt 0.144041 0.452419
vt 0.246314 0.452419
vt 0.246314 0.454632
vt 0.141828 0.452419
vt 0.142235 0.454225
vt 0.144041 0.079301
vt 0.246314 0.079301
vt 0.248527 0.452419
vt 0.248120 0.454225
vt 0.141828 0.079301
vt 0.144041 0.077088
vt 0.246314 0.077088
vt 0.248527 0.079301
vt 0.142235 0.077495
vt 0.248120 0.077495
vt 0.112259 0.452419
vt 0.110046 0.452419
vt 0.110046 0.079301
vt 0.112259 0.079301
vt 0.112259 0.454632
vt 0.110452 0.454225
vt 0.112259 0.077088
vt 0.110452 0.077495
vt 0.137298 0.079301
vt 0.137298 0.452419
vt 0.137298 0.454632
vt 0.137298 0.077088
vt 0.139511 0.452419
vt 0.139511 0.079301
vt 0.139104 0.454225
vt 0.139104 0.077495
vt 0.253208 0.454632
vt 0.253208 0.452419
vt 0.278247 0.452419
vt 0.278247 0.454632
vt 0.250995 0.452419
vt 0.251401 0.454225
vt 0.253208 0.079301
vt 0.278247 0.079301
vt 0.280460 0.452419
vt 0.280053 0.454225
vt 0.250995 0.079301
vt 0.253208 0.077088
vt 0.278247 0.077088
vt 0.280460 0.079301
vt 0.251401 0.077495
vt 0.280053 0.077495
vn -0.002424 -0.999959 0.008755
vn -0.382066 -0.924119 0.005447
vn -0.382066 -0.924119 -0.005447
vn -0.002424 -0.999959 -0.008755
vn -0.924119 -0.382066 0.005447
vn -0.999406 -0.033383 0.008525
vn -0.999406 -0.033383 -0.008525
vn -0.924119 -0.382066 -0.005447
vn -0.002373 -0.033551 0.999434
vn -0.001510 -0.382508 0.923951
vn 0.001510 -0.382508 0.923951
vn 0.002373 -0.033551 0.999434
vn -0.001510 -0.923947 0.382518
vn 0.002424 -0.999959 0.008755
vn 0.001510 -0.923947 0.382518
vn -0.924648 -0.021207 0.380232
vn -0.924648 0.021207 0.380231
vn -0.999406 0.033383 0.008525
vn -0.380226 -0.021207 0.924650
vn -0.002373 0.033551 0.999434
vn -0.380226 0.021207 0.924650
vn 0.999406 -0.033383 0.008525
vn 0.924119 -0.382066 0.005447
vn 0.924119 -0.382066 -0.005446
vn 0.999406 -0.033383 -0.008525
vn 0.382074 -0.924116 0.005447
vn 0.002424 -0.999959 -0.008755
vn 0.382074 -0.924116 -0.005447
vn 0.380234 -0.021207 0.924647
vn 0.380234 0.021207 0.924647
vn 0.002373 0.033551 0.999434
vn 0.924648 -0.021206 0.380231
vn 0.999406 0.033383 0.008525
vn 0.924648 0.021206 0.380231
vn -0.924119 0.382066 0.005447
vn -0.924119 0.382066 -0.005447
vn -0.999406 0.033383 -0.008525
vn -0.382066 0.924119 0.005447
vn -0.002424 0.999959 0.008755
vn -0.002424 0.999959 -0.008755
vn -0.382066 0.924119 -0.005447
vn -0.001510 0.923947 0.382518
vn 0.001510 0.923947 0.382518
vn 0.002424 0.999959 0.008755
vn -0.001510 0.382508 0.923951
vn 0.001510 0.382508 0.923951
vn 0.382074 0.924116 0.005447
vn 0.382074 0.924116 -0.005447
vn 0.002424 0.999959 -0.008755
vn 0.924119 0.382066 0.005447
vn 0.999406 0.033383 -0.008525
vn 0.924119 0.382066 -0.005447
vn -0.924648 0.021207 -0.380231
vn -0.924648 -0.021207 -0.380232
vn -0.380225 0.021207 -0.924651
vn -0.002373 0.033551 -0.999434
vn -0.002373 -0.033551 -0.999434
vn -0.380226 -0.021207 -0.924651
vn -0.001510 0.382508 -0.923951
vn 0.001510 0.382508 -0.923951
vn 0.002373 0.033551 -0.999434
vn -0.001510 0.923947 -0.382518
vn 0.001510 0.923947 -0.382518
vn 0.380233 0.021208 -0.924648
vn 0.380233 -0.021208 -0.924648
vn 0.002373 -0.033551 -0.999434
vn 0.924648 0.021206 -0.380231
vn 0.924649 -0.021206 -0.380231
vn -0.001510 -0.923947 -0.382518
vn 0.001510 -0.923947 -0.382518
vn -0.001510 -0.382508 -0.923951
vn 0.001510 -0.382508 -0.923951
vn -0.887916 -0.325273 0.325275
vn -0.325263 -0.887918 0.325277
vn -0.325277 -0.325272 0.887915
vn 0.325267 -0.887915 0.325282
vn 0.887924 -0.325259 0.325264
vn 0.325279 -0.325263 0.887918
vn -0.325261 0.887913 0.325295
vn -0.887917 0.325272 0.325272
vn -0.325275 0.325268 0.887917
vn 0.887923 0.325258 0.325268
vn 0.325267 0.887915 0.325282
vn 0.325278 0.325265 0.887917
vn -0.325265 0.325267 -0.887921
vn -0.887917 0.325273 -0.325271
vn -0.325261 0.887914 -0.325290
vn 0.887922 0.325259 -0.325270
vn 0.325273 0.325267 -0.887918
vn 0.325267 0.887915 -0.325282
vn -0.325263 -0.887918 -0.325277
vn -0.887915 -0.325272 -0.325277
vn -0.325269 -0.325272 -0.887918
vn 0.887925 -0.325258 -0.325264
vn 0.325268 -0.887916 -0.325278
vn 0.325272 -0.325266 -0.887919
s 1
g WallShelf2 Shelves
usemtl lambert7SG
f 1163/1737/1250 1162/1738/1251 1198/1739/1252 1203/1740/1253
s 2
f 1162/1705/1254 1167/1706/1255 1199/1707/1256 1198/1708/1257
s 3
f 1165/1769/1258 1164/1770/1259 1172/1771/1260 1171/1772/1261
s 1
f 1164/1741/1262 1163/1737/1250 1173/1746/1263 1172/1747/1264
s 2
f 1167/1706/1255 1166/1709/1265 1176/1715/1266 1175/1711/1267
s 3
f 1166/1773/1268 1165/1769/1258 1177/1778/1269 1176/1779/1270
s 4
f 1169/1721/1271 1168/1722/1272 1204/1723/1273 1209/1724/1274
s 1
f 1168/1749/1275 1173/1746/1263 1205/1745/1276 1204/1750/1277
s 3
f 1171/1772/1261 1170/1775/1278 1184/1780/1279 1183/1777/1280
s 4
f 1170/1725/1281 1169/1721/1271 1185/1730/1282 1184/1731/1283
s 2
f 1175/1711/1267 1174/1716/1284 1188/1717/1285 1187/1712/1286
s 5
f 1174/1753/1287 1179/1754/1288 1189/1755/1289 1188/1756/1290
f 1179/1754/1288 1178/1757/1291 1182/1763/1292 1181/1759/1293
s 3
f 1178/1781/1294 1177/1778/1269 1183/1777/1280 1182/1782/1295
s 5
f 1181/1759/1293 1180/1764/1296 1196/1765/1297 1195/1760/1298
s 4
f 1180/1733/1299 1185/1730/1282 1197/1729/1300 1196/1734/1301
s 2
f 1187/1712/1286 1186/1718/1302 1200/1713/1303 1199/1707/1256
s 6
f 1186/1785/1304 1191/1786/1305 1201/1787/1306 1200/1788/1307
f 1191/1786/1305 1190/1789/1308 1194/1795/1309 1193/1791/1310
s 5
f 1190/1761/1311 1189/1755/1289 1195/1760/1298 1194/1766/1312
s 6
f 1193/1791/1310 1192/1796/1313 1208/1797/1314 1207/1792/1315
s 4
f 1192/1732/1316 1197/1729/1300 1209/1724/1274 1208/1727/1317
s 1
f 1203/1740/1253 1202/1743/1318 1206/1748/1319 1205/1745/1276
s 6
f 1202/1793/1320 1201/1787/1306 1207/1792/1315 1206/1798/1321
s 3
f 1165/1769/1258 1171/1772/1261 1183/1777/1280 1177/1778/1269
s 5
f 1179/1754/1288 1181/1759/1293 1195/1760/1298 1189/1755/1289
s 6
f 1191/1786/1305 1193/1791/1310 1207/1792/1315 1201/1787/1306
s 1
f 1203/1740/1253 1205/1745/1276 1173/1746/1263 1163/1737/1250
s 4
f 1169/1721/1271 1209/1724/1274 1197/1729/1300 1185/1730/1282
s 2
f 1199/1707/1256 1167/1706/1255 1175/1711/1267 1187/1712/1286
f 1166/1709/1265 1167/1706/1255 1162/1705/1254 1210/1710/1322
s 1
f 1162/1738/1251 1163/1737/1250 1164/1741/1262 1210/1742/1323
s 3
f 1164/1770/1259 1165/1769/1258 1166/1773/1268 1210/1774/1324
s 1
f 1172/1747/1264 1173/1746/1263 1168/1749/1275 1211/1751/1325
s 4
f 1168/1722/1272 1169/1721/1271 1170/1725/1281 1211/1726/1326
s 3
f 1170/1775/1278 1171/1772/1261 1172/1771/1260 1211/1776/1327
s 5
f 1178/1757/1291 1179/1754/1288 1174/1753/1287 1212/1758/1328
s 2
f 1174/1716/1284 1175/1711/1267 1176/1715/1266 1212/1719/1329
s 3
f 1176/1779/1270 1177/1778/1269 1178/1781/1294 1212/1783/1330
s 4
f 1184/1731/1283 1185/1730/1282 1180/1733/1299 1213/1735/1331
s 5
f 1180/1764/1296 1181/1759/1293 1182/1763/1292 1213/1767/1332
s 3
f 1182/1782/1295 1183/1777/1280 1184/1780/1279 1213/1784/1333
s 6
f 1190/1789/1308 1191/1786/1305 1186/1785/1304 1214/1790/1334
s 2
f 1186/1718/1302 1187/1712/1286 1188/1717/1285 1214/1720/1335
s 5
f 1188/1756/1290 1189/1755/1289 1190/1761/1311 1214/1762/1336
s 4
f 1196/1734/1301 1197/1729/1300 1192/1732/1316 1215/1736/1337
s 6
f 1192/1796/1313 1193/1791/1310 1194/1795/1309 1215/1799/1338
s 5
f 1194/1766/1312 1195/1760/1298 1196/1765/1297 1215/1768/1339
s 1
f 1202/1743/1318 1203/1740/1253 1198/1739/1252 1216/1744/1340
s 2
f 1198/1708/1257 1199/1707/1256 1200/1713/1303 1216/1714/1341
s 6
f 1200/1788/1307 1201/1787/1306 1202/1793/1320 1216/1794/1342
s 4
f 1208/1727/1317 1209/1724/1274 1204/1723/1273 1217/1728/1343
s 1
f 1204/1750/1277 1205/1745/1276 1206/1748/1319 1217/1752/1344
s 6
f 1206/1798/1321 1207/1792/1315 1208/1797/1314 1217/1800/1345
g default
v 2.734153 1.640195 2.653757
v 2.734153 1.858244 2.653757
v 3.479020 1.694702 2.411735
v 3.471988 1.667449 2.414019
v 3.452777 1.647498 2.420261
v 3.426535 1.640195 2.428788
v 3.367774 1.694702 2.193403
v 3.361793 1.667449 2.197749
v 3.345451 1.647498 2.209622
v 3.323128 1.640195 2.225841
v 3.194506 1.694702 2.020135
v 3.190160 1.667449 2.026116
v 3.178287 1.647498 2.042458
v 3.162068 1.640195 2.064781
v 2.976174 1.694702 1.908890
v 2.973890 1.667449 1.915921
v 2.967648 1.647498 1.935132
v 2.959121 1.640195 1.961375
v 2.734153 1.694702 1.870557
v 2.734153 1.667449 1.877951
v 2.734153 1.647498 1.898150
v 2.734153 1.640195 1.925743
v 2.492131 1.694702 1.908890
v 2.494415 1.667449 1.915921
v 2.500658 1.647498 1.935132
v 2.509184 1.640195 1.961375
v 2.273800 1.694702 2.020135
v 2.278146 1.667449 2.026116
v 2.290019 1.647498 2.042458
v 2.306237 1.640195 2.064781
v 2.100531 1.694702 2.193404
v 2.106512 1.667449 2.197750
v 2.122854 1.647498 2.209622
v 2.145177 1.640195 2.225841
v 1.989286 1.694702 2.411735
v 1.996317 1.667449 2.414020
v 2.015529 1.647498 2.420261
v 2.041771 1.640195 2.428788
v 1.950953 1.694702 2.653757
v 1.958347 1.667449 2.653757
v 1.978547 1.647498 2.653757
v 2.006140 1.640195 2.653757
v 1.989286 1.694702 2.895778
v 1.996317 1.667449 2.893493
v 2.015529 1.647498 2.887251
v 2.041771 1.640195 2.878725
v 2.100531 1.694702 3.114110
v 2.106512 1.667449 3.109764
v 2.122854 1.647498 3.097891
v 2.145177 1.640195 3.081672
v 2.273800 1.694702 3.287378
v 2.278146 1.667449 3.281397
v 2.290019 1.647498 3.265055
v 2.306237 1.640195 3.242732
v 2.492131 1.694702 3.398623
v 2.494415 1.667449 3.391591
v 2.500658 1.647498 3.372380
v 2.509184 1.640195 3.346138
v 2.734153 1.694702 3.436956
v 2.734153 1.667449 3.429562
v 2.734153 1.647498 3.409363
v 2.734153 1.640195 3.381770
v 2.976174 1.694702 3.398623
v 2.973890 1.667449 3.391591
v 2.967648 1.647498 3.372380
v 2.959121 1.640195 3.346138
v 3.194506 1.694702 3.287378
v 3.190160 1.667449 3.281396
v 3.178287 1.647498 3.265055
v 3.162068 1.640195 3.242731
v 3.367774 1.694702 3.114109
v 3.361793 1.667449 3.109763
v 3.345451 1.647498 3.097891
v 3.323128 1.640195 3.081672
v 3.479019 1.694702 2.895778
v 3.471988 1.667449 2.893493
v 3.452777 1.647498 2.887251
v 3.426534 1.640195 2.878725
v 3.517352 1.694702 2.653757
v 3.509958 1.667449 2.653757
v 3.489758 1.647498 2.653757
v 3.462165 1.640195 2.653757
v 3.479020 1.803737 2.411735
v 3.471988 1.830990 2.414019
v 3.452777 1.850941 2.420261
v 3.426535 1.858244 2.428788
v 3.367774 1.803737 2.193403
v 3.361793 1.830990 2.197749
v 3.345451 1.850941 2.209622
v 3.323128 1.858244 2.225841
v 3.194506 1.803737 2.020135
v 3.190160 1.830990 2.026116
v 3.178287 1.850941 2.042458
v 3.162068 1.858244 2.064781
v 2.976174 1.803737 1.908890
v 2.973890 1.830990 1.915921
v 2.967648 1.850941 1.935132
v 2.959121 1.858244 1.961375
v 2.734153 1.803737 1.870557
v 2.734153 1.830990 1.877951
v 2.734153 1.850941 1.898150
v 2.734153 1.858244 1.925743
v 2.492131 1.803737 1.908890
v 2.494415 1.830990 1.915921
v 2.500658 1.850941 1.935132
v 2.509184 1.858244 1.961375
v 2.273800 1.803737 2.020135
v 2.278146 1.830990 2.026116
v 2.290019 1.850941 2.042458
v 2.306237 1.858244 2.064781
v 2.100531 1.803737 2.193404
v 2.106512 1.830990 2.197750
v 2.122854 1.850941 2.209622
v 2.145177 1.858244 2.225841
v 1.989286 1.803737 2.411735
v 1.996317 1.830990 2.414020
v 2.015529 1.850941 2.420261
v 2.041771 1.858244 2.428788
v 1.950953 1.803737 2.653757
v 1.958347 1.830990 2.653757
v 1.978547 1.850941 2.653757
v 2.006140 1.858244 2.653757
v 1.989286 1.803737 2.895778
v 1.996317 1.830990 2.893493
v 2.015529 1.850941 2.887251
v 2.041771 1.858244 2.878725
v 2.100531 1.803737 3.114110
v 2.106512 1.830990 3.109764
v 2.122854 1.850941 3.097891
v 2.145177 1.858244 3.081672
v 2.273800 1.803737 3.287378
v 2.278146 1.830990 3.281397
v 2.290019 1.850941 3.265055
v 2.306237 1.858244 3.242732
v 2.492131 1.803737 3.398623
v 2.494415 1.830990 3.391591
v 2.500658 1.850941 3.372380
v 2.509184 1.858244 3.346138
v 2.734153 1.803737 3.436956
v 2.734153 1.830990 3.429562
v 2.734153 1.850941 3.409363
v 2.734153 1.858244 3.381770
v 2.976174 1.803737 3.398623
v 2.973890 1.830990 3.391591
v 2.967648 1.850941 3.372380
v 2.959121 1.858244 3.346138
v 3.194506 1.803737 3.287378
v 3.190160 1.830990 3.281396
v 3.178287 1.850941 3.265055
v 3.162068 1.858244 3.242731
v 3.367774 1.803737 3.114109
v 3.361793 1.830990 3.109763
v 3.345451 1.850941 3.097891
v 3.323128 1.858244 3.081672
v 3.479019 1.803737 2.895778
v 3.471988 1.830990 2.893493
v 3.452777 1.850941 2.887251
v 3.426534 1.858244 2.878725
v 3.517352 1.803737 2.653757
v 3.509958 1.830990 2.653757
v 3.489758 1.850941 2.653757
v 3.462165 1.858244 2.653757
v 3.181398 1.640195 2.912256
v 3.165051 1.640195 2.880172
v 3.139590 1.640195 2.854711
v 3.107507 1.640195 2.838364
v 3.071943 1.640195 2.832731
v 3.036379 1.640195 2.838364
v 3.004295 1.640195 2.854711
v 2.978834 1.640195 2.880172
v 2.962487 1.640195 2.912256
v 2.956854 1.640195 2.947820
v 2.962487 1.640195 2.983384
v 2.978834 1.640195 3.015467
v 3.004295 1.640195 3.040929
v 3.036379 1.640195 3.057276
v 3.071943 1.640195 3.062908
v 3.107507 1.640195 3.057276
v 3.139590 1.640195 3.040929
v 3.165051 1.640195 3.015467
v 3.181398 1.640195 2.983384
v 3.187031 1.640195 2.947820
v 3.289325 0.747449 3.155018
v 3.071943 1.640195 2.947820
v 3.181398 1.640195 2.336390
v 3.165051 1.640195 2.304307
v 3.139590 1.640195 2.278846
v 3.107507 1.640195 2.262499
v 3.071943 1.640195 2.256866
v 3.036379 1.640195 2.262499
v 3.004295 1.640195 2.278846
v 2.978834 1.640195 2.304307
v 2.962487 1.640195 2.336390
v 2.956854 1.640195 2.371955
v 2.962487 1.640195 2.407519
v 2.978834 1.640195 2.439602
v 3.004295 1.640195 2.465063
v 3.036379 1.640195 2.481411
v 3.071943 1.640195 2.487043
v 3.107507 1.640195 2.481411
v 3.139590 1.640195 2.465063
v 3.165051 1.640195 2.439602
v 3.181398 1.640195 2.407519
v 3.187031 1.640195 2.371955
v 3.289325 0.747449 2.170278
v 3.071943 1.640195 2.371955
v 2.501111 1.640195 2.327032
v 2.484764 1.640195 2.294949
v 2.459303 1.640195 2.269488
v 2.427220 1.640195 2.253141
v 2.391656 1.640195 2.247508
v 2.356091 1.640195 2.253141
v 2.324008 1.640195 2.269488
v 2.298548 1.640195 2.294949
v 2.282200 1.640195 2.327032
v 2.276567 1.640195 2.362596
v 2.282200 1.640195 2.398161
v 2.298548 1.640195 2.430244
v 2.324008 1.640195 2.455705
v 2.356091 1.640195 2.472052
v 2.391656 1.640195 2.477685
v 2.427220 1.640195 2.472052
v 2.459303 1.640195 2.455705
v 2.484764 1.640195 2.430244
v 2.501111 1.640195 2.398161
v 2.506744 1.640195 2.362596
v 2.174273 0.747449 2.154275
v 2.391656 1.640195 2.362596
v 2.501111 1.640195 2.913837
v 2.484764 1.640195 2.881754
v 2.459303 1.640195 2.856293
v 2.427220 1.640195 2.839946
v 2.391656 1.640195 2.834313
v 2.356091 1.640195 2.839946
v 2.324008 1.640195 2.856293
v 2.298548 1.640195 2.881754
v 2.282200 1.640195 2.913837
v 2.276567 1.640195 2.949402
v 2.282200 1.640195 2.984966
v 2.298548 1.640195 3.017049
v 2.324008 1.640195 3.042511
v 2.356091 1.640195 3.058858
v 2.391656 1.640195 3.064491
v 2.427220 1.640195 3.058858
v 2.459303 1.640195 3.042511
v 2.484764 1.640195 3.017049
v 2.501111 1.640195 2.984966
v 2.506744 1.640195 2.949402
v 2.174273 0.747449 3.157723
v 2.391656 1.640195 2.949402
v 3.434231 0.864827 3.072356
v 3.438133 0.843377 3.077098
v 3.437331 0.821980 3.083293
v 3.431866 0.801691 3.090636
v 3.422007 0.783512 3.098764
v 3.408244 0.768341 3.107274
v 3.391263 0.756932 3.115743
v 3.371909 0.749850 3.123751
v 3.351148 0.747449 3.130897
v 3.409960 0.860351 3.020957
v 3.414041 0.839159 3.025748
v 3.414263 0.818335 3.033099
v 3.410616 0.798817 3.042681
v 3.403263 0.781483 3.054060
v 3.392538 0.767113 3.066725
v 3.378926 0.756357 3.080101
v 3.363045 0.749702 3.093582
v 3.345615 0.747449 3.106557
v 3.371361 0.855644 2.980185
v 3.375609 0.834791 2.984928
v 3.377111 0.814602 2.992972
v 3.375805 0.795896 3.003991
v 3.371745 0.779432 3.017538
v 3.365096 0.765876 3.033063
v 3.356128 0.755780 3.049936
v 3.345205 0.749554 3.067470
v 3.332771 0.747449 3.084953
v 3.322141 0.851170 2.954108
v 3.326522 0.830692 2.958740
v 3.329403 0.811133 2.967018
v 3.330678 0.793202 2.978643
v 3.330302 0.777551 2.993193
v 3.328289 0.764747 3.010139
v 3.324711 0.755255 3.028867
v 3.319697 0.749418 3.048700
v 3.313430 0.747449 3.068919
v 3.266889 0.848339 2.945264
v 3.271405 0.828030 2.949765
v 3.275673 0.808838 2.957848
v 3.279552 0.791397 2.969246
v 3.282914 0.776278 2.983587
v 3.285650 0.763977 3.000403
v 3.287669 0.754895 3.019147
v 3.288907 0.749326 3.039215
v 3.289325 0.747449 3.059958
v 3.211671 0.844678 2.954968
v 3.216213 0.824819 2.959337
v 3.221665 0.806212 2.966965
v 3.227864 0.789413 2.977625
v 3.234623 0.774924 2.990998
v 3.241740 0.763178 3.006682
v 3.249004 0.754528 3.024209
v 3.256195 0.749233 3.043055
v 3.263100 0.747449 3.062654
v 3.161382 0.843226 2.981977
v 3.165980 0.823514 2.986259
v 3.172486 0.805126 2.993183
v 3.180715 0.788583 3.002553
v 3.190433 0.774352 3.014104
v 3.201364 0.762839 3.027505
v 3.213195 0.754372 3.042375
v 3.225589 0.749193 3.058287
v 3.238188 0.747449 3.074785
v 3.121267 0.843077 3.023769
v 3.125932 0.823378 3.028012
v 3.133308 0.805014 3.034080
v 3.143189 0.788498 3.041802
v 3.155295 0.774296 3.050962
v 3.169283 0.762807 3.061299
v 3.184755 0.754358 3.072520
v 3.201269 0.749189 3.084303
v 3.218349 0.747449 3.096309
v 3.095328 0.844179 3.076199
v 3.100089 0.824365 3.080440
v 3.108151 0.805836 3.085532
v 3.119280 0.789130 3.091328
v 3.133150 0.774733 3.097659
v 3.149352 0.763069 3.104337
v 3.167407 0.754479 3.111166
v 3.186774 0.749220 3.117941
v 3.206875 0.747449 3.124460
v 3.085996 0.847280 3.133858
v 3.090897 0.827081 3.138140
v 3.099422 0.808056 3.142172
v 3.111304 0.790807 3.145828
v 3.126164 0.775878 3.148993
v 3.143530 0.763744 3.151564
v 3.162851 0.754789 3.153462
v 3.183510 0.749299 3.154626
v 3.204846 0.747449 3.155018
v 3.094482 0.849793 3.191498
v 3.099526 0.829444 3.195720
v 3.108303 0.810090 3.198494
v 3.120507 0.792404 3.199723
v 3.135712 0.777001 3.199366
v 3.153385 0.764422 3.197434
v 3.172905 0.755105 3.193997
v 3.193582 0.749381 3.189175
v 3.214686 0.747449 3.183139
v 3.119493 0.854060 3.242861
v 3.124666 0.833357 3.246990
v 3.133304 0.813396 3.248424
v 3.145068 0.794963 3.247104
v 3.159497 0.778781 3.243084
v 3.176025 0.765485 3.236521
v 3.194002 0.755598 3.227671
v 3.212726 0.749507 3.216882
v 3.231463 0.747449 3.204576
v 3.158579 0.858961 3.283058
v 3.163788 0.837909 3.287017
v 3.171771 0.817277 3.287089
v 3.182174 0.797986 3.283272
v 3.194537 0.780892 3.275733
v 3.208315 0.766751 3.264802
v 3.222904 0.756185 3.250957
v 3.237669 0.749657 3.234800
v 3.251970 0.747449 3.217031
v 3.207827 0.863984 3.308225
v 3.212912 0.842645 3.311971
v 3.219617 0.821360 3.310883
v 3.227606 0.801193 3.305015
v 3.236484 0.783145 3.294653
v 3.245816 0.768108 3.280300
v 3.255147 0.756816 3.262650
v 3.264029 0.749819 3.242551
v 3.272037 0.747449 3.220963
v 3.262254 0.869182 3.315844
v 3.267076 0.847501 3.319490
v 3.271960 0.825537 3.317848
v 3.276643 0.804479 3.311007
v 3.280871 0.785464 3.299331
v 3.284419 0.769511 3.283442
v 3.287096 0.757473 3.264178
v 3.288760 0.749988 3.242556
v 3.289325 0.747449 3.219710
v 3.317108 0.871663 3.305987
v 3.321491 0.850039 3.309544
v 3.324213 0.827837 3.307943
v 3.325118 0.806347 3.301275
v 3.324150 0.786805 3.289918
v 3.321361 0.770331 3.274512
v 3.316906 0.757857 3.255918
v 3.311030 0.750087 3.235170
v 3.304060 0.747449 3.213415
v 3.366664 0.873261 3.279061
v 3.370666 0.851591 3.282772
v 3.371413 0.829214 3.282129
v 3.368860 0.807458 3.277169
v 3.363155 0.787605 3.268180
v 3.354629 0.770823 3.255684
v 3.343773 0.758091 3.240404
v 3.331212 0.750148 3.223219
v 3.317667 0.747449 3.205115
v 3.406328 0.873169 3.237872
v 3.410083 0.851478 3.241868
v 3.409393 0.829110 3.242805
v 3.404297 0.807378 3.240628
v 3.395094 0.787555 3.235463
v 3.382315 0.770797 3.227609
v 3.366704 0.758082 3.217521
v 3.349162 0.750146 3.205783
v 3.330703 0.747449 3.193073
v 3.432255 0.871553 3.186323
v 3.435935 0.849871 3.190639
v 3.434532 0.827680 3.193442
v 3.428126 0.806232 3.194576
v 3.417077 0.786739 3.193975
v 3.402010 0.770303 3.191674
v 3.383776 0.757851 3.187803
v 3.363405 0.750087 3.182579
v 3.342046 0.747449 3.176299
v 3.441680 0.869368 3.129177
v 3.445489 0.847615 3.133787
v 3.444173 0.825628 3.138448
v 3.437803 0.804566 3.142912
v 3.426719 0.785545 3.146943
v 3.411517 0.769576 3.150328
v 3.393015 0.757511 3.152885
v 3.372215 0.750000 3.154478
v 3.350245 0.747449 3.155018
v 3.432262 0.871527 2.138266
v 3.435878 0.849884 2.134099
v 3.434325 0.827691 2.131467
v 3.427694 0.806226 2.130522
v 3.416356 0.786719 2.131321
v 3.400949 0.770279 2.133821
v 3.382331 0.757834 2.137883
v 3.361536 0.750081 2.143284
v 3.339711 0.747449 2.149725
v 3.406359 0.873060 2.086686
v 3.410099 0.851381 2.082824
v 3.409374 0.829022 2.082037
v 3.404228 0.807300 2.084374
v 3.394957 0.787492 2.089699
v 3.382098 0.770754 2.097705
v 3.366390 0.758058 2.107933
v 3.348734 0.750139 2.119796
v 3.330138 0.747449 2.132617
v 3.366711 0.873083 2.045476
v 3.370739 0.851390 2.041854
v 3.371540 0.829030 2.042552
v 3.369066 0.807312 2.047529
v 3.363459 0.787506 2.056496
v 3.355045 0.770767 2.068934
v 3.344310 0.758067 2.084124
v 3.331872 0.750142 2.101190
v 3.318449 0.747449 2.119148
v 3.317162 0.871439 2.018544
v 3.321584 0.849764 2.015018
v 3.324374 0.827585 2.016535
v 3.325376 0.806156 2.023009
v 3.324533 0.786685 2.034076
v 3.321892 0.770269 2.049112
v 3.317602 0.757835 2.067269
v 3.311906 0.750083 2.087526
v 3.305122 0.747449 2.108741
v 3.262305 0.868956 2.008699
v 3.267139 0.847214 2.005043
v 3.272018 0.825275 2.006488
v 3.276685 0.804285 2.012958
v 3.280898 0.785345 2.024110
v 3.284431 0.769454 2.039349
v 3.287100 0.757454 2.057861
v 3.288761 0.749985 2.078653
v 3.289325 0.747449 2.100604
v 3.207870 0.863768 2.016351
v 3.212922 0.842383 2.012588
v 3.219500 0.821124 2.013443
v 3.227286 0.801017 2.018877
v 3.235901 0.783037 2.028624
v 3.244929 0.768054 2.042210
v 3.253928 0.756798 2.058973
v 3.262461 0.749816 2.078094
v 3.270109 0.747449 2.098636
v 3.158608 0.858795 2.041562
v 3.163744 0.837721 2.037616
v 3.171500 0.817110 2.037369
v 3.181539 0.797860 2.040833
v 3.193421 0.780811 2.047857
v 3.206628 0.766709 2.058132
v 3.220580 0.756169 2.071208
v 3.234665 0.749654 2.086511
v 3.248265 0.747449 2.103368
v 3.119509 0.853964 2.081808
v 3.124593 0.833258 2.077733
v 3.132965 0.813308 2.076231
v 3.144299 0.794893 2.077361
v 3.158153 0.778732 2.081079
v 3.173984 0.765457 2.087239
v 3.191174 0.755585 2.095601
v 3.209052 0.749503 2.105838
v 3.226918 0.747449 2.117549
v 3.094485 0.849772 2.133216
v 3.099447 0.829430 2.129085
v 3.107983 0.810076 2.126344
v 3.119793 0.792388 2.125091
v 3.134464 0.776986 2.125369
v 3.151481 0.764409 2.127168
v 3.170251 0.755098 2.130426
v 3.190117 0.749378 2.135029
v 3.210386 0.747449 2.140815
v 3.085994 0.847286 2.190875
v 3.090836 0.827100 2.186711
v 3.099189 0.808073 2.182786
v 3.110784 0.790815 2.179225
v 3.125253 0.775879 2.176143
v 3.142136 0.763740 2.173639
v 3.160898 0.754786 2.171792
v 3.180948 0.749298 2.170660
v 3.201655 0.747449 2.170278
v 3.095309 0.844305 2.248574
v 3.100040 0.824484 2.244453
v 3.108010 0.805933 2.239491
v 3.118984 0.789199 2.233834
v 3.132638 0.774776 2.227649
v 3.148568 0.763091 2.221118
v 3.166304 0.754488 2.214436
v 3.185321 0.749222 2.207799
v 3.205055 0.747449 2.201404
v 3.121237 0.843266 2.301016
v 3.125900 0.823546 2.296885
v 3.133263 0.805150 2.290929
v 3.143120 0.788600 2.283315
v 3.155188 0.774364 2.274260
v 3.169126 0.762846 2.264021
v 3.184534 0.754375 2.252892
v 3.200971 0.749194 2.241192
v 3.217965 0.747449 2.229255
v 3.161339 0.843470 2.342812
v 3.165956 0.823720 2.338620
v 3.172506 0.805293 2.331746
v 3.180802 0.788710 2.322383
v 3.190609 0.774441 2.310800
v 3.201645 0.762893 2.297327
v 3.213593 0.754398 2.282353
v 3.226107 0.749199 2.266313
v 3.238823 0.747449 2.249671
v 3.211614 0.844964 2.369815
v 3.216182 0.825055 2.365506
v 3.221689 0.806404 2.357839
v 3.227973 0.789561 2.347042
v 3.234845 0.775030 2.333436
v 3.242099 0.763245 2.317434
v 3.249516 0.754561 2.299519
v 3.256869 0.749241 2.280238
v 3.263932 0.747449 2.260183
v 3.266817 0.848662 2.379502
v 3.271346 0.828298 2.375034
v 3.275625 0.809057 2.366829
v 3.279514 0.791568 2.355155
v 3.282887 0.776401 2.340395
v 3.285632 0.764054 2.323034
v 3.287660 0.754932 2.303641
v 3.288905 0.749336 2.282857
v 3.289325 0.747449 2.261367
v 3.322065 0.851479 2.370641
v 3.326424 0.830960 2.366027
v 3.329223 0.811354 2.357576
v 3.330358 0.793373 2.345595
v 3.329790 0.777671 2.330521
v 3.327539 0.764820 2.312905
v 3.323687 0.755290 2.293389
v 3.318377 0.749428 2.272690
v 3.311803 0.747449 2.251566
v 3.371285 0.855926 2.344539
v 3.375470 0.835054 2.339821
v 3.376782 0.814824 2.331620
v 3.375168 0.796065 2.320272
v 3.370693 0.779545 2.306243
v 3.363539 0.765942 2.290104
v 3.353998 0.755809 2.272512
v 3.342456 0.749561 2.254184
v 3.329382 0.747449 2.235863
v 3.409895 0.860578 2.303737
v 3.413878 0.839396 2.299001
v 3.413831 0.818539 2.291568
v 3.409757 0.798967 2.281780
v 3.401839 0.781577 2.270083
v 3.390434 0.767162 2.257010
v 3.376055 0.756376 2.243148
v 3.359347 0.749706 2.229122
v 3.341055 0.747449 2.215557
v 3.434186 0.864980 2.252306
v 3.437975 0.843563 2.247658
v 3.436884 0.822143 2.241487
v 3.430967 0.801805 2.234104
v 3.420518 0.783575 2.225881
v 3.406054 0.768367 2.217228
v 3.388284 0.756938 2.208571
v 3.368079 0.749850 2.200336
v 3.346420 0.747449 2.192924
v 3.441675 0.869384 2.195434
v 3.445380 0.847684 2.190958
v 3.443816 0.825693 2.186420
v 3.437067 0.804603 2.182070
v 3.425494 0.785553 2.178139
v 3.409716 0.769566 2.174841
v 3.390568 0.757499 2.172351
v 3.369066 0.749995 2.170803
v 3.346344 0.747449 2.170278
v 2.369117 0.849797 2.117914
v 2.364072 0.829449 2.113669
v 2.355293 0.810095 2.110873
v 2.343084 0.792408 2.109625
v 2.327873 0.777004 2.109966
v 2.310193 0.764424 2.111885
v 2.290667 0.755106 2.115314
v 2.269983 0.749381 2.120131
v 2.248873 0.747449 2.126167
v 2.344108 0.854080 2.066559
v 2.338935 0.833376 2.062407
v 2.330292 0.813413 2.060953
v 2.318521 0.794977 2.062255
v 2.304084 0.778791 2.066260
v 2.287548 0.765491 2.072813
v 2.269562 0.755601 2.081657
v 2.250829 0.749507 2.092444
v 2.232085 0.747449 2.104752
v 2.305026 0.858995 2.026372
v 2.299816 0.837942 2.022391
v 2.291827 0.817306 2.022299
v 2.281417 0.798010 2.026100
v 2.269046 0.780909 2.033627
v 2.255259 0.766761 2.044551
v 2.240660 0.756190 2.058393
v 2.225888 0.749658 2.074552
v 2.211582 0.747449 2.092325
v 2.255780 0.864028 2.001215
v 2.250694 0.842689 1.997447
v 2.243985 0.821398 1.998516
v 2.235991 0.801224 2.004370
v 2.227106 0.783167 2.014723
v 2.217768 0.768121 2.029070
v 2.208431 0.756823 2.046719
v 2.199544 0.749820 2.066821
v 2.191533 0.747449 2.088415
v 2.201354 0.869227 1.993603
v 2.196532 0.847547 1.989935
v 2.191647 0.825578 1.991559
v 2.186963 0.804513 1.998386
v 2.182732 0.785488 2.010053
v 2.179183 0.769526 2.025938
v 2.176504 0.757480 2.045201
v 2.174838 0.749990 2.066826
v 2.174273 0.747449 2.089677
v 2.146502 0.871708 2.003463
v 2.142120 0.850084 1.999883
v 2.139398 0.827879 2.001465
v 2.138496 0.806380 2.008117
v 2.139467 0.786830 2.019463
v 2.142257 0.770345 2.034862
v 2.146716 0.757864 2.053453
v 2.152593 0.750089 2.074201
v 2.159566 0.747449 2.095957
v 2.096944 0.873297 2.030387
v 2.092944 0.851628 2.026653
v 2.092200 0.829248 2.027275
v 2.094757 0.807485 2.032216
v 2.100467 0.787625 2.041190
v 2.108999 0.770836 2.053674
v 2.119860 0.758097 2.068948
v 2.132426 0.750149 2.086130
v 2.145973 0.747449 2.104234
v 2.057276 0.873191 2.071571
v 2.053523 0.851501 2.067551
v 2.054217 0.829131 2.066591
v 2.059316 0.807396 2.068746
v 2.068527 0.787568 2.073892
v 2.081311 0.770805 2.081731
v 2.096928 0.758085 2.091808
v 2.114475 0.750147 2.103540
v 2.132935 0.747449 2.116248
v 2.031345 0.871558 2.123114
v 2.027666 0.849877 2.118774
v 2.029071 0.827686 2.115945
v 2.035481 0.806237 2.114788
v 2.046533 0.786743 2.115368
v 2.061604 0.770305 2.117651
v 2.079842 0.757852 2.121509
v 2.100217 0.750087 2.126724
v 2.121577 0.747449 2.133002
v 2.021917 0.869365 2.180256
v 2.018109 0.847611 2.175620
v 2.019424 0.825625 2.170935
v 2.025793 0.804564 2.166446
v 2.036875 0.785544 2.162393
v 2.052078 0.769575 2.158990
v 2.070577 0.757511 2.156419
v 2.091377 0.750000 2.154819
v 2.113346 0.747449 2.154275
v 2.029358 0.864796 2.237067
v 2.025456 0.843348 2.232301
v 2.026257 0.821956 2.226082
v 2.031721 0.801673 2.218717
v 2.041578 0.783499 2.210571
v 2.055339 0.768334 2.202046
v 2.072318 0.756928 2.193565
v 2.091671 0.749849 2.185550
v 2.112431 0.747449 2.178402
v 2.053626 0.860304 2.288458
v 2.049545 0.839116 2.283645
v 2.049321 0.818300 2.276272
v 2.052967 0.798790 2.266673
v 2.060317 0.781464 2.255278
v 2.071039 0.767102 2.242602
v 2.084647 0.756352 2.229218
v 2.100525 0.749701 2.215733
v 2.117954 0.747449 2.202757
v 2.092223 0.855586 2.329224
v 2.087975 0.834739 2.324459
v 2.086473 0.814559 2.316396
v 2.087777 0.795863 2.305363
v 2.091835 0.779409 2.291805
v 2.098481 0.765863 2.276273
v 2.107446 0.755774 2.259396
v 2.118367 0.749552 2.241861
v 2.130798 0.747449 2.224379
v 2.141442 0.851107 2.355296
v 2.137062 0.830636 2.350643
v 2.134182 0.811086 2.342347
v 2.132907 0.793166 2.330710
v 2.133283 0.777526 2.316153
v 2.135296 0.764732 2.299202
v 2.138873 0.755248 2.280472
v 2.143885 0.749417 2.260640
v 2.150151 0.747449 2.240424
v 2.196694 0.848273 2.364137
v 2.192179 0.827972 2.359615
v 2.187914 0.808791 2.351515
v 2.184038 0.791361 2.340104
v 2.180679 0.776254 2.325756
v 2.177945 0.763963 2.308936
v 2.175928 0.754888 2.290190
v 2.174690 0.749324 2.270124
v 2.174273 0.747449 2.249383
v 2.251915 0.844620 2.354429
v 2.247375 0.824768 2.350039
v 2.241926 0.806170 2.342394
v 2.235732 0.789381 2.331722
v 2.228977 0.774902 2.318341
v 2.221863 0.763166 2.302651
v 2.214603 0.754523 2.285122
v 2.207414 0.749231 2.266277
v 2.200511 0.747449 2.246680
v 2.302207 0.843176 2.327419
v 2.297611 0.823471 2.323116
v 2.291108 0.805091 2.316174
v 2.282883 0.788556 2.306789
v 2.273170 0.774334 2.295228
v 2.262244 0.762829 2.281819
v 2.250416 0.754367 2.266944
v 2.238026 0.749192 2.251030
v 2.225429 0.747449 2.234532
v 2.342325 0.843038 2.285627
v 2.337661 0.823345 2.281363
v 2.330287 0.804987 2.275276
v 2.320410 0.788478 2.267537
v 2.308307 0.774282 2.258364
v 2.294322 0.762799 2.248016
v 2.278853 0.754354 2.236788
v 2.262342 0.749188 2.225001
v 2.245262 0.747449 2.212993
v 2.368266 0.844153 2.233201
v 2.363506 0.824343 2.228938
v 2.355445 0.805819 2.223825
v 2.344317 0.789117 2.218010
v 2.330448 0.774725 2.211664
v 2.314246 0.763064 2.204973
v 2.296192 0.754477 2.198135
v 2.276824 0.749220 2.191354
v 2.256722 0.747449 2.184833
v 2.377602 0.847278 2.175549
v 2.372701 0.827080 2.171245
v 2.364175 0.808056 2.167191
v 2.352293 0.790806 2.163515
v 2.337431 0.775878 2.160333
v 2.320063 0.763744 2.157748
v 2.300740 0.754789 2.155839
v 2.280081 0.749299 2.154669
v 2.258742 0.747449 2.154275
v 2.368266 0.844153 3.078797
v 2.363541 0.824356 3.083047
v 2.355582 0.805831 3.088129
v 2.344622 0.789123 3.093892
v 2.330984 0.774725 3.100166
v 2.315072 0.763060 3.106768
v 2.297353 0.754474 3.113501
v 2.278351 0.749219 3.120168
v 2.258626 0.747449 3.126571
v 2.342325 0.843038 3.026371
v 2.337671 0.823349 3.030628
v 2.330325 0.804991 3.036696
v 2.320493 0.788480 3.044404
v 2.308452 0.774282 3.053534
v 2.294546 0.762798 3.063827
v 2.279167 0.754353 3.074991
v 2.262755 0.749188 3.086709
v 2.245778 0.747449 3.098645
v 2.302207 0.843176 2.984579
v 2.297601 0.823465 2.988895
v 2.291072 0.805085 2.995872
v 2.282803 0.788553 3.005315
v 2.273028 0.774334 3.016957
v 2.262026 0.762830 3.030468
v 2.250110 0.754369 3.045459
v 2.237623 0.749192 3.061502
v 2.224925 0.747449 3.078132
v 2.251915 0.844620 2.957569
v 2.247359 0.824754 2.962000
v 2.241870 0.806157 2.969764
v 2.235610 0.789374 2.980633
v 2.228765 0.774902 2.994284
v 2.221538 0.763169 3.010310
v 2.214146 0.754526 3.028229
v 2.206813 0.749232 3.047500
v 2.199761 0.747449 3.067536
v 2.196694 0.848273 2.947861
v 2.192176 0.827955 2.952453
v 2.187911 0.808776 2.960756
v 2.184037 0.791353 2.972500
v 2.180679 0.776254 2.987306
v 2.177946 0.763967 3.004690
v 2.175928 0.754892 3.024087
v 2.174690 0.749326 3.044862
v 2.174273 0.747449 3.066336
v 2.141442 0.851107 2.956703
v 2.137089 0.830628 2.961443
v 2.134297 0.811078 2.969995
v 2.133164 0.793162 2.982051
v 2.133733 0.777526 2.997176
v 2.135981 0.764734 3.014822
v 2.139828 0.755250 3.034348
v 2.145133 0.749418 3.055045
v 2.151703 0.747449 3.076159
v 2.092223 0.855586 2.982774
v 2.088042 0.834748 2.987623
v 2.086729 0.814568 2.995936
v 2.088339 0.795868 3.007376
v 2.092805 0.779409 3.021476
v 2.099948 0.765861 3.037665
v 2.109477 0.755772 3.055288
v 2.121010 0.749551 3.073632
v 2.134080 0.747449 3.091958
v 2.053626 0.860304 3.023540
v 2.049645 0.839147 3.028413
v 2.049690 0.818329 3.035973
v 2.053760 0.798805 3.045874
v 2.061671 0.781464 3.057665
v 2.073067 0.767094 3.070814
v 2.087439 0.756345 3.084731
v 2.104145 0.749698 3.098792
v 2.122443 0.747449 3.112374
v 2.029358 0.864796 3.074932
v 2.025572 0.843397 3.079720
v 2.026667 0.822003 3.086031
v 2.032587 0.801697 3.093544
v 2.043040 0.783500 3.101883
v 2.057510 0.768322 3.110633
v 2.075287 0.756917 3.119363
v 2.095505 0.749845 3.127646
v 2.117184 0.747449 3.135079
v 2.021917 0.869365 3.131742
v 2.018214 0.847665 3.136366
v 2.019783 0.825677 3.141052
v 2.026540 0.804590 3.145546
v 2.038123 0.785543 3.149605
v 2.053915 0.769561 3.153011
v 2.073079 0.757497 3.155582
v 2.094598 0.749994 3.157181
v 2.117338 0.747449 3.157723
v 2.031345 0.871558 3.188885
v 2.027739 0.849923 3.193195
v 2.029312 0.827730 3.195971
v 2.035975 0.806260 3.197052
v 2.047352 0.786744 3.196375
v 2.062802 0.770294 3.193975
v 2.081463 0.757841 3.189985
v 2.102298 0.750083 3.184625
v 2.124157 0.747449 3.178191
v 2.057276 0.873191 3.240427
v 2.053549 0.851521 3.244428
v 2.054299 0.829151 3.245349
v 2.059483 0.807406 3.243135
v 2.068800 0.787568 3.237915
v 2.081709 0.770801 3.229990
v 2.097466 0.758080 3.219815
v 2.115164 0.750145 3.207978
v 2.133790 0.747449 3.195154
v 2.096944 0.873297 3.281611
v 2.092927 0.851611 3.285367
v 2.092148 0.829231 3.284791
v 2.094654 0.807477 3.279918
v 2.100299 0.787625 3.271031
v 2.108754 0.770840 3.258649
v 2.119529 0.758101 3.243489
v 2.132000 0.750151 3.226431
v 2.145446 0.747449 3.208462
v 2.146502 0.871708 3.308536
v 2.142086 0.850035 3.312193
v 2.139305 0.827831 3.310788
v 2.138315 0.806355 3.304402
v 2.139175 0.786828 3.293397
v 2.141833 0.770357 3.278396
v 2.146141 0.757877 3.260250
v 2.151854 0.750094 3.239986
v 2.158648 0.747449 3.218754
v 2.201354 0.869227 3.318395
v 2.196519 0.847486 3.322183
v 2.191634 0.825519 3.320848
v 2.186957 0.804483 3.314460
v 2.182732 0.785488 3.303363
v 2.179186 0.769542 3.288149
v 2.176508 0.757496 3.269639
v 2.174840 0.749996 3.248832
v 2.174273 0.747449 3.226858
v 2.255780 0.864028 3.310783
v 2.250722 0.842637 3.314681
v 2.244126 0.821349 3.313940
v 2.236311 0.801198 3.308598
v 2.227660 0.783166 3.298914
v 2.218596 0.768133 3.285364
v 2.209562 0.756835 3.268614
v 2.201003 0.749825 3.249488
v 2.193340 0.747449 3.228926
v 2.305026 0.858995 3.285626
v 2.299883 0.837914 3.289710
v 2.292104 0.817280 3.290078
v 2.282030 0.797996 3.286716
v 2.270105 0.780908 3.279772
v 2.256852 0.766768 3.269551
v 2.242856 0.756196 3.256505
v 2.228735 0.749661 3.241210
v 2.215113 0.747449 3.224342
v 2.344108 0.854080 3.245439
v 2.339019 0.833373 3.249651
v 2.330628 0.813410 3.251281
v 2.319265 0.794975 3.250263
v 2.305375 0.778791 3.246639
v 2.289503 0.765492 3.240549
v 2.272275 0.755602 3.232235
v 2.254364 0.749508 3.222021
v 2.236476 0.747449 3.210310
v 2.369117 0.849797 3.194084
v 2.364152 0.829461 3.198351
v 2.355606 0.810106 3.201220
v 2.343781 0.792413 3.202590
v 2.329090 0.777005 3.202412
v 2.312050 0.764421 3.200693
v 2.293258 0.755104 3.197494
v 2.273372 0.749380 3.192925
v 2.253088 0.747449 3.187147
v 2.377602 0.847278 3.136449
v 2.372762 0.827096 3.140750
v 2.364412 0.808071 3.144804
v 2.352819 0.790814 3.148482
v 2.338355 0.775878 3.151665
v 2.321480 0.763740 3.154252
v 2.302725 0.754785 3.156160
v 2.282684 0.749298 3.157329
v 2.261986 0.747449 3.157723
vt 0.817479 0.104090
vt 0.817479 0.047092
vt 0.845944 0.047092
vt 0.845944 0.104090
vt 0.810364 0.104687
vt 0.810364 0.048226
vt 0.817479 0.001858
vt 0.845944 0.001858
vt 0.853058 0.104687
vt 0.853058 0.048226
vt 0.817479 0.167273
vt 0.845944 0.167273
vt 0.810364 0.167273
vt 0.805155 0.106316
vt 0.805155 0.051326
vt 0.810364 0.003419
vt 0.853058 0.003419
vt 0.853058 0.167273
vt 0.858267 0.106316
vt 0.858267 0.051326
vt 0.817479 0.230456
vt 0.845944 0.230456
vt 0.810364 0.229860
vt 0.805155 0.167273
vt 0.858267 0.167273
vt 0.853058 0.229860
vt 0.817479 0.287455
vt 0.845944 0.287455
vt 0.810364 0.286320
vt 0.805155 0.228230
vt 0.858267 0.228230
vt 0.853058 0.286320
vt 0.817479 0.332689
vt 0.845944 0.332689
vt 0.810364 0.331127
vt 0.805155 0.283221
vt 0.858267 0.283221
vt 0.853058 0.331127
vt 0.877896 0.287455
vt 0.877896 0.230456
vt 0.906361 0.230456
vt 0.906361 0.287455
vt 0.870781 0.286320
vt 0.870781 0.229860
vt 0.877896 0.167273
vt 0.906361 0.167273
vt 0.913476 0.286320
vt 0.913476 0.229860
vt 0.877896 0.332689
vt 0.906361 0.332689
vt 0.870781 0.331127
vt 0.865573 0.283221
vt 0.865573 0.228230
vt 0.870781 0.167273
vt 0.877896 0.104090
vt 0.906361 0.104090
vt 0.913476 0.167273
vt 0.913476 0.331127
vt 0.918684 0.283221
vt 0.918684 0.228230
vt 0.865573 0.167273
vt 0.870781 0.104687
vt 0.877896 0.047092
vt 0.906361 0.047092
vt 0.913476 0.104687
vt 0.918684 0.167273
vt 0.865573 0.106316
vt 0.870781 0.048226
vt 0.877896 0.001858
vt 0.906361 0.001858
vt 0.913476 0.048226
vt 0.918684 0.106316
vt 0.865573 0.051326
vt 0.870781 0.003419
vt 0.913476 0.003419
vt 0.918684 0.051326
vt 0.656063 0.439086
vt 0.669481 0.437918
vt 0.706235 0.641507
vt 0.697859 0.641507
vt 0.654825 0.433486
vt 0.668231 0.432385
vt 0.680125 0.436689
vt 0.712882 0.641507
vt 0.641229 0.440272
vt 0.688575 0.641507
vt 0.640025 0.434593
vt 0.653208 0.427900
vt 0.666311 0.426949
vt 0.678887 0.431245
vt 0.626310 0.440842
vt 0.679290 0.641507
vt 0.625183 0.435182
vt 0.638809 0.428853
vt 0.651290 0.422604
vt 0.663810 0.421853
vt 0.676787 0.425974
vt 0.612853 0.441264
vt 0.670914 0.641507
vt 0.611809 0.435601
vt 0.624452 0.429388
vt 0.637643 0.423354
vt 0.649169 0.417858
vt 0.660839 0.417328
vt 0.673910 0.421091
vt 0.602100 0.441288
vt 0.664267 0.641507
vt 0.601131 0.435631
vt 0.611565 0.429762
vt 0.624156 0.423789
vt 0.636591 0.418388
vt 0.646947 0.413897
vt 0.657533 0.413576
vt 0.670374 0.416793
vt 0.601299 0.429789
vt 0.612133 0.424088
vt 0.624313 0.418700
vt 0.635707 0.414219
vt 0.666321 0.413254
vt 0.602594 0.424109
vt 0.613482 0.418913
vt 0.624913 0.414409
vt 0.644736 0.410919
vt 0.635040 0.411070
vt 0.604940 0.418926
vt 0.615532 0.414538
vt 0.625924 0.411158
vt 0.608202 0.414545
vt 0.170970 0.431874
vt 0.184657 0.432162
vt 0.141858 0.639973
vt 0.133482 0.639973
vt 0.172077 0.426731
vt 0.185764 0.426989
vt 0.199710 0.432971
vt 0.151142 0.639973
vt 0.160059 0.431913
vt 0.126835 0.639973
vt 0.161177 0.426767
vt 0.173662 0.421937
vt 0.187094 0.422152
vt 0.200828 0.427698
vt 0.214758 0.433627
vt 0.160427 0.639973
vt 0.162985 0.421967
vt 0.175678 0.417626
vt 0.188607 0.417790
vt 0.201881 0.422732
vt 0.215860 0.428315
vt 0.228167 0.434742
vt 0.168803 0.639973
vt 0.165431 0.417648
vt 0.178069 0.413918
vt 0.190260 0.414032
vt 0.202835 0.418228
vt 0.216584 0.423262
vt 0.229245 0.429337
vt 0.238661 0.436021
vt 0.175450 0.639973
vt 0.180768 0.410919
vt 0.192003 0.410987
vt 0.203661 0.414331
vt 0.216905 0.418645
vt 0.229619 0.424126
vt 0.239694 0.430525
vt 0.204332 0.411163
vt 0.216812 0.414624
vt 0.229274 0.419313
vt 0.239713 0.425139
vt 0.216307 0.411340
vt 0.228225 0.415089
vt 0.238717 0.420103
vt 0.226512 0.411618
vt 0.236748 0.415640
vt 0.569826 0.440834
vt 0.583291 0.441234
vt 0.526478 0.641505
vt 0.518103 0.641505
vt 0.570914 0.435183
vt 0.584300 0.435574
vt 0.594050 0.441240
vt 0.533125 0.641505
vt 0.554901 0.440274
vt 0.508818 0.641505
vt 0.556070 0.434609
vt 0.571601 0.429390
vt 0.584505 0.429737
vt 0.594996 0.435577
vt 0.540054 0.439124
vt 0.499534 0.641505
vt 0.541268 0.433533
vt 0.557254 0.428868
vt 0.571847 0.423786
vt 0.583895 0.424066
vt 0.594813 0.429739
vt 0.526627 0.437975
vt 0.491158 0.641505
vt 0.527864 0.432446
vt 0.542879 0.427941
vt 0.558390 0.423362
vt 0.571639 0.418694
vt 0.582505 0.418895
vt 0.593514 0.424070
vt 0.515975 0.436761
vt 0.484511 0.641505
vt 0.517207 0.431312
vt 0.529804 0.427000
vt 0.544806 0.422632
vt 0.559416 0.418389
vt 0.570986 0.414401
vt 0.580415 0.414525
vt 0.591173 0.418899
vt 0.519348 0.426031
vt 0.532360 0.421891
vt 0.546953 0.417873
vt 0.560277 0.414215
vt 0.587926 0.414529
vt 0.522311 0.421133
vt 0.535413 0.417351
vt 0.549212 0.413903
vt 0.569926 0.411152
vt 0.560927 0.411065
vt 0.525973 0.416821
vt 0.538826 0.413588
vt 0.551472 0.410919
vt 0.530187 0.413269
vt 0.020646 0.434706
vt 0.034066 0.433612
vt 0.087108 0.639963
vt 0.078732 0.639963
vt 0.019582 0.429301
vt 0.032988 0.428301
vt 0.049119 0.432963
vt 0.096392 0.639963
vt 0.010139 0.435968
vt 0.072085 0.639963
vt 0.009109 0.430466
vt 0.019190 0.424092
vt 0.032272 0.423249
vt 0.048032 0.427693
vt 0.064182 0.432185
vt 0.105677 0.639963
vt 0.009044 0.425085
vt 0.019485 0.419285
vt 0.031945 0.418631
vt 0.047007 0.422726
vt 0.063106 0.427010
vt 0.077873 0.431913
vt 0.114053 0.639963
vt 0.009949 0.420060
vt 0.020455 0.415066
vt 0.032018 0.414610
vt 0.046078 0.418220
vt 0.061811 0.422167
vt 0.076795 0.426765
vt 0.088784 0.431966
vt 0.120700 0.639963
vt 0.011782 0.415609
vt 0.022063 0.411600
vt 0.032488 0.411327
vt 0.045273 0.414321
vt 0.060334 0.417798
vt 0.075240 0.421963
vt 0.087690 0.426811
vt 0.044619 0.411152
vt 0.058719 0.414033
vt 0.073252 0.417642
vt 0.085895 0.422000
vt 0.057015 0.410982
vt 0.070888 0.413925
vt 0.083451 0.417671
vt 0.068215 0.410919
vt 0.453414 0.433631
vt 0.466821 0.434749
vt 0.407197 0.639975
vt 0.398821 0.639975
vt 0.454522 0.428319
vt 0.467905 0.429344
vt 0.477312 0.436032
vt 0.413844 0.639975
vt 0.438368 0.432973
vt 0.389536 0.639975
vt 0.439491 0.427700
vt 0.455252 0.423266
vt 0.468284 0.424132
vt 0.478352 0.430536
vt 0.423317 0.432157
vt 0.380252 0.639975
vt 0.424430 0.426986
vt 0.440550 0.422733
vt 0.455578 0.418648
vt 0.467945 0.419319
vt 0.478376 0.425148
vt 0.409630 0.431866
vt 0.371876 0.639975
vt 0.410743 0.426725
vt 0.425765 0.422150
vt 0.441509 0.418230
vt 0.455489 0.414627
vt 0.466899 0.415093
vt 0.477383 0.420111
vt 0.398720 0.431902
vt 0.365229 0.639975
vt 0.399843 0.426758
vt 0.412332 0.421932
vt 0.427282 0.417789
vt 0.442340 0.414333
vt 0.454988 0.411343
vt 0.465188 0.411621
vt 0.475418 0.415646
vt 0.401655 0.421960
vt 0.414353 0.417623
vt 0.428939 0.414032
vt 0.443015 0.411165
vt 0.404106 0.417643
vt 0.416748 0.413916
vt 0.430686 0.410988
vt 0.419449 0.410919
vt 0.730744 0.441271
vt 0.744200 0.440844
vt 0.797435 0.641508
vt 0.789060 0.641508
vt 0.729694 0.435608
vt 0.743067 0.435184
vt 0.759117 0.440272
vt 0.806720 0.641508
vt 0.719992 0.441298
vt 0.782413 0.641508
vt 0.719017 0.435641
vt 0.729444 0.429768
vt 0.742328 0.429391
vt 0.757907 0.434593
vt 0.773949 0.439079
vt 0.816005 0.641508
vt 0.719180 0.429799
vt 0.730006 0.424094
vt 0.742026 0.423791
vt 0.756684 0.428853
vt 0.772704 0.433480
vt 0.787365 0.437906
vt 0.824380 0.641508
vt 0.720470 0.424117
vt 0.731350 0.418917
vt 0.742177 0.418702
vt 0.755512 0.423355
vt 0.771081 0.427895
vt 0.786108 0.432375
vt 0.798008 0.436675
vt 0.831027 0.641508
vt 0.722812 0.418933
vt 0.733396 0.414541
vt 0.742774 0.414411
vt 0.754454 0.418389
vt 0.769158 0.422600
vt 0.784184 0.426941
vt 0.796764 0.431232
vt 0.726072 0.414549
vt 0.753566 0.414220
vt 0.767032 0.417855
vt 0.781678 0.421847
vt 0.794659 0.425964
vt 0.743781 0.411160
vt 0.752894 0.411071
vt 0.764806 0.413896
vt 0.778703 0.417324
vt 0.791778 0.421083
vt 0.762592 0.410919
vt 0.775394 0.413574
vt 0.788239 0.416787
vt 0.784184 0.413251
vt 0.301006 0.432158
vt 0.314693 0.431866
vt 0.352447 0.639975
vt 0.344071 0.639975
vt 0.299897 0.426989
vt 0.313581 0.426726
vt 0.325603 0.431902
vt 0.359094 0.639975
vt 0.285955 0.432973
vt 0.334787 0.639975
vt 0.284833 0.427705
vt 0.298570 0.422153
vt 0.311997 0.421934
vt 0.324476 0.426757
vt 0.270909 0.433631
vt 0.325502 0.639975
vt 0.269795 0.428322
vt 0.283774 0.422738
vt 0.297066 0.417791
vt 0.309985 0.417623
vt 0.322655 0.421958
vt 0.257502 0.434749
vt 0.317126 0.639975
vt 0.256402 0.429343
vt 0.269046 0.423269
vt 0.282814 0.418233
vt 0.295427 0.414032
vt 0.307602 0.413917
vt 0.320190 0.417642
vt 0.247011 0.436032
vt 0.310479 0.639975
vt 0.245945 0.430529
vt 0.255977 0.424132
vt 0.268688 0.418650
vt 0.281983 0.414333
vt 0.293704 0.410987
vt 0.304914 0.410919
vt 0.245848 0.425142
vt 0.256243 0.419319
vt 0.268735 0.414627
vt 0.281308 0.411164
vt 0.246726 0.420108
vt 0.257189 0.415094
vt 0.269184 0.411342
vt 0.248539 0.415647
vt 0.258779 0.411622
vt 0.880824 0.363671
vt 0.894241 0.364844
vt 0.852185 0.567272
vt 0.843809 0.567272
vt 0.882097 0.358148
vt 0.895491 0.359257
vt 0.909072 0.366037
vt 0.861470 0.567272
vt 0.870182 0.362439
vt 0.837162 0.567272
vt 0.871448 0.356999
vt 0.884070 0.352713
vt 0.897139 0.353672
vt 0.910279 0.360372
vt 0.923990 0.366609
vt 0.870754 0.567272
vt 0.873618 0.351731
vt 0.886655 0.347616
vt 0.899100 0.348371
vt 0.911503 0.354631
vt 0.925115 0.360961
vt 0.937446 0.367036
vt 0.879130 0.567272
vt 0.876604 0.346849
vt 0.889733 0.343089
vt 0.901277 0.343620
vt 0.912676 0.349126
vt 0.925840 0.355167
vt 0.938490 0.361378
vt 0.948197 0.367063
vt 0.885777 0.567272
vt 0.880286 0.342552
vt 0.893166 0.339337
vt 0.903561 0.339658
vt 0.913735 0.344154
vt 0.926122 0.349562
vt 0.938731 0.355538
vt 0.949178 0.361402
vt 0.884512 0.339015
vt 0.914625 0.339981
vt 0.925945 0.344467
vt 0.938153 0.349861
vt 0.949028 0.355559
vt 0.905840 0.336680
vt 0.915296 0.336832
vt 0.925319 0.340173
vt 0.936790 0.344682
vt 0.947755 0.349880
vt 0.924277 0.336922
vt 0.934721 0.340305
vt 0.945435 0.344697
vt 0.942203 0.340315
vt 0.353013 0.092679
vt 0.380009 0.145661
vt 0.199253 0.204393
vt 0.386860 0.143435
vt 0.358841 0.088445
vt 0.389311 0.204393
vt 0.310967 0.050632
vt 0.396515 0.204393
vt 0.315201 0.044805
vt 0.380009 0.263124
vt 0.257984 0.023637
vt 0.386860 0.265349
vt 0.260210 0.016786
vt 0.363107 0.085345
vt 0.318300 0.040538
vt 0.353013 0.316106
vt 0.199253 0.014335
vt 0.358841 0.320340
vt 0.199253 0.007131
vt 0.261840 0.011771
vt 0.310967 0.358152
vt 0.140522 0.023637
vt 0.315201 0.363980
vt 0.138296 0.016786
vt 0.199253 0.001858
vt 0.257984 0.385148
vt 0.087540 0.050632
vt 0.260210 0.391999
vt 0.318300 0.368246
vt 0.363107 0.323439
vt 0.083306 0.044805
vt 0.136667 0.011771
vt 0.199253 0.394450
vt 0.045493 0.092679
vt 0.199253 0.401654
vt 0.261840 0.397014
vt 0.039666 0.088445
vt 0.080207 0.040538
vt 0.140522 0.385148
vt 0.018498 0.145661
vt 0.138296 0.391999
vt 0.199253 0.406927
vt 0.011647 0.143435
vt 0.035399 0.085346
vt 0.087540 0.358152
vt 0.009196 0.204393
vt 0.083306 0.363980
vt 0.136667 0.397014
vt 0.001992 0.204393
vt 0.045493 0.316106
vt 0.018498 0.263124
vt 0.039666 0.320340
vt 0.080207 0.368247
vt 0.011647 0.265349
vt 0.035399 0.323439
vt 0.781688 0.263124
vt 0.754693 0.316106
vt 0.600932 0.204392
vt 0.788539 0.265349
vt 0.760520 0.320340
vt 0.712646 0.358152
vt 0.790990 0.204392
vt 0.798194 0.204392
vt 0.716880 0.363980
vt 0.659663 0.385148
vt 0.781688 0.145661
vt 0.788539 0.143435
vt 0.764787 0.323439
vt 0.719979 0.368246
vt 0.661889 0.391999
vt 0.600932 0.394450
vt 0.754692 0.092679
vt 0.760520 0.088445
vt 0.663519 0.397014
vt 0.600932 0.401654
vt 0.542201 0.385148
vt 0.712646 0.050632
vt 0.716880 0.044805
vt 0.600932 0.406927
vt 0.539975 0.391999
vt 0.489219 0.358152
vt 0.659663 0.023637
vt 0.661889 0.016786
vt 0.719979 0.040538
vt 0.764787 0.085346
vt 0.538346 0.397014
vt 0.484985 0.363980
vt 0.447172 0.316106
vt 0.600932 0.014335
vt 0.600932 0.007131
vt 0.663519 0.011771
vt 0.481886 0.368246
vt 0.441345 0.320340
vt 0.420177 0.263123
vt 0.542201 0.023637
vt 0.539975 0.016786
vt 0.600932 0.001858
vt 0.437078 0.323439
vt 0.413326 0.265349
vt 0.410875 0.204392
vt 0.489219 0.050632
vt 0.484985 0.044805
vt 0.538346 0.011771
vt 0.403671 0.204392
vt 0.420177 0.145661
vt 0.447172 0.092679
vt 0.441345 0.088445
vt 0.481886 0.040538
vt 0.413326 0.143435
vt 0.437078 0.085345
vt 0.826580 0.872036
vt 0.834956 0.876303
vt 0.817295 0.900611
vt 0.841602 0.882950
vt 0.817295 0.870565
vt 0.845870 0.891326
vt 0.808011 0.872036
vt 0.847341 0.900611
vt 0.799635 0.876303
vt 0.845870 0.909895
vt 0.792988 0.882950
vt 0.841602 0.918271
vt 0.788720 0.891326
vt 0.834956 0.924918
vt 0.787250 0.900611
vt 0.826580 0.929185
vt 0.788720 0.909895
vt 0.817295 0.930656
vt 0.792988 0.918271
vt 0.808011 0.929185
vt 0.799635 0.924918
vt 0.779644 0.909940
vt 0.775376 0.918315
vt 0.751069 0.900655
vt 0.768729 0.924962
vt 0.781114 0.900655
vt 0.760354 0.929230
vt 0.779644 0.891371
vt 0.751069 0.930701
vt 0.775376 0.882995
vt 0.741784 0.929230
vt 0.768729 0.876348
vt 0.733409 0.924962
vt 0.760354 0.872080
vt 0.726762 0.918315
vt 0.751069 0.870610
vt 0.722494 0.909940
vt 0.741784 0.872080
vt 0.721024 0.900655
vt 0.733409 0.876348
vt 0.722494 0.891371
vt 0.726762 0.882995
vt 0.713418 0.909940
vt 0.709150 0.918315
vt 0.684843 0.900655
vt 0.702503 0.924962
vt 0.714888 0.900655
vt 0.694127 0.929230
vt 0.713418 0.891371
vt 0.684843 0.930701
vt 0.709150 0.882995
vt 0.675558 0.929230
vt 0.702503 0.876348
vt 0.667183 0.924962
vt 0.694127 0.872080
vt 0.660536 0.918315
vt 0.684843 0.870610
vt 0.656268 0.909940
vt 0.675558 0.872080
vt 0.654797 0.900655
vt 0.667183 0.876348
vt 0.656268 0.891371
vt 0.660536 0.882995
vt 0.627901 0.872088
vt 0.636277 0.876356
vt 0.618617 0.900664
vt 0.642924 0.883003
vt 0.618617 0.870618
vt 0.647192 0.891379
vt 0.609332 0.872088
vt 0.648662 0.900664
vt 0.600956 0.876356
vt 0.647192 0.909948
vt 0.594309 0.883003
vt 0.642924 0.918324
vt 0.590042 0.891379
vt 0.636277 0.924971
vt 0.588571 0.900664
vt 0.627901 0.929238
vt 0.590042 0.909948
vt 0.618617 0.930709
vt 0.594309 0.918324
vt 0.609332 0.929238
vt 0.600956 0.924971
vt 0.981658 0.706417
vt 0.983102 0.712771
vt 0.966962 0.719069
vt 0.988522 0.710906
vt 0.986208 0.703030
vt 0.982866 0.719069
vt 0.978305 0.700777
vt 0.988602 0.718927
vt 0.981551 0.696213
vt 0.993575 0.708815
vt 0.990354 0.699510
vt 0.980726 0.724624
vt 0.973255 0.696591
vt 0.994032 0.718512
vt 0.986302 0.726264
vt 0.974891 0.691313
vt 0.984402 0.691635
vt 0.998008 0.706604
vt 0.993908 0.696018
vt 0.977765 0.729003
vt 0.966962 0.694252
vt 0.991620 0.727627
vt 0.982584 0.732322
vt 0.966853 0.688836
vt 0.976200 0.686135
vt 0.986743 0.687231
vt 0.974361 0.732147
vt 0.960116 0.694956
vt 0.987163 0.735386
vt 0.977898 0.736873
vt 0.958314 0.689839
vt 0.966530 0.683598
vt 0.977135 0.681246
vt 0.970809 0.734314
vt 0.953612 0.698123
vt 0.981177 0.741360
vt 0.991239 0.738019
vt 0.996381 0.728638
vt 0.972629 0.739993
vt 0.950323 0.693816
vt 0.956436 0.684919
vt 0.966003 0.678704
vt 0.988479 0.683178
vt 0.977660 0.676822
vt 0.966962 0.735957
vt 0.948433 0.703742
vt 0.974163 0.745410
vt 0.984011 0.745349
vt 0.966815 0.741922
vt 0.943974 0.700607
vt 0.947088 0.689662
vt 0.954540 0.680343
vt 0.965289 0.674314
vt 0.989539 0.679641
vt 0.977758 0.673023
vt 0.962449 0.736284
vt 0.945438 0.711091
vt 0.966380 0.747566
vt 0.975326 0.750264
vt 0.960359 0.741920
vt 0.940190 0.709389
vt 0.939663 0.697531
vt 0.943999 0.685780
vt 0.952682 0.676249
vt 0.964411 0.670570
vt 0.957210 0.735258
vt 0.944908 0.719069
vt 0.958040 0.747167
vt 0.965682 0.752595
vt 0.976054 0.754286
vt 0.986237 0.748611
vt 0.953477 0.739897
vt 0.939338 0.718966
vt 0.935134 0.707620
vt 0.935624 0.694602
vt 0.941145 0.682281
vt 0.950917 0.672758
vt 0.977425 0.669989
vt 0.963398 0.667595
vt 0.951857 0.732006
vt 0.947477 0.726410
vt 0.949622 0.744115
vt 0.955604 0.751775
vt 0.964755 0.756743
vt 0.946965 0.735219
vt 0.941968 0.727986
vt 0.933945 0.718662
vt 0.930421 0.705838
vt 0.931972 0.691903
vt 0.938608 0.679266
vt 0.949299 0.669975
vt 0.942077 0.738036
vt 0.945814 0.747729
vt 0.953168 0.755522
vt 0.936569 0.729244
vt 0.928901 0.718167
vt 0.928812 0.689512
vt 0.936460 0.676819
vt 0.937384 0.740346
vt 0.942217 0.750583
vt 0.950850 0.758227
vt 0.963652 0.759791
vt 0.931474 0.730142
vt 0.933069 0.742059
vt 0.938989 0.752551
vt 0.885419 0.602502
vt 0.887918 0.606969
vt 0.874764 0.612334
vt 0.893616 0.605287
vt 0.890274 0.599155
vt 0.889650 0.612334
vt 0.882367 0.598986
vt 0.895582 0.612472
vt 0.885872 0.594298
vt 0.899045 0.603877
vt 0.894883 0.596058
vt 0.889670 0.618246
vt 0.878888 0.596269
vt 0.901195 0.612876
vt 0.895324 0.620181
vt 0.880659 0.590731
vt 0.889119 0.589843
vt 0.903905 0.602817
vt 0.898984 0.593388
vt 0.888269 0.624155
vt 0.874764 0.594145
vt 0.900599 0.622331
vt 0.893044 0.627696
vt 0.874617 0.588414
vt 0.882147 0.585443
vt 0.891921 0.585877
vt 0.885222 0.629456
vt 0.869748 0.593631
vt 0.897406 0.631358
vt 0.888635 0.634239
vt 0.867751 0.588268
vt 0.874184 0.582986
vt 0.883266 0.580702
vt 0.880632 0.633556
vt 0.864045 0.594866
vt 0.891648 0.639024
vt 0.901160 0.634977
vt 0.905238 0.624591
vt 0.882349 0.639070
vt 0.860495 0.590466
vt 0.865524 0.583277
vt 0.873487 0.578154
vt 0.894118 0.582630
vt 0.883956 0.576777
vt 0.874764 0.636114
vt 0.858472 0.598569
vt 0.883735 0.644474
vt 0.894139 0.643616
vt 0.874655 0.641725
vt 0.853808 0.595511
vt 0.856817 0.586471
vt 0.863174 0.578901
vt 0.872564 0.574175
vt 0.868135 0.635805
vt 0.854156 0.604643
vt 0.874330 0.647151
vt 0.884741 0.649569
vt 0.866291 0.641041
vt 0.848865 0.603132
vt 0.849141 0.592839
vt 0.853175 0.583057
vt 0.860817 0.575354
vt 0.861580 0.633061
vt 0.851877 0.612334
vt 0.864372 0.646074
vt 0.873800 0.652213
vt 0.885328 0.654168
vt 0.896007 0.647830
vt 0.858261 0.637405
vt 0.846471 0.612434
vt 0.843678 0.601930
vt 0.844653 0.590656
vt 0.849727 0.580375
vt 0.871465 0.571264
vt 0.858568 0.572809
vt 0.856135 0.627731
vt 0.852765 0.620460
vt 0.854993 0.641593
vt 0.862435 0.650751
vt 0.873084 0.656746
vt 0.885477 0.658103
vt 0.897175 0.651492
vt 0.851698 0.630847
vt 0.847613 0.622130
vt 0.841237 0.612729
vt 0.838778 0.601080
vt 0.840520 0.589048
vt 0.846625 0.578541
vt 0.847407 0.633902
vt 0.851874 0.645502
vt 0.860542 0.654929
vt 0.872203 0.660599
vt 0.842648 0.623862
vt 0.836339 0.613212
vt 0.843385 0.636807
vt 0.848993 0.649019
vt 0.858748 0.658481
vt 0.871188 0.663647
vt 0.885180 0.661231
vt 0.838018 0.625607
vt 0.839746 0.639480
vt 0.846433 0.652043
vt 0.857107 0.661300
vt 0.836595 0.641844
vt 0.844267 0.654488
vt 0.899618 0.695406
vt 0.904000 0.700997
vt 0.884525 0.708335
vt 0.909512 0.699421
vt 0.904511 0.692193
vt 0.906577 0.708335
vt 0.894265 0.692162
vt 0.912148 0.708438
vt 0.898000 0.687522
vt 0.914912 0.698164
vt 0.909402 0.689377
vt 0.906050 0.716313
vt 0.889031 0.691141
vt 0.917541 0.708743
vt 0.911298 0.718015
vt 0.891122 0.685504
vt 0.901857 0.683304
vt 0.920009 0.697269
vt 0.914097 0.687068
vt 0.903058 0.723664
vt 0.884525 0.691471
vt 0.922586 0.709242
vt 0.916354 0.719785
vt 0.907517 0.726799
vt 0.884673 0.685505
vt 0.893443 0.680256
vt 0.905668 0.679690
vt 0.897880 0.729287
vt 0.880686 0.693110
vt 0.921067 0.721571
vt 0.911827 0.729876
vt 0.901169 0.733594
vt 0.878865 0.687431
vt 0.885108 0.679860
vt 0.895880 0.675649
vt 0.918414 0.685358
vt 0.909267 0.676838
vt 0.891375 0.732459
vt 0.877137 0.695271
vt 0.915866 0.732807
vt 0.904403 0.737749
vt 0.893177 0.737575
vt 0.873600 0.690545
vt 0.877331 0.682014
vt 0.885807 0.674831
vt 0.898318 0.671903
vt 0.884525 0.733164
vt 0.873733 0.698408
vt 0.907491 0.741632
vt 0.895054 0.742494
vt 0.884634 0.738579
vt 0.868914 0.695090
vt 0.870320 0.686059
vt 0.876167 0.677161
vt 0.886734 0.670684
vt 0.912497 0.674873
vt 0.900638 0.669200
vt 0.878228 0.730825
vt 0.870768 0.702781
vt 0.896949 0.747071
vt 0.910344 0.745133
vt 0.919517 0.735509
vt 0.884957 0.743818
vt 0.876592 0.736103
vt 0.865192 0.701142
vt 0.864333 0.692027
vt 0.867485 0.682072
vt 0.875439 0.673140
vt 0.887838 0.667638
vt 0.873176 0.726637
vt 0.868619 0.708335
vt 0.885484 0.748711
vt 0.898806 0.751167
vt 0.912879 0.748151
vt 0.922676 0.737904
vt 0.875284 0.741280
vt 0.869930 0.731201
vt 0.862884 0.708477
vt 0.859873 0.699781
vt 0.860256 0.689396
vt 0.865257 0.678813
vt 0.869822 0.720992
vt 0.868381 0.714634
vt 0.874350 0.746170
vt 0.886198 0.753102
vt 0.900570 0.754660
vt 0.867079 0.735778
vt 0.865272 0.724379
vt 0.862961 0.716500
vt 0.857454 0.708895
vt 0.855112 0.698774
vt 0.864739 0.740184
vt 0.873824 0.750595
vt 0.887075 0.756848
vt 0.902187 0.757446
vt 0.915027 0.750601
vt 0.861127 0.727900
vt 0.857909 0.718592
vt 0.857575 0.731394
vt 0.863004 0.744239
vt 0.873726 0.754396
vt 0.888086 0.759827
vt 0.853476 0.720806
vt 0.861944 0.747779
vt 0.874059 0.757434
vt 0.961498 0.607262
vt 0.964852 0.614552
vt 0.942831 0.622685
vt 0.970001 0.612881
vt 0.965930 0.604146
vt 0.965729 0.622685
vt 0.956054 0.601906
vt 0.971133 0.622582
vt 0.959369 0.597565
vt 0.974962 0.611140
vt 0.970214 0.601087
vt 0.963406 0.630366
vt 0.949484 0.599140
vt 0.976365 0.622277
vt 0.968702 0.631875
vt 0.951325 0.593910
vt 0.962629 0.593377
vt 0.979588 0.609382
vt 0.974229 0.598172
vt 0.959069 0.636413
vt 0.942831 0.598827
vt 0.981261 0.621779
vt 0.973893 0.633067
vt 0.963739 0.639471
vt 0.942939 0.593221
vt 0.953240 0.588879
vt 0.965740 0.589463
vt 0.953492 0.640077
vt 0.936938 0.601391
vt 0.978799 0.633903
vt 0.968415 0.642137
vt 0.957048 0.644480
vt 0.935223 0.595879
vt 0.943263 0.587797
vt 0.955169 0.584201
vt 0.977860 0.595485
vt 0.968612 0.585936
vt 0.947808 0.641273
vt 0.932338 0.605516
vt 0.972913 0.644308
vt 0.960735 0.648473
vt 0.949808 0.646641
vt 0.928925 0.600732
vt 0.933838 0.590476
vt 0.943789 0.582733
vt 0.957056 0.580017
vt 0.981003 0.593101
vt 0.971164 0.582897
vt 0.942831 0.640733
vt 0.929299 0.610846
vt 0.964389 0.651879
vt 0.952043 0.651635
vt 0.942978 0.646470
vt 0.924522 0.607300
vt 0.925915 0.595943
vt 0.932834 0.585378
vt 0.944503 0.578195
vt 0.958843 0.576453
vt 0.938751 0.638618
vt 0.927926 0.616773
vt 0.954401 0.656007
vt 0.967849 0.654547
vt 0.977056 0.645897
vt 0.943414 0.651902
vt 0.936978 0.644161
vt 0.922267 0.614833
vt 0.920161 0.603629
vt 0.923427 0.591342
vt 0.932247 0.580772
vt 0.945379 0.574330
vt 0.973322 0.580431
vt 0.960477 0.573616
vt 0.935305 0.635931
vt 0.927967 0.622685
vt 0.944113 0.656734
vt 0.956768 0.659545
vt 0.935486 0.649451
vt 0.931794 0.640622
vt 0.922030 0.622543
vt 0.916989 0.612670
vt 0.916409 0.599996
vt 0.921562 0.587116
vt 0.932098 0.576823
vt 0.946391 0.571264
vt 0.932262 0.632457
vt 0.929747 0.628028
vt 0.934361 0.654188
vt 0.945039 0.660706
vt 0.959026 0.662073
vt 0.970962 0.656360
vt 0.928539 0.645075
vt 0.927399 0.635804
vt 0.924040 0.629708
vt 0.916412 0.622126
vt 0.912348 0.610391
vt 0.920396 0.583435
vt 0.932394 0.573676
vt 0.925726 0.649033
vt 0.933667 0.658104
vt 0.946142 0.663603
vt 0.922779 0.638895
vt 0.918601 0.631107
vt 0.918665 0.641551
vt 0.923518 0.652265
vt 0.913729 0.632149
vt 0.961570 0.001858
vt 0.961570 0.058856
vt 0.933105 0.058856
vt 0.933105 0.001858
vt 0.968685 0.002992
vt 0.968685 0.059452
vt 0.961570 0.122039
vt 0.933105 0.122039
vt 0.925990 0.002992
vt 0.925990 0.059452
vt 0.968685 0.122039
vt 0.961570 0.185222
vt 0.933105 0.185222
vt 0.925990 0.122039
vt 0.968685 0.184626
vt 0.961570 0.242221
vt 0.933105 0.242221
vt 0.925990 0.184626
vt 0.968685 0.241086
vt 0.925990 0.241086
vt 0.962428 0.486575
vt 0.962428 0.429577
vt 0.990893 0.429577
vt 0.990893 0.486575
vt 0.955313 0.485440
vt 0.955313 0.428980
vt 0.962428 0.366393
vt 0.990893 0.366393
vt 0.998008 0.485440
vt 0.998008 0.428980
vt 0.955313 0.366393
vt 0.962428 0.303210
vt 0.990893 0.303210
vt 0.998008 0.366393
vt 0.955313 0.303807
vt 0.962428 0.246212
vt 0.990893 0.246212
vt 0.998008 0.303807
vt 0.955313 0.247347
vt 0.998008 0.247347
vt 0.721679 0.850317
vt 0.708830 0.851485
vt 0.652797 0.645499
vt 0.661172 0.645499
vt 0.722788 0.855761
vt 0.709973 0.856831
vt 0.694405 0.852224
vt 0.643512 0.645499
vt 0.723180 0.861031
vt 0.710725 0.861937
vt 0.695585 0.857526
vt 0.679990 0.853180
vt 0.634228 0.645499
vt 0.722839 0.865915
vt 0.711058 0.866618
vt 0.696699 0.862536
vt 0.681176 0.858364
vt 0.666861 0.853559
vt 0.625852 0.645499
vt 0.682599 0.863222
vt 0.668062 0.858705
vt 0.669760 0.863505
vt 0.145759 0.663152
vt 0.158616 0.664463
vt 0.113857 0.867104
vt 0.105481 0.867104
vt 0.147119 0.657656
vt 0.159944 0.658892
vt 0.172825 0.665820
vt 0.123142 0.867104
vt 0.149203 0.652270
vt 0.161694 0.653336
vt 0.174084 0.660160
vt 0.187145 0.666468
vt 0.132426 0.867104
vt 0.151919 0.647234
vt 0.163780 0.648071
vt 0.175359 0.654426
vt 0.188290 0.660823
vt 0.200083 0.666885
vt 0.140802 0.867104
vt 0.176582 0.648929
vt 0.189000 0.655027
vt 0.201127 0.661228
vt 0.189237 0.649416
vt 0.201322 0.655386
vt 0.177685 0.643964
vt 0.188984 0.644315
vt 0.200656 0.649706
vt 0.199167 0.644523
vt 0.096606 0.844219
vt 0.083670 0.844649
vt 0.028937 0.643954
vt 0.037313 0.643954
vt 0.097657 0.849883
vt 0.084825 0.850307
vt 0.069349 0.845297
vt 0.019652 0.643954
vt 0.097866 0.855720
vt 0.085553 0.856097
vt 0.070611 0.850973
vt 0.055138 0.846651
vt 0.010368 0.643954
vt 0.097220 0.861390
vt 0.085815 0.861691
vt 0.071885 0.856700
vt 0.056457 0.852234
vt 0.042278 0.847949
vt 0.001992 0.643954
vt 0.095757 0.866560
vt 0.085595 0.866775
vt 0.073103 0.862180
vt 0.058174 0.857784
vt 0.043618 0.853451
vt 0.074203 0.867125
vt 0.060207 0.863033
vt 0.045643 0.858832
vt 0.048264 0.863857
vt 0.772094 0.658577
vt 0.785219 0.658967
vt 0.739471 0.866574
vt 0.731095 0.866574
vt 0.773299 0.653421
vt 0.786411 0.653770
vt 0.799630 0.659933
vt 0.748755 0.866574
vt 0.775009 0.648611
vt 0.787849 0.648901
vt 0.800812 0.654617
vt 0.814053 0.660668
vt 0.758040 0.866574
vt 0.801929 0.649594
vt 0.815191 0.655312
vt 0.826903 0.661829
vt 0.766416 0.866574
vt 0.815922 0.650193
vt 0.827995 0.656380
vt 0.828338 0.651099
vt 0.816218 0.645499
vt 0.827917 0.646202
vt 0.264337 0.847910
vt 0.251481 0.846596
vt 0.296237 0.643967
vt 0.304613 0.643967
vt 0.262977 0.853406
vt 0.250153 0.852167
vt 0.237272 0.845238
vt 0.286953 0.643967
vt 0.260891 0.858793
vt 0.248402 0.857725
vt 0.236013 0.850898
vt 0.222952 0.844591
vt 0.277668 0.643967
vt 0.258173 0.863831
vt 0.246314 0.862992
vt 0.234738 0.856634
vt 0.221808 0.850236
vt 0.210014 0.844176
vt 0.269293 0.643967
vt 0.233515 0.862133
vt 0.221098 0.856033
vt 0.208970 0.849833
vt 0.220862 0.861645
vt 0.208776 0.855676
vt 0.232411 0.867100
vt 0.221115 0.866749
vt 0.209443 0.861357
vt 0.210934 0.866542
vt 0.522109 0.661794
vt 0.534959 0.660624
vt 0.590996 0.866627
vt 0.582620 0.866627
vt 0.521000 0.656351
vt 0.533815 0.655280
vt 0.549383 0.659884
vt 0.600280 0.866627
vt 0.520608 0.651083
vt 0.533063 0.650176
vt 0.548204 0.654585
vt 0.563799 0.658931
vt 0.609565 0.866627
vt 0.520949 0.646202
vt 0.532731 0.645498
vt 0.547091 0.649577
vt 0.562614 0.653748
vt 0.576929 0.658554
vt 0.617941 0.866627
vt 0.561191 0.648893
vt 0.575729 0.653410
vt 0.574031 0.648611
vt 0.471618 0.853569
vt 0.458489 0.853192
vt 0.504255 0.645497
vt 0.512630 0.645497
vt 0.470416 0.858715
vt 0.457299 0.858379
vt 0.444073 0.852239
vt 0.494970 0.645497
vt 0.468711 0.863514
vt 0.455866 0.863234
vt 0.442893 0.857543
vt 0.429648 0.851499
vt 0.485685 0.645497
vt 0.441780 0.862550
vt 0.428512 0.856845
vt 0.416799 0.850329
vt 0.477310 0.645497
vt 0.427783 0.861949
vt 0.415708 0.855770
vt 0.415365 0.861038
vt 0.427487 0.866626
vt 0.415785 0.865920
vt 0.313322 0.666890
vt 0.326260 0.666476
vt 0.380976 0.867100
vt 0.372601 0.867100
vt 0.312274 0.661229
vt 0.325107 0.660818
vt 0.340580 0.665828
vt 0.390261 0.867100
vt 0.312070 0.655387
vt 0.324381 0.655021
vt 0.339318 0.660152
vt 0.354789 0.664471
vt 0.399545 0.867100
vt 0.312724 0.649707
vt 0.324123 0.649414
vt 0.338043 0.654418
vt 0.353468 0.658886
vt 0.367645 0.663157
vt 0.407921 0.867100
vt 0.314198 0.644525
vt 0.324347 0.644317
vt 0.336821 0.648926
vt 0.351746 0.653329
vt 0.366302 0.657653
vt 0.335719 0.643967
vt 0.349706 0.648068
vt 0.364272 0.652267
vt 0.361642 0.647232
vn 0.949729 -0.052835 -0.308584
vn 0.807887 -0.052834 -0.586964
vn 0.807887 0.052834 -0.586964
vn 0.949729 0.052835 -0.308584
vn 0.586964 -0.052836 -0.807887
vn 0.586964 0.052836 -0.807887
vn 0.308585 -0.052837 -0.949728
vn 0.308585 0.052837 -0.949728
vn -0.000000 -0.052836 -0.998603
vn 0.000000 0.052836 -0.998603
vn -0.308585 -0.052836 -0.949728
vn -0.308586 0.052836 -0.949728
vn -0.586964 -0.052835 -0.807887
vn -0.586965 0.052835 -0.807887
vn -0.807887 -0.052835 -0.586965
vn -0.807886 0.052835 -0.586965
vn -0.949728 -0.052835 -0.308585
vn -0.949728 0.052835 -0.308586
vn -0.998603 -0.052834 -0.000000
vn -0.998603 0.052834 -0.000000
vn -0.949728 -0.052835 0.308585
vn -0.949728 0.052835 0.308585
vn -0.807887 -0.052835 0.586964
vn -0.807887 0.052835 0.586965
vn -0.586964 -0.052835 0.807887
vn -0.586964 0.052835 0.807887
vn -0.308585 -0.052835 0.949728
vn -0.308585 0.052836 0.949728
vn -0.000000 -0.052836 0.998603
vn 0.000000 0.052836 0.998603
vn 0.308586 -0.052836 0.949728
vn 0.308586 0.052836 0.949728
vn 0.586964 -0.052836 0.807887
vn 0.586964 0.052836 0.807887
vn 0.807887 -0.052835 0.586964
vn 0.807887 0.052835 0.586964
vn 0.949728 -0.052835 0.308585
vn 0.949728 0.052835 0.308585
vn 0.998603 -0.052836 0.000002
vn 0.998603 0.052836 0.000001
vn 0.018413 -0.999741 -0.013378
vn 0.021646 -0.999741 -0.007032
vn 0.000000 -1.000000 0.000000
vn 0.013378 -0.999741 -0.018413
vn 0.007033 -0.999741 -0.021646
vn 0.000000 -0.999741 -0.022760
vn -0.007033 -0.999741 -0.021645
vn -0.013378 -0.999741 -0.018413
vn -0.018413 -0.999741 -0.013377
vn -0.021646 -0.999741 -0.007033
vn -0.022760 -0.999741 0.000000
vn -0.021646 -0.999741 0.007033
vn -0.018413 -0.999741 0.013377
vn -0.013378 -0.999741 0.018413
vn -0.007033 -0.999741 0.021645
vn -0.000000 -0.999741 0.022760
vn 0.007033 -0.999741 0.021646
vn 0.013378 -0.999741 0.018414
vn 0.018413 -0.999741 0.013378
vn 0.021646 -0.999741 0.007033
vn 0.022760 -0.999741 0.000001
vn 0.021646 0.999741 -0.007034
vn 0.018413 0.999741 -0.013378
vn 0.000000 1.000000 -0.000000
vn 0.013378 0.999741 -0.018413
vn 0.007033 0.999741 -0.021646
vn -0.000000 0.999741 -0.022760
vn -0.007033 0.999741 -0.021646
vn -0.013378 0.999741 -0.018413
vn -0.018413 0.999741 -0.013378
vn -0.021646 0.999741 -0.007033
vn -0.022760 0.999741 0.000000
vn -0.021646 0.999741 0.007033
vn -0.018413 0.999741 0.013378
vn -0.013378 0.999741 0.018413
vn -0.007033 0.999741 0.021646
vn 0.000000 0.999741 0.022760
vn 0.007033 0.999741 0.021646
vn 0.013378 0.999741 0.018413
vn 0.018413 0.999741 0.013378
vn 0.021646 0.999741 0.007033
vn 0.022760 0.999741 -0.000001
vn 0.493083 -0.855103 -0.160211
vn 0.419441 -0.855103 -0.304742
vn 0.828543 -0.490960 -0.269210
vn 0.704802 -0.490958 -0.512069
vn 0.304742 -0.855103 -0.419442
vn 0.567280 -0.261828 -0.780794
vn 0.413044 -0.711475 -0.568505
vn 0.160213 -0.855102 -0.493085
vn 0.298237 -0.261830 -0.917878
vn 0.217151 -0.711473 -0.668320
vn -0.000000 -0.855102 -0.518459
vn -0.000000 -0.261827 -0.965115
vn -0.000000 -0.711472 -0.702714
vn -0.160213 -0.855102 -0.493084
vn -0.298238 -0.261826 -0.917879
vn -0.217151 -0.711472 -0.668321
vn -0.304743 -0.855103 -0.419440
vn -0.567280 -0.261823 -0.780796
vn -0.413045 -0.711474 -0.568506
vn -0.419443 -0.855102 -0.304742
vn -0.780796 -0.261823 -0.567280
vn -0.568507 -0.711475 -0.413042
vn -0.493084 -0.855103 -0.160213
vn -0.917881 -0.261822 -0.298235
vn -0.668316 -0.711478 -0.217148
vn -0.518455 -0.855105 0.000000
vn -0.965117 -0.261818 0.000000
vn -0.702704 -0.711482 -0.000000
vn -0.493083 -0.855103 0.160212
vn -0.917881 -0.261822 0.298236
vn -0.668315 -0.711479 0.217148
vn -0.419443 -0.855102 0.304742
vn -0.780796 -0.261823 0.567280
vn -0.568505 -0.711477 0.413041
vn -0.304742 -0.855103 0.419441
vn -0.567279 -0.261821 0.780797
vn -0.413041 -0.711477 0.568504
vn -0.160212 -0.855103 0.493084
vn -0.269210 -0.490959 0.828544
vn -0.000000 -0.855102 0.518460
vn -0.000000 -0.490960 0.871182
vn 0.160213 -0.855102 0.493084
vn 0.269210 -0.490961 0.828543
vn 0.304742 -0.855103 0.419442
vn 0.567279 -0.261825 0.780796
vn 0.413044 -0.711478 0.568502
vn 0.419441 -0.855103 0.304742
vn 0.780796 -0.261821 0.567281
vn 0.568507 -0.711476 0.413040
vn 0.493083 -0.855103 0.160212
vn 0.917880 -0.261822 0.298236
vn 0.668320 -0.711474 0.217150
vn 0.518458 -0.855103 0.000000
vn 0.965115 -0.261826 0.000001
vn 0.702711 -0.711476 0.000000
vn 0.493083 0.855103 -0.160211
vn 0.518458 0.855103 0.000000
vn 0.828543 0.490960 -0.269209
vn 0.965115 0.261826 0.000001
vn 0.702711 0.711476 -0.000000
vn 0.419441 0.855103 -0.304743
vn 0.704802 0.490958 -0.512069
vn 0.304742 0.855103 -0.419443
vn 0.413044 0.711475 -0.568505
vn 0.567281 0.261828 -0.780794
vn 0.160213 0.855102 -0.493084
vn 0.217151 0.711474 -0.668320
vn 0.298237 0.261830 -0.917878
vn -0.000000 0.855103 -0.518458
vn -0.000000 0.711474 -0.702712
vn 0.000000 0.261826 -0.965115
vn -0.160212 0.855102 -0.493085
vn -0.217152 0.711473 -0.668320
vn -0.298238 0.261827 -0.917878
vn -0.304743 0.855102 -0.419443
vn -0.413044 0.711473 -0.568508
vn -0.567281 0.261824 -0.780795
vn -0.419443 0.855102 -0.304744
vn -0.568506 0.711474 -0.413044
vn -0.780795 0.261823 -0.567282
vn -0.493084 0.855103 -0.160213
vn -0.668316 0.711478 -0.217148
vn -0.917880 0.261822 -0.298237
vn -0.518455 0.855105 0.000000
vn -0.702704 0.711482 -0.000000
vn -0.965117 0.261818 -0.000000
vn -0.493083 0.855103 0.160212
vn -0.668315 0.711479 0.217147
vn -0.917880 0.261821 0.298237
vn -0.419443 0.855102 0.304743
vn -0.568505 0.711476 0.413043
vn -0.780795 0.261823 0.567281
vn -0.304741 0.855102 0.419443
vn -0.413040 0.711476 0.568507
vn -0.567281 0.261822 0.780796
vn -0.160212 0.855102 0.493084
vn -0.269211 0.490960 0.828543
vn -0.000000 0.855103 0.518459
vn -0.000000 0.490960 0.871182
vn 0.160213 0.855103 0.493083
vn 0.269211 0.490961 0.828543
vn 0.304742 0.855102 0.419443
vn 0.413042 0.711476 0.568505
vn 0.567280 0.261826 0.780795
vn 0.419441 0.855103 0.304743
vn 0.568506 0.711475 0.413043
vn 0.780796 0.261821 0.567281
vn 0.493083 0.855103 0.160211
vn 0.668320 0.711474 0.217149
vn 0.917880 0.261822 0.298236
vn 0.000000 1.000000 0.000000
vn 0.000000 1.000000 0.000000
vn 0.000000 1.000000 0.000000
vn 0.000000 1.000000 0.000000
vn 0.000000 1.000000 0.000000
vn 0.000000 1.000000 0.000000
vn 0.000000 1.000000 0.000001
vn 0.000000 1.000000 -0.000001
vn 0.000000 1.000000 -0.000002
vn 0.000000 1.000000 0.000000
vn 0.000000 1.000000 0.000000
vn 0.000000 1.000000 0.000000
vn 0.000000 1.000000 0.000000
vn 0.000000 1.000000 -0.000002
vn 0.000000 1.000000 -0.000002
vn 0.000000 1.000000 0.000000
vn 0.000000 1.000000 -0.000001
vn 0.000000 1.000000 -0.000001
vn 0.000000 1.000000 0.000004
vn 0.000000 1.000000 0.000004
vn 0.000000 1.000000 0.000000
vn 0.000000 1.000000 0.000000
vn 0.000000 1.000000 0.000000
vn 0.000000 1.000000 0.000000
vn 0.000000 1.000000 0.000000
vn 0.000000 1.000000 0.000000
vn 0.000000 1.000000 0.000000
vn 0.000000 1.000000 0.000001
vn 0.000000 1.000000 -0.000001
vn 0.000000 1.000000 -0.000002
vn 0.000000 1.000000 0.000000
vn 0.000000 1.000000 0.000000
vn 0.000000 1.000000 0.000000
vn 0.000000 1.000000 0.000000
vn 0.000000 1.000000 -0.000002
vn 0.000000 1.000000 -0.000002
vn 0.000000 1.000000 0.000000
vn 0.000000 1.000000 -0.000001
vn 0.000000 1.000000 -0.000001
vn 0.000000 1.000000 0.000004
vn 0.000000 1.000000 0.000004
vn 0.000000 1.000000 0.000000
vn 0.000000 1.000000 0.000000
vn 0.000000 1.000000 0.000000
vn 0.000000 1.000000 0.000000
vn 0.000000 1.000000 0.000002
vn 0.000000 1.000000 0.000002
vn 0.000000 1.000000 0.000000
vn 0.000000 1.000000 0.000001
vn 0.000000 1.000000 0.000001
vn 0.000000 1.000000 -0.000004
vn 0.000000 1.000000 0.000000
vn 0.000000 1.000000 0.000000
vn 0.000000 1.000000 -0.000000
vn 0.000000 1.000000 0.000004
vn 0.000000 1.000000 -0.000002
vn 0.000000 1.000000 -0.000002
vn 0.000000 1.000000 0.000000
vn 0.000000 1.000000 -0.000001
vn 0.000000 1.000000 0.000001
vn 0.000000 1.000000 0.000002
vn 0.000000 1.000000 0.000000
vn 0.000000 1.000000 0.000000
vn 0.000000 1.000000 0.000000
vn 0.000000 1.000000 0.000000
vn 0.000000 1.000000 0.000000
vn 0.000000 1.000000 0.000002
vn 0.000000 1.000000 0.000002
vn 0.000000 1.000000 0.000000
vn 0.000000 1.000000 0.000001
vn 0.000000 1.000000 0.000001
vn 0.000000 1.000000 -0.000004
vn 0.000000 1.000000 0.000000
vn 0.000000 1.000000 0.000000
vn 0.000000 1.000000 -0.000000
vn 0.000000 1.000000 0.000004
vn 0.000000 1.000000 -0.000002
vn 0.000000 1.000000 -0.000002
vn 0.000000 1.000000 0.000000
vn 0.000000 1.000000 -0.000001
vn 0.000000 1.000000 0.000001
vn 0.000000 1.000000 0.000002
vn 0.000000 1.000000 0.000000
vn 0.000000 1.000000 0.000000
vn 0.929938 0.241408 -0.277375
vn 0.817953 0.152702 -0.554648
vn 0.788925 0.139899 -0.598352
vn 0.918119 0.233446 -0.320249
vn 0.613991 0.051891 -0.787605
vn 0.570103 0.037220 -0.820730
vn 0.336365 -0.049490 -0.940431
vn 0.286444 -0.062402 -0.956063
vn 0.017100 -0.138967 -0.990149
vn -0.024340 -0.146686 -0.988884
vn -0.299183 -0.204710 -0.931978
vn -0.324174 -0.206911 -0.923092
vn -0.576497 -0.240268 -0.780976
vn -0.584888 -0.239131 -0.775063
vn -0.793107 -0.244096 -0.558031
vn -0.789204 -0.242597 -0.564185
vn -0.933556 -0.216576 -0.285602
vn -0.926209 -0.217792 -0.307738
vn -0.987126 -0.159124 0.016194
vn -0.985954 -0.165562 -0.021985
vn -0.943835 -0.075607 0.321650
vn -0.957827 -0.087833 0.273591
vn -0.802295 0.025664 0.596376
vn -0.834183 0.010194 0.551393
vn -0.574440 0.132853 0.807694
vn -0.619257 0.118137 0.776250
vn -0.290711 0.231165 0.928466
vn -0.336411 0.221420 0.915314
vn 0.013193 0.309880 0.950684
vn -0.023502 0.306209 0.951674
vn 0.302722 0.362149 0.881594
vn 0.280307 0.363802 0.888299
vn 0.552598 0.387045 0.738127
vn 0.545226 0.391534 0.741236
vn 0.750893 0.385965 0.535903
vn 0.753464 0.390426 0.529018
vn 0.886429 0.360556 0.290247
vn 0.892286 0.362397 0.269248
vn 0.950006 0.311970 0.012818
vn 0.950749 0.309233 -0.021249
vn 0.045220 -0.998830 -0.017151
vn 0.052947 -0.998589 -0.004194
vn 0.000000 -1.000000 0.000000
vn 0.033361 -0.999069 -0.027369
vn 0.019588 -0.999269 -0.032825
vn 0.005213 -0.999349 -0.035688
vn -0.008571 -0.999468 -0.031478
vn -0.019150 -0.999483 -0.025831
vn -0.027457 -0.999473 -0.017302
vn -0.032624 -0.999442 -0.007204
vn -0.036095 -0.999334 0.005341
vn -0.033587 -0.999262 0.018653
vn -0.027880 -0.999097 0.032058
vn -0.016706 -0.998889 0.044064
vn -0.002800 -0.998674 0.051403
vn 0.014042 -0.998294 0.056672
vn 0.027273 -0.998214 0.053145
vn 0.038332 -0.998052 0.049231
vn 0.048155 -0.998026 0.040310
vn 0.054282 -0.998141 0.027706
vn 0.057814 -0.998251 0.012319
vn 0.887160 0.358863 -0.290112
vn 0.752020 0.383080 -0.536391
vn 0.754175 0.387624 -0.530063
vn 0.892664 0.360993 -0.269881
vn 0.553738 0.383156 -0.739301
vn 0.545948 0.387561 -0.742790
vn 0.303463 0.357463 -0.883250
vn 0.280695 0.358919 -0.890162
vn 0.013279 0.304652 -0.952371
vn -0.023567 0.300776 -0.953404
vn -0.291138 0.225827 -0.929646
vn -0.336681 0.216000 -0.916510
vn -0.574955 0.128019 -0.808108
vn -0.619345 0.113450 -0.776879
vn -0.802547 0.022003 -0.596184
vn -0.833957 0.006899 -0.551786
vn -0.943830 -0.077605 -0.321189
vn -0.957548 -0.089371 -0.274072
vn -0.987114 -0.159240 -0.015780
vn -0.986010 -0.165306 0.021423
vn -0.933797 -0.214890 0.286087
vn -0.926779 -0.215892 0.307362
vn -0.793565 -0.240831 0.558798
vn -0.790152 -0.239263 0.564281
vn -0.576942 -0.235689 0.782041
vn -0.585839 -0.234586 0.775733
vn -0.299401 -0.199185 0.933105
vn -0.324748 -0.201418 0.924105
vn 0.017112 -0.133013 0.990967
vn -0.024386 -0.140640 0.989761
vn 0.336331 -0.043821 0.940724
vn 0.286706 -0.056394 0.956357
vn 0.613635 0.056544 0.787563
vn 0.570256 0.042458 0.820369
vn 0.817371 0.155815 0.554641
vn 0.788764 0.143719 0.597658
vn 0.929517 0.242814 0.277558
vn 0.917828 0.235494 0.319586
vn 0.950093 0.311716 -0.012505
vn 0.950683 0.309472 0.020696
vn 0.051097 -0.998033 -0.036336
vn 0.055934 -0.998134 -0.024500
vn 0.000000 -1.000000 0.000000
vn 0.042446 -0.998060 -0.045539
vn 0.031156 -0.998221 -0.050836
vn 0.016370 -0.998336 -0.055293
vn -0.002411 -0.998724 -0.050442
vn -0.017318 -0.998948 -0.042454
vn -0.028295 -0.999146 -0.030104
vn -0.033552 -0.999296 -0.016801
vn -0.035616 -0.999359 -0.003731
vn -0.032027 -0.999451 0.008462
vn -0.026636 -0.999474 0.018504
vn -0.018017 -0.999474 0.026972
vn -0.007093 -0.999450 0.032409
vn 0.007181 -0.999314 0.036326
vn 0.021459 -0.999225 0.032984
vn 0.034905 -0.999014 0.027445
vn 0.046315 -0.998773 0.017547
vn 0.053731 -0.998541 0.005345
vn 0.058740 -0.998223 -0.010082
vn 0.943839 -0.075176 -0.321740
vn 0.802246 0.026437 -0.596408
vn 0.834231 0.010863 -0.551308
vn 0.957884 -0.087519 -0.273494
vn 0.574331 0.133870 -0.807603
vn 0.619236 0.119091 -0.776122
vn 0.290623 0.232280 -0.928216
vn 0.336353 0.222521 -0.915069
vn -0.013170 0.310967 -0.950330
vn 0.023493 0.307311 -0.951319
vn -0.302567 0.363117 -0.881249
vn -0.280225 0.364793 -0.887919
vn -0.552365 0.387837 -0.737885
vn -0.545078 0.392337 -0.740920
vn -0.750667 0.386544 -0.535800
vn -0.753321 0.390992 -0.528803
vn -0.886287 0.360883 -0.290275
vn -0.892210 0.362680 -0.269119
vn -0.949995 0.312001 -0.012884
vn -0.950762 0.309186 0.021360
vn -0.930028 0.241092 0.277348
vn -0.918175 0.233026 0.320396
vn -0.818075 0.152036 0.554651
vn -0.788958 0.139121 0.598491
vn -0.614069 0.050917 0.787608
vn -0.570074 0.036155 0.820798
vn -0.336372 -0.050668 0.940365
vn -0.286389 -0.063623 0.955999
vn -0.017097 -0.140196 0.989976
vn 0.024333 -0.147915 0.988701
vn 0.299133 -0.205844 0.931744
vn 0.324054 -0.208027 0.922884
vn 0.576401 -0.241202 0.780758
vn 0.584692 -0.240055 0.774926
vn 0.793016 -0.244756 0.557871
vn 0.789014 -0.243273 0.564159
vn 0.933507 -0.216909 0.285508
vn 0.926093 -0.218178 0.307814
vn 0.987131 -0.159083 -0.016276
vn 0.985943 -0.165614 0.022102
vn 0.027875 -0.999096 -0.032111
vn 0.033584 -0.999261 -0.018693
vn 0.000000 -1.000000 0.000000
vn 0.016686 -0.998887 -0.044130
vn 0.002768 -0.998671 -0.051474
vn -0.014071 -0.998290 -0.056744
vn -0.027284 -0.998210 -0.053225
vn -0.038327 -0.998047 -0.049320
vn -0.048149 -0.998023 -0.040398
vn -0.054269 -0.998140 -0.027785
vn -0.057821 -0.998250 -0.012383
vn -0.052928 -0.998590 0.004161
vn -0.045198 -0.998831 0.017117
vn -0.033335 -0.999070 0.027335
vn -0.019564 -0.999271 0.032790
vn -0.005198 -0.999351 0.035645
vn 0.008573 -0.999469 0.031443
vn 0.019147 -0.999484 0.025801
vn 0.027451 -0.999474 0.017276
vn 0.032616 -0.999442 0.007186
vn 0.036103 -0.999334 -0.005370
vn 0.933515 -0.216865 -0.285517
vn 0.793016 -0.244741 -0.557877
vn 0.789015 -0.243272 -0.564158
vn 0.926094 -0.218177 -0.307812
vn 0.576393 -0.241220 -0.780759
vn 0.584691 -0.240054 -0.774926
vn 0.299118 -0.205897 -0.931738
vn 0.324051 -0.208027 -0.922884
vn -0.017109 -0.140282 -0.989964
vn 0.024330 -0.147915 -0.988701
vn -0.336384 -0.050792 -0.940354
vn -0.286390 -0.063622 -0.955998
vn -0.614087 0.050768 -0.787604
vn -0.570076 0.036156 -0.820796
vn -0.818101 0.151880 -0.554656
vn -0.788956 0.139121 -0.598493
vn -0.930065 0.240948 -0.277350
vn -0.918174 0.233027 -0.320398
vn -0.950032 0.311887 0.012888
vn -0.950762 0.309186 -0.021360
vn -0.886315 0.360808 0.290281
vn -0.892210 0.362680 0.269119
vn -0.750681 0.386516 0.535802
vn -0.753321 0.390992 0.528804
vn -0.552366 0.387863 0.737871
vn -0.545078 0.392337 0.740919
vn -0.302562 0.363198 0.881217
vn -0.280225 0.364794 0.887919
vn -0.013164 0.311091 0.950289
vn 0.023493 0.307311 0.951319
vn 0.290627 0.232439 0.928175
vn 0.336355 0.222521 0.915068
vn 0.574335 0.134032 0.807574
vn 0.619238 0.119089 0.776120
vn 0.802253 0.026582 0.596392
vn 0.834231 0.010863 0.551308
vn 0.943850 -0.075060 0.321734
vn 0.957884 -0.087518 0.273495
vn 0.987144 -0.159007 0.016267
vn 0.985943 -0.165615 -0.022102
vn 0.026585 -0.999478 -0.018354
vn 0.031962 -0.999454 -0.008356
vn 0.000000 -1.000000 0.000000
vn 0.017985 -0.999480 -0.026778
vn 0.007095 -0.999457 -0.032195
vn -0.007106 -0.999324 -0.036061
vn -0.021356 -0.999235 -0.032761
vn -0.034807 -0.999024 -0.027203
vn -0.046246 -0.998781 -0.017278
vn -0.053652 -0.998547 -0.005086
vn -0.058817 -0.998213 0.010512
vn -0.055886 -0.998125 0.024982
vn -0.051137 -0.998014 0.036795
vn -0.042567 -0.998036 0.045964
vn -0.031404 -0.998193 0.051233
vn -0.016699 -0.998308 0.055690
vn 0.002152 -0.998703 0.050874
vn 0.017193 -0.998934 0.042834
vn 0.028268 -0.999138 0.030386
vn 0.033525 -0.999293 0.017001
vn 0.035649 -0.999357 0.003881
vn 0.242393 -0.969750 -0.028834
vn 0.213622 -0.972501 -0.092781
vn 0.446764 -0.892031 -0.068431
vn 0.388582 -0.902244 -0.186974
vn 0.626878 -0.770564 -0.115127
vn 0.541150 -0.791929 -0.282852
vn 0.773822 -0.611785 -0.164074
vn 0.665159 -0.646648 -0.373377
vn 0.880927 -0.423899 -0.210421
vn 0.756143 -0.473070 -0.452164
vn 0.943873 -0.216341 -0.249602
vn 0.811401 -0.278967 -0.513620
vn 0.960724 0.000788 -0.277504
vn 0.829981 -0.072800 -0.553020
vn 0.163914 -0.975373 -0.147580
vn 0.293454 -0.912632 -0.284582
vn 0.404342 -0.813718 -0.417577
vn 0.493288 -0.682610 -0.539176
vn 0.558111 -0.524618 -0.642874
vn 0.597811 -0.345977 -0.723133
vn 0.612498 -0.153565 -0.775412
vn 0.099117 -0.977973 -0.183699
vn 0.172168 -0.921811 -0.347307
vn 0.231124 -0.833251 -0.502269
vn 0.275699 -0.715561 -0.641843
vn 0.306050 -0.572965 -0.760293
vn 0.322855 -0.410356 -0.852861
vn 0.327312 -0.233107 -0.915712
vn 0.023199 -0.979965 -0.197814
vn 0.034876 -0.929370 -0.367499
vn 0.040079 -0.849232 -0.526496
vn 0.039461 -0.742265 -0.668944
vn 0.033971 -0.612112 -0.790041
vn 0.024825 -0.462952 -0.886036
vn 0.013465 -0.299246 -0.954081
vn -0.050634 -0.982066 -0.181609
vn -0.096533 -0.935966 -0.338597
vn -0.141641 -0.862707 -0.485463
vn -0.184980 -0.764369 -0.617675
vn -0.225282 -0.643787 -0.731291
vn -0.261147 -0.504426 -0.823017
vn -0.291092 -0.350259 -0.890272
vn -0.108801 -0.983114 -0.147136
vn -0.203357 -0.939633 -0.275202
vn -0.292861 -0.870296 -0.396002
vn -0.375117 -0.776723 -0.505953
vn -0.447872 -0.661227 -0.601822
vn -0.508965 -0.526810 -0.680754
vn -0.556412 -0.377131 -0.740391
vn -0.152153 -0.983451 -0.098360
vn -0.283522 -0.940581 -0.186878
vn -0.406733 -0.872052 -0.272202
vn -0.518826 -0.779284 -0.351477
vn -0.616841 -0.664373 -0.422037
vn -0.697968 -0.530175 -0.481410
vn -0.759745 -0.380314 -0.527399
vn -0.177959 -0.983133 -0.042189
vn -0.333408 -0.939076 -0.083524
vn -0.479457 -0.868513 -0.125724
vn -0.612156 -0.772863 -0.167178
vn -0.727618 -0.654257 -0.206201
vn -0.822179 -0.515672 -0.241049
vn -0.892641 -0.360994 -0.269954
vn -0.187939 -0.981933 0.022072
vn -0.352645 -0.935177 0.032952
vn -0.508715 -0.860123 0.037390
vn -0.650986 -0.758219 0.036356
vn -0.774500 -0.631819 0.030908
vn -0.874661 -0.484223 0.022284
vn -0.947419 -0.319773 0.011940
vn -0.175010 -0.980643 0.087813
vn -0.333480 -0.930174 0.153520
vn -0.485913 -0.849060 0.207330
vn -0.626318 -0.738701 0.249094
vn -0.748688 -0.601498 0.278688
vn -0.847138 -0.441120 0.296261
vn -0.916246 -0.262699 0.302461
vn -0.143370 -0.978395 0.148958
vn -0.278108 -0.922621 0.267258
vn -0.411287 -0.832838 0.370439
vn -0.536129 -0.710603 0.455641
vn -0.645811 -0.558894 0.520159
vn -0.733548 -0.382414 0.561843
vn -0.793009 -0.187735 0.579562
vn -0.090988 -0.975219 0.201665
vn -0.185582 -0.912115 0.365521
vn -0.284055 -0.811108 0.511290
vn -0.379446 -0.674540 0.633258
vn -0.465002 -0.506578 0.726052
vn -0.534051 -0.313435 0.785206
vn -0.580297 -0.103377 0.807817
vn -0.025897 -0.971638 0.235050
vn -0.066029 -0.900006 0.430847
vn -0.114880 -0.786324 0.607040
vn -0.167331 -0.634379 0.754694
vn -0.218360 -0.450174 0.865831
vn -0.262894 -0.241892 0.934010
vn -0.295949 -0.019671 0.955001
vn 0.047057 -0.967667 0.247803
vn 0.067821 -0.888044 0.454729
vn 0.075222 -0.762733 0.642323
vn 0.071573 -0.597130 0.798945
vn 0.059280 -0.399205 0.914943
vn 0.041077 -0.178958 0.982999
vn 0.020133 0.052105 0.998439
vn 0.111115 -0.965927 0.233751
vn 0.192807 -0.880758 0.432540
vn 0.258066 -0.747622 0.611934
vn 0.305091 -0.573097 0.760578
vn 0.332672 -0.366277 0.869006
vn 0.340533 -0.138255 0.930013
vn 0.329518 0.098443 0.939003
vn 0.161932 -0.964913 0.206692
vn 0.296610 -0.876891 0.378265
vn 0.414710 -0.739430 0.530338
vn 0.508766 -0.559898 0.653966
vn 0.573286 -0.348295 0.741643
vn 0.604689 -0.116504 0.787894
vn 0.601311 0.122398 0.789585
vn 0.205541 -0.964770 0.164229
vn 0.381981 -0.875821 0.295006
vn 0.539664 -0.737375 0.406252
vn 0.668199 -0.557238 0.492946
vn 0.759539 -0.345691 0.550997
vn 0.808086 -0.114726 0.577784
vn 0.810728 0.122660 0.572429
vn 0.236280 -0.965487 0.109573
vn 0.440610 -0.877668 0.188579
vn 0.623035 -0.741478 0.249074
vn 0.772281 -0.564812 0.290807
vn 0.879547 -0.357686 0.313780
vn 0.938682 -0.131595 0.318683
vn 0.946292 0.101125 0.307093
vn 0.251976 -0.966799 0.042518
vn 0.465669 -0.882756 0.062397
vn 0.655490 -0.752051 0.068934
vn 0.810472 -0.582191 0.064727
vn 0.922370 -0.382705 0.052634
vn 0.985752 -0.164371 0.035699
vn 0.997961 0.061484 0.017119
vn 0.234558 -0.967191 -0.097598
vn 0.211440 -0.965541 -0.151739
vn 0.436587 -0.882803 -0.173349
vn 0.388313 -0.878072 -0.279649
vn 0.618044 -0.750225 -0.234913
vn 0.544792 -0.741250 -0.392109
vn 0.767963 -0.576113 -0.279870
vn 0.671917 -0.562402 -0.481904
vn 0.877073 -0.369614 -0.306804
vn 0.762134 -0.351441 -0.543729
vn 0.938307 -0.141871 -0.315360
vn 0.809889 -0.120214 -0.574133
vn 0.947228 0.094583 -0.306291
vn 0.812003 0.118273 -0.571545
vn 0.174672 -0.964421 -0.198450
vn 0.311839 -0.875469 -0.369203
vn 0.428211 -0.737280 -0.522546
vn 0.518892 -0.557577 -0.647965
vn 0.579721 -0.346530 -0.737455
vn 0.607942 -0.116061 -0.785453
vn 0.602557 0.120921 -0.788862
vn 0.125482 -0.964162 -0.233765
vn 0.210119 -0.875710 -0.434722
vn 0.273358 -0.739503 -0.615151
vn 0.316311 -0.563302 -0.763307
vn 0.339421 -0.356948 -0.870277
vn 0.343540 -0.131777 -0.929847
vn 0.330325 0.100039 -0.938551
vn 0.056082 -0.965261 -0.255200
vn 0.078182 -0.880771 -0.467043
vn 0.083754 -0.750481 -0.655563
vn 0.077154 -0.581775 -0.809682
vn 0.062025 -0.384007 -0.921245
vn 0.041853 -0.167678 -0.984953
vn 0.020098 0.056221 -0.998216
vn -0.025918 -0.969273 -0.244620
vn -0.067501 -0.892383 -0.446202
vn -0.117922 -0.772806 -0.623591
vn -0.171216 -0.616746 -0.768316
vn -0.221968 -0.432119 -0.874073
vn -0.265299 -0.227964 -0.936829
vn -0.296880 -0.013934 -0.954813
vn -0.097892 -0.973237 -0.207910
vn -0.196564 -0.905336 -0.376470
vn -0.296745 -0.798551 -0.523697
vn -0.391348 -0.657587 -0.643759
vn -0.473976 -0.488711 -0.732467
vn -0.539054 -0.299240 -0.787322
vn -0.581845 -0.097122 -0.807480
vn -0.152422 -0.976816 -0.150325
vn -0.292487 -0.917044 -0.271074
vn -0.427682 -0.822256 -0.375477
vn -0.551227 -0.696018 -0.460118
vn -0.656980 -0.543220 -0.522771
vn -0.739650 -0.369652 -0.562384
vn -0.794818 -0.181745 -0.578993
vn -0.182897 -0.979441 -0.085107
vn -0.346370 -0.925871 -0.150963
vn -0.500823 -0.840800 -0.205503
vn -0.640160 -0.727183 -0.247793
vn -0.759020 -0.588927 -0.277586
vn -0.852878 -0.430605 -0.295261
vn -0.918011 -0.257308 -0.301744
vn -0.192854 -0.981081 -0.016940
vn -0.361216 -0.932108 -0.026419
vn -0.519000 -0.854210 -0.031070
vn -0.660801 -0.749917 -0.031086
vn -0.782053 -0.622623 -0.027071
vn -0.879061 -0.476293 -0.019944
vn -0.948959 -0.315211 -0.010892
vn -0.179463 -0.982590 0.048056
vn -0.336697 -0.937154 0.091530
vn -0.483963 -0.864793 0.133837
vn -0.616890 -0.767546 0.174126
vn -0.731600 -0.648162 0.211300
vn -0.824792 -0.510016 0.244135
vn -0.893825 -0.357003 0.271339
vn -0.150000 -0.983231 0.103711
vn -0.281281 -0.939807 0.194020
vn -0.405217 -0.870506 0.279317
vn -0.518227 -0.776937 0.357505
vn -0.616989 -0.661401 0.426466
vn -0.698542 -0.526884 0.484183
vn -0.760378 -0.377065 0.528817
vn -0.103513 -0.983218 0.150222
vn -0.196509 -0.940038 0.278771
vn -0.286367 -0.871017 0.399153
vn -0.370055 -0.777519 0.508453
vn -0.444701 -0.661614 0.603745
vn -0.507600 -0.526160 0.682274
vn -0.556318 -0.374870 0.741608
vn -0.043849 -0.982524 0.180896
vn -0.087658 -0.937637 0.336383
vn -0.132994 -0.865862 0.482281
vn -0.177904 -0.768551 0.614557
vn -0.220437 -0.647825 0.729198
vn -0.258585 -0.506730 0.822410
vn -0.290311 -0.349321 0.890895
vn 0.028998 -0.980791 0.192893
vn 0.041822 -0.932402 0.358994
vn 0.046540 -0.855024 0.516495
vn 0.044711 -0.750115 0.659794
vn 0.037726 -0.620125 0.783595
vn 0.027066 -0.468558 0.883018
vn 0.014420 -0.299998 0.953831
vn 0.100808 -0.979220 0.175971
vn 0.173009 -0.926284 0.334762
vn 0.231083 -0.841756 0.487901
vn 0.275448 -0.727167 0.628774
vn 0.306162 -0.585114 0.750937
vn 0.323423 -0.419572 0.848149
vn 0.327942 -0.236081 0.914724
vn 0.160126 -0.977062 0.140389
vn 0.286293 -0.918486 0.272798
vn 0.395944 -0.824656 0.403943
vn 0.486037 -0.697448 0.526626
vn 0.553592 -0.540267 0.633757
vn 0.596221 -0.358315 0.718423
vn 0.612645 -0.158699 0.774262
vn 0.205517 -0.974563 0.089388
vn 0.375214 -0.909151 0.180716
vn 0.526365 -0.804546 0.275037
vn 0.652613 -0.663547 0.365788
vn 0.748137 -0.490887 0.446453
vn 0.808213 -0.293339 0.510632
vn 0.829800 -0.079685 0.552342
vn 0.232879 -0.972009 0.031096
vn 0.431491 -0.899368 0.070374
vn 0.610286 -0.783653 0.115924
vn 0.759900 -0.629049 0.163856
vn 0.872116 -0.442033 0.209812
vn 0.940444 -0.231198 0.249223
vn 0.960678 -0.007041 0.277575
vn 0.244643 -0.969001 -0.034451
vn 0.453692 -0.889617 -0.052400
vn 0.642450 -0.763979 -0.059944
vn 0.799614 -0.597697 -0.058096
vn 0.915685 -0.398946 -0.048614
vn 0.983464 -0.177917 -0.033839
vn 0.998420 0.053703 -0.016561
vn 0.174964 -0.980639 -0.087949
vn 0.143306 -0.978382 -0.149104
vn 0.333433 -0.930156 -0.153726
vn 0.278034 -0.922574 -0.267494
vn 0.485879 -0.849023 -0.207562
vn 0.411231 -0.832737 -0.370726
vn 0.626307 -0.738633 -0.249320
vn 0.536111 -0.710420 -0.455947
vn 0.748706 -0.601385 -0.278882
vn 0.645825 -0.558615 -0.520441
vn 0.847182 -0.440942 -0.296400
vn 0.733588 -0.382016 -0.562061
vn 0.916294 -0.262446 -0.302536
vn 0.793049 -0.187199 -0.579681
vn 0.090895 -0.975194 -0.201830
vn 0.185472 -0.912029 -0.365791
vn 0.283957 -0.810926 -0.511633
vn 0.379386 -0.674226 -0.633629
vn 0.464969 -0.506122 -0.726391
vn 0.534041 -0.312829 -0.785454
vn 0.580283 -0.102606 -0.807925
vn 0.025791 -0.971602 -0.235211
vn 0.065896 -0.899887 -0.431117
vn 0.114754 -0.786077 -0.607383
vn 0.167231 -0.633973 -0.755058
vn 0.218286 -0.449597 -0.866149
vn 0.262842 -0.241148 -0.934217
vn 0.295903 -0.018769 -0.955034
vn -0.047122 -0.967626 -0.247951
vn -0.067911 -0.887911 -0.454976
vn -0.075316 -0.762461 -0.642636
vn -0.071659 -0.596693 -0.799264
vn -0.059344 -0.398586 -0.915209
vn -0.041121 -0.178172 -0.983140
vn -0.020154 0.053024 -0.998390
vn -0.111104 -0.965886 -0.233924
vn -0.192804 -0.880626 -0.432810
vn -0.258077 -0.747354 -0.612256
vn -0.305104 -0.572672 -0.760893
vn -0.332680 -0.365682 -0.869253
vn -0.340521 -0.137509 -0.930127
vn -0.329471 0.099294 -0.938930
vn -0.161871 -0.964876 -0.206912
vn -0.296547 -0.876770 -0.378595
vn -0.414657 -0.739190 -0.530714
vn -0.508722 -0.559526 -0.654318
vn -0.573243 -0.347783 -0.741916
vn -0.604626 -0.115871 -0.788036
vn -0.601204 0.123109 -0.789556
vn -0.205479 -0.964741 -0.164479
vn -0.381910 -0.875726 -0.295379
vn -0.539606 -0.737188 -0.406669
vn -0.668149 -0.556953 -0.493336
vn -0.759494 -0.345304 -0.551302
vn -0.808020 -0.114257 -0.577970
vn -0.810624 0.123179 -0.572465
vn -0.236238 -0.965467 -0.109844
vn -0.440581 -0.877598 -0.188973
vn -0.623020 -0.741349 -0.249496
vn -0.772272 -0.564629 -0.291188
vn -0.879540 -0.357445 -0.314074
vn -0.938661 -0.131315 -0.318862
vn -0.946241 0.101411 -0.307156
vn -0.251986 -0.966787 -0.042739
vn -0.465697 -0.882719 -0.062719
vn -0.655512 -0.752000 -0.069287
vn -0.810498 -0.582116 -0.065061
vn -0.922393 -0.382613 -0.052903
vn -0.985759 -0.164291 -0.035885
vn -0.997957 0.061530 -0.017213
vn -0.242366 -0.969760 0.028698
vn -0.446737 -0.892061 0.068208
vn -0.626844 -0.770633 0.114855
vn -0.773798 -0.611888 0.163797
vn -0.880912 -0.424052 0.210177
vn -0.943871 -0.216556 0.249422
vn -0.960750 0.000520 0.277416
vn -0.213574 -0.972523 0.092650
vn -0.388504 -0.902321 0.186765
vn -0.541051 -0.792087 0.282599
vn -0.665053 -0.646907 0.373118
vn -0.756049 -0.473440 0.451935
vn -0.811338 -0.279446 0.513460
vn -0.829975 -0.073362 0.552956
vn -0.163847 -0.975403 0.147452
vn -0.293343 -0.912735 0.284366
vn -0.404203 -0.813930 0.417299
vn -0.493135 -0.682961 0.538871
vn -0.557969 -0.525119 0.642589
vn -0.597700 -0.346635 0.722910
vn -0.612451 -0.154354 0.775292
vn -0.099035 -0.978007 0.183561
vn -0.172039 -0.921928 0.347062
vn -0.230977 -0.833493 0.501935
vn -0.275548 -0.715959 0.641464
vn -0.305915 -0.573538 0.759915
vn -0.322752 -0.411113 0.852536
vn -0.327253 -0.234032 0.915497
vn -0.023141 -0.979999 0.197652
vn -0.034794 -0.929484 0.367217
vn -0.039994 -0.849473 0.526115
vn -0.039384 -0.742661 0.668508
vn -0.033913 -0.612687 0.789597
vn -0.024790 -0.463718 0.885636
vn -0.013452 -0.300199 0.953782
vn 0.050647 -0.982094 0.181456
vn 0.096539 -0.936066 0.338321
vn 0.141634 -0.862916 0.485093
vn 0.184952 -0.764717 0.617253
vn 0.225233 -0.644297 0.730857
vn 0.261082 -0.505109 0.822619
vn 0.291023 -0.351119 0.889956
vn 0.108789 -0.983136 0.146997
vn 0.203311 -0.939714 0.274960
vn 0.292783 -0.870466 0.395685
vn 0.375007 -0.777006 0.505599
vn 0.447737 -0.661645 0.601464
vn 0.508816 -0.527372 0.680430
vn 0.556272 -0.377838 0.740135
vn 0.152121 -0.983467 0.098241
vn 0.283452 -0.940641 0.186681
vn 0.406622 -0.872182 0.271950
vn 0.518682 -0.779501 0.351207
vn 0.616678 -0.664687 0.421781
vn 0.697805 -0.530589 0.481189
vn 0.759598 -0.380832 0.527236
vn 0.177921 -0.983144 0.042098
vn 0.333342 -0.939112 0.083373
vn 0.479361 -0.868593 0.125534
vn 0.612049 -0.772992 0.166973
vn 0.727513 -0.654434 0.206011
vn 0.822078 -0.515905 0.240896
vn 0.892554 -0.361279 0.269860
vn 0.187923 -0.981933 -0.022184
vn 0.352613 -0.935183 -0.033118
vn 0.508673 -0.860139 -0.037581
vn 0.650950 -0.758240 -0.036542
vn 0.774482 -0.631833 -0.031067
vn 0.874649 -0.484240 -0.022399
vn 0.947417 -0.319778 -0.012000
vn 0.179343 -0.982635 -0.047577
vn 0.149880 -0.983316 -0.103084
vn 0.336503 -0.937301 -0.090731
vn 0.280995 -0.940105 -0.192986
vn 0.483697 -0.865097 -0.132831
vn 0.404748 -0.871140 -0.278019
vn 0.616543 -0.768070 -0.173040
vn 0.517569 -0.778029 -0.356081
vn 0.731172 -0.648981 -0.210264
vn 0.616181 -0.663055 -0.425063
vn 0.824327 -0.511174 -0.243282
vn 0.697671 -0.529166 -0.482949
vn 0.893380 -0.358538 -0.270781
vn 0.759555 -0.380007 -0.527893
vn 0.103459 -0.983336 -0.149490
vn 0.196316 -0.940450 -0.277512
vn 0.285989 -0.871902 -0.397488
vn 0.369479 -0.779043 -0.506534
vn 0.443959 -0.663914 -0.601763
vn 0.506766 -0.529337 -0.680434
vn 0.555505 -0.378973 -0.740131
vn 0.043888 -0.982673 -0.180079
vn 0.087659 -0.938163 -0.334911
vn 0.132915 -0.866990 -0.480273
vn 0.177720 -0.770477 -0.612193
vn 0.220149 -0.650704 -0.726718
vn 0.258210 -0.510667 -0.820090
vn 0.289906 -0.354344 -0.889042
vn -0.028766 -0.980976 -0.191985
vn -0.041488 -0.933037 -0.357379
vn -0.046164 -0.856362 -0.514308
vn -0.044353 -0.752366 -0.657251
vn -0.037432 -0.623440 -0.780975
vn -0.026871 -0.473012 -0.880646
vn -0.014336 -0.305576 -0.952060
vn -0.100468 -0.979409 -0.175112
vn -0.172429 -0.926950 -0.333215
vn -0.230348 -0.843153 -0.485832
vn -0.274660 -0.729489 -0.626424
vn -0.305418 -0.588487 -0.748601
vn -0.322823 -0.424031 -0.846158
vn -0.327587 -0.241553 -0.913422
vn -0.159819 -0.977241 -0.139490
vn -0.285703 -0.919116 -0.271293
vn -0.395137 -0.825971 -0.402043
vn -0.485128 -0.699617 -0.524582
vn -0.552727 -0.543364 -0.631861
vn -0.595561 -0.362303 -0.716968
vn -0.612341 -0.163451 -0.773513
vn -0.205231 -0.974714 -0.088395
vn -0.374673 -0.909682 -0.179161
vn -0.525652 -0.805641 -0.273191
vn -0.651853 -0.665315 -0.363928
vn -0.747489 -0.493331 -0.444843
vn -0.807817 -0.296371 -0.509506
vn -0.829776 -0.083148 -0.551868
vn -0.232567 -0.972114 -0.030118
vn -0.431037 -0.899706 -0.068816
vn -0.609789 -0.784313 -0.114064
vn -0.759462 -0.630064 -0.161977
vn -0.871830 -0.443372 -0.208169
vn -0.940360 -0.232811 -0.248037
vn -0.960830 -0.008833 -0.276998
vn -0.244478 -0.968996 0.035755
vn -0.453406 -0.889648 0.054297
vn -0.642173 -0.764044 0.062060
vn -0.799416 -0.597764 0.060112
vn -0.915574 -0.398993 0.050282
vn -0.983420 -0.177933 0.034989
vn -0.998408 0.053737 0.017127
vn -0.234113 -0.967152 0.099035
vn -0.436062 -0.882646 0.175458
vn -0.617577 -0.749882 0.237224
vn -0.767618 -0.575526 0.282014
vn -0.876839 -0.368750 0.308508
vn -0.938115 -0.140706 0.316451
vn -0.946946 0.096030 0.306711
vn -0.211026 -0.965446 0.152910
vn -0.387761 -0.877740 0.281449
vn -0.544273 -0.740525 0.394195
vn -0.671488 -0.561170 0.483934
vn -0.761772 -0.349647 0.545389
vn -0.809502 -0.117846 0.575169
vn -0.811428 0.121124 0.571764
vn -0.174521 -0.964254 0.199389
vn -0.311621 -0.874914 0.370700
vn -0.428006 -0.736122 0.524343
vn -0.518714 -0.555677 0.649738
vn -0.579520 -0.343838 0.738872
vn -0.607626 -0.112613 0.786199
vn -0.601982 0.124967 0.788670
vn -0.125831 -0.963922 0.234566
vn -0.210538 -0.874948 0.436051
vn -0.273768 -0.737979 0.616796
vn -0.316656 -0.560863 0.764959
vn -0.339641 -0.353546 0.871578
vn -0.343558 -0.127483 0.930438
vn -0.330067 0.105023 0.938097
vn -0.056901 -0.964974 0.256101
vn -0.079195 -0.879878 0.468554
vn -0.084727 -0.748736 0.657431
vn -0.077954 -0.579031 0.811570
vn -0.062596 -0.380221 0.922775
vn -0.042185 -0.162934 0.985735
vn -0.020222 0.061719 0.997889
vn 0.025055 -0.969001 0.245783
vn 0.066446 -0.891518 0.448085
vn 0.116957 -0.771101 0.625879
vn 0.170471 -0.614051 0.770636
vn 0.221468 -0.428389 0.876033
vn 0.264978 -0.223272 0.938049
vn 0.296612 -0.008453 0.954961
vn 0.097353 -0.973038 0.209094
vn 0.195958 -0.904670 0.378383
vn 0.296278 -0.797194 0.526024
vn 0.391088 -0.655395 0.646149
vn 0.473903 -0.485615 0.734571
vn 0.539065 -0.295267 0.788813
vn 0.581774 -0.092395 0.808085
vn 0.152181 -0.976701 0.151317
vn 0.292283 -0.916639 0.272660
vn 0.427641 -0.821399 0.377394
vn 0.551382 -0.694589 0.462086
vn 0.657297 -0.541131 0.524536
vn 0.740009 -0.366903 0.563709
vn 0.795063 -0.178388 0.579701
vn 0.182796 -0.979386 0.085958
vn 0.346364 -0.925660 0.152266
vn 0.500961 -0.840355 0.206981
vn 0.640441 -0.726449 0.249214
vn 0.759405 -0.587867 0.278778
vn 0.853275 -0.429236 0.296104
vn 0.918333 -0.255629 0.302190
vn 0.192904 -0.981060 0.017574
vn 0.361290 -0.932052 0.027373
vn 0.519113 -0.854100 0.032160
vn 0.660937 -0.749752 0.032149
vn 0.782169 -0.622438 0.027978
vn 0.879138 -0.476122 0.020605
vn 0.948996 -0.315087 0.011249
s 1
g StoolSeat2
usemtl lambert7SG
f 1220/1801/1346 1224/1802/1347 1304/1803/1348 1300/1804/1349
f 1224/1802/1347 1228/1807/1350 1308/1808/1351 1304/1803/1348
f 1228/2883/1350 1232/2884/1352 1312/2885/1353 1308/2886/1351
f 1232/2884/1352 1236/2889/1354 1316/2890/1355 1312/2885/1353
f 1236/2889/1354 1240/2894/1356 1320/2895/1357 1316/2890/1355
f 1240/2894/1356 1244/2898/1358 1324/2899/1359 1320/2895/1357
f 1244/1849/1358 1248/1839/1360 1328/1842/1361 1324/1850/1359
f 1248/1839/1360 1252/1840/1362 1332/1841/1363 1328/1842/1361
f 1252/1840/1362 1256/1845/1364 1336/1846/1365 1332/1841/1363
f 1256/1845/1364 1260/1855/1366 1340/1856/1367 1336/1846/1365
f 1260/1855/1366 1264/1863/1368 1344/1864/1369 1340/1856/1367
f 1264/1863/1368 1268/1869/1370 1348/1870/1371 1344/1864/1369
f 1268/2903/1370 1272/2904/1372 1352/2905/1373 1348/2906/1371
f 1272/2904/1372 1276/2909/1374 1356/2910/1375 1352/2905/1373
f 1276/2909/1374 1280/2914/1376 1360/2915/1377 1356/2910/1375
f 1280/2914/1376 1284/2918/1378 1364/2919/1379 1360/2915/1377
f 1284/1833/1378 1288/1827/1380 1368/1828/1381 1364/1834/1379
f 1288/1827/1380 1292/1821/1382 1372/1822/1383 1368/1828/1381
f 1292/1821/1382 1296/1811/1384 1376/1812/1385 1372/1822/1383
f 1296/1811/1384 1220/1801/1346 1300/1804/1349 1376/1812/1385
f 1227/2269/1386 1223/2270/1387 1218/2271/1388
f 1231/2275/1389 1227/2269/1386 1218/2271/1388
f 1235/2279/1390 1231/2275/1389 1218/2271/1388
f 1239/2285/1391 1235/2279/1390 1218/2271/1388
f 1243/2290/1392 1239/2285/1391 1218/2271/1388
f 1247/2295/1393 1243/2290/1392 1218/2271/1388
f 1251/2302/1394 1247/2295/1393 1218/2271/1388
f 1255/2308/1395 1251/2302/1394 1218/2271/1388
f 1259/2314/1396 1255/2308/1395 1218/2271/1388
f 1263/2319/1397 1259/2314/1396 1218/2271/1388
f 1267/2318/1398 1263/2319/1397 1218/2271/1388
f 1271/2313/1399 1267/2318/1398 1218/2271/1388
f 1275/2307/1400 1271/2313/1399 1218/2271/1388
f 1279/2301/1401 1275/2307/1400 1218/2271/1388
f 1283/2294/1402 1279/2301/1401 1218/2271/1388
f 1287/2289/1403 1283/2294/1402 1218/2271/1388
f 1291/2284/1404 1287/2289/1403 1218/2271/1388
f 1295/2278/1405 1291/2284/1404 1218/2271/1388
f 1299/2274/1406 1295/2278/1405 1218/2271/1388
f 1223/2270/1387 1299/2274/1406 1218/2271/1388
f 1303/2324/1407 1307/2325/1408 1219/2326/1409
f 1307/2325/1408 1311/2329/1410 1219/2326/1409
f 1311/2329/1410 1315/2333/1411 1219/2326/1409
f 1315/2333/1411 1319/2339/1412 1219/2326/1409
f 1319/2339/1412 1323/2344/1413 1219/2326/1409
f 1323/2344/1413 1327/2349/1414 1219/2326/1409
f 1327/2349/1414 1331/2356/1415 1219/2326/1409
f 1331/2356/1415 1335/2362/1416 1219/2326/1409
f 1335/2362/1416 1339/2368/1417 1219/2326/1409
f 1339/2368/1417 1343/2373/1418 1219/2326/1409
f 1343/2373/1418 1347/2374/1419 1219/2326/1409
f 1347/2374/1419 1351/2369/1420 1219/2326/1409
f 1351/2369/1420 1355/2363/1421 1219/2326/1409
f 1355/2363/1421 1359/2357/1422 1219/2326/1409
f 1359/2357/1422 1363/2350/1423 1219/2326/1409
f 1363/2350/1423 1367/2345/1424 1219/2326/1409
f 1367/2345/1424 1371/2340/1425 1219/2326/1409
f 1371/2340/1425 1375/2334/1426 1219/2326/1409
f 1375/2334/1426 1379/2330/1427 1219/2326/1409
f 1379/2330/1427 1303/2324/1407 1219/2326/1409
f 1222/2272/1428 1223/2270/1387 1227/2269/1386 1226/2273/1429
f 1220/1801/1346 1221/1805/1430 1225/1806/1431 1224/1802/1347
f 1221/1805/1430 1222/1814/1428 1226/1815/1429 1225/1806/1431
f 1226/2273/1429 1227/2269/1386 1231/2275/1389 1230/2277/1432
f 1224/1802/1347 1225/1806/1431 1229/1816/1433 1228/1807/1350
f 1225/2282/1431 1226/2273/1429 1230/2277/1432 1229/2283/1434
f 1230/2277/1432 1231/2275/1389 1235/2279/1390 1234/2281/1435
f 1228/2883/1350 1229/2887/1433 1233/2888/1436 1232/2884/1352
f 1229/2283/1434 1230/2277/1432 1234/2281/1435 1233/2288/1437
f 1234/2281/1435 1235/2279/1390 1239/2285/1391 1238/2287/1438
f 1232/2884/1352 1233/2888/1436 1237/2893/1439 1236/2889/1354
f 1233/2288/1437 1234/2281/1435 1238/2287/1438 1237/2293/1440
f 1238/2287/1438 1239/2285/1391 1243/2290/1392 1242/2292/1441
f 1236/2889/1354 1237/2893/1439 1241/2897/1442 1240/2894/1356
f 1237/2293/1440 1238/2287/1438 1242/2292/1441 1241/2300/1443
f 1242/2292/1441 1243/2290/1392 1247/2295/1393 1246/2299/1444
f 1240/2894/1356 1241/2897/1442 1245/2901/1445 1244/2898/1358
f 1241/2300/1443 1242/2292/1441 1246/2299/1444 1245/2306/1446
f 1246/2299/1444 1247/2295/1393 1251/2302/1394 1250/2305/1447
f 1244/1849/1358 1245/1851/1445 1249/1843/1448 1248/1839/1360
f 1245/2306/1446 1246/2299/1444 1250/2305/1447 1249/2312/1449
f 1250/2305/1447 1251/2302/1394 1255/2308/1395 1254/2311/1450
f 1248/1839/1360 1249/1843/1448 1253/1844/1451 1252/1840/1362
f 1249/1843/1449 1250/1852/1447 1254/1853/1450 1253/1844/1452
f 1254/2311/1450 1255/2308/1395 1259/2314/1396 1258/2317/1453
f 1252/1840/1362 1253/1844/1451 1257/1854/1454 1256/1845/1364
f 1253/1844/1452 1254/1853/1450 1258/1861/1453 1257/1854/1455
f 1258/2317/1453 1259/2314/1396 1263/2319/1397 1262/2322/1456
f 1256/1845/1364 1257/1854/1454 1261/1862/1457 1260/1855/1366
f 1257/1854/1455 1258/1861/1453 1262/1867/1456 1261/1862/1458
f 1262/2322/1456 1263/2319/1397 1267/2318/1398 1266/2320/1459
f 1260/1855/1366 1261/1862/1457 1265/1868/1460 1264/1863/1368
f 1261/1862/1458 1262/1867/1456 1266/1873/1459 1265/1868/1461
f 1266/2320/1459 1267/2318/1398 1271/2313/1399 1270/2315/1462
f 1264/1863/1368 1265/1868/1460 1269/1874/1463 1268/1869/1370
f 1265/2323/1461 1266/2320/1459 1270/2315/1462 1269/2321/1464
f 1270/2315/1462 1271/2313/1399 1275/2307/1400 1274/2309/1465
f 1268/2903/1370 1269/2907/1463 1273/2908/1466 1272/2904/1372
f 1269/2321/1464 1270/2315/1462 1274/2309/1465 1273/2316/1466
f 1274/2309/1465 1275/2307/1400 1279/2301/1401 1278/2303/1467
f 1272/2904/1372 1273/2908/1466 1277/2913/1468 1276/2909/1374
f 1273/2316/1466 1274/2309/1465 1278/2303/1467 1277/2310/1468
f 1278/2303/1467 1279/2301/1401 1283/2294/1402 1282/2296/1469
f 1276/2909/1374 1277/2913/1468 1281/2917/1470 1280/2914/1376
f 1277/2310/1468 1278/2303/1467 1282/2296/1469 1281/2304/1470
f 1282/2296/1469 1283/2294/1402 1287/2289/1403 1286/2291/1471
f 1280/2914/1376 1281/2917/1470 1285/2921/1472 1284/2918/1378
f 1281/2304/1470 1282/2296/1469 1286/2291/1471 1285/2297/1473
f 1286/2291/1471 1287/2289/1403 1291/2284/1404 1290/2286/1474
f 1284/1833/1378 1285/1835/1472 1289/1829/1475 1288/1827/1380
f 1285/2297/1473 1286/2291/1471 1290/2286/1474 1289/2298/1476
f 1290/2286/1474 1291/2284/1404 1295/2278/1405 1294/2280/1477
f 1288/1827/1380 1289/1829/1475 1293/1823/1478 1292/1821/1382
f 1289/1829/1476 1290/1836/1474 1294/1830/1477 1293/1823/1479
f 1294/2280/1477 1295/2278/1405 1299/2274/1406 1298/2276/1480
f 1292/1821/1382 1293/1823/1478 1297/1813/1481 1296/1811/1384
f 1293/1823/1479 1294/1830/1477 1298/1824/1480 1297/1813/1482
f 1223/2270/1387 1222/2272/1428 1298/2276/1480 1299/2274/1406
f 1222/1814/1428 1221/1805/1430 1297/1813/1482 1298/1824/1480
f 1221/1805/1430 1220/1801/1346 1296/1811/1384 1297/1813/1481
f 1302/2327/1483 1303/2324/1407 1379/2330/1427 1378/2331/1484
f 1300/1804/1349 1301/1809/1485 1377/1818/1486 1376/1812/1385
f 1301/1809/1485 1302/1819/1483 1378/1825/1484 1377/1818/1487
f 1303/2324/1407 1302/2327/1483 1306/2328/1488 1307/2325/1408
f 1302/1819/1483 1301/1809/1485 1305/1810/1489 1306/1820/1488
f 1301/1809/1485 1300/1804/1349 1304/1803/1348 1305/1810/1489
f 1307/2325/1408 1306/2328/1488 1310/2332/1490 1311/2329/1410
f 1306/2328/1488 1305/2336/1489 1309/2337/1491 1310/2332/1490
f 1305/1810/1489 1304/1803/1348 1308/1808/1351 1309/1817/1492
f 1311/2329/1410 1310/2332/1490 1314/2338/1493 1315/2333/1411
f 1310/2332/1490 1309/2337/1491 1313/2342/1494 1314/2338/1493
f 1309/2891/1492 1308/2886/1351 1312/2885/1353 1313/2892/1495
f 1315/2333/1411 1314/2338/1493 1318/2343/1496 1319/2339/1412
f 1314/2338/1493 1313/2342/1494 1317/2347/1497 1318/2343/1496
f 1313/2892/1495 1312/2885/1353 1316/2890/1355 1317/2896/1498
f 1319/2339/1412 1318/2343/1496 1322/2348/1499 1323/2344/1413
f 1318/2343/1496 1317/2347/1497 1321/2354/1500 1322/2348/1499
f 1317/2896/1498 1316/2890/1355 1320/2895/1357 1321/2900/1501
f 1323/2344/1413 1322/2348/1499 1326/2355/1502 1327/2349/1414
f 1322/2348/1499 1321/2354/1500 1325/2360/1503 1326/2355/1502
f 1321/2900/1501 1320/2895/1357 1324/2899/1359 1325/2902/1504
f 1327/2349/1414 1326/2355/1502 1330/2361/1505 1331/2356/1415
f 1326/2355/1502 1325/2360/1503 1329/2366/1506 1330/2361/1505
f 1325/1858/1504 1324/1850/1359 1328/1842/1361 1329/1847/1507
f 1331/2356/1415 1330/2361/1505 1334/2367/1508 1335/2362/1416
f 1330/1859/1505 1329/1847/1506 1333/1848/1509 1334/1860/1508
f 1329/1847/1507 1328/1842/1361 1332/1841/1363 1333/1848/1510
f 1335/2362/1416 1334/2367/1508 1338/2372/1511 1339/2368/1417
f 1334/1860/1508 1333/1848/1509 1337/1857/1512 1338/1866/1511
f 1333/1848/1510 1332/1841/1363 1336/1846/1365 1337/1857/1513
f 1339/2368/1417 1338/2372/1511 1342/2377/1514 1343/2373/1418
f 1338/1866/1511 1337/1857/1512 1341/1865/1515 1342/1872/1514
f 1337/1857/1513 1336/1846/1365 1340/1856/1367 1341/1865/1516
f 1343/2373/1418 1342/2377/1514 1346/2375/1517 1347/2374/1419
f 1342/1872/1514 1341/1865/1515 1345/1871/1518 1346/1876/1517
f 1341/1865/1516 1340/1856/1367 1344/1864/1369 1345/1871/1519
f 1347/2374/1419 1346/2375/1517 1350/2370/1520 1351/2369/1420
f 1346/2375/1517 1345/2378/1518 1349/2376/1521 1350/2370/1520
f 1345/1871/1519 1344/1864/1369 1348/1870/1371 1349/1875/1522
f 1351/2369/1420 1350/2370/1520 1354/2364/1523 1355/2363/1421
f 1350/2370/1520 1349/2376/1521 1353/2371/1524 1354/2364/1523
f 1349/2911/1522 1348/2906/1371 1352/2905/1373 1353/2912/1524
f 1355/2363/1421 1354/2364/1523 1358/2358/1525 1359/2357/1422
f 1354/2364/1523 1353/2371/1524 1357/2365/1526 1358/2358/1525
f 1353/2912/1524 1352/2905/1373 1356/2910/1375 1357/2916/1526
f 1359/2357/1422 1358/2358/1525 1362/2351/1527 1363/2350/1423
f 1358/2358/1525 1357/2365/1526 1361/2359/1528 1362/2351/1527
f 1357/2916/1526 1356/2910/1375 1360/2915/1377 1361/2920/1528
f 1363/2350/1423 1362/2351/1527 1366/2346/1529 1367/2345/1424
f 1362/2351/1527 1361/2359/1528 1365/2352/1530 1366/2346/1529
f 1361/2920/1528 1360/2915/1377 1364/2919/1379 1365/2922/1531
f 1367/2345/1424 1366/2346/1529 1370/2341/1532 1371/2340/1425
f 1366/2346/1529 1365/2352/1530 1369/2353/1533 1370/2341/1532
f 1365/1838/1531 1364/1834/1379 1368/1828/1381 1369/1832/1534
f 1371/2340/1425 1370/2341/1532 1374/2335/1535 1375/2334/1426
f 1370/1837/1532 1369/1832/1533 1373/1826/1536 1374/1831/1535
f 1369/1832/1534 1368/1828/1381 1372/1822/1383 1373/1826/1537
f 1375/2334/1426 1374/2335/1535 1378/2331/1484 1379/2330/1427
f 1374/1831/1535 1373/1826/1536 1377/1818/1487 1378/1825/1484
f 1373/1826/1537 1372/1822/1383 1376/1812/1385 1377/1818/1486
s 4
f 1380/2379/1538 1381/2380/1539 1401/2381/1540
f 1381/2380/1539 1382/2382/1541 1401/2381/1540
f 1382/2382/1541 1383/2384/1542 1401/2381/1540
f 1383/2384/1542 1384/2386/1543 1401/2381/1540
f 1384/2386/1543 1385/2388/1544 1401/2381/1540
f 1385/2388/1544 1386/2390/1545 1401/2381/1540
f 1386/2390/1545 1387/2392/1546 1401/2381/1540
f 1387/2392/1546 1388/2394/1547 1401/2381/1540
f 1388/2394/1547 1389/2396/1548 1401/2381/1540
f 1389/2396/1548 1390/2398/1549 1401/2381/1540
f 1390/2398/1549 1391/2399/1550 1401/2381/1540
f 1391/2399/1550 1392/2397/1551 1401/2381/1540
f 1392/2397/1551 1393/2395/1552 1401/2381/1540
f 1393/2395/1552 1394/2393/1553 1401/2381/1540
f 1394/2393/1553 1395/2391/1554 1401/2381/1540
f 1395/2391/1554 1396/2389/1555 1401/2381/1540
f 1396/2389/1555 1397/2387/1556 1401/2381/1540
f 1397/2387/1556 1398/2385/1557 1401/2381/1540
f 1398/2385/1557 1399/2383/1558 1401/2381/1540
f 1399/2383/1558 1380/2379/1538 1401/2381/1540
s 5
f 1402/2400/1559 1403/2401/1560 1423/2402/1561
f 1403/2401/1560 1404/2403/1562 1423/2402/1561
f 1404/2403/1562 1405/2405/1563 1423/2402/1561
f 1405/2405/1563 1406/2407/1564 1423/2402/1561
f 1406/2407/1564 1407/2409/1565 1423/2402/1561
f 1407/2409/1565 1408/2411/1566 1423/2402/1561
f 1408/2411/1566 1409/2413/1567 1423/2402/1561
f 1409/2413/1567 1410/2415/1568 1423/2402/1561
f 1410/2415/1568 1411/2417/1569 1423/2402/1561
f 1411/2417/1569 1412/2419/1570 1423/2402/1561
f 1412/2419/1570 1413/2420/1571 1423/2402/1561
f 1413/2420/1571 1414/2418/1572 1423/2402/1561
f 1414/2418/1572 1415/2416/1573 1423/2402/1561
f 1415/2416/1573 1416/2414/1574 1423/2402/1561
f 1416/2414/1574 1417/2412/1575 1423/2402/1561
f 1417/2412/1575 1418/2410/1576 1423/2402/1561
f 1418/2410/1576 1419/2408/1577 1423/2402/1561
f 1419/2408/1577 1420/2406/1578 1423/2402/1561
f 1420/2406/1578 1421/2404/1579 1423/2402/1561
f 1421/2404/1579 1402/2400/1559 1423/2402/1561
s 6
f 1424/2421/1580 1425/2422/1581 1445/2423/1582
f 1425/2422/1581 1426/2424/1583 1445/2423/1582
f 1426/2424/1583 1427/2426/1584 1445/2423/1582
f 1427/2426/1584 1428/2428/1585 1445/2423/1582
f 1428/2428/1585 1429/2430/1586 1445/2423/1582
f 1429/2430/1586 1430/2432/1587 1445/2423/1582
f 1430/2432/1587 1431/2434/1588 1445/2423/1582
f 1431/2434/1588 1432/2436/1589 1445/2423/1582
f 1432/2436/1589 1433/2438/1590 1445/2423/1582
f 1433/2438/1590 1434/2440/1591 1445/2423/1582
f 1434/2440/1591 1435/2441/1592 1445/2423/1582
f 1435/2441/1592 1436/2439/1593 1445/2423/1582
f 1436/2439/1593 1437/2437/1594 1445/2423/1582
f 1437/2437/1594 1438/2435/1595 1445/2423/1582
f 1438/2435/1595 1439/2433/1596 1445/2423/1582
f 1439/2433/1596 1440/2431/1597 1445/2423/1582
f 1440/2431/1597 1441/2429/1598 1445/2423/1582
f 1441/2429/1598 1442/2427/1599 1445/2423/1582
f 1442/2427/1599 1443/2425/1600 1445/2423/1582
f 1443/2425/1600 1424/2421/1580 1445/2423/1582
s 7
f 1446/2442/1601 1447/2443/1602 1467/2444/1603
f 1447/2443/1602 1448/2445/1604 1467/2444/1603
f 1448/2445/1604 1449/2447/1605 1467/2444/1603
f 1449/2447/1605 1450/2449/1606 1467/2444/1603
f 1450/2449/1606 1451/2451/1607 1467/2444/1603
f 1451/2451/1607 1452/2453/1608 1467/2444/1603
f 1452/2453/1608 1453/2455/1609 1467/2444/1603
f 1453/2455/1609 1454/2457/1610 1467/2444/1603
f 1454/2457/1610 1455/2459/1611 1467/2444/1603
f 1455/2459/1611 1456/2461/1612 1467/2444/1603
f 1456/2461/1612 1457/2462/1613 1467/2444/1603
f 1457/2462/1613 1458/2460/1614 1467/2444/1603
f 1458/2460/1614 1459/2458/1615 1467/2444/1603
f 1459/2458/1615 1460/2456/1616 1467/2444/1603
f 1460/2456/1616 1461/2454/1617 1467/2444/1603
f 1461/2454/1617 1462/2452/1618 1467/2444/1603
f 1462/2452/1618 1463/2450/1619 1467/2444/1603
f 1463/2450/1619 1464/2448/1620 1467/2444/1603
f 1464/2448/1620 1465/2446/1621 1467/2444/1603
f 1465/2446/1621 1446/2442/1601 1467/2444/1603
s 8
f 1468/1877/1622 1477/1878/1623 1381/1879/1624 1380/1880/1625
f 1477/1878/1623 1486/1883/1626 1382/1884/1627 1381/1879/1624
f 1486/2923/1626 1495/2924/1628 1383/2925/1629 1382/2926/1627
f 1495/2924/1628 1504/2929/1630 1384/2930/1631 1383/2925/1629
f 1504/2929/1630 1513/2934/1632 1385/2935/1633 1384/2930/1631
f 1513/2934/1632 1522/2940/1634 1386/2941/1635 1385/2935/1633
f 1522/1937/1634 1531/1929/1636 1387/1932/1637 1386/1938/1635
f 1531/1929/1636 1540/1930/1638 1388/1931/1639 1387/1932/1637
f 1540/1930/1638 1549/1935/1640 1389/1936/1641 1388/1931/1639
f 1549/1935/1640 1558/1943/1642 1390/1944/1643 1389/1936/1641
f 1558/1943/1642 1567/1950/1644 1391/1951/1645 1390/1944/1643
f 1567/1950/1644 1576/1958/1646 1392/1959/1647 1391/1951/1645
f 1576/2945/1646 1585/2946/1648 1393/2947/1649 1392/2948/1647
f 1585/2946/1648 1594/2951/1650 1394/2952/1651 1393/2947/1649
f 1594/2951/1650 1603/2956/1652 1395/2957/1653 1394/2952/1651
f 1603/2956/1652 1612/2962/1654 1396/2963/1655 1395/2957/1653
f 1612/1906/1654 1621/1898/1656 1397/1899/1657 1396/1907/1655
f 1621/1898/1656 1630/1891/1658 1398/1892/1659 1397/1899/1657
f 1630/1891/1658 1639/1885/1660 1399/1886/1661 1398/1892/1659
f 1639/1885/1660 1468/1877/1622 1380/1880/1625 1399/1886/1661
f 1485/2463/1662 1476/2464/1663 1400/2465/1664
f 1494/2469/1665 1485/2463/1662 1400/2465/1664
f 1503/2475/1666 1494/2469/1665 1400/2465/1664
f 1512/2483/1667 1503/2475/1666 1400/2465/1664
f 1521/2490/1668 1512/2483/1667 1400/2465/1664
f 1530/2497/1669 1521/2490/1668 1400/2465/1664
f 1539/2508/1670 1530/2497/1669 1400/2465/1664
f 1548/2519/1671 1539/2508/1670 1400/2465/1664
f 1557/2529/1672 1548/2519/1671 1400/2465/1664
f 1566/2543/1673 1557/2529/1672 1400/2465/1664
f 1575/2542/1674 1566/2543/1673 1400/2465/1664
f 1584/2528/1675 1575/2542/1674 1400/2465/1664
f 1593/2518/1676 1584/2528/1675 1400/2465/1664
f 1602/2507/1677 1593/2518/1676 1400/2465/1664
f 1611/2496/1678 1602/2507/1677 1400/2465/1664
f 1620/2489/1679 1611/2496/1678 1400/2465/1664
f 1629/2482/1680 1620/2489/1679 1400/2465/1664
f 1638/2474/1681 1629/2482/1680 1400/2465/1664
f 1647/2468/1682 1638/2474/1681 1400/2465/1664
f 1476/2464/1663 1647/2468/1682 1400/2465/1664
s 10
f 1648/1975/1683 1657/1976/1684 1403/1977/1685 1402/1978/1686
f 1657/1976/1684 1666/1981/1687 1404/1982/1688 1403/1977/1685
f 1666/2973/1687 1675/2974/1689 1405/2975/1690 1404/2976/1688
f 1675/2974/1689 1684/2979/1691 1406/2980/1692 1405/2975/1690
f 1684/2979/1691 1693/2984/1693 1407/2985/1694 1406/2980/1692
f 1693/2984/1693 1702/2990/1695 1408/2991/1696 1407/2985/1694
f 1702/2035/1695 1711/2027/1697 1409/2030/1698 1408/2036/1696
f 1711/2027/1697 1720/2028/1699 1410/2029/1700 1409/2030/1698
f 1720/2028/1699 1729/2033/1701 1411/2034/1702 1410/2029/1700
f 1729/2033/1701 1738/2041/1703 1412/2042/1704 1411/2034/1702
f 1738/2041/1703 1747/2048/1705 1413/2049/1706 1412/2042/1704
f 1747/2048/1705 1756/2056/1707 1414/2057/1708 1413/2049/1706
f 1756/3001/1707 1765/3002/1709 1415/3003/1710 1414/3004/1708
f 1765/3002/1709 1774/3007/1711 1416/3008/1712 1415/3003/1710
f 1774/3007/1711 1783/3012/1713 1417/3013/1714 1416/3008/1712
f 1783/3012/1713 1792/3016/1715 1418/3017/1716 1417/3013/1714
f 1792/2004/1715 1801/1996/1717 1419/1997/1718 1418/2005/1716
f 1801/1996/1717 1810/1989/1719 1420/1990/1720 1419/1997/1718
f 1810/1989/1719 1819/1983/1721 1421/1984/1722 1420/1990/1720
f 1819/1983/1721 1648/1975/1683 1402/1978/1686 1421/1984/1722
f 1665/2568/1723 1656/2569/1724 1422/2570/1725
f 1674/2574/1726 1665/2568/1723 1422/2570/1725
f 1683/2580/1727 1674/2574/1726 1422/2570/1725
f 1692/2588/1728 1683/2580/1727 1422/2570/1725
f 1701/2595/1729 1692/2588/1728 1422/2570/1725
f 1710/2602/1730 1701/2595/1729 1422/2570/1725
f 1719/2613/1731 1710/2602/1730 1422/2570/1725
f 1728/2622/1732 1719/2613/1731 1422/2570/1725
f 1737/2631/1733 1728/2622/1732 1422/2570/1725
f 1746/2644/1734 1737/2631/1733 1422/2570/1725
f 1755/2643/1735 1746/2644/1734 1422/2570/1725
f 1764/2630/1736 1755/2643/1735 1422/2570/1725
f 1773/2621/1737 1764/2630/1736 1422/2570/1725
f 1782/2612/1738 1773/2621/1737 1422/2570/1725
f 1791/2601/1739 1782/2612/1738 1422/2570/1725
f 1800/2594/1740 1791/2601/1739 1422/2570/1725
f 1809/2587/1741 1800/2594/1740 1422/2570/1725
f 1818/2579/1742 1809/2587/1741 1422/2570/1725
f 1827/2573/1743 1818/2579/1742 1422/2570/1725
f 1656/2569/1724 1827/2573/1743 1422/2570/1725
s 12
f 1828/2073/1744 1837/2074/1745 1425/2075/1746 1424/2076/1747
f 1837/2074/1745 1846/2079/1748 1426/2080/1749 1425/2075/1746
f 1846/3023/1748 1855/3024/1750 1427/3025/1751 1426/3026/1749
f 1855/3024/1750 1864/3029/1752 1428/3030/1753 1427/3025/1751
f 1864/3029/1752 1873/3034/1754 1429/3035/1755 1428/3030/1753
f 1873/3034/1754 1882/3040/1756 1430/3041/1757 1429/3035/1755
f 1882/2127/1756 1891/2119/1758 1431/2122/1759 1430/2128/1757
f 1891/2119/1758 1900/2120/1760 1432/2121/1761 1431/2122/1759
f 1900/2120/1760 1909/2125/1762 1433/2126/1763 1432/2121/1761
f 1909/2125/1762 1918/2133/1764 1434/2134/1765 1433/2126/1763
f 1918/2133/1764 1927/2140/1766 1435/2141/1767 1434/2134/1765
f 1927/2140/1766 1936/2148/1768 1436/2149/1769 1435/2141/1767
f 1936/3051/1768 1945/3052/1770 1437/3053/1771 1436/3054/1769
f 1945/3052/1770 1954/3057/1772 1438/3058/1773 1437/3053/1771
f 1954/3057/1772 1963/3062/1774 1439/3063/1775 1438/3058/1773
f 1963/3062/1774 1972/3068/1776 1440/3069/1777 1439/3063/1775
f 1972/2102/1776 1981/2094/1778 1441/2095/1779 1440/2103/1777
f 1981/2094/1778 1990/2087/1780 1442/2088/1781 1441/2095/1779
f 1990/2087/1780 1999/2081/1782 1443/2082/1783 1442/2088/1781
f 1999/2081/1782 1828/2073/1744 1424/2076/1747 1443/2082/1783
f 1845/2673/1784 1836/2674/1785 1444/2675/1786
f 1854/2679/1787 1845/2673/1784 1444/2675/1786
f 1863/2685/1788 1854/2679/1787 1444/2675/1786
f 1872/2693/1789 1863/2685/1788 1444/2675/1786
f 1881/2701/1790 1872/2693/1789 1444/2675/1786
f 1890/2711/1791 1881/2701/1790 1444/2675/1786
f 1899/2720/1792 1890/2711/1791 1444/2675/1786
f 1908/2731/1793 1899/2720/1792 1444/2675/1786
f 1917/2743/1794 1908/2731/1793 1444/2675/1786
f 1926/2755/1795 1917/2743/1794 1444/2675/1786
f 1935/2754/1796 1926/2755/1795 1444/2675/1786
f 1944/2742/1797 1935/2754/1796 1444/2675/1786
f 1953/2730/1798 1944/2742/1797 1444/2675/1786
f 1962/2719/1799 1953/2730/1798 1444/2675/1786
f 1971/2710/1800 1962/2719/1799 1444/2675/1786
f 1980/2700/1801 1971/2710/1800 1444/2675/1786
f 1989/2692/1802 1980/2700/1801 1444/2675/1786
f 1998/2684/1803 1989/2692/1802 1444/2675/1786
f 2007/2678/1804 1998/2684/1803 1444/2675/1786
f 1836/2674/1785 2007/2678/1804 1444/2675/1786
s 14
f 2008/2171/1805 2017/2172/1806 1447/2173/1807 1446/2174/1808
f 2017/2172/1806 2026/2177/1809 1448/2178/1810 1447/2173/1807
f 2026/3073/1809 2035/3074/1811 1449/3075/1812 1448/3076/1810
f 2035/3074/1811 2044/3079/1813 1450/3080/1814 1449/3075/1812
f 2044/3079/1813 2053/3084/1815 1451/3085/1816 1450/3080/1814
f 2053/3084/1815 2062/3088/1817 1452/3089/1818 1451/3085/1816
f 2062/2225/1817 2071/2217/1819 1453/2220/1820 1452/2226/1818
f 2071/2217/1819 2080/2218/1821 1454/2219/1822 1453/2220/1820
f 2080/2218/1821 2089/2223/1823 1455/2224/1824 1454/2219/1822
f 2089/2223/1823 2098/2231/1825 1456/2232/1826 1455/2224/1824
f 2098/2231/1825 2107/2238/1827 1457/2239/1828 1456/2232/1826
f 2107/2238/1827 2116/2246/1829 1458/2247/1830 1457/2239/1828
f 2116/3095/1829 2125/3096/1831 1459/3097/1832 1458/3098/1830
f 2125/3096/1831 2134/3101/1833 1460/3102/1834 1459/3097/1832
f 2134/3101/1833 2143/3106/1835 1461/3107/1836 1460/3102/1834
f 2143/3106/1835 2152/3112/1837 1462/3113/1838 1461/3107/1836
f 2152/2200/1837 2161/2192/1839 1463/2193/1840 1462/2201/1838
f 2161/2192/1839 2170/2185/1841 1464/2186/1842 1463/2193/1840
f 2170/2185/1841 2179/2179/1843 1465/2180/1844 1464/2186/1842
f 2179/2179/1843 2008/2171/1805 1446/2174/1808 1465/2180/1844
f 2025/2778/1845 2016/2779/1846 1466/2780/1847
f 2034/2784/1848 2025/2778/1845 1466/2780/1847
f 2043/2790/1849 2034/2784/1848 1466/2780/1847
f 2052/2798/1850 2043/2790/1849 1466/2780/1847
f 2061/2806/1851 2052/2798/1850 1466/2780/1847
f 2070/2816/1852 2061/2806/1851 1466/2780/1847
f 2079/2827/1853 2070/2816/1852 1466/2780/1847
f 2088/2837/1854 2079/2827/1853 1466/2780/1847
f 2097/2851/1855 2088/2837/1854 1466/2780/1847
f 2106/2863/1856 2097/2851/1855 1466/2780/1847
f 2115/2862/1857 2106/2863/1856 1466/2780/1847
f 2124/2850/1858 2115/2862/1857 1466/2780/1847
f 2133/2836/1859 2124/2850/1858 1466/2780/1847
f 2142/2826/1860 2133/2836/1859 1466/2780/1847
f 2151/2815/1861 2142/2826/1860 1466/2780/1847
f 2160/2805/1862 2151/2815/1861 1466/2780/1847
f 2169/2797/1863 2160/2805/1862 1466/2780/1847
f 2178/2789/1864 2169/2797/1863 1466/2780/1847
f 2187/2783/1865 2178/2789/1864 1466/2780/1847
f 2016/2779/1846 2187/2783/1865 1466/2780/1847
s 8
f 1475/2466/1866 1476/2464/1663 1485/2463/1662 1484/2467/1867
f 1474/2472/1868 1475/2466/1866 1484/2467/1867 1483/2473/1869
f 1473/2480/1870 1474/2472/1868 1483/2473/1869 1482/2481/1871
f 1472/1903/1872 1473/1912/1870 1482/1913/1871 1481/1904/1873
f 1471/1895/1874 1472/1903/1872 1481/1904/1873 1480/1896/1875
f 1470/1888/1876 1471/1895/1874 1480/1896/1875 1479/1889/1877
f 1468/1877/1622 1469/1881/1878 1478/1882/1879 1477/1878/1623
f 1469/1881/1878 1470/1888/1876 1479/1889/1877 1478/1882/1879
f 1484/2467/1867 1485/2463/1662 1494/2469/1665 1493/2471/1880
f 1483/2473/1869 1484/2467/1867 1493/2471/1880 1492/2479/1881
f 1482/2481/1871 1483/2473/1869 1492/2479/1881 1491/2488/1882
f 1481/1904/1873 1482/1913/1871 1491/1919/1882 1490/1914/1883
f 1480/1896/1875 1481/1904/1873 1490/1914/1883 1489/1905/1884
f 1479/1889/1877 1480/1896/1875 1489/1905/1884 1488/1897/1885
f 1477/1878/1623 1478/1882/1879 1487/1890/1886 1486/1883/1626
f 1478/1882/1879 1479/1889/1877 1488/1897/1885 1487/1890/1886
f 1493/2471/1880 1494/2469/1665 1503/2475/1666 1502/2478/1887
f 1492/2479/1881 1493/2471/1880 1502/2478/1887 1501/2487/1888
f 1491/2488/1882 1492/2479/1881 1501/2487/1888 1500/2495/1889
f 1490/2505/1883 1491/2488/1882 1500/2495/1889 1499/2506/1890
f 1489/2516/1884 1490/2505/1883 1499/2506/1890 1498/2517/1891
f 1488/2931/1885 1489/2936/1884 1498/2937/1891 1497/2932/1892
f 1486/2923/1626 1487/2927/1886 1496/2928/1893 1495/2924/1628
f 1487/2927/1886 1488/2931/1885 1497/2932/1892 1496/2928/1893
f 1502/2478/1887 1503/2475/1666 1512/2483/1667 1511/2486/1894
f 1501/2487/1888 1502/2478/1887 1511/2486/1894 1510/2494/1895
f 1500/2495/1889 1501/2487/1888 1510/2494/1895 1509/2504/1896
f 1499/2506/1890 1500/2495/1889 1509/2504/1896 1508/2515/1897
f 1498/2517/1891 1499/2506/1890 1508/2515/1897 1507/2527/1898
f 1497/2540/1892 1498/2517/1891 1507/2527/1898 1506/2541/1899
f 1495/2924/1628 1496/2928/1893 1505/2933/1900 1504/2929/1630
f 1496/2928/1893 1497/2932/1892 1506/2938/1899 1505/2933/1900
f 1511/2486/1894 1512/2483/1667 1521/2490/1668 1520/2493/1901
f 1510/2494/1895 1511/2486/1894 1520/2493/1901 1519/2503/1902
f 1509/2504/1896 1510/2494/1895 1519/2503/1902 1518/2514/1903
f 1508/2515/1897 1509/2504/1896 1518/2514/1903 1517/2526/1904
f 1507/2527/1898 1508/2515/1897 1517/2526/1904 1516/2539/1905
f 1506/2541/1899 1507/2527/1898 1516/2539/1905 1515/2553/1906
f 1504/2929/1630 1505/2933/1900 1514/2939/1907 1513/2934/1632
f 1505/2933/1900 1506/2938/1899 1515/2942/1906 1514/2939/1907
f 1520/2493/1901 1521/2490/1668 1530/2497/1669 1529/2502/1908
f 1519/2503/1902 1520/2493/1901 1529/2502/1908 1528/2513/1909
f 1518/2514/1903 1519/2503/1902 1528/2513/1909 1527/2525/1910
f 1517/2526/1904 1518/2514/1903 1527/2525/1910 1526/2538/1911
f 1516/2539/1905 1517/2526/1904 1526/2538/1911 1525/2552/1912
f 1515/2553/1906 1516/2539/1905 1525/2552/1912 1524/2560/1913
f 1513/2934/1632 1514/2939/1907 1523/2943/1914 1522/2940/1634
f 1514/2939/1907 1515/2942/1906 1524/2944/1913 1523/2943/1914
f 1529/2502/1908 1530/2497/1669 1539/2508/1670 1538/2512/1915
f 1528/2513/1909 1529/2502/1908 1538/2512/1915 1537/2524/1916
f 1527/2525/1910 1528/2513/1909 1537/2524/1916 1536/2537/1917
f 1526/2538/1911 1527/2525/1910 1536/2537/1917 1535/2551/1918
f 1525/2552/1912 1526/2538/1911 1535/2551/1918 1534/2559/1919
f 1524/1945/1913 1525/1952/1912 1534/1946/1919 1533/1940/1920
f 1522/1937/1634 1523/1939/1914 1532/1933/1921 1531/1929/1636
f 1523/1939/1914 1524/1945/1913 1533/1940/1920 1532/1933/1921
f 1538/2512/1915 1539/2508/1670 1548/2519/1671 1547/2523/1922
f 1537/2524/1916 1538/2512/1915 1547/2523/1922 1546/2536/1923
f 1536/2537/1917 1537/2524/1916 1546/2536/1923 1545/2550/1924
f 1535/1953/1918 1536/1960/1917 1545/1961/1924 1544/1954/1925
f 1534/1946/1919 1535/1953/1918 1544/1954/1925 1543/1947/1926
f 1533/1940/1920 1534/1946/1919 1543/1947/1926 1542/1941/1927
f 1531/1929/1636 1532/1933/1921 1541/1934/1928 1540/1930/1638
f 1532/1933/1921 1533/1940/1920 1542/1941/1927 1541/1934/1928
f 1547/2523/1922 1548/2519/1671 1557/2529/1672 1556/2535/1929
f 1546/2536/1923 1547/2523/1922 1556/2535/1929 1555/2549/1930
f 1545/2550/1924 1546/2536/1923 1555/2549/1930 1554/2558/1931
f 1544/1954/1925 1545/1961/1924 1554/1966/1931 1553/1962/1932
f 1543/1947/1926 1544/1954/1925 1553/1962/1932 1552/1955/1933
f 1542/1941/1927 1543/1947/1926 1552/1955/1933 1551/1948/1934
f 1540/1930/1638 1541/1934/1928 1550/1942/1935 1549/1935/1640
f 1541/1934/1928 1542/1941/1927 1551/1948/1934 1550/1942/1935
f 1556/2535/1929 1557/2529/1672 1566/2543/1673 1565/2548/1936
f 1555/2549/1930 1556/2535/1929 1565/2548/1936 1564/2557/1937
f 1554/2558/1931 1555/2549/1930 1564/2557/1937 1563/2565/1938
f 1553/1962/1932 1554/1966/1931 1563/1970/1938 1562/1967/1939
f 1552/1955/1933 1553/1962/1932 1562/1967/1939 1561/1963/1940
f 1551/1948/1934 1552/1955/1933 1561/1963/1940 1560/1956/1941
f 1549/1935/1640 1550/1942/1935 1559/1949/1942 1558/1943/1642
f 1550/1942/1935 1551/1948/1934 1560/1956/1941 1559/1949/1942
f 1565/2548/1936 1566/2543/1673 1575/2542/1674 1574/2547/1943
f 1564/2557/1937 1565/2548/1936 1574/2547/1943 1573/2554/1944
f 1563/2565/1938 1564/2557/1937 1573/2554/1944 1572/2561/1945
f 1562/1967/1939 1563/1970/1938 1572/1973/1945 1571/1971/1946
f 1561/1963/1940 1562/1967/1939 1571/1971/1946 1570/1968/1947
f 1560/1956/1941 1561/1963/1940 1570/1968/1947 1569/1964/1948
f 1558/1943/1642 1559/1949/1942 1568/1957/1949 1567/1950/1644
f 1559/1949/1942 1560/1956/1941 1569/1964/1948 1568/1957/1949
f 1574/2547/1943 1575/2542/1674 1584/2528/1675 1583/2534/1950
f 1573/2554/1944 1574/2547/1943 1583/2534/1950 1582/2544/1951
f 1572/2561/1945 1573/2554/1944 1582/2544/1951 1581/2555/1952
f 1571/2566/1946 1572/2561/1945 1581/2555/1952 1580/2562/1953
f 1570/1968/1947 1571/1971/1946 1580/1974/1953 1579/1972/1954
f 1569/1964/1948 1570/1968/1947 1579/1972/1954 1578/1969/1955
f 1567/1950/1644 1568/1957/1949 1577/1965/1956 1576/1958/1646
f 1568/1957/1949 1569/1964/1948 1578/1969/1955 1577/1965/1956
f 1583/2534/1950 1584/2528/1675 1593/2518/1676 1592/2522/1957
f 1582/2544/1951 1583/2534/1950 1592/2522/1957 1591/2530/1958
f 1581/2555/1952 1582/2544/1951 1591/2530/1958 1590/2545/1959
f 1580/2562/1953 1581/2555/1952 1590/2545/1959 1589/2556/1960
f 1579/2567/1954 1580/2562/1953 1589/2556/1960 1588/2563/1961
f 1578/2953/1955 1579/2958/1954 1588/2959/1961 1587/2954/1962
f 1576/2945/1646 1577/2949/1956 1586/2950/1963 1585/2946/1648
f 1577/2949/1956 1578/2953/1955 1587/2954/1962 1586/2950/1963
f 1592/2522/1957 1593/2518/1676 1602/2507/1677 1601/2511/1964
f 1591/2530/1958 1592/2522/1957 1601/2511/1964 1600/2520/1965
f 1590/2545/1959 1591/2530/1958 1600/2520/1965 1599/2531/1966
f 1589/2556/1960 1590/2545/1959 1599/2531/1966 1598/2546/1967
f 1588/2563/1961 1589/2556/1960 1598/2546/1967 1597/2564/1968
f 1587/2954/1962 1588/2959/1961 1597/2964/1968 1596/2960/1969
f 1585/2946/1648 1586/2950/1963 1595/2955/1970 1594/2951/1650
f 1586/2950/1963 1587/2954/1962 1596/2960/1969 1595/2955/1970
f 1601/2511/1964 1602/2507/1677 1611/2496/1678 1610/2501/1971
f 1600/2520/1965 1601/2511/1964 1610/2501/1971 1609/2509/1972
f 1599/2531/1966 1600/2520/1965 1609/2509/1972 1608/2521/1973
f 1598/2546/1967 1599/2531/1966 1608/2521/1973 1607/2532/1974
f 1597/2964/1968 1598/2969/1967 1607/2970/1974 1606/2967/1975
f 1596/2960/1969 1597/2964/1968 1606/2967/1975 1605/2965/1976
f 1594/2951/1650 1595/2955/1970 1604/2961/1977 1603/2956/1652
f 1595/2955/1970 1596/2960/1969 1605/2965/1976 1604/2961/1977
f 1610/2501/1971 1611/2496/1678 1620/2489/1679 1619/2492/1978
f 1609/2509/1972 1610/2501/1971 1619/2492/1978 1618/2498/1979
f 1608/2521/1973 1609/2509/1972 1618/2498/1979 1617/2510/1980
f 1607/2532/1974 1608/2521/1973 1617/2510/1980 1616/2533/1981
f 1606/2967/1975 1607/2970/1974 1616/2972/1981 1615/2971/1982
f 1605/2965/1976 1606/2967/1975 1615/2971/1982 1614/2968/1983
f 1603/2956/1652 1604/2961/1977 1613/2966/1984 1612/2962/1654
f 1604/2961/1977 1605/2965/1976 1614/2968/1983 1613/2966/1984
f 1619/2492/1978 1620/2489/1679 1629/2482/1680 1628/2485/1985
f 1618/2498/1979 1619/2492/1978 1628/2485/1985 1627/2491/1986
f 1617/2510/1980 1618/2498/1979 1627/2491/1986 1626/2499/1987
f 1616/1925/1981 1617/1928/1980 1626/1926/1987 1625/1921/1988
f 1615/1920/1982 1616/1925/1981 1625/1921/1988 1624/1916/1989
f 1614/1915/1983 1615/1920/1982 1624/1916/1989 1623/1909/1990
f 1612/1906/1654 1613/1908/1984 1622/1900/1991 1621/1898/1656
f 1613/1908/1984 1614/1915/1983 1623/1909/1990 1622/1900/1991
f 1628/2485/1985 1629/2482/1680 1638/2474/1681 1637/2477/1992
f 1627/2491/1986 1628/2485/1985 1637/2477/1992 1636/2484/1993
f 1626/2499/1987 1627/2491/1986 1636/2484/1993 1635/2500/1994
f 1625/1921/1988 1626/1926/1987 1635/1922/1994 1634/1917/1995
f 1624/1916/1989 1625/1921/1988 1634/1917/1995 1633/1910/1996
f 1623/1909/1990 1624/1916/1989 1633/1910/1996 1632/1901/1997
f 1621/1898/1656 1622/1900/1991 1631/1893/1998 1630/1891/1658
f 1622/1900/1991 1623/1909/1990 1632/1901/1997 1631/1893/1998
f 1637/2477/1992 1638/2474/1681 1647/2468/1682 1646/2470/1999
f 1636/2484/1993 1637/2477/1992 1646/2470/1999 1645/2476/2000
f 1635/1922/1994 1636/1927/1993 1645/1924/2000 1644/1918/2001
f 1634/1917/1995 1635/1922/1994 1644/1918/2001 1643/1911/2002
f 1633/1910/1996 1634/1917/1995 1643/1911/2002 1642/1902/2003
f 1632/1901/1997 1633/1910/1996 1642/1902/2003 1641/1894/2004
f 1630/1891/1658 1631/1893/1998 1640/1887/2005 1639/1885/1660
f 1631/1893/1998 1632/1901/1997 1641/1894/2004 1640/1887/2005
f 1476/2464/1663 1475/2466/1866 1646/2470/1999 1647/2468/1682
f 1475/2466/1866 1474/2472/1868 1645/2476/2000 1646/2470/1999
f 1474/1923/1868 1473/1912/1870 1644/1918/2001 1645/1924/2000
f 1473/1912/1870 1472/1903/1872 1643/1911/2002 1644/1918/2001
f 1472/1903/1872 1471/1895/1874 1642/1902/2003 1643/1911/2002
f 1471/1895/1874 1470/1888/1876 1641/1894/2004 1642/1902/2003
f 1470/1888/1876 1469/1881/1878 1640/1887/2005 1641/1894/2004
f 1469/1881/1878 1468/1877/1622 1639/1885/1660 1640/1887/2005
s 10
f 1655/2571/2006 1656/2569/1724 1665/2568/1723 1664/2572/2007
f 1654/2577/2008 1655/2571/2006 1664/2572/2007 1663/2578/2009
f 1653/2585/2010 1654/2577/2008 1663/2578/2009 1662/2586/2011
f 1652/2001/2012 1653/2010/2010 1662/2011/2011 1661/2002/2013
f 1651/1993/2014 1652/2001/2012 1661/2002/2013 1660/1994/2015
f 1650/1986/2016 1651/1993/2014 1660/1994/2015 1659/1987/2017
f 1648/1975/1683 1649/1979/2018 1658/1980/2019 1657/1976/1684
f 1649/1979/2018 1650/1986/2016 1659/1987/2017 1658/1980/2019
f 1664/2572/2007 1665/2568/1723 1674/2574/1726 1673/2576/2020
f 1663/2578/2009 1664/2572/2007 1673/2576/2020 1672/2584/2021
f 1662/2586/2011 1663/2578/2009 1672/2584/2021 1671/2593/2022
f 1661/2002/2013 1662/2011/2011 1671/2017/2022 1670/2012/2023
f 1660/1994/2015 1661/2002/2013 1670/2012/2023 1669/2003/2024
f 1659/1987/2017 1660/1994/2015 1669/2003/2024 1668/1995/2025
f 1657/1976/1684 1658/1980/2019 1667/1988/2026 1666/1981/1687
f 1658/1980/2019 1659/1987/2017 1668/1995/2025 1667/1988/2026
f 1673/2576/2020 1674/2574/1726 1683/2580/1727 1682/2583/2027
f 1672/2584/2021 1673/2576/2020 1682/2583/2027 1681/2592/2028
f 1671/2593/2022 1672/2584/2021 1681/2592/2028 1680/2600/2029
f 1670/2610/2023 1671/2593/2022 1680/2600/2029 1679/2611/2030
f 1669/2986/2024 1670/2992/2023 1679/2993/2030 1678/2987/2031
f 1668/2981/2025 1669/2986/2024 1678/2987/2031 1677/2982/2032
f 1666/2973/1687 1667/2977/2026 1676/2978/2033 1675/2974/1689
f 1667/2977/2026 1668/2981/2025 1677/2982/2032 1676/2978/2033
f 1682/2583/2027 1683/2580/1727 1692/2588/1728 1691/2591/2034
f 1681/2592/2028 1682/2583/2027 1691/2591/2034 1690/2599/2035
f 1680/2600/2029 1681/2592/2028 1690/2599/2035 1689/2609/2036
f 1679/2611/2030 1680/2600/2029 1689/2609/2036 1688/2620/2037
f 1678/2987/2031 1679/2993/2030 1688/2997/2037 1687/2994/2038
f 1677/2982/2032 1678/2987/2031 1687/2994/2038 1686/2988/2039
f 1675/2974/1689 1676/2978/2033 1685/2983/2040 1684/2979/1691
f 1676/2978/2033 1677/2982/2032 1686/2988/2039 1685/2983/2040
f 1691/2591/2034 1692/2588/1728 1701/2595/1729 1700/2598/2041
f 1690/2599/2035 1691/2591/2034 1700/2598/2041 1699/2608/2042
f 1689/2609/2036 1690/2599/2035 1699/2608/2042 1698/2619/2043
f 1688/2620/2037 1689/2609/2036 1698/2619/2043 1697/2629/2044
f 1687/2641/2038 1688/2620/2037 1697/2629/2044 1696/2642/2045
f 1686/2988/2039 1687/2994/2038 1696/2998/2045 1695/2995/2046
f 1684/2979/1691 1685/2983/2040 1694/2989/2047 1693/2984/1693
f 1685/2983/2040 1686/2988/2039 1695/2995/2046 1694/2989/2047
f 1700/2598/2041 1701/2595/1729 1710/2602/1730 1709/2607/2048
f 1699/2608/2042 1700/2598/2041 1709/2607/2048 1708/2618/2049
f 1698/2619/2043 1699/2608/2042 1708/2618/2049 1707/2628/2050
f 1697/2629/2044 1698/2619/2043 1707/2628/2050 1706/2640/2051
f 1696/2642/2045 1697/2629/2044 1706/2640/2051 1705/2655/2052
f 1695/2995/2046 1696/2998/2045 1705/3000/2052 1704/2999/2053
f 1693/2984/1693 1694/2989/2047 1703/2996/2054 1702/2990/1695
f 1694/2989/2047 1695/2995/2046 1704/2999/2053 1703/2996/2054
f 1709/2607/2048 1710/2602/1730 1719/2613/1731 1718/2617/2055
f 1708/2618/2049 1709/2607/2048 1718/2617/2055 1717/2627/2056
f 1707/2628/2050 1708/2618/2049 1717/2627/2056 1716/2639/2057
f 1706/2640/2051 1707/2628/2050 1716/2639/2057 1715/2654/2058
f 1705/2050/2052 1706/2058/2051 1715/2051/2058 1714/2044/2059
f 1704/2043/2053 1705/2050/2052 1714/2044/2059 1713/2038/2060
f 1702/2035/1695 1703/2037/2054 1712/2031/2061 1711/2027/1697
f 1703/2037/2054 1704/2043/2053 1713/2038/2060 1712/2031/2061
f 1718/2617/2055 1719/2613/1731 1728/2622/1732 1727/2626/2062
f 1717/2627/2056 1718/2617/2055 1727/2626/2062 1726/2638/2063
f 1716/2639/2057 1717/2627/2056 1726/2638/2063 1725/2653/2064
f 1715/2051/2058 1716/2059/2057 1725/2060/2064 1724/2052/2065
f 1714/2044/2059 1715/2051/2058 1724/2052/2065 1723/2045/2066
f 1713/2038/2060 1714/2044/2059 1723/2045/2066 1722/2039/2067
f 1711/2027/1697 1712/2031/2061 1721/2032/2068 1720/2028/1699
f 1712/2031/2061 1713/2038/2060 1722/2039/2067 1721/2032/2068
f 1727/2626/2062 1728/2622/1732 1737/2631/1733 1736/2637/2069
f 1726/2638/2063 1727/2626/2062 1736/2637/2069 1735/2652/2070
f 1725/2653/2064 1726/2638/2063 1735/2652/2070 1734/2661/2071
f 1724/2052/2065 1725/2060/2064 1734/2065/2071 1733/2061/2072
f 1723/2045/2066 1724/2052/2065 1733/2061/2072 1732/2053/2073
f 1722/2039/2067 1723/2045/2066 1732/2053/2073 1731/2046/2074
f 1720/2028/1699 1721/2032/2068 1730/2040/2075 1729/2033/1701
f 1721/2032/2068 1722/2039/2067 1731/2046/2074 1730/2040/2075
f 1736/2637/2069 1737/2631/1733 1746/2644/1734 1745/2651/2076
f 1735/2652/2070 1736/2637/2069 1745/2651/2076 1744/2660/2077
f 1734/2661/2071 1735/2652/2070 1744/2660/2077 1743/2667/2078
f 1733/2061/2072 1734/2065/2071 1743/2069/2078 1742/2066/2079
f 1732/2053/2073 1733/2061/2072 1742/2066/2079 1741/2062/2080
f 1731/2046/2074 1732/2053/2073 1741/2062/2080 1740/2054/2081
f 1729/2033/1701 1730/2040/2075 1739/2047/2082 1738/2041/1703
f 1730/2040/2075 1731/2046/2074 1740/2054/2081 1739/2047/2082
f 1745/2651/2076 1746/2644/1734 1755/2643/1735 1754/2650/2083
f 1744/2660/2077 1745/2651/2076 1754/2650/2083 1753/2656/2084
f 1743/2667/2078 1744/2660/2077 1753/2656/2084 1752/2662/2085
f 1742/2066/2079 1743/2069/2078 1752/2072/2085 1751/2070/2086
f 1741/2062/2080 1742/2066/2079 1751/2070/2086 1750/2067/2087
f 1740/2054/2081 1741/2062/2080 1750/2067/2087 1749/2063/2088
f 1738/2041/1703 1739/2047/2082 1748/2055/2089 1747/2048/1705
f 1739/2047/2082 1740/2054/2081 1749/2063/2088 1748/2055/2089
f 1754/2650/2083 1755/2643/1735 1764/2630/1736 1763/2636/2090
f 1753/2656/2084 1754/2650/2083 1763/2636/2090 1762/2645/2091
f 1752/2662/2085 1753/2656/2084 1762/2645/2091 1761/2657/2092
f 1751/2668/2086 1752/2662/2085 1761/2657/2092 1760/2663/2093
f 1750/2671/2087 1751/2668/2086 1760/2663/2093 1759/2669/2094
f 1749/2063/2088 1750/2067/2087 1759/2071/2094 1758/2068/2095
f 1747/2048/1705 1748/2055/2089 1757/2064/2096 1756/2056/1707
f 1748/2055/2089 1749/2063/2088 1758/2068/2095 1757/2064/2096
f 1763/2636/2090 1764/2630/1736 1773/2621/1737 1772/2625/2097
f 1762/2645/2091 1763/2636/2090 1772/2625/2097 1771/2632/2098
f 1761/2657/2092 1762/2645/2091 1771/2632/2098 1770/2646/2099
f 1760/2663/2093 1761/2657/2092 1770/2646/2099 1769/2658/2100
f 1759/2669/2094 1760/2663/2093 1769/2658/2100 1768/2664/2101
f 1758/2672/2095 1759/2669/2094 1768/2664/2101 1767/2670/2102
f 1756/3001/1707 1757/3005/2096 1766/3006/2103 1765/3002/1709
f 1757/3005/2096 1758/3009/2095 1767/3010/2102 1766/3006/2103
f 1772/2625/2097 1773/2621/1737 1782/2612/1738 1781/2616/2104
f 1771/2632/2098 1772/2625/2097 1781/2616/2104 1780/2623/2105
f 1770/2646/2099 1771/2632/2098 1780/2623/2105 1779/2633/2106
f 1769/2658/2100 1770/2646/2099 1779/2633/2106 1778/2647/2107
f 1768/2664/2101 1769/2658/2100 1778/2647/2107 1777/2659/2108
f 1767/2670/2102 1768/2664/2101 1777/2659/2108 1776/2665/2109
f 1765/3002/1709 1766/3006/2103 1775/3011/2110 1774/3007/1711
f 1766/3006/2103 1767/3010/2102 1776/3014/2109 1775/3011/2110
f 1781/2616/2104 1782/2612/1738 1791/2601/1739 1790/2606/2111
f 1780/2623/2105 1781/2616/2104 1790/2606/2111 1789/2614/2112
f 1779/2633/2106 1780/2623/2105 1789/2614/2112 1788/2624/2113
f 1778/2647/2107 1779/2633/2106 1788/2624/2113 1787/2634/2114
f 1777/2659/2108 1778/2647/2107 1787/2634/2114 1786/2648/2115
f 1776/2665/2109 1777/2659/2108 1786/2648/2115 1785/2666/2116
f 1774/3007/1711 1775/3011/2110 1784/3015/2117 1783/3012/1713
f 1775/3011/2110 1776/3014/2109 1785/3018/2116 1784/3015/2117
f 1790/2606/2111 1791/2601/1739 1800/2594/1740 1799/2597/2118
f 1789/2614/2112 1790/2606/2111 1799/2597/2118 1798/2603/2119
f 1788/2624/2113 1789/2614/2112 1798/2603/2119 1797/2615/2120
f 1787/2634/2114 1788/2624/2113 1797/2615/2120 1796/2635/2121
f 1786/2648/2115 1787/2634/2114 1796/2635/2121 1795/2649/2122
f 1785/3018/2116 1786/3021/2115 1795/3022/2122 1794/3020/2123
f 1783/3012/1713 1784/3015/2117 1793/3019/2124 1792/3016/1715
f 1784/3015/2117 1785/3018/2116 1794/3020/2123 1793/3019/2124
f 1799/2597/2118 1800/2594/1740 1809/2587/1741 1808/2590/2125
f 1798/2603/2119 1799/2597/2118 1808/2590/2125 1807/2596/2126
f 1797/2615/2120 1798/2603/2119 1807/2596/2126 1806/2604/2127
f 1796/2023/2121 1797/2026/2120 1806/2024/2127 1805/2019/2128
f 1795/2018/2122 1796/2023/2121 1805/2019/2128 1804/2014/2129
f 1794/2013/2123 1795/2018/2122 1804/2014/2129 1803/2007/2130
f 1792/2004/1715 1793/2006/2124 1802/1998/2131 1801/1996/1717
f 1793/2006/2124 1794/2013/2123 1803/2007/2130 1802/1998/2131
f 1808/2590/2125 1809/2587/1741 1818/2579/1742 1817/2582/2132
f 1807/2596/2126 1808/2590/2125 1817/2582/2132 1816/2589/2133
f 1806/2604/2127 1807/2596/2126 1816/2589/2133 1815/2605/2134
f 1805/2019/2128 1806/2024/2127 1815/2020/2134 1814/2015/2135
f 1804/2014/2129 1805/2019/2128 1814/2015/2135 1813/2008/2136
f 1803/2007/2130 1804/2014/2129 1813/2008/2136 1812/1999/2137
f 1801/1996/1717 1802/1998/2131 1811/1991/2138 1810/1989/1719
f 1802/1998/2131 1803/2007/2130 1812/1999/2137 1811/1991/2138
f 1817/2582/2132 1818/2579/1742 1827/2573/1743 1826/2575/2139
f 1816/2589/2133 1817/2582/2132 1826/2575/2139 1825/2581/2140
f 1815/2020/2134 1816/2025/2133 1825/2022/2140 1824/2016/2141
f 1814/2015/2135 1815/2020/2134 1824/2016/2141 1823/2009/2142
f 1813/2008/2136 1814/2015/2135 1823/2009/2142 1822/2000/2143
f 1812/1999/2137 1813/2008/2136 1822/2000/2143 1821/1992/2144
f 1810/1989/1719 1811/1991/2138 1820/1985/2145 1819/1983/1721
f 1811/1991/2138 1812/1999/2137 1821/1992/2144 1820/1985/2145
f 1656/2569/1724 1655/2571/2006 1826/2575/2139 1827/2573/1743
f 1655/2571/2006 1654/2577/2008 1825/2581/2140 1826/2575/2139
f 1654/2021/2008 1653/2010/2010 1824/2016/2141 1825/2022/2140
f 1653/2010/2010 1652/2001/2012 1823/2009/2142 1824/2016/2141
f 1652/2001/2012 1651/1993/2014 1822/2000/2143 1823/2009/2142
f 1651/1993/2014 1650/1986/2016 1821/1992/2144 1822/2000/2143
f 1650/1986/2016 1649/1979/2018 1820/1985/2145 1821/1992/2144
f 1649/1979/2018 1648/1975/1683 1819/1983/1721 1820/1985/2145
s 12
f 1835/2676/2146 1836/2674/1785 1845/2673/1784 1844/2677/2147
f 1834/2682/2148 1835/2676/2146 1844/2677/2147 1843/2683/2149
f 1833/2690/2150 1834/2682/2148 1843/2683/2149 1842/2691/2151
f 1832/2099/2152 1833/2108/2150 1842/2109/2151 1841/2100/2153
f 1831/2091/2154 1832/2099/2152 1841/2100/2153 1840/2092/2155
f 1830/2084/2156 1831/2091/2154 1840/2092/2155 1839/2085/2157
f 1828/2073/1744 1829/2077/2158 1838/2078/2159 1837/2074/1745
f 1829/2077/2158 1830/2084/2156 1839/2085/2157 1838/2078/2159
f 1844/2677/2147 1845/2673/1784 1854/2679/1787 1853/2681/2160
f 1843/2683/2149 1844/2677/2147 1853/2681/2160 1852/2689/2161
f 1842/2691/2151 1843/2683/2149 1852/2689/2161 1851/2699/2162
f 1841/2708/2153 1842/2691/2151 1851/2699/2162 1850/2709/2163
f 1840/2092/2155 1841/2100/2153 1850/2110/2163 1849/2101/2164
f 1839/2085/2157 1840/2092/2155 1849/2101/2164 1848/2093/2165
f 1837/2074/1745 1838/2078/2159 1847/2086/2166 1846/2079/1748
f 1838/2078/2159 1839/2085/2157 1848/2093/2165 1847/2086/2166
f 1853/2681/2160 1854/2679/1787 1863/2685/1788 1862/2688/2167
f 1852/2689/2161 1853/2681/2160 1862/2688/2167 1861/2698/2168
f 1851/2699/2162 1852/2689/2161 1861/2698/2168 1860/2707/2169
f 1850/2709/2163 1851/2699/2162 1860/2707/2169 1859/2718/2170
f 1849/2728/2164 1850/2709/2163 1859/2718/2170 1858/2729/2171
f 1848/3031/2165 1849/3036/2164 1858/3037/2171 1857/3032/2172
f 1846/3023/1748 1847/3027/2166 1856/3028/2173 1855/3024/1750
f 1847/3027/2166 1848/3031/2165 1857/3032/2172 1856/3028/2173
f 1862/2688/2167 1863/2685/1788 1872/2693/1789 1871/2697/2174
f 1861/2698/2168 1862/2688/2167 1871/2697/2174 1870/2706/2175
f 1860/2707/2169 1861/2698/2168 1870/2706/2175 1869/2717/2176
f 1859/2718/2170 1860/2707/2169 1869/2717/2176 1868/2727/2177
f 1858/2729/2171 1859/2718/2170 1868/2727/2177 1867/2741/2178
f 1857/3032/2172 1858/3037/2171 1867/3042/2178 1866/3038/2179
f 1855/3024/1750 1856/3028/2173 1865/3033/2180 1864/3029/1752
f 1856/3028/2173 1857/3032/2172 1866/3038/2179 1865/3033/2180
f 1871/2697/2174 1872/2693/1789 1881/2701/1790 1880/2705/2181
f 1870/2706/2175 1871/2697/2174 1880/2705/2181 1879/2716/2182
f 1869/2717/2176 1870/2706/2175 1879/2716/2182 1878/2726/2183
f 1868/2727/2177 1869/2717/2176 1878/2726/2183 1877/2740/2184
f 1867/3042/2178 1868/3047/2177 1877/3048/2184 1876/3045/2185
f 1866/3038/2179 1867/3042/2178 1876/3045/2185 1875/3043/2186
f 1864/3029/1752 1865/3033/2180 1874/3039/2187 1873/3034/1754
f 1865/3033/2180 1866/3038/2179 1875/3043/2186 1874/3039/2187
f 1880/2705/2181 1881/2701/1790 1890/2711/1791 1889/2715/2188
f 1879/2716/2182 1880/2705/2181 1889/2715/2188 1888/2725/2189
f 1878/2726/2183 1879/2716/2182 1888/2725/2189 1887/2739/2190
f 1877/2740/2184 1878/2726/2183 1887/2739/2190 1886/2753/2191
f 1876/3045/2185 1877/3048/2184 1886/3050/2191 1885/3049/2192
f 1875/3043/2186 1876/3045/2185 1885/3049/2192 1884/3046/2193
f 1873/3034/1754 1874/3039/2187 1883/3044/2194 1882/3040/1756
f 1874/3039/2187 1875/3043/2186 1884/3046/2193 1883/3044/2194
f 1889/2715/2188 1890/2711/1791 1899/2720/1792 1898/2724/2195
f 1888/2725/2189 1889/2715/2188 1898/2724/2195 1897/2738/2196
f 1887/2739/2190 1888/2725/2189 1897/2738/2196 1896/2752/2197
f 1886/2150/2191 1887/2157/2190 1896/2151/2197 1895/2143/2198
f 1885/2142/2192 1886/2150/2191 1895/2143/2198 1894/2136/2199
f 1884/2135/2193 1885/2142/2192 1894/2136/2199 1893/2130/2200
f 1882/2127/1756 1883/2129/2194 1892/2123/2201 1891/2119/1758
f 1883/2129/2194 1884/2135/2193 1893/2130/2200 1892/2123/2201
f 1898/2724/2195 1899/2720/1792 1908/2731/1793 1907/2737/2202
f 1897/2738/2196 1898/2724/2195 1907/2737/2202 1906/2751/2203
f 1896/2752/2197 1897/2738/2196 1906/2751/2203 1905/2763/2204
f 1895/2143/2198 1896/2151/2197 1905/2152/2204 1904/2144/2205
f 1894/2136/2199 1895/2143/2198 1904/2144/2205 1903/2137/2206
f 1893/2130/2200 1894/2136/2199 1903/2137/2206 1902/2131/2207
f 1891/2119/1758 1892/2123/2201 1901/2124/2208 1900/2120/1760
f 1892/2123/2201 1893/2130/2200 1902/2131/2207 1901/2124/2208
f 1907/2737/2202 1908/2731/1793 1917/2743/1794 1916/2750/2209
f 1906/2751/2203 1907/2737/2202 1916/2750/2209 1915/2762/2210
f 1905/2152/2204 1906/2162/2203 1915/2163/2210 1914/2158/2211
f 1904/2144/2205 1905/2152/2204 1914/2158/2211 1913/2153/2212
f 1903/2137/2206 1904/2144/2205 1913/2153/2212 1912/2145/2213
f 1902/2131/2207 1903/2137/2206 1912/2145/2213 1911/2138/2214
f 1900/2120/1760 1901/2124/2208 1910/2132/2215 1909/2125/1762
f 1901/2124/2208 1902/2131/2207 1911/2138/2214 1910/2132/2215
f 1916/2750/2209 1917/2743/1794 1926/2755/1795 1925/2761/2216
f 1915/2762/2210 1916/2750/2209 1925/2761/2216 1924/2770/2217
f 1914/2158/2211 1915/2163/2210 1924/2167/2217 1923/2164/2218
f 1913/2153/2212 1914/2158/2211 1923/2164/2218 1922/2159/2219
f 1912/2145/2213 1913/2153/2212 1922/2159/2219 1921/2154/2220
f 1911/2138/2214 1912/2145/2213 1921/2154/2220 1920/2146/2221
f 1909/2125/1762 1910/2132/2215 1919/2139/2222 1918/2133/1764
f 1910/2132/2215 1911/2138/2214 1920/2146/2221 1919/2139/2222
f 1925/2761/2216 1926/2755/1795 1935/2754/1796 1934/2760/2223
f 1924/2770/2217 1925/2761/2216 1934/2760/2223 1933/2769/2224
f 1923/2775/2218 1924/2770/2217 1933/2769/2224 1932/2771/2225
f 1922/2159/2219 1923/2164/2218 1932/2168/2225 1931/2165/2226
f 1921/2154/2220 1922/2159/2219 1931/2165/2226 1930/2160/2227
f 1920/2146/2221 1921/2154/2220 1930/2160/2227 1929/2155/2228
f 1918/2133/1764 1919/2139/2222 1928/2147/2229 1927/2140/1766
f 1919/2139/2222 1920/2146/2221 1929/2155/2228 1928/2147/2229
f 1934/2760/2223 1935/2754/1796 1944/2742/1797 1943/2749/2230
f 1933/2769/2224 1934/2760/2223 1943/2749/2230 1942/2759/2231
f 1932/2771/2225 1933/2769/2224 1942/2759/2231 1941/2764/2232
f 1931/2165/2226 1932/2168/2225 1941/2170/2232 1940/2169/2233
f 1930/2160/2227 1931/2165/2226 1940/2169/2233 1939/2166/2234
f 1929/2155/2228 1930/2160/2227 1939/2166/2234 1938/2161/2235
f 1927/2140/1766 1928/2147/2229 1937/2156/2236 1936/2148/1768
f 1928/2147/2229 1929/2155/2228 1938/2161/2235 1937/2156/2236
f 1943/2749/2230 1944/2742/1797 1953/2730/1798 1952/2736/2237
f 1942/2759/2231 1943/2749/2230 1952/2736/2237 1951/2748/2238
f 1941/2764/2232 1942/2759/2231 1951/2748/2238 1950/2756/2239
f 1940/2772/2233 1941/2764/2232 1950/2756/2239 1949/2765/2240
f 1939/2776/2234 1940/2772/2233 1949/2765/2240 1948/2773/2241
f 1938/3059/2235 1939/3064/2234 1948/3065/2241 1947/3060/2242
f 1936/3051/1768 1937/3055/2236 1946/3056/2243 1945/3052/1770
f 1937/3055/2236 1938/3059/2235 1947/3060/2242 1946/3056/2243
f 1952/2736/2237 1953/2730/1798 1962/2719/1799 1961/2723/2244
f 1951/2748/2238 1952/2736/2237 1961/2723/2244 1960/2735/2245
f 1950/2756/2239 1951/2748/2238 1960/2735/2245 1959/2744/2246
f 1949/2765/2240 1950/2756/2239 1959/2744/2246 1958/2757/2247
f 1948/2773/2241 1949/2765/2240 1958/2757/2247 1957/2766/2248
f 1947/2777/2242 1948/2773/2241 1957/2766/2248 1956/2774/2249
f 1945/3052/1770 1946/3056/2243 1955/3061/2250 1954/3057/1772
f 1946/3056/2243 1947/3060/2242 1956/3066/2249 1955/3061/2250
f 1961/2723/2244 1962/2719/1799 1971/2710/1800 1970/2714/2251
f 1960/2735/2245 1961/2723/2244 1970/2714/2251 1969/2722/2252
f 1959/2744/2246 1960/2735/2245 1969/2722/2252 1968/2732/2253
f 1958/2757/2247 1959/2744/2246 1968/2732/2253 1967/2745/2254
f 1957/2766/2248 1958/2757/2247 1967/2745/2254 1966/2758/2255
f 1956/2774/2249 1957/2766/2248 1966/2758/2255 1965/2767/2256
f 1954/3057/1772 1955/3061/2250 1964/3067/2257 1963/3062/1774
f 1955/3061/2250 1956/3066/2249 1965/3070/2256 1964/3067/2257
f 1970/2714/2251 1971/2710/1800 1980/2700/1801 1979/2704/2258
f 1969/2722/2252 1970/2714/2251 1979/2704/2258 1978/2713/2259
f 1968/2732/2253 1969/2722/2252 1978/2713/2259 1977/2721/2260
f 1967/2745/2254 1968/2732/2253 1977/2721/2260 1976/2733/2261
f 1966/2758/2255 1967/2745/2254 1976/2733/2261 1975/2746/2262
f 1965/2767/2256 1966/2758/2255 1975/2746/2262 1974/2768/2263
f 1963/3062/1774 1964/3067/2257 1973/3071/2264 1972/3068/1776
f 1964/3067/2257 1965/3070/2256 1974/3072/2263 1973/3071/2264
f 1979/2704/2258 1980/2700/1801 1989/2692/1802 1988/2696/2265
f 1978/2713/2259 1979/2704/2258 1988/2696/2265 1987/2703/2266
f 1977/2721/2260 1978/2713/2259 1987/2703/2266 1986/2712/2267
f 1976/2733/2261 1977/2721/2260 1986/2712/2267 1985/2734/2268
f 1975/2746/2262 1976/2733/2261 1985/2734/2268 1984/2747/2269
f 1974/2111/2263 1975/2115/2262 1984/2112/2269 1983/2105/2270
f 1972/2102/1776 1973/2104/2264 1982/2096/2271 1981/2094/1778
f 1973/2104/2264 1974/2111/2263 1983/2105/2270 1982/2096/2271
f 1988/2696/2265 1989/2692/1802 1998/2684/1803 1997/2687/2272
f 1987/2703/2266 1988/2696/2265 1997/2687/2272 1996/2695/2273
f 1986/2712/2267 1987/2703/2266 1996/2695/2273 1995/2702/2274
f 1985/2116/2268 1986/2118/2267 1995/2117/2274 1994/2113/2275
f 1984/2112/2269 1985/2116/2268 1994/2113/2275 1993/2106/2276
f 1983/2105/2270 1984/2112/2269 1993/2106/2276 1992/2097/2277
f 1981/2094/1778 1982/2096/2271 1991/2089/2278 1990/2087/1780
f 1982/2096/2271 1983/2105/2270 1992/2097/2277 1991/2089/2278
f 1997/2687/2272 1998/2684/1803 2007/2678/1804 2006/2680/2279
f 1996/2695/2273 1997/2687/2272 2006/2680/2279 2005/2686/2280
f 1995/2702/2274 1996/2695/2273 2005/2686/2280 2004/2694/2281
f 1994/2113/2275 1995/2117/2274 2004/2114/2281 2003/2107/2282
f 1993/2106/2276 1994/2113/2275 2003/2107/2282 2002/2098/2283
f 1992/2097/2277 1993/2106/2276 2002/2098/2283 2001/2090/2284
f 1990/2087/1780 1991/2089/2278 2000/2083/2285 1999/2081/1782
f 1991/2089/2278 1992/2097/2277 2001/2090/2284 2000/2083/2285
f 1836/2674/1785 1835/2676/2146 2006/2680/2279 2007/2678/1804
f 1835/2676/2146 1834/2682/2148 2005/2686/2280 2006/2680/2279
f 1834/2682/2148 1833/2690/2150 2004/2694/2281 2005/2686/2280
f 1833/2108/2150 1832/2099/2152 2003/2107/2282 2004/2114/2281
f 1832/2099/2152 1831/2091/2154 2002/2098/2283 2003/2107/2282
f 1831/2091/2154 1830/2084/2156 2001/2090/2284 2002/2098/2283
f 1830/2084/2156 1829/2077/2158 2000/2083/2285 2001/2090/2284
f 1829/2077/2158 1828/2073/1744 1999/2081/1782 2000/2083/2285
s 14
f 2015/2781/2286 2016/2779/1846 2025/2778/1845 2024/2782/2287
f 2014/2787/2288 2015/2781/2286 2024/2782/2287 2023/2788/2289
f 2013/2795/2290 2014/2787/2288 2023/2788/2289 2022/2796/2291
f 2012/2197/2292 2013/2206/2290 2022/2207/2291 2021/2198/2293
f 2011/2189/2294 2012/2197/2292 2021/2198/2293 2020/2190/2295
f 2010/2182/2296 2011/2189/2294 2020/2190/2295 2019/2183/2297
f 2008/2171/1805 2009/2175/2298 2018/2176/2299 2017/2172/1806
f 2009/2175/2298 2010/2182/2296 2019/2183/2297 2018/2176/2299
f 2024/2782/2287 2025/2778/1845 2034/2784/1848 2033/2786/2300
f 2023/2788/2289 2024/2782/2287 2033/2786/2300 2032/2794/2301
f 2022/2796/2291 2023/2788/2289 2032/2794/2301 2031/2804/2302
f 2021/2813/2293 2022/2796/2291 2031/2804/2302 2030/2814/2303
f 2020/2824/2295 2021/2813/2293 2030/2814/2303 2029/2825/2304
f 2019/2183/2297 2020/2190/2295 2029/2199/2304 2028/2191/2305
f 2017/2172/1806 2018/2176/2299 2027/2184/2306 2026/2177/1809
f 2018/2176/2299 2019/2183/2297 2028/2191/2305 2027/2184/2306
f 2033/2786/2300 2034/2784/1848 2043/2790/1849 2042/2793/2307
f 2032/2794/2301 2033/2786/2300 2042/2793/2307 2041/2803/2308
f 2031/2804/2302 2032/2794/2301 2041/2803/2308 2040/2812/2309
f 2030/2814/2303 2031/2804/2302 2040/2812/2309 2039/2823/2310
f 2029/2825/2304 2030/2814/2303 2039/2823/2310 2038/2835/2311
f 2028/2848/2305 2029/2825/2304 2038/2835/2311 2037/2849/2312
f 2026/3073/1809 2027/3077/2306 2036/3078/2313 2035/3074/1811
f 2027/3077/2306 2028/3081/2305 2037/3082/2312 2036/3078/2313
f 2042/2793/2307 2043/2790/1849 2052/2798/1850 2051/2802/2314
f 2041/2803/2308 2042/2793/2307 2051/2802/2314 2050/2811/2315
f 2040/2812/2309 2041/2803/2308 2050/2811/2315 2049/2822/2316
f 2039/2823/2310 2040/2812/2309 2049/2822/2316 2048/2834/2317
f 2038/2835/2311 2039/2823/2310 2048/2834/2317 2047/2847/2318
f 2037/2849/2312 2038/2835/2311 2047/2847/2318 2046/2861/2319
f 2035/3074/1811 2036/3078/2313 2045/3083/2320 2044/3079/1813
f 2036/3078/2313 2037/3082/2312 2046/3086/2319 2045/3083/2320
f 2051/2802/2314 2052/2798/1850 2061/2806/1851 2060/2810/2321
f 2050/2811/2315 2051/2802/2314 2060/2810/2321 2059/2821/2322
f 2049/2822/2316 2050/2811/2315 2059/2821/2322 2058/2833/2323
f 2048/2834/2317 2049/2822/2316 2058/2833/2323 2057/2846/2324
f 2047/2847/2318 2048/2834/2317 2057/2846/2324 2056/2860/2325
f 2046/2861/2319 2047/2847/2318 2056/2860/2325 2055/2874/2326
f 2044/3079/1813 2045/3083/2320 2054/3087/2327 2053/3084/1815
f 2045/3083/2320 2046/3086/2319 2055/3090/2326 2054/3087/2327
f 2060/2810/2321 2061/2806/1851 2070/2816/1852 2069/2820/2328
f 2059/2821/2322 2060/2810/2321 2069/2820/2328 2068/2832/2329
f 2058/2833/2323 2059/2821/2322 2068/2832/2329 2067/2845/2330
f 2057/2846/2324 2058/2833/2323 2067/2845/2330 2066/2859/2331
f 2056/2860/2325 2057/2846/2324 2066/2859/2331 2065/2873/2332
f 2055/3090/2326 2056/3093/2325 2065/3094/2332 2064/3092/2333
f 2053/3084/1815 2054/3087/2327 2063/3091/2334 2062/3088/1817
f 2054/3087/2327 2055/3090/2326 2064/3092/2333 2063/3091/2334
f 2069/2820/2328 2070/2816/1852 2079/2827/1853 2078/2831/2335
f 2068/2832/2329 2069/2820/2328 2078/2831/2335 2077/2844/2336
f 2067/2845/2330 2068/2832/2329 2077/2844/2336 2076/2858/2337
f 2066/2248/2331 2067/2255/2330 2076/2249/2337 2075/2241/2338
f 2065/2240/2332 2066/2248/2331 2075/2241/2338 2074/2234/2339
f 2064/2233/2333 2065/2240/2332 2074/2234/2339 2073/2228/2340
f 2062/2225/1817 2063/2227/2334 2072/2221/2341 2071/2217/1819
f 2063/2227/2334 2064/2233/2333 2073/2228/2340 2072/2221/2341
f 2078/2831/2335 2079/2827/1853 2088/2837/1854 2087/2843/2342
f 2077/2844/2336 2078/2831/2335 2087/2843/2342 2086/2857/2343
f 2076/2858/2337 2077/2844/2336 2086/2857/2343 2085/2872/2344
f 2075/2241/2338 2076/2249/2337 2085/2250/2344 2084/2242/2345
f 2074/2234/2339 2075/2241/2338 2084/2242/2345 2083/2235/2346
f 2073/2228/2340 2074/2234/2339 2083/2235/2346 2082/2229/2347
f 2071/2217/1819 2072/2221/2341 2081/2222/2348 2080/2218/1821
f 2072/2221/2341 2073/2228/2340 2082/2229/2347 2081/2222/2348
f 2087/2843/2342 2088/2837/1854 2097/2851/1855 2096/2856/2349
f 2086/2857/2343 2087/2843/2342 2096/2856/2349 2095/2871/2350
f 2085/2250/2344 2086/2260/2343 2095/2261/2350 2094/2256/2351
f 2084/2242/2345 2085/2250/2344 2094/2256/2351 2093/2251/2352
f 2083/2235/2346 2084/2242/2345 2093/2251/2352 2092/2243/2353
f 2082/2229/2347 2083/2235/2346 2092/2243/2353 2091/2236/2354
f 2080/2218/1821 2081/2222/2348 2090/2230/2355 2089/2223/1823
f 2081/2222/2348 2082/2229/2347 2091/2236/2354 2090/2230/2355
f 2096/2856/2349 2097/2851/1855 2106/2863/1856 2105/2870/2356
f 2095/2871/2350 2096/2856/2349 2105/2870/2356 2104/2879/2357
f 2094/2256/2351 2095/2261/2350 2104/2265/2357 2103/2262/2358
f 2093/2251/2352 2094/2256/2351 2103/2262/2358 2102/2257/2359
f 2092/2243/2353 2093/2251/2352 2102/2257/2359 2101/2252/2360
f 2091/2236/2354 2092/2243/2353 2101/2252/2360 2100/2244/2361
f 2089/2223/1823 2090/2230/2355 2099/2237/2362 2098/2231/1825
f 2090/2230/2355 2091/2236/2354 2100/2244/2361 2099/2237/2362
f 2105/2870/2356 2106/2863/1856 2115/2862/1857 2114/2869/2363
f 2104/2879/2357 2105/2870/2356 2114/2869/2363 2113/2878/2364
f 2103/2882/2358 2104/2879/2357 2113/2878/2364 2112/2880/2365
f 2102/2257/2359 2103/2262/2358 2112/2266/2365 2111/2263/2366
f 2101/2252/2360 2102/2257/2359 2111/2263/2366 2110/2258/2367
f 2100/2244/2361 2101/2252/2360 2110/2258/2367 2109/2253/2368
f 2098/2231/1825 2099/2237/2362 2108/2245/2369 2107/2238/1827
f 2099/2237/2362 2100/2244/2361 2109/2253/2368 2108/2245/2369
f 2114/2869/2363 2115/2862/1857 2124/2850/1858 2123/2855/2370
f 2113/2878/2364 2114/2869/2363 2123/2855/2370 2122/2868/2371
f 2112/2880/2365 2113/2878/2364 2122/2868/2371 2121/2875/2372
f 2111/2263/2366 2112/2266/2365 2121/2268/2372 2120/2267/2373
f 2110/2258/2367 2111/2263/2366 2120/2267/2373 2119/2264/2374
f 2109/2253/2368 2110/2258/2367 2119/2264/2374 2118/2259/2375
f 2107/2238/1827 2108/2245/2369 2117/2254/2376 2116/2246/1829
f 2108/2245/2369 2109/2253/2368 2118/2259/2375 2117/2254/2376
f 2123/2855/2370 2124/2850/1858 2133/2836/1859 2132/2842/2377
f 2122/2868/2371 2123/2855/2370 2132/2842/2377 2131/2854/2378
f 2121/2875/2372 2122/2868/2371 2131/2854/2378 2130/2864/2379
f 2120/2881/2373 2121/2875/2372 2130/2864/2379 2129/2876/2380
f 2119/3108/2374 2120/3114/2373 2129/3115/2380 2128/3109/2381
f 2118/3103/2375 2119/3108/2374 2128/3109/2381 2127/3104/2382
f 2116/3095/1829 2117/3099/2376 2126/3100/2383 2125/3096/1831
f 2117/3099/2376 2118/3103/2375 2127/3104/2382 2126/3100/2383
f 2132/2842/2377 2133/2836/1859 2142/2826/1860 2141/2830/2384
f 2131/2854/2378 2132/2842/2377 2141/2830/2384 2140/2841/2385
f 2130/2864/2379 2131/2854/2378 2140/2841/2385 2139/2852/2386
f 2129/2876/2380 2130/2864/2379 2139/2852/2386 2138/2865/2387
f 2128/3109/2381 2129/3115/2380 2138/3119/2387 2137/3116/2388
f 2127/3104/2382 2128/3109/2381 2137/3116/2388 2136/3110/2389
f 2125/3096/1831 2126/3100/2383 2135/3105/2390 2134/3101/1833
f 2126/3100/2383 2127/3104/2382 2136/3110/2389 2135/3105/2390
f 2141/2830/2384 2142/2826/1860 2151/2815/1861 2150/2819/2391
f 2140/2841/2385 2141/2830/2384 2150/2819/2391 2149/2829/2392
f 2139/2852/2386 2140/2841/2385 2149/2829/2392 2148/2838/2393
f 2138/2865/2387 2139/2852/2386 2148/2838/2393 2147/2853/2394
f 2137/2877/2388 2138/2865/2387 2147/2853/2394 2146/2866/2395
f 2136/3110/2389 2137/3116/2388 2146/3120/2395 2145/3117/2396
f 2134/3101/1833 2135/3105/2390 2144/3111/2397 2143/3106/1835
f 2135/3105/2390 2136/3110/2389 2145/3117/2396 2144/3111/2397
f 2150/2819/2391 2151/2815/1861 2160/2805/1862 2159/2809/2398
f 2149/2829/2392 2150/2819/2391 2159/2809/2398 2158/2818/2399
f 2148/2838/2393 2149/2829/2392 2158/2818/2399 2157/2828/2400
f 2147/2853/2394 2148/2838/2393 2157/2828/2400 2156/2839/2401
f 2146/2866/2395 2147/2853/2394 2156/2839/2401 2155/2867/2402
f 2145/3117/2396 2146/3120/2395 2155/3122/2402 2154/3121/2403
f 2143/3106/1835 2144/3111/2397 2153/3118/2404 2152/3112/1837
f 2144/3111/2397 2145/3117/2396 2154/3121/2403 2153/3118/2404
f 2159/2809/2398 2160/2805/1862 2169/2797/1863 2168/2801/2405
f 2158/2818/2399 2159/2809/2398 2168/2801/2405 2167/2808/2406
f 2157/2828/2400 2158/2818/2399 2167/2808/2406 2166/2817/2407
f 2156/2839/2401 2157/2828/2400 2166/2817/2407 2165/2840/2408
f 2155/2212/2402 2156/2215/2401 2165/2213/2408 2164/2209/2409
f 2154/2208/2403 2155/2212/2402 2164/2209/2409 2163/2203/2410
f 2152/2200/1837 2153/2202/2404 2162/2194/2411 2161/2192/1839
f 2153/2202/2404 2154/2208/2403 2163/2203/2410 2162/2194/2411
f 2168/2801/2405 2169/2797/1863 2178/2789/1864 2177/2792/2412
f 2167/2808/2406 2168/2801/2405 2177/2792/2412 2176/2800/2413
f 2166/2817/2407 2167/2808/2406 2176/2800/2413 2175/2807/2414
f 2165/2213/2408 2166/2216/2407 2175/2214/2414 2174/2210/2415
f 2164/2209/2409 2165/2213/2408 2174/2210/2415 2173/2204/2416
f 2163/2203/2410 2164/2209/2409 2173/2204/2416 2172/2195/2417
f 2161/2192/1839 2162/2194/2411 2171/2187/2418 2170/2185/1841
f 2162/2194/2411 2163/2203/2410 2172/2195/2417 2171/2187/2418
f 2177/2792/2412 2178/2789/1864 2187/2783/1865 2186/2785/2419
f 2176/2800/2413 2177/2792/2412 2186/2785/2419 2185/2791/2420
f 2175/2807/2414 2176/2800/2413 2185/2791/2420 2184/2799/2421
f 2174/2210/2415 2175/2214/2414 2184/2211/2421 2183/2205/2422
f 2173/2204/2416 2174/2210/2415 2183/2205/2422 2182/2196/2423
f 2172/2195/2417 2173/2204/2416 2182/2196/2423 2181/2188/2424
f 2170/2185/1841 2171/2187/2418 2180/2181/2425 2179/2179/1843
f 2171/2187/2418 2172/2195/2417 2181/2188/2424 2180/2181/2425
f 2016/2779/1846 2015/2781/2286 2186/2785/2419 2187/2783/1865
f 2015/2781/2286 2014/2787/2288 2185/2791/2420 2186/2785/2419
f 2014/2787/2288 2013/2795/2290 2184/2799/2421 2185/2791/2420
f 2013/2206/2290 2012/2197/2292 2183/2205/2422 2184/2211/2421
f 2012/2197/2292 2011/2189/2294 2182/2196/2423 2183/2205/2422
f 2011/2189/2294 2010/2182/2296 2181/2188/2424 2182/2196/2423
f 2010/2182/2296 2009/2175/2298 2180/2181/2425 2181/2188/2424
f 2009/2175/2298 2008/2171/1805 2179/2179/1843 2180/2181/2425
g default
v 3.066332 1.988562 -0.159450
v 3.066332 2.184867 -0.159450
v 3.684700 2.027819 -0.360370
v 3.681578 2.012796 -0.359355
v 3.672683 2.000060 -0.356465
v 3.659374 1.991550 -0.352141
v 3.643672 1.988562 -0.347039
v 3.592348 2.027819 -0.541622
v 3.589690 2.012796 -0.539692
v 3.582128 2.000060 -0.534195
v 3.570804 1.991550 -0.525969
v 3.557447 1.988562 -0.516266
v 3.448505 2.027819 -0.685465
v 3.446574 2.012796 -0.682808
v 3.441078 2.000060 -0.675243
v 3.432852 1.991550 -0.663920
v 3.423150 1.988562 -0.650564
v 3.267252 2.027819 -0.777818
v 3.266237 2.012796 -0.774694
v 3.263349 2.000060 -0.765801
v 3.259024 1.991550 -0.752490
v 3.253922 1.988562 -0.736790
v 3.066332 2.027819 -0.809640
v 3.066332 2.012796 -0.806356
v 3.066332 2.000060 -0.797005
v 3.066332 1.991550 -0.783009
v 3.066332 1.988562 -0.766501
v 2.865413 2.027819 -0.777818
v 2.866429 2.012796 -0.774694
v 2.869318 2.000060 -0.765801
v 2.873643 1.991550 -0.752490
v 2.878744 1.988562 -0.736790
v 2.684160 2.027819 -0.685465
v 2.686091 2.012796 -0.682808
v 2.691587 2.000060 -0.675243
v 2.699814 1.991550 -0.663920
v 2.709518 1.988562 -0.650564
v 2.540318 2.027819 -0.541622
v 2.542975 2.012796 -0.539692
v 2.550541 2.000060 -0.534195
v 2.561863 1.991550 -0.525969
v 2.575218 1.988562 -0.516265
v 2.447966 2.027819 -0.360370
v 2.451089 2.012796 -0.359355
v 2.459983 2.000060 -0.356465
v 2.473295 1.991550 -0.352140
v 2.488995 1.988562 -0.347039
v 2.416142 2.027819 -0.159450
v 2.419429 2.012796 -0.159450
v 2.428778 2.000060 -0.159450
v 2.442773 1.991550 -0.159450
v 2.459282 1.988562 -0.159450
v 2.447966 2.027819 0.041470
v 2.451089 2.012796 0.040455
v 2.459983 2.000060 0.037565
v 2.473295 1.991550 0.033240
v 2.488995 1.988562 0.028139
v 2.540318 2.027819 0.222722
v 2.542975 2.012796 0.220792
v 2.550541 2.000060 0.215295
v 2.561863 1.991550 0.207069
v 2.575218 1.988562 0.197365
v 2.684160 2.027819 0.366565
v 2.686091 2.012796 0.363908
v 2.691587 2.000060 0.356342
v 2.699814 1.991550 0.345020
v 2.709518 1.988562 0.331664
v 2.865413 2.027819 0.458917
v 2.866429 2.012796 0.455794
v 2.869318 2.000060 0.446900
v 2.873643 1.991550 0.433590
v 2.878744 1.988562 0.417889
v 3.066332 2.027819 0.490740
v 3.066332 2.012796 0.487456
v 3.066332 2.000060 0.478104
v 3.066332 1.991550 0.464109
v 3.066332 1.988562 0.447600
v 3.267252 2.027819 0.458917
v 3.266237 2.012796 0.455794
v 3.263349 2.000060 0.446900
v 3.259024 1.991550 0.433590
v 3.253922 1.988562 0.417889
v 3.448505 2.027819 0.366564
v 3.446574 2.012796 0.363908
v 3.441078 2.000060 0.356342
v 3.432852 1.991550 0.345020
v 3.423150 1.988562 0.331664
v 3.592347 2.027819 0.222722
v 3.589690 2.012796 0.220792
v 3.582126 2.000060 0.215295
v 3.570803 1.991550 0.207069
v 3.557446 1.988562 0.197365
v 3.684700 2.027819 0.041470
v 3.681578 2.012796 0.040455
v 3.672683 2.000060 0.037565
v 3.659374 1.991550 0.033240
v 3.643672 1.988562 0.028139
v 3.716523 2.027819 -0.159450
v 3.713240 2.012796 -0.159450
v 3.703887 2.000060 -0.159450
v 3.689893 1.991550 -0.159450
v 3.673384 1.988562 -0.159450
v 3.684700 2.145610 -0.360370
v 3.681578 2.160633 -0.359355
v 3.672683 2.173369 -0.356465
v 3.659374 2.181879 -0.352141
v 3.643672 2.184867 -0.347039
v 3.592348 2.145610 -0.541622
v 3.589690 2.160633 -0.539692
v 3.582128 2.173369 -0.534195
v 3.570804 2.181879 -0.525969
v 3.557447 2.184867 -0.516266
v 3.448505 2.145610 -0.685465
v 3.446574 2.160633 -0.682808
v 3.441078 2.173369 -0.675243
v 3.432852 2.181879 -0.663920
v 3.423150 2.184867 -0.650564
v 3.267252 2.145610 -0.777818
v 3.266237 2.160633 -0.774694
v 3.263349 2.173369 -0.765801
v 3.259024 2.181879 -0.752490
v 3.253922 2.184867 -0.736790
v 3.066332 2.145610 -0.809640
v 3.066332 2.160633 -0.806356
v 3.066332 2.173369 -0.797005
v 3.066332 2.181879 -0.783009
v 3.066332 2.184867 -0.766501
v 2.865413 2.145610 -0.777818
v 2.866429 2.160633 -0.774694
v 2.869318 2.173369 -0.765801
v 2.873643 2.181879 -0.752490
v 2.878744 2.184867 -0.736790
v 2.684160 2.145610 -0.685465
v 2.686091 2.160633 -0.682808
v 2.691587 2.173369 -0.675243
v 2.699814 2.181879 -0.663920
v 2.709518 2.184867 -0.650564
v 2.540318 2.145610 -0.541622
v 2.542975 2.160633 -0.539692
v 2.550541 2.173369 -0.534195
v 2.561863 2.181879 -0.525969
v 2.575218 2.184867 -0.516265
v 2.447966 2.145610 -0.360370
v 2.451089 2.160633 -0.359355
v 2.459983 2.173369 -0.356465
v 2.473295 2.181879 -0.352140
v 2.488995 2.184867 -0.347039
v 2.416142 2.145610 -0.159450
v 2.419429 2.160633 -0.159450
v 2.428778 2.173369 -0.159450
v 2.442773 2.181879 -0.159450
v 2.459282 2.184867 -0.159450
v 2.447966 2.145610 0.041470
v 2.451089 2.160633 0.040455
v 2.459983 2.173369 0.037565
v 2.473295 2.181879 0.033240
v 2.488995 2.184867 0.028139
v 2.540318 2.145610 0.222722
v 2.542975 2.160633 0.220792
v 2.550541 2.173369 0.215295
v 2.561863 2.181879 0.207069
v 2.575218 2.184867 0.197365
v 2.684160 2.145610 0.366565
v 2.686091 2.160633 0.363908
v 2.691587 2.173369 0.356342
v 2.699814 2.181879 0.345020
v 2.709518 2.184867 0.331664
v 2.865413 2.145610 0.458917
v 2.866429 2.160633 0.455794
v 2.869318 2.173369 0.446900
v 2.873643 2.181879 0.433590
v 2.878744 2.184867 0.417889
v 3.066332 2.145610 0.490740
v 3.066332 2.160633 0.487456
v 3.066332 2.173369 0.478104
v 3.066332 2.181879 0.464109
v 3.066332 2.184867 0.447600
v 3.267252 2.145610 0.458917
v 3.266237 2.160633 0.455794
v 3.263349 2.173369 0.446900
v 3.259024 2.181879 0.433590
v 3.253922 2.184867 0.417889
v 3.448505 2.145610 0.366564
v 3.446574 2.160633 0.363908
v 3.441078 2.173369 0.356342
v 3.432852 2.181879 0.345020
v 3.423150 2.184867 0.331664
v 3.592347 2.145610 0.222722
v 3.589690 2.160633 0.220792
v 3.582126 2.173369 0.215295
v 3.570803 2.181879 0.207069
v 3.557446 2.184867 0.197365
v 3.684700 2.145610 0.041470
v 3.681578 2.160633 0.040455
v 3.672683 2.173369 0.037565
v 3.659374 2.181879 0.033240
v 3.643672 2.184867 0.028139
v 3.716523 2.145610 -0.159450
v 3.713240 2.160633 -0.159450
v 3.703887 2.173369 -0.159450
v 3.689893 2.181879 -0.159450
v 3.673384 2.184867 -0.159450
v 2.648052 1.988562 -0.179483
v 2.637885 1.988562 -0.199436
v 2.622051 1.988562 -0.215271
v 2.602098 1.988562 -0.225438
v 2.579979 1.988562 -0.228941
v 2.557860 1.988562 -0.225438
v 2.537908 1.988562 -0.215271
v 2.522074 1.988562 -0.199436
v 2.511907 1.988562 -0.179483
v 2.508404 1.988562 -0.157365
v 2.511907 1.988562 -0.135247
v 2.522074 1.988562 -0.115294
v 2.537908 1.988562 -0.099459
v 2.557860 1.988562 -0.089292
v 2.579979 1.988562 -0.085789
v 2.602098 1.988562 -0.089292
v 2.622051 1.988562 -0.099459
v 2.637885 1.988562 -0.115294
v 2.648052 1.988562 -0.135247
v 2.651555 1.988562 -0.157365
v 2.432666 0.745773 -0.159450
v 2.579979 1.988562 -0.157365
v 3.134749 1.988562 0.310837
v 3.124583 1.988562 0.290884
v 3.108747 1.988562 0.275049
v 3.088795 1.988562 0.264883
v 3.066677 1.988562 0.261379
v 3.044559 1.988562 0.264883
v 3.024606 1.988562 0.275049
v 3.008770 1.988562 0.290884
v 2.998604 1.988562 0.310837
v 2.995101 1.988562 0.332955
v 2.998604 1.988562 0.355073
v 3.008771 1.988562 0.375026
v 3.024606 1.988562 0.390861
v 3.044559 1.988562 0.401027
v 3.066677 1.988562 0.404531
v 3.088795 1.988562 0.401027
v 3.108747 1.988562 0.390861
v 3.124582 1.988562 0.375026
v 3.134749 1.988562 0.355073
v 3.138252 1.988562 0.332955
v 3.066335 0.745773 0.478935
v 3.066677 1.988562 0.332955
v 3.134749 1.988562 -0.655993
v 3.124583 1.988562 -0.675946
v 3.108747 1.988562 -0.691781
v 3.088795 1.988562 -0.701947
v 3.066677 1.988562 -0.705450
v 3.044559 1.988562 -0.701947
v 3.024606 1.988562 -0.691781
v 3.008770 1.988562 -0.675946
v 2.998604 1.988562 -0.655993
v 2.995101 1.988562 -0.633875
v 2.998604 1.988562 -0.611756
v 3.008771 1.988562 -0.591804
v 3.024606 1.988562 -0.575969
v 3.044559 1.988562 -0.565802
v 3.066677 1.988562 -0.562299
v 3.088795 1.988562 -0.565802
v 3.108747 1.988562 -0.575969
v 3.124582 1.988562 -0.591804
v 3.134749 1.988562 -0.611756
v 3.138252 1.988562 -0.633875
v 3.066335 0.745773 -0.779855
v 3.066677 1.988562 -0.633875
v 3.623714 1.988562 -0.179483
v 3.613548 1.988562 -0.199436
v 3.597713 1.988562 -0.215271
v 3.577761 1.988562 -0.225438
v 3.555642 1.988562 -0.228941
v 3.533524 1.988562 -0.225438
v 3.513570 1.988562 -0.215271
v 3.497736 1.988562 -0.199436
v 3.487569 1.988562 -0.179483
v 3.484066 1.988562 -0.157365
v 3.487569 1.988562 -0.135247
v 3.497737 1.988562 -0.115294
v 3.513570 1.988562 -0.099459
v 3.533524 1.988562 -0.089292
v 3.555642 1.988562 -0.085789
v 3.577761 1.988562 -0.089292
v 3.597713 1.988562 -0.099459
v 3.613547 1.988562 -0.115294
v 3.623714 1.988562 -0.135247
v 3.627217 1.988562 -0.157365
v 3.702955 0.745773 -0.159450
v 3.555642 1.988562 -0.157365
v 2.488277 0.768321 -0.176613
v 2.483673 0.756856 -0.175578
v 2.474011 0.748714 -0.172766
v 2.461526 0.745773 -0.168828
v 2.480396 0.768513 -0.192132
v 2.476232 0.756975 -0.190119
v 2.467774 0.748749 -0.184697
v 2.457022 0.745773 -0.177146
v 2.468119 0.768812 -0.204449
v 2.464669 0.757163 -0.201621
v 2.458156 0.748805 -0.194034
v 2.450169 0.745773 -0.183540
v 2.452645 0.769187 -0.212361
v 2.450137 0.757401 -0.208958
v 2.446168 0.748877 -0.199868
v 2.441746 0.745773 -0.187395
v 2.435491 0.769598 -0.215090
v 2.434075 0.757666 -0.211425
v 2.433043 0.748957 -0.201669
v 2.432666 0.745773 -0.188404
v 2.418329 0.769993 -0.212369
v 2.418065 0.757927 -0.208799
v 2.420093 0.749036 -0.199330
v 2.423853 0.745773 -0.186573
v 2.402844 0.770339 -0.204463
v 2.403667 0.758160 -0.201363
v 2.408563 0.749107 -0.193163
v 2.416132 0.745773 -0.182207
v 2.390553 0.770610 -0.192144
v 2.392271 0.758345 -0.189860
v 2.399509 0.749165 -0.183826
v 2.410143 0.745773 -0.175814
v 2.382661 0.770784 -0.176619
v 2.384963 0.758464 -0.175417
v 2.393727 0.749202 -0.172228
v 2.406332 0.745773 -0.168006
v 2.379941 0.770840 -0.159408
v 2.382439 0.758503 -0.159429
v 2.391711 0.749214 -0.159444
v 2.404970 0.745773 -0.159450
v 2.382660 0.770772 -0.142197
v 2.384941 0.758456 -0.143434
v 2.393649 0.749199 -0.146635
v 2.406181 0.745773 -0.150845
v 2.390552 0.770589 -0.126673
v 2.392235 0.758330 -0.128973
v 2.399384 0.749161 -0.134971
v 2.409900 0.745773 -0.142909
v 2.402841 0.770310 -0.114355
v 2.403631 0.758140 -0.117449
v 2.408439 0.749102 -0.125555
v 2.415892 0.745773 -0.136362
v 2.418324 0.769959 -0.106450
v 2.418042 0.757904 -0.109998
v 2.420017 0.749029 -0.119328
v 2.423707 0.745773 -0.131878
v 2.435485 0.769561 -0.103731
v 2.434072 0.757642 -0.107369
v 2.433042 0.748949 -0.116972
v 2.432666 0.745773 -0.130010
v 2.452641 0.769151 -0.106462
v 2.450153 0.757379 -0.109844
v 2.446239 0.748870 -0.118802
v 2.441886 0.745773 -0.131074
v 2.468115 0.768781 -0.114374
v 2.464697 0.757144 -0.117200
v 2.458268 0.748799 -0.124700
v 2.450391 0.745773 -0.135053
v 2.480392 0.768491 -0.126693
v 2.476259 0.756962 -0.128722
v 2.467885 0.748745 -0.134113
v 2.457241 0.745773 -0.141595
v 2.488276 0.768310 -0.142211
v 2.483690 0.756849 -0.143279
v 2.474079 0.748712 -0.146102
v 2.461661 0.745773 -0.150029
v 2.490993 0.768259 -0.159412
v 2.486247 0.756816 -0.159432
v 2.476196 0.748702 -0.159445
v 2.463147 0.745773 -0.159450
v 3.121769 0.769194 0.458175
v 3.118419 0.757406 0.460647
v 3.109470 0.748878 0.464555
v 3.097196 0.745773 0.468907
v 3.113488 0.768826 0.441974
v 3.110692 0.757172 0.445371
v 3.103203 0.748808 0.451794
v 3.092847 0.745773 0.459673
v 3.100593 0.768534 0.429118
v 3.098589 0.756989 0.433227
v 3.093210 0.748753 0.441595
v 3.085729 0.745773 0.452242
v 3.084348 0.768351 0.420864
v 3.083301 0.756874 0.425423
v 3.080490 0.748719 0.435026
v 3.076566 0.745773 0.447446
v 3.066340 0.768293 0.418020
v 3.066338 0.756837 0.422737
v 3.066335 0.748708 0.432777
v 3.066335 0.745773 0.445827
v 3.048333 0.768353 0.420864
v 3.049378 0.756875 0.425439
v 3.052200 0.748720 0.435088
v 3.056143 0.745773 0.447571
v 3.032088 0.768538 0.429117
v 3.034105 0.756991 0.433254
v 3.039534 0.748754 0.441696
v 3.047089 0.745773 0.452446
v 3.019194 0.768830 0.441973
v 3.022020 0.757175 0.445398
v 3.029610 0.748809 0.451896
v 3.040107 0.745773 0.459880
v 3.010913 0.769200 0.458174
v 3.014310 0.757409 0.460663
v 3.023400 0.748879 0.464619
v 3.035874 0.745773 0.469037
v 3.008057 0.769606 0.476136
v 3.011715 0.757672 0.477537
v 3.021467 0.748958 0.478561
v 3.034732 0.745773 0.478935
v 3.010905 0.769998 0.494102
v 3.014469 0.757930 0.494360
v 3.023934 0.749037 0.492329
v 3.036691 0.745773 0.488567
v 3.019181 0.770343 0.510313
v 3.022279 0.758162 0.509491
v 3.030477 0.749108 0.504596
v 3.041433 0.745773 0.497027
v 3.032076 0.770615 0.523179
v 3.034362 0.758348 0.521469
v 3.040401 0.749166 0.514234
v 3.048414 0.745773 0.503601
v 3.048326 0.770790 0.531441
v 3.049538 0.758469 0.529148
v 3.052735 0.749203 0.520388
v 3.056961 0.745773 0.507783
v 3.066341 0.770854 0.534287
v 3.066338 0.758512 0.531799
v 3.066335 0.749217 0.522529
v 3.066335 0.745773 0.509269
v 3.084356 0.770788 0.531441
v 3.083144 0.758468 0.529167
v 3.079958 0.749203 0.520459
v 3.075753 0.745773 0.507922
v 3.100607 0.770611 0.523180
v 3.098336 0.758345 0.521500
v 3.092353 0.749165 0.514347
v 3.084417 0.745773 0.503824
v 3.113501 0.770338 0.510313
v 3.110439 0.758159 0.509522
v 3.102347 0.749108 0.504708
v 3.091539 0.745773 0.497248
v 3.121777 0.769992 0.494102
v 3.118263 0.757926 0.494379
v 3.108944 0.749036 0.492397
v 3.096391 0.745773 0.488701
v 3.124624 0.769600 0.476136
v 3.121020 0.757668 0.477538
v 3.111428 0.748957 0.478561
v 3.098387 0.745773 0.478935
v 3.124278 0.770015 -0.795832
v 3.120728 0.757942 -0.796098
v 3.111267 0.749040 -0.794070
v 3.098508 0.745773 -0.790309
v 3.115627 0.770361 -0.812775
v 3.112541 0.758174 -0.811967
v 3.104345 0.749112 -0.807078
v 3.093387 0.745773 -0.799509
v 3.102151 0.770633 -0.826223
v 3.099870 0.758361 -0.824530
v 3.093833 0.749170 -0.817302
v 3.085816 0.745773 -0.806668
v 3.085168 0.770811 -0.834857
v 3.083956 0.758483 -0.832585
v 3.080755 0.749207 -0.823833
v 3.076527 0.745773 -0.811225
v 3.066341 0.770877 -0.837831
v 3.066338 0.758528 -0.835365
v 3.066335 0.749222 -0.826102
v 3.066335 0.745773 -0.812839
v 3.047514 0.770812 -0.834857
v 3.048714 0.758484 -0.832603
v 3.051893 0.749208 -0.823901
v 3.056098 0.745773 -0.811360
v 3.030532 0.770637 -0.826222
v 3.032784 0.758363 -0.824559
v 3.038759 0.749171 -0.817411
v 3.046695 0.745773 -0.806885
v 3.017055 0.770365 -0.812775
v 3.020094 0.758177 -0.811995
v 3.028177 0.749113 -0.807185
v 3.038987 0.745773 -0.799723
v 3.008405 0.770021 -0.795831
v 3.011893 0.757945 -0.796115
v 3.021203 0.749042 -0.794135
v 3.033759 0.745773 -0.790440
v 3.005426 0.769630 -0.777052
v 3.009005 0.757687 -0.778455
v 3.018587 0.748963 -0.779480
v 3.031631 0.745773 -0.779855
v 3.008410 0.769224 -0.758278
v 3.011736 0.757425 -0.760745
v 3.020674 0.748884 -0.764653
v 3.032951 0.745773 -0.769008
v 3.017066 0.768855 -0.741343
v 3.019839 0.757191 -0.744730
v 3.027319 0.748813 -0.751151
v 3.037675 0.745773 -0.759033
v 3.030541 0.768563 -0.727904
v 3.032527 0.757007 -0.731999
v 3.037897 0.748758 -0.740363
v 3.045379 0.745773 -0.751012
v 3.047521 0.768377 -0.719277
v 3.048554 0.756890 -0.723818
v 3.051359 0.748724 -0.733415
v 3.055282 0.745773 -0.745837
v 3.066340 0.768317 -0.716304
v 3.066338 0.756852 -0.721002
v 3.066335 0.748713 -0.731035
v 3.066335 0.745773 -0.744086
v 3.085161 0.768375 -0.719277
v 3.084116 0.756889 -0.723834
v 3.081292 0.748724 -0.733475
v 3.077348 0.745773 -0.745959
v 3.102140 0.768559 -0.727905
v 3.100130 0.757004 -0.732025
v 3.094702 0.748758 -0.740461
v 3.087145 0.745773 -0.751211
v 3.115616 0.768850 -0.741343
v 3.112801 0.757187 -0.744757
v 3.105214 0.748813 -0.751250
v 3.094716 0.745773 -0.759234
v 3.124270 0.769218 -0.758278
v 3.120888 0.757421 -0.760762
v 3.111803 0.748883 -0.764716
v 3.099329 0.745773 -0.769134
v 3.127254 0.769624 -0.777053
v 3.123612 0.757683 -0.778456
v 3.113865 0.748962 -0.779480
v 3.100599 0.745773 -0.779855
v 3.758131 0.770829 -0.178301
v 3.755889 0.758496 -0.177118
v 3.747189 0.749212 -0.173949
v 3.734645 0.745773 -0.169747
v 3.749467 0.770656 -0.195344
v 3.747815 0.758376 -0.193107
v 3.740669 0.749175 -0.187138
v 3.730141 0.745773 -0.179201
v 3.735972 0.770386 -0.208868
v 3.735206 0.758191 -0.205843
v 3.730400 0.749117 -0.197764
v 3.722937 0.745773 -0.186952
v 3.718969 0.770040 -0.217549
v 3.719266 0.757958 -0.214074
v 3.717295 0.749046 -0.204769
v 3.713600 0.745773 -0.192211
v 3.700126 0.769648 -0.220538
v 3.701542 0.757699 -0.216975
v 3.702578 0.748966 -0.207398
v 3.702955 0.745773 -0.194354
v 3.681286 0.769237 -0.217544
v 3.683766 0.757434 -0.214235
v 3.687686 0.748886 -0.205305
v 3.692044 0.745773 -0.193030
v 3.664292 0.768863 -0.208860
v 3.667692 0.757196 -0.206103
v 3.674122 0.748815 -0.198634
v 3.682008 0.745773 -0.188282
v 3.650807 0.768564 -0.195337
v 3.654913 0.757007 -0.193369
v 3.663284 0.748759 -0.188011
v 3.673936 0.745773 -0.180534
v 3.642151 0.768372 -0.178298
v 3.646701 0.756887 -0.177282
v 3.656302 0.748723 -0.174490
v 3.668725 0.745773 -0.170572
v 3.639168 0.768304 -0.159412
v 3.643874 0.756845 -0.159432
v 3.653909 0.748710 -0.159445
v 3.666958 0.745773 -0.159450
v 3.642152 0.768361 -0.140526
v 3.646716 0.756880 -0.141586
v 3.656358 0.748721 -0.144418
v 3.668839 0.745773 -0.148365
v 3.650811 0.768542 -0.123487
v 3.654939 0.756993 -0.125511
v 3.663375 0.748755 -0.130945
v 3.674123 0.745773 -0.138502
v 3.664296 0.768832 -0.109964
v 3.667718 0.757176 -0.112791
v 3.674214 0.748809 -0.120382
v 3.682198 0.745773 -0.130879
v 3.681291 0.769201 -0.101278
v 3.683784 0.757411 -0.104673
v 3.687743 0.748879 -0.113761
v 3.692163 0.745773 -0.126235
v 3.700130 0.769611 -0.098282
v 3.701545 0.757674 -0.101937
v 3.702578 0.748959 -0.111689
v 3.702955 0.745773 -0.124955
v 3.718973 0.770006 -0.101270
v 3.719254 0.757936 -0.104833
v 3.717237 0.749039 -0.114302
v 3.713479 0.745773 -0.127063
v 3.735975 0.770357 -0.109950
v 3.735182 0.758172 -0.113052
v 3.730304 0.749111 -0.121258
v 3.722738 0.745773 -0.132222
v 3.749468 0.770635 -0.123473
v 3.747789 0.758363 -0.125771
v 3.740571 0.749170 -0.131822
v 3.729939 0.745773 -0.139845
v 3.758132 0.770818 -0.140515
v 3.755873 0.758489 -0.141745
v 3.747128 0.749209 -0.144960
v 3.734520 0.745773 -0.149195
v 3.761117 0.770892 -0.159408
v 3.758662 0.758538 -0.159429
v 3.749403 0.749225 -0.159444
v 3.736136 0.745773 -0.159450
vt 0.126968 0.528018
vt 0.126968 0.471371
vt 0.166924 0.471371
vt 0.166924 0.528018
vt 0.121872 0.528335
vt 0.121872 0.471974
vt 0.126968 0.426415
vt 0.166924 0.426415
vt 0.172020 0.528335
vt 0.172020 0.471974
vt 0.126968 0.590812
vt 0.166924 0.590812
vt 0.121872 0.590812
vt 0.117552 0.529238
vt 0.117552 0.473692
vt 0.121872 0.427245
vt 0.172020 0.427245
vt 0.172020 0.590812
vt 0.176340 0.529238
vt 0.176340 0.473692
vt 0.126968 0.653606
vt 0.166924 0.653606
vt 0.121872 0.653289
vt 0.117552 0.590812
vt 0.117552 0.429610
vt 0.176340 0.429610
vt 0.176340 0.590812
vt 0.172020 0.653289
vt 0.126968 0.710254
vt 0.166924 0.710254
vt 0.121872 0.709651
vt 0.117552 0.652386
vt 0.114665 0.530590
vt 0.114665 0.590812
vt 0.179227 0.530590
vt 0.179227 0.590812
vt 0.176340 0.652386
vt 0.172020 0.709651
vt 0.126968 0.755210
vt 0.166924 0.755210
vt 0.121872 0.754379
vt 0.117552 0.707933
vt 0.114665 0.651034
vt 0.179227 0.651034
vt 0.176340 0.707933
vt 0.172020 0.754379
vt 0.117552 0.752015
vt 0.176340 0.752015
vt 0.056439 0.710287
vt 0.056439 0.653639
vt 0.096395 0.653639
vt 0.096395 0.710287
vt 0.051343 0.709684
vt 0.051343 0.653322
vt 0.056439 0.590845
vt 0.096395 0.590845
vt 0.101491 0.709684
vt 0.101491 0.653322
vt 0.056439 0.755243
vt 0.096395 0.755243
vt 0.051343 0.754412
vt 0.047022 0.707966
vt 0.047022 0.652419
vt 0.051343 0.590845
vt 0.056439 0.528051
vt 0.096395 0.528051
vt 0.101491 0.590845
vt 0.101491 0.754412
vt 0.105811 0.707966
vt 0.105811 0.652419
vt 0.047022 0.752048
vt 0.047022 0.590845
vt 0.051343 0.528368
vt 0.056439 0.471404
vt 0.096395 0.471404
vt 0.101491 0.528368
vt 0.105811 0.590845
vt 0.105811 0.752048
vt 0.044136 0.651068
vt 0.044136 0.590845
vt 0.047022 0.529271
vt 0.051343 0.472007
vt 0.056439 0.426448
vt 0.096395 0.426448
vt 0.101491 0.472007
vt 0.105811 0.529271
vt 0.108698 0.651068
vt 0.108698 0.590845
vt 0.044136 0.530623
vt 0.047022 0.473725
vt 0.051343 0.427278
vt 0.101491 0.427278
vt 0.105811 0.473725
vt 0.108698 0.530623
vt 0.047022 0.429643
vt 0.105811 0.429643
vt 0.026051 0.008647
vt 0.030901 0.008712
vt 0.033184 0.422569
vt 0.026948 0.422569
vt 0.025727 0.004758
vt 0.030272 0.004798
vt 0.034751 0.008814
vt 0.038133 0.422569
vt 0.020675 0.008626
vt 0.020035 0.422569
vt 0.020681 0.004744
vt 0.024849 0.001996
vt 0.028577 0.002008
vt 0.033867 0.004862
vt 0.015299 0.008643
vt 0.013123 0.422569
vt 0.015633 0.004756
vt 0.020685 0.001992
vt 0.010449 0.008705
vt 0.006887 0.422569
vt 0.011083 0.004794
vt 0.016515 0.001995
vt 0.006599 0.008803
vt 0.001938 0.422569
vt 0.007482 0.004856
vt 0.012768 0.002007
vt 0.437763 0.009288
vt 0.442616 0.009347
vt 0.441720 0.422433
vt 0.435484 0.422433
vt 0.438477 0.005128
vt 0.442991 0.005168
vt 0.447995 0.009366
vt 0.448633 0.422433
vt 0.433913 0.009196
vt 0.430536 0.422433
vt 0.434882 0.005065
vt 0.440363 0.002013
vt 0.443988 0.002026
vt 0.447988 0.005181
vt 0.453373 0.009343
vt 0.455546 0.422433
vt 0.437445 0.001994
vt 0.447983 0.002030
vt 0.452987 0.005165
vt 0.458225 0.009281
vt 0.461782 0.422433
vt 0.451987 0.002025
vt 0.457507 0.005123
vt 0.462075 0.009186
vt 0.466731 0.422433
vt 0.455632 0.002012
vt 0.461108 0.005058
vt 0.458575 0.001992
vt 0.109642 0.008907
vt 0.114705 0.008782
vt 0.161926 0.422533
vt 0.155690 0.422533
vt 0.108869 0.004909
vt 0.113643 0.004829
vt 0.118723 0.008684
vt 0.166875 0.422533
vt 0.104028 0.009045
vt 0.148777 0.422533
vt 0.103590 0.004997
vt 0.107648 0.002016
vt 0.111636 0.001992
vt 0.117439 0.004767
vt 0.098413 0.009178
vt 0.141864 0.422533
vt 0.098327 0.005085
vt 0.103270 0.002043
vt 0.093347 0.009295
vt 0.135628 0.422533
vt 0.093594 0.005164
vt 0.098946 0.002069
vt 0.089325 0.009388
vt 0.130679 0.422533
vt 0.089850 0.005227
vt 0.095098 0.002094
vt 0.092086 0.002113
vt 0.226797 0.008784
vt 0.231861 0.008909
vt 0.185813 0.422532
vt 0.179577 0.422532
vt 0.227868 0.004830
vt 0.232639 0.004909
vt 0.237474 0.009047
vt 0.192726 0.422532
vt 0.222780 0.008684
vt 0.174628 0.422532
vt 0.224072 0.004767
vt 0.229899 0.001992
vt 0.233875 0.002016
vt 0.237912 0.004998
vt 0.243089 0.009180
vt 0.199638 0.422532
vt 0.238232 0.002043
vt 0.243170 0.005086
vt 0.248156 0.009297
vt 0.205874 0.422532
vt 0.242535 0.002069
vt 0.247899 0.005165
vt 0.252177 0.009389
vt 0.210823 0.422532
vt 0.246369 0.002094
vt 0.251642 0.005228
vt 0.249381 0.002113
vt 0.328645 0.009184
vt 0.333940 0.009301
vt 0.291177 0.422531
vt 0.284941 0.422531
vt 0.328728 0.005089
vt 0.333688 0.005168
vt 0.338143 0.009394
vt 0.296126 0.422531
vt 0.322776 0.009052
vt 0.278028 0.422531
vt 0.323215 0.005001
vt 0.328095 0.002069
vt 0.332160 0.002094
vt 0.337614 0.005231
vt 0.316908 0.008914
vt 0.271115 0.422531
vt 0.317685 0.004912
vt 0.323535 0.002043
vt 0.335355 0.002113
vt 0.311616 0.008789
vt 0.264880 0.422531
vt 0.312683 0.004833
vt 0.318920 0.002016
vt 0.307416 0.008690
vt 0.259930 0.422531
vt 0.308703 0.004771
vt 0.314712 0.001992
vt 0.349436 0.009303
vt 0.354731 0.009186
vt 0.398435 0.422531
vt 0.392199 0.422531
vt 0.349679 0.005168
vt 0.354642 0.005090
vt 0.360600 0.009054
vt 0.405348 0.422531
vt 0.345233 0.009395
vt 0.387250 0.422531
vt 0.345753 0.005231
vt 0.351183 0.002094
vt 0.355261 0.002070
vt 0.360162 0.005002
vt 0.366468 0.008916
vt 0.412261 0.422531
vt 0.347987 0.002113
vt 0.359841 0.002043
vt 0.365697 0.004913
vt 0.371761 0.008791
vt 0.418497 0.422531
vt 0.364475 0.002016
vt 0.370702 0.004834
vt 0.375961 0.008691
vt 0.423446 0.422531
vt 0.368695 0.001992
vt 0.374681 0.004771
vt 0.498775 0.009359
vt 0.504102 0.009300
vt 0.505381 0.422430
vt 0.499145 0.422430
vt 0.498406 0.005175
vt 0.503403 0.005135
vt 0.508329 0.009209
vt 0.510330 0.422430
vt 0.492871 0.009380
vt 0.492232 0.422430
vt 0.492877 0.005190
vt 0.497415 0.002026
vt 0.501537 0.002014
vt 0.507383 0.005072
vt 0.486966 0.009355
vt 0.485320 0.422430
vt 0.487350 0.005173
vt 0.492882 0.002030
vt 0.504858 0.001994
vt 0.481640 0.009293
vt 0.479084 0.422430
vt 0.482358 0.005130
vt 0.488355 0.002025
vt 0.477414 0.009199
vt 0.474135 0.422430
vt 0.478383 0.005066
vt 0.484249 0.002012
vt 0.480948 0.001992
vt 0.051956 0.008727
vt 0.057281 0.008662
vt 0.056911 0.422566
vt 0.050675 0.422566
vt 0.052572 0.004807
vt 0.057599 0.004766
vt 0.063184 0.008639
vt 0.063824 0.422566
vt 0.047730 0.008828
vt 0.045726 0.422566
vt 0.048592 0.004870
vt 0.054246 0.002008
vt 0.058472 0.001996
vt 0.063178 0.004751
vt 0.069087 0.008658
vt 0.070737 0.422566
vt 0.063174 0.001992
vt 0.068755 0.004763
vt 0.074412 0.008719
vt 0.076973 0.422566
vt 0.067870 0.001996
vt 0.073779 0.004802
vt 0.078638 0.008818
vt 0.081921 0.422566
vt 0.072081 0.002007
vt 0.077755 0.004864
vt 0.929300 0.514349
vt 0.956248 0.567238
vt 0.775811 0.625866
vt 0.961156 0.565644
vt 0.933475 0.511317
vt 0.965534 0.625866
vt 0.887328 0.472376
vt 0.970694 0.625866
vt 0.890360 0.468202
vt 0.965316 0.564292
vt 0.937014 0.508746
vt 0.956248 0.684494
vt 0.834438 0.445428
vt 0.961156 0.686088
vt 0.836033 0.440521
vt 0.892931 0.464664
vt 0.929300 0.737383
vt 0.775811 0.436142
vt 0.933474 0.740416
vt 0.775811 0.430983
vt 0.837384 0.436361
vt 0.887328 0.779356
vt 0.717183 0.445428
vt 0.890360 0.783530
vt 0.937013 0.742987
vt 0.965316 0.687440
vt 0.715589 0.440521
vt 0.775811 0.426609
vt 0.894649 0.462299
vt 0.838287 0.433582
vt 0.834438 0.806304
vt 0.664294 0.472376
vt 0.836033 0.811211
vt 0.892931 0.787069
vt 0.661261 0.468202
vt 0.714237 0.436361
vt 0.775811 0.423686
vt 0.775811 0.815590
vt 0.622321 0.514349
vt 0.775811 0.820749
vt 0.837384 0.815371
vt 0.618147 0.511317
vt 0.658690 0.464664
vt 0.713334 0.433582
vt 0.717183 0.806304
vt 0.595373 0.567238
vt 0.715589 0.811211
vt 0.775811 0.825123
vt 0.838287 0.818151
vt 0.894649 0.789433
vt 0.590466 0.565644
vt 0.614608 0.508746
vt 0.656972 0.462299
vt 0.664294 0.779356
vt 0.586087 0.625866
vt 0.661261 0.783530
vt 0.714237 0.815371
vt 0.775811 0.828046
vt 0.580927 0.625866
vt 0.586306 0.564292
vt 0.622321 0.737383
vt 0.595373 0.684494
vt 0.618147 0.740416
vt 0.658690 0.787069
vt 0.713334 0.818151
vt 0.590466 0.686088
vt 0.614608 0.742987
vt 0.656972 0.789433
vt 0.586306 0.687440
vt 0.560515 0.687222
vt 0.533567 0.740111
vt 0.380077 0.628595
vt 0.565422 0.688817
vt 0.537741 0.743144
vt 0.491595 0.782084
vt 0.569801 0.628595
vt 0.574961 0.628595
vt 0.569582 0.690168
vt 0.541281 0.745715
vt 0.494627 0.786258
vt 0.438705 0.809033
vt 0.560515 0.569967
vt 0.565422 0.568372
vt 0.497198 0.789797
vt 0.440300 0.813939
vt 0.380077 0.818318
vt 0.533567 0.517078
vt 0.537741 0.514045
vt 0.441651 0.818099
vt 0.380077 0.823478
vt 0.321449 0.809033
vt 0.491595 0.475105
vt 0.494627 0.470931
vt 0.541280 0.511474
vt 0.569582 0.567021
vt 0.498916 0.792161
vt 0.442554 0.820879
vt 0.380077 0.827852
vt 0.319855 0.813939
vt 0.268561 0.782084
vt 0.438705 0.448157
vt 0.440300 0.443250
vt 0.497198 0.467392
vt 0.380077 0.830774
vt 0.318503 0.818099
vt 0.265528 0.786258
vt 0.226588 0.740111
vt 0.380077 0.438871
vt 0.380077 0.433711
vt 0.441651 0.439090
vt 0.317601 0.820879
vt 0.262957 0.789797
vt 0.222414 0.743144
vt 0.199640 0.687222
vt 0.321449 0.448157
vt 0.319855 0.443250
vt 0.380077 0.429337
vt 0.442554 0.436310
vt 0.498916 0.465028
vt 0.261239 0.792161
vt 0.218875 0.745715
vt 0.194733 0.688817
vt 0.190354 0.628595
vt 0.268561 0.475105
vt 0.265528 0.470931
vt 0.318503 0.439090
vt 0.380077 0.426415
vt 0.190573 0.690168
vt 0.185194 0.628595
vt 0.199640 0.569967
vt 0.226588 0.517078
vt 0.222414 0.514045
vt 0.262957 0.467392
vt 0.317601 0.436310
vt 0.194733 0.568372
vt 0.218875 0.511474
vt 0.261239 0.465028
vt 0.190573 0.567021
vt 0.159509 0.788374
vt 0.156331 0.794610
vt 0.138234 0.781462
vt 0.151383 0.799559
vt 0.160603 0.781462
vt 0.145146 0.802737
vt 0.159509 0.774549
vt 0.138234 0.803831
vt 0.156331 0.768313
vt 0.131321 0.802737
vt 0.151383 0.763364
vt 0.125085 0.799559
vt 0.145146 0.760187
vt 0.120136 0.794610
vt 0.138234 0.759092
vt 0.116959 0.788374
vt 0.131321 0.760187
vt 0.115864 0.781462
vt 0.125085 0.763364
vt 0.116959 0.774549
vt 0.120136 0.768313
vt 0.210690 0.863939
vt 0.207513 0.870175
vt 0.189415 0.857026
vt 0.202564 0.875124
vt 0.211785 0.857026
vt 0.196328 0.878301
vt 0.210690 0.850114
vt 0.189415 0.879396
vt 0.207512 0.843878
vt 0.182502 0.878301
vt 0.202564 0.838929
vt 0.176266 0.875124
vt 0.196328 0.835752
vt 0.171317 0.870175
vt 0.189415 0.834657
vt 0.168140 0.863939
vt 0.182502 0.835752
vt 0.167045 0.857026
vt 0.176266 0.838929
vt 0.168140 0.850114
vt 0.171318 0.843878
vt 0.261872 0.863939
vt 0.258694 0.870175
vt 0.240596 0.857026
vt 0.253745 0.875124
vt 0.262966 0.857026
vt 0.247509 0.878301
vt 0.261872 0.850114
vt 0.240596 0.879396
vt 0.258694 0.843878
vt 0.233684 0.878301
vt 0.253745 0.838929
vt 0.227448 0.875124
vt 0.247509 0.835752
vt 0.222499 0.870175
vt 0.240596 0.834657
vt 0.219322 0.863939
vt 0.233684 0.835752
vt 0.218227 0.857026
vt 0.227448 0.838929
vt 0.219322 0.850114
vt 0.222499 0.843878
vt 0.313053 0.863939
vt 0.309876 0.870175
vt 0.291778 0.857026
vt 0.304927 0.875124
vt 0.314148 0.857026
vt 0.298691 0.878302
vt 0.313053 0.850114
vt 0.291778 0.879396
vt 0.309876 0.843878
vt 0.284865 0.878302
vt 0.304927 0.838929
vt 0.278629 0.875124
vt 0.298691 0.835752
vt 0.273681 0.870175
vt 0.291778 0.834657
vt 0.270503 0.863939
vt 0.284865 0.835752
vt 0.269409 0.857026
vt 0.278629 0.838929
vt 0.270503 0.850114
vt 0.273681 0.843878
vt 0.447156 0.845370
vt 0.448564 0.847970
vt 0.439544 0.850900
vt 0.452466 0.846739
vt 0.450517 0.843010
vt 0.449070 0.850900
vt 0.445014 0.843371
vt 0.453149 0.850902
vt 0.447510 0.840092
vt 0.448606 0.853845
vt 0.442382 0.842167
vt 0.452487 0.855072
vt 0.443764 0.838269
vt 0.453160 0.841315
vt 0.449546 0.837721
vt 0.447224 0.856481
vt 0.439544 0.841851
vt 0.450551 0.858819
vt 0.439662 0.837706
vt 0.445004 0.835427
vt 0.445083 0.858525
vt 0.436789 0.842424
vt 0.447545 0.861761
vt 0.435614 0.838437
vt 0.439984 0.834657
vt 0.442425 0.859769
vt 0.434376 0.843788
vt 0.443786 0.863604
vt 0.449555 0.864105
vt 0.453168 0.860504
vt 0.432011 0.840364
vt 0.434980 0.835477
vt 0.439544 0.860101
vt 0.432505 0.845786
vt 0.439661 0.864176
vt 0.445009 0.866404
vt 0.429181 0.843282
vt 0.430481 0.837801
vt 0.436744 0.859518
vt 0.431314 0.848226
vt 0.435591 0.863440
vt 0.439984 0.867178
vt 0.427374 0.846907
vt 0.434301 0.858116
vt 0.430888 0.850900
vt 0.431972 0.861494
vt 0.434973 0.866356
vt 0.426744 0.850902
vt 0.432429 0.856070
vt 0.431266 0.853590
vt 0.429142 0.858551
vt 0.430469 0.864027
vt 0.427350 0.854905
vt 0.414932 0.846200
vt 0.416291 0.849086
vt 0.406646 0.852220
vt 0.420127 0.847726
vt 0.418168 0.843738
vt 0.416663 0.852220
vt 0.412707 0.843878
vt 0.420739 0.852103
vt 0.415045 0.840550
vt 0.416039 0.855273
vt 0.409843 0.842379
vt 0.419963 0.856428
vt 0.411070 0.838497
vt 0.420509 0.841731
vt 0.416726 0.837935
vt 0.414523 0.857944
vt 0.406646 0.841873
vt 0.417901 0.860275
vt 0.406646 0.837794
vt 0.411948 0.835496
vt 0.412297 0.859999
vt 0.403460 0.842418
vt 0.414777 0.863288
vt 0.402228 0.838517
vt 0.406646 0.834657
vt 0.409589 0.861280
vt 0.400631 0.843942
vt 0.410903 0.865198
vt 0.398269 0.840582
vt 0.401346 0.835501
vt 0.406646 0.861701
vt 0.398449 0.846265
vt 0.406646 0.865845
vt 0.411899 0.867920
vt 0.416647 0.865523
vt 0.395168 0.843770
vt 0.396573 0.837943
vt 0.403716 0.861236
vt 0.397125 0.849127
vt 0.402395 0.865176
vt 0.406647 0.868742
vt 0.393227 0.847746
vt 0.392796 0.841739
vt 0.401045 0.859929
vt 0.396769 0.852220
vt 0.398540 0.863252
vt 0.401396 0.867914
vt 0.392623 0.852103
vt 0.398863 0.857875
vt 0.397381 0.855231
vt 0.395439 0.860240
vt 0.396653 0.865514
vt 0.393394 0.856406
vt 0.379984 0.845863
vt 0.381584 0.848738
vt 0.371529 0.852005
vt 0.385572 0.847562
vt 0.383409 0.843497
vt 0.382238 0.852005
vt 0.377617 0.843625
vt 0.386384 0.852122
vt 0.380123 0.840302
vt 0.381841 0.855356
vt 0.374714 0.842201
vt 0.385739 0.856737
vt 0.376036 0.838261
vt 0.380399 0.858450
vt 0.371529 0.841697
vt 0.383680 0.860945
vt 0.371529 0.837551
vt 0.382010 0.838043
vt 0.377036 0.835525
vt 0.378033 0.860957
vt 0.368330 0.842159
vt 0.380395 0.864317
vt 0.367016 0.838239
vt 0.371530 0.834657
vt 0.374971 0.862599
vt 0.365391 0.843557
vt 0.376203 0.866500
vt 0.382091 0.866954
vt 0.386051 0.862974
vt 0.362911 0.840268
vt 0.366022 0.835520
vt 0.371529 0.863184
vt 0.362982 0.845796
vt 0.371529 0.867263
vt 0.377086 0.869514
vt 0.359603 0.843463
vt 0.361043 0.838034
vt 0.368074 0.862637
vt 0.361348 0.848697
vt 0.366849 0.866519
vt 0.371530 0.870399
vt 0.357424 0.847542
vt 0.364979 0.861020
vt 0.360683 0.852005
vt 0.362641 0.864348
vt 0.365972 0.869519
vt 0.356606 0.852122
vt 0.362572 0.858513
vt 0.361095 0.855395
vt 0.359335 0.860976
vt 0.360963 0.866962
vt 0.357258 0.856756
vt 0.356998 0.862983
vt 0.344415 0.846462
vt 0.345823 0.849417
vt 0.335919 0.852635
vt 0.349743 0.848104
vt 0.347706 0.843982
vt 0.346289 0.852635
vt 0.342164 0.844040
vt 0.350435 0.852637
vt 0.344496 0.840661
vt 0.345784 0.855840
vt 0.339246 0.842396
vt 0.349724 0.857164
vt 0.340400 0.838471
vt 0.344352 0.858763
vt 0.335919 0.841726
vt 0.347675 0.861270
vt 0.335801 0.837650
vt 0.345998 0.838136
vt 0.341016 0.835563
vt 0.342101 0.861145
vt 0.332509 0.842140
vt 0.344466 0.864571
vt 0.331146 0.838304
vt 0.335477 0.834657
vt 0.339208 0.862757
vt 0.329372 0.843624
vt 0.340382 0.866746
vt 0.326907 0.840389
vt 0.329922 0.835513
vt 0.335919 0.863416
vt 0.326849 0.846046
vt 0.335801 0.867562
vt 0.341012 0.869705
vt 0.345991 0.867136
vt 0.323520 0.843709
vt 0.324898 0.838054
vt 0.332546 0.863016
vt 0.325221 0.849159
vt 0.331165 0.866915
vt 0.335478 0.870610
vt 0.321338 0.847935
vt 0.320904 0.842034
vt 0.329431 0.861565
vt 0.324668 0.852635
vt 0.326936 0.864845
vt 0.329927 0.869755
vt 0.320590 0.852637
vt 0.326908 0.859182
vt 0.325256 0.856099
vt 0.323549 0.861544
vt 0.324906 0.867218
vt 0.321355 0.857333
vt 0.320912 0.863242
vt 0.046990 0.759125
vt 0.046990 0.815772
vt 0.007033 0.815772
vt 0.007033 0.759125
vt 0.052086 0.759728
vt 0.052086 0.816090
vt 0.046990 0.878567
vt 0.007033 0.878567
vt 0.001938 0.759728
vt 0.001938 0.816090
vt 0.052086 0.878567
vt 0.046990 0.941361
vt 0.007033 0.941361
vt 0.001938 0.878567
vt 0.052086 0.941043
vt 0.046990 0.998008
vt 0.007033 0.998008
vt 0.001938 0.941043
vt 0.052086 0.997405
vt 0.001938 0.997405
vt 0.064091 0.998008
vt 0.064091 0.941361
vt 0.104048 0.941361
vt 0.104048 0.998008
vt 0.058995 0.997405
vt 0.058995 0.941043
vt 0.064091 0.878567
vt 0.104048 0.878567
vt 0.109144 0.997405
vt 0.109144 0.941043
vt 0.058995 0.878567
vt 0.064091 0.815772
vt 0.104048 0.815772
vt 0.109144 0.878567
vt 0.058995 0.816090
vt 0.064091 0.759125
vt 0.104048 0.759125
vt 0.109144 0.816090
vt 0.058995 0.759728
vt 0.109144 0.759728
vt 0.682201 0.415747
vt 0.677365 0.415620
vt 0.724073 0.001992
vt 0.730310 0.001992
vt 0.681122 0.419699
vt 0.676581 0.419618
vt 0.672003 0.415480
vt 0.717161 0.001992
vt 0.671561 0.419528
vt 0.666640 0.415347
vt 0.710248 0.001992
vt 0.666557 0.419439
vt 0.661800 0.415229
vt 0.704012 0.001992
vt 0.662058 0.419361
vt 0.585976 0.006458
vt 0.590815 0.006339
vt 0.634425 0.419705
vt 0.628189 0.419705
vt 0.586222 0.002330
vt 0.590726 0.002250
vt 0.596178 0.006204
vt 0.641338 0.419705
vt 0.595737 0.002161
vt 0.601540 0.006065
vt 0.648250 0.419705
vt 0.600763 0.002072
vt 0.606376 0.005939
vt 0.654486 0.419705
vt 0.605308 0.001992
vt 0.541482 0.415841
vt 0.536405 0.415904
vt 0.537795 0.001992
vt 0.544031 0.001992
vt 0.540856 0.419758
vt 0.536078 0.419797
vt 0.530777 0.415923
vt 0.530882 0.001992
vt 0.530776 0.419809
vt 0.525149 0.415903
vt 0.523969 0.001992
vt 0.525476 0.419796
vt 0.520072 0.415840
vt 0.517734 0.001992
vt 0.520703 0.419757
vt 0.891608 0.006154
vt 0.896686 0.006214
vt 0.895509 0.419297
vt 0.889273 0.419297
vt 0.892323 0.001993
vt 0.897065 0.002034
vt 0.902317 0.006235
vt 0.902422 0.419297
vt 0.902316 0.002049
vt 0.907947 0.006213
vt 0.909334 0.419297
vt 0.907569 0.002033
vt 0.913026 0.006153
vt 0.915570 0.419297
vt 0.912316 0.001992
vt 0.947630 0.415129
vt 0.942322 0.415069
vt 0.943456 0.001992
vt 0.949692 0.001992
vt 0.946917 0.419292
vt 0.941943 0.419251
vt 0.936438 0.415047
vt 0.936543 0.001992
vt 0.936437 0.419235
vt 0.930554 0.415069
vt 0.929630 0.001992
vt 0.930929 0.419250
vt 0.925247 0.415128
vt 0.923395 0.001992
vt 0.925950 0.419291
vt 0.553710 0.005964
vt 0.559016 0.005901
vt 0.558090 0.419804
vt 0.551854 0.419804
vt 0.554330 0.002044
vt 0.559339 0.002005
vt 0.564898 0.005881
vt 0.565003 0.419804
vt 0.564897 0.001992
vt 0.570780 0.005901
vt 0.571916 0.419804
vt 0.570453 0.002005
vt 0.576086 0.005963
vt 0.578152 0.419804
vt 0.575458 0.002043
vt 0.882957 0.415213
vt 0.877643 0.415330
vt 0.833511 0.001992
vt 0.839747 0.001992
vt 0.882718 0.419350
vt 0.877736 0.419429
vt 0.871754 0.415464
vt 0.826598 0.001992
vt 0.872196 0.419517
vt 0.865866 0.415603
vt 0.819685 0.001992
vt 0.866641 0.419607
vt 0.860555 0.415730
vt 0.813449 0.001992
vt 0.861617 0.419688
vt 0.784732 0.005946
vt 0.790043 0.006071
vt 0.743861 0.419694
vt 0.737625 0.419694
vt 0.785801 0.001992
vt 0.790822 0.002072
vt 0.795931 0.006210
vt 0.750773 0.419694
vt 0.796373 0.002161
vt 0.801820 0.006344
vt 0.757686 0.419694
vt 0.801907 0.002250
vt 0.807134 0.006463
vt 0.763922 0.419694
vt 0.806886 0.002330
vn 0.950778 -0.024195 -0.308926
vn 0.808781 -0.024199 -0.587612
vn 0.808781 0.024200 -0.587611
vn 0.950778 0.024195 -0.308926
vn 0.587612 -0.024200 -0.808781
vn 0.587612 0.024201 -0.808781
vn 0.308925 -0.024197 -0.950778
vn 0.308925 0.024197 -0.950779
vn -0.000000 -0.024197 -0.999707
vn -0.000000 0.024197 -0.999707
vn -0.308928 -0.024199 -0.950778
vn -0.308928 0.024199 -0.950778
vn -0.587615 -0.024200 -0.808779
vn -0.587615 0.024200 -0.808779
vn -0.808781 -0.024198 -0.587611
vn -0.808781 0.024198 -0.587611
vn -0.950778 -0.024202 -0.308928
vn -0.950778 0.024202 -0.308928
vn -0.999707 -0.024206 -0.000000
vn -0.999707 0.024206 0.000000
vn -0.950777 -0.024202 0.308928
vn -0.950778 0.024202 0.308928
vn -0.808781 -0.024198 0.587612
vn -0.808781 0.024198 0.587612
vn -0.587614 -0.024199 0.808779
vn -0.587614 0.024199 0.808779
vn -0.308928 -0.024199 0.950778
vn -0.308928 0.024199 0.950778
vn -0.000000 -0.024196 0.999707
vn 0.000000 0.024196 0.999707
vn 0.308926 -0.024196 0.950778
vn 0.308925 0.024196 0.950778
vn 0.587613 -0.024197 0.808780
vn 0.587613 0.024198 0.808780
vn 0.808781 -0.024196 0.587612
vn 0.808781 0.024197 0.587612
vn 0.950777 -0.024193 0.308928
vn 0.950778 0.024193 0.308928
vn 0.999707 -0.024192 0.000000
vn 0.999707 0.024192 -0.000000
vn 0.009231 -0.999935 -0.006705
vn 0.010851 -0.999935 -0.003525
vn 0.000000 -1.000000 -0.000000
vn 0.006707 -0.999935 -0.009230
vn 0.003526 -0.999935 -0.010851
vn 0.000000 -0.999935 -0.011410
vn -0.003526 -0.999935 -0.010851
vn -0.006706 -0.999935 -0.009230
vn -0.009231 -0.999935 -0.006706
vn -0.010851 -0.999935 -0.003526
vn -0.011410 -0.999935 -0.000000
vn -0.010851 -0.999935 0.003525
vn -0.009231 -0.999935 0.006706
vn -0.006706 -0.999935 0.009231
vn -0.003526 -0.999935 0.010851
vn -0.000000 -0.999935 0.011410
vn 0.003526 -0.999935 0.010852
vn 0.006707 -0.999935 0.009230
vn 0.009231 -0.999935 0.006705
vn 0.010851 -0.999935 0.003525
vn 0.011410 -0.999935 0.000000
vn 0.010852 0.999935 -0.003526
vn 0.009231 0.999935 -0.006707
vn 0.000000 1.000000 -0.000000
vn 0.006707 0.999935 -0.009231
vn 0.003526 0.999935 -0.010852
vn -0.000000 0.999935 -0.011410
vn -0.003526 0.999935 -0.010852
vn -0.006707 0.999935 -0.009231
vn -0.009231 0.999935 -0.006708
vn -0.010852 0.999935 -0.003526
vn -0.011411 0.999935 -0.000000
vn -0.010852 0.999935 0.003526
vn -0.009231 0.999935 0.006708
vn -0.006707 0.999935 0.009231
vn -0.003526 0.999935 0.010852
vn -0.000000 0.999935 0.011410
vn 0.003526 0.999935 0.010852
vn 0.006707 0.999935 0.009231
vn 0.009231 0.999935 0.006706
vn 0.010852 0.999935 0.003525
vn 0.011411 0.999935 -0.000000
vn 0.352688 -0.928698 -0.114592
vn 0.300009 -0.928701 -0.217967
vn 0.651507 -0.728510 -0.211688
vn 0.554212 -0.728506 -0.402652
vn 0.869394 -0.405412 -0.282480
vn 0.739551 -0.405398 -0.537324
vn 0.217970 -0.928699 -0.300011
vn 0.402652 -0.728513 -0.554202
vn 0.537311 -0.405407 -0.739555
vn 0.114594 -0.928698 -0.352687
vn 0.211687 -0.728516 -0.651501
vn 0.282480 -0.405410 -0.869395
vn 0.000000 -0.928698 -0.370837
vn 0.000000 -0.728518 -0.685026
vn 0.000000 -0.405412 -0.914134
vn -0.114595 -0.928698 -0.352687
vn -0.211688 -0.728516 -0.651500
vn -0.282475 -0.405418 -0.869393
vn -0.217971 -0.928699 -0.300011
vn -0.402651 -0.728514 -0.554202
vn -0.537309 -0.405419 -0.739550
vn -0.300014 -0.928699 -0.217969
vn -0.554194 -0.728523 -0.402645
vn -0.739547 -0.405419 -0.537313
vn -0.352683 -0.928700 -0.114595
vn -0.651496 -0.728522 -0.211683
vn -0.869390 -0.405420 -0.282482
vn -0.370832 -0.928700 -0.000000
vn -0.685031 -0.728514 0.000001
vn -0.914130 -0.405421 -0.000000
vn -0.352682 -0.928700 0.114594
vn -0.651493 -0.728524 0.211683
vn -0.869389 -0.405421 0.282482
vn -0.300014 -0.928699 0.217969
vn -0.554192 -0.728526 0.402644
vn -0.739547 -0.405419 0.537314
vn -0.217972 -0.928699 0.300011
vn -0.402650 -0.728516 0.554200
vn -0.537309 -0.405419 0.739551
vn -0.114594 -0.928698 0.352686
vn -0.211687 -0.728519 0.651498
vn -0.282475 -0.405418 0.869393
vn -0.000000 -0.928698 0.370837
vn -0.000000 -0.728520 0.685025
vn -0.000000 -0.405412 0.914134
vn 0.114594 -0.928698 0.352687
vn 0.211687 -0.728516 0.651500
vn 0.282481 -0.405405 0.869397
vn 0.217972 -0.928698 0.300014
vn 0.402653 -0.728513 0.554201
vn 0.537315 -0.405400 0.739557
vn 0.300014 -0.928698 0.217973
vn 0.554204 -0.728512 0.402652
vn 0.739550 -0.405406 0.537319
vn 0.352692 -0.928696 0.114596
vn 0.651499 -0.728517 0.211689
vn 0.869388 -0.405423 0.282482
vn 0.370845 -0.928695 -0.000000
vn 0.685024 -0.728521 0.000000
vn 0.914124 -0.405435 0.000001
vn 0.352687 0.928698 -0.114592
vn 0.370844 0.928695 -0.000001
vn 0.651504 0.728514 -0.211686
vn 0.685020 0.728524 0.000000
vn 0.869394 0.405412 -0.282481
vn 0.914124 0.405435 -0.000000
vn 0.300008 0.928701 -0.217969
vn 0.554211 0.728509 -0.402648
vn 0.739551 0.405401 -0.537321
vn 0.217969 0.928700 -0.300010
vn 0.402651 0.728516 -0.554199
vn 0.537311 0.405410 -0.739554
vn 0.114594 0.928701 -0.352681
vn 0.211686 0.728520 -0.651497
vn 0.282480 0.405410 -0.869395
vn -0.000000 0.928700 -0.370833
vn -0.000000 0.728522 -0.685022
vn -0.000000 0.405413 -0.914134
vn -0.114594 0.928699 -0.352684
vn -0.211686 0.728520 -0.651497
vn -0.282474 0.405421 -0.869392
vn -0.217970 0.928700 -0.300009
vn -0.402649 0.728519 -0.554197
vn -0.537309 0.405422 -0.739548
vn -0.300013 0.928699 -0.217969
vn -0.554191 0.728527 -0.402642
vn -0.739548 0.405419 -0.537312
vn -0.352681 0.928700 -0.114596
vn -0.651492 0.728525 -0.211683
vn -0.869390 0.405420 -0.282483
vn -0.370831 0.928701 -0.000001
vn -0.685028 0.728517 -0.000000
vn -0.914130 0.405422 -0.000000
vn -0.352681 0.928700 0.114595
vn -0.651490 0.728527 0.211683
vn -0.869389 0.405421 0.282482
vn -0.300012 0.928699 0.217970
vn -0.554189 0.728529 0.402641
vn -0.739548 0.405419 0.537312
vn -0.217971 0.928700 0.300010
vn -0.402649 0.728519 0.554197
vn -0.537310 0.405419 0.739550
vn -0.114593 0.928699 0.352684
vn -0.211686 0.728520 0.651496
vn -0.282475 0.405417 0.869393
vn -0.000000 0.928700 0.370833
vn 0.000000 0.728523 0.685021
vn 0.000000 0.405412 0.914134
vn 0.114594 0.928700 0.352681
vn 0.211686 0.728520 0.651497
vn 0.282480 0.405404 0.869398
vn 0.217971 0.928698 0.300013
vn 0.402648 0.728519 0.554197
vn 0.537311 0.405406 0.739556
vn 0.300013 0.928698 0.217974
vn 0.554199 0.728519 0.402646
vn 0.739549 0.405413 0.537315
vn 0.352691 0.928696 0.114595
vn 0.651495 0.728521 0.211686
vn 0.869389 0.405423 0.282481
vn 0.000003 1.000000 -0.000009
vn 0.000003 1.000000 -0.000009
vn 0.000000 1.000000 0.000000
vn 0.000002 1.000000 0.000000
vn 0.000001 1.000000 -0.000002
vn 0.000000 1.000000 -0.000005
vn -0.000001 1.000000 -0.000005
vn -0.000002 1.000000 -0.000002
vn -0.000003 1.000000 0.000005
vn -0.000003 1.000000 0.000005
vn -0.000003 1.000000 0.000000
vn -0.000003 1.000000 0.000000
vn -0.000003 1.000000 0.000000
vn -0.000002 1.000000 0.000005
vn -0.000001 1.000000 0.000007
vn 0.000000 1.000000 0.000005
vn 0.000001 1.000000 0.000002
vn 0.000002 1.000000 0.000000
vn 0.000003 1.000000 0.000005
vn 0.000003 1.000000 0.000005
vn 0.000003 1.000000 0.000000
vn 0.000003 1.000000 0.000000
vn 0.000003 1.000000 0.000000
vn 0.000000 1.000000 -0.000000
vn 0.000002 1.000000 0.000000
vn 0.000001 1.000000 -0.000002
vn -0.000000 1.000000 -0.000005
vn -0.000001 1.000000 -0.000005
vn -0.000002 1.000000 -0.000002
vn -0.000003 1.000000 -0.000005
vn -0.000003 1.000000 -0.000005
vn -0.000003 1.000000 0.000000
vn -0.000003 1.000000 0.000009
vn -0.000003 1.000000 0.000005
vn -0.000002 1.000000 0.000000
vn -0.000001 1.000000 0.000007
vn -0.000000 1.000000 0.000005
vn 0.000001 1.000000 0.000002
vn 0.000002 1.000000 0.000000
vn 0.000003 1.000000 -0.000005
vn 0.000003 1.000000 -0.000005
vn 0.000003 1.000000 0.000000
vn 0.000003 1.000000 0.000000
vn 0.000003 1.000000 0.000000
vn 0.000000 1.000000 -0.000000
vn 0.000002 1.000000 0.000000
vn 0.000001 1.000000 -0.000002
vn -0.000000 1.000000 -0.000005
vn -0.000001 1.000000 -0.000005
vn -0.000002 1.000000 -0.000002
vn -0.000003 1.000000 -0.000005
vn -0.000003 1.000000 -0.000005
vn -0.000003 1.000000 0.000000
vn -0.000003 1.000000 0.000009
vn -0.000003 1.000000 0.000005
vn -0.000002 1.000000 0.000000
vn -0.000001 1.000000 0.000007
vn -0.000000 1.000000 0.000005
vn 0.000001 1.000000 0.000002
vn 0.000002 1.000000 0.000000
vn 0.000003 1.000000 -0.000005
vn 0.000003 1.000000 -0.000005
vn 0.000003 1.000000 0.000000
vn 0.000003 1.000000 0.000000
vn 0.000003 1.000000 0.000005
vn 0.000000 1.000000 -0.000000
vn 0.000002 1.000000 -0.000000
vn 0.000001 1.000000 -0.000007
vn -0.000000 1.000000 -0.000005
vn -0.000001 1.000000 -0.000002
vn -0.000002 1.000000 0.000000
vn -0.000003 1.000000 -0.000005
vn -0.000003 1.000000 -0.000005
vn -0.000003 1.000000 0.000000
vn -0.000003 1.000000 0.000000
vn -0.000003 1.000000 0.000005
vn -0.000002 1.000000 0.000005
vn -0.000001 1.000000 0.000002
vn 0.000000 1.000000 0.000005
vn 0.000001 1.000000 0.000005
vn 0.000002 1.000000 0.000002
vn 0.000003 1.000000 -0.000005
vn 0.000003 1.000000 -0.000005
vn 0.000003 1.000000 0.000000
vn 0.942529 -0.126275 -0.309344
vn 0.800974 -0.109089 -0.588676
vn 0.808440 -0.107821 -0.578618
vn 0.944835 -0.124426 -0.302993
vn 0.579714 -0.082575 -0.810626
vn 0.593585 -0.082013 -0.800582
vn 0.300264 -0.049304 -0.952581
vn 0.319347 -0.049290 -0.946355
vn -0.009298 -0.012613 -0.999877
vn 0.011782 -0.012757 -0.999849
vn -0.317373 0.023752 -0.948003
vn -0.298338 0.023928 -0.954160
vn -0.592962 0.056132 -0.803271
vn -0.579243 0.057006 -0.813159
vn -0.809515 0.081406 -0.581428
vn -0.802263 0.083093 -0.591160
vn -0.947399 0.097279 -0.304914
vn -0.945262 0.099592 -0.310743
vn -0.994745 0.102383 -0.000132
vn -0.994482 0.104912 0.000167
vn -0.947568 0.096289 0.304701
vn -0.945262 0.098547 0.311076
vn -0.809773 0.079511 0.581332
vn -0.802241 0.081104 0.591465
vn -0.593182 0.053497 0.803289
vn -0.579178 0.054267 0.813393
vn -0.317468 0.020623 0.948045
vn -0.298260 0.020716 0.954260
vn -0.009287 -0.015926 0.999830
vn 0.011785 -0.016112 0.999801
vn 0.300295 -0.052462 0.952403
vn 0.319197 -0.052445 0.946236
vn 0.579720 -0.085260 0.810343
vn 0.593306 -0.084664 0.800512
vn 0.800923 -0.111032 0.588383
vn 0.808110 -0.109721 0.578722
vn 0.942478 -0.127293 0.309081
vn 0.944616 -0.125416 0.303268
vn 0.991179 -0.132531 -0.000138
vn 0.991455 -0.130451 0.000160
vn 0.100366 -0.991874 -0.078177
vn 0.118459 -0.992106 -0.041157
vn 0.000000 -1.000000 0.000001
vn 0.071740 -0.991503 -0.108512
vn 0.034741 -0.991017 -0.129149
vn -0.007488 -0.990449 -0.137675
vn -0.050824 -0.989873 -0.132548
vn -0.090663 -0.989338 -0.113980
vn -0.122778 -0.988897 -0.083715
vn -0.143733 -0.988604 -0.044750
vn -0.151257 -0.988494 -0.000963
vn -0.144248 -0.988606 0.043022
vn -0.123574 -0.988899 0.082508
vn -0.091358 -0.989345 0.113358
vn -0.051120 -0.989888 0.132318
vn -0.007293 -0.990472 0.137519
vn 0.035299 -0.991041 0.128808
vn 0.072445 -0.991526 0.107829
vn 0.100982 -0.991892 0.077157
vn 0.118821 -0.992114 0.039902
vn 0.124825 -0.992178 -0.000676
vn 0.952609 -0.048738 -0.300268
vn 0.810650 -0.081457 -0.579837
vn 0.800773 -0.080801 -0.593493
vn 0.946447 -0.048642 -0.319174
vn 0.588696 -0.107327 -0.801198
vn 0.578909 -0.105967 -0.808477
vn 0.309303 -0.123843 -0.942865
vn 0.303297 -0.121915 -0.945065
vn -0.000024 -0.129466 -0.991584
vn 0.000027 -0.127320 -0.991862
vn -0.309348 -0.123683 -0.942871
vn -0.303250 -0.121751 -0.945101
vn -0.588750 -0.107022 -0.801199
vn -0.578896 -0.105653 -0.808528
vn -0.810698 -0.081039 -0.579829
vn -0.800786 -0.080365 -0.593535
vn -0.952632 -0.048250 -0.300275
vn -0.946461 -0.048125 -0.319211
vn -0.999885 -0.011953 0.009318
vn -0.999860 -0.011998 -0.011671
vn -0.947981 0.024154 0.317411
vn -0.954133 0.024412 0.298388
vn -0.803221 0.056437 0.593002
vn -0.813145 0.057375 0.579226
vn -0.581335 0.081784 0.809544
vn -0.591182 0.083526 0.802202
vn -0.304793 0.097887 0.947375
vn -0.310808 0.100259 0.945170
vn -0.000025 0.103357 0.994644
vn 0.000027 0.105958 0.994371
vn 0.304757 0.097735 0.947402
vn 0.310865 0.100086 0.945170
vn 0.581315 0.081494 0.809587
vn 0.591232 0.083199 0.802199
vn 0.803226 0.056033 0.593033
vn 0.813188 0.056926 0.579210
vn 0.947989 0.023672 0.317421
vn 0.954152 0.023884 0.298368
vn 0.999879 -0.012465 0.009319
vn 0.999853 -0.012548 -0.011664
vn 0.103379 -0.992192 -0.069766
vn 0.123529 -0.991750 -0.034233
vn 0.000000 -1.000000 0.000000
vn 0.073974 -0.992527 -0.097045
vn 0.038299 -0.992733 -0.114080
vn -0.000536 -0.992797 -0.119809
vn -0.039283 -0.992735 -0.113730
vn -0.074700 -0.992532 -0.096442
vn -0.103755 -0.992200 -0.069098
vn -0.123555 -0.991764 -0.033735
vn -0.131805 -0.991253 0.006653
vn -0.127000 -0.990732 0.048180
vn -0.109275 -0.990247 0.086430
vn -0.080276 -0.989844 0.117327
vn -0.042844 -0.989574 0.137509
vn -0.000754 -0.989466 0.144766
vn 0.041519 -0.989561 0.138005
vn 0.079422 -0.989822 0.118084
vn 0.108963 -0.990222 0.087109
vn 0.127049 -0.990710 0.048506
vn 0.131950 -0.991235 0.006536
vn 0.947917 0.025729 -0.317477
vn 0.803081 0.058083 -0.593033
vn 0.813076 0.059073 -0.579153
vn 0.954104 0.026038 -0.298343
vn 0.581170 0.083537 -0.809484
vn 0.591114 0.085334 -0.802061
vn 0.304674 0.099776 -0.947216
vn 0.310795 0.102211 -0.944965
vn -0.000021 0.105407 -0.994429
vn 0.000026 0.108079 -0.994142
vn -0.304704 0.099953 -0.947188
vn -0.310740 0.102383 -0.944965
vn -0.581182 0.083876 -0.809440
vn -0.591063 0.085661 -0.802064
vn -0.803075 0.058554 -0.592994
vn -0.813039 0.059522 -0.579159
vn -0.947906 0.026286 -0.317465
vn -0.954083 0.026566 -0.298363
vn -0.999908 -0.009813 -0.009414
vn -0.999884 -0.009841 0.011666
vn -0.952745 -0.046123 0.300250
vn -0.946546 -0.045979 0.319274
vn -0.810872 -0.078930 0.579876
vn -0.800919 -0.078229 0.593641
vn -0.588932 -0.104938 0.801341
vn -0.579033 -0.103532 0.808704
vn -0.309450 -0.121622 0.943106
vn -0.303331 -0.119641 0.945344
vn -0.000020 -0.127420 0.991849
vn 0.000027 -0.125215 0.992130
vn 0.309408 -0.121802 0.943097
vn 0.303375 -0.119804 0.945310
vn 0.588888 -0.105280 0.801328
vn 0.579053 -0.103843 0.808650
vn 0.810837 -0.079402 0.579861
vn 0.800919 -0.078663 0.593584
vn 0.952721 -0.046681 0.300239
vn 0.946534 -0.046496 0.319236
vn 0.999902 -0.010403 -0.009395
vn 0.999878 -0.010393 0.011683
vn 0.104977 -0.991035 -0.082642
vn 0.121915 -0.991480 -0.045865
vn 0.000000 -1.000000 0.000001
vn 0.077140 -0.990665 -0.112393
vn 0.041143 -0.990415 -0.131851
vn 0.000643 -0.990314 -0.138847
vn -0.040029 -0.990400 -0.132306
vn -0.076452 -0.990638 -0.113100
vn -0.104776 -0.991002 -0.083286
vn -0.122056 -0.991448 -0.046183
vn -0.126673 -0.991927 -0.005916
vn -0.118512 -0.992399 0.033157
vn -0.099149 -0.992803 0.067174
vn -0.070937 -0.993110 0.093271
vn -0.036744 -0.993301 0.109560
vn 0.000460 -0.993361 0.115040
vn 0.037578 -0.993306 0.109235
vn 0.071520 -0.993122 0.092705
vn 0.099387 -0.992821 0.066555
vn 0.118451 -0.992421 0.032707
vn 0.126437 -0.991956 -0.006016
vn 0.947011 0.101542 -0.304728
vn 0.809295 0.085708 -0.581116
vn 0.801966 0.087514 -0.590924
vn 0.944840 0.103993 -0.310585
vn 0.592926 0.060475 -0.802983
vn 0.579085 0.061451 -0.812948
vn 0.317516 0.028129 -0.947836
vn 0.298308 0.028393 -0.954047
vn 0.009502 -0.008223 -0.999921
vn -0.011780 -0.008289 -0.999896
vn -0.300137 -0.044928 -0.952837
vn -0.319410 -0.044835 -0.946555
vn -0.579782 -0.078235 -0.811007
vn -0.593796 -0.077587 -0.800867
vn -0.801274 -0.104794 -0.589048
vn -0.808819 -0.103427 -0.578891
vn -0.943018 -0.122019 -0.309560
vn -0.945346 -0.120057 -0.303163
vn -0.991736 -0.128299 -0.000136
vn -0.992019 -0.126092 0.000161
vn -0.942966 -0.123059 0.309309
vn -0.945127 -0.121048 0.303450
vn -0.801226 -0.106780 0.588758
vn -0.808495 -0.105330 0.579000
vn -0.579788 -0.080979 0.810733
vn -0.593523 -0.080240 0.800807
vn -0.300174 -0.048158 0.952668
vn -0.319270 -0.047994 0.946448
vn 0.009495 -0.011611 0.999888
vn -0.011783 -0.011645 0.999863
vn 0.317615 0.024928 0.947892
vn 0.298232 0.025181 0.954161
vn 0.593160 0.057778 0.803009
vn 0.579031 0.058714 0.813188
vn 0.809553 0.083767 0.581040
vn 0.801946 0.085526 0.591243
vn 0.947179 0.100528 0.304542
vn 0.944837 0.102948 0.310942
vn 0.994299 0.106626 -0.000130
vn 0.994008 0.109304 0.000167
vn 0.112854 -0.990675 -0.076333
vn 0.132010 -0.990441 -0.040001
vn 0.000000 -1.000000 -0.000000
vn 0.083118 -0.991037 -0.104583
vn 0.046119 -0.991481 -0.121812
vn 0.005942 -0.991960 -0.126410
vn -0.033030 -0.992434 -0.118252
vn -0.066935 -0.992843 -0.098910
vn -0.092931 -0.993155 -0.070758
vn -0.109131 -0.993351 -0.036666
vn -0.114558 -0.993416 0.000402
vn -0.108764 -0.993365 0.037365
vn -0.092298 -0.993186 0.071161
vn -0.066256 -0.992888 0.098917
vn -0.032554 -0.992492 0.117902
vn 0.006015 -0.992027 0.125886
vn 0.045729 -0.991549 0.121404
vn 0.082400 -0.991100 0.104550
vn 0.112079 -0.990726 0.076813
vn 0.131509 -0.990469 0.040937
vn 0.138504 -0.990362 0.000554
vn 0.452081 -0.878723 -0.153192
vn 0.383462 -0.876320 -0.291582
vn 0.775434 -0.576629 -0.257295
vn 0.660350 -0.568080 -0.491145
vn 0.275783 -0.872212 -0.403968
vn 0.479020 -0.554131 -0.680793
vn 0.137735 -0.866741 -0.479364
vn 0.246538 -0.536009 -0.807411
vn -0.018499 -0.860452 -0.509196
vn -0.016051 -0.515473 -0.856755
vn -0.082949 -0.971063 -0.223954
vn -0.314401 -0.263087 -0.912106
vn -0.231465 -0.733504 -0.639058
vn -0.221301 -0.734055 -0.642020
vn -0.149689 -0.969929 -0.191915
vn -0.582821 -0.237089 -0.777244
vn -0.421573 -0.723207 -0.547036
vn -0.414022 -0.723622 -0.552229
vn -0.203324 -0.968965 -0.140590
vn -0.796020 -0.216378 -0.565272
vn -0.573963 -0.714706 -0.399702
vn -0.569933 -0.714938 -0.405018
vn -0.238425 -0.968263 -0.074974
vn -0.932899 -0.202900 -0.297541
vn -0.672889 -0.708810 -0.211683
vn -0.671802 -0.708879 -0.214876
vn -0.251266 -0.967917 -0.001307
vn -0.980199 -0.198017 -0.000547
vn -0.708027 -0.706184 -0.001587
vn -0.708029 -0.706182 -0.001260
vn -0.240237 -0.967968 0.072974
vn -0.933346 -0.202233 0.296593
vn -0.675358 -0.707158 0.209332
vn -0.674107 -0.707211 0.213147
vn -0.206184 -0.968418 0.140197
vn -0.796742 -0.215131 0.564731
vn -0.577885 -0.711647 0.399509
vn -0.573553 -0.711856 0.405336
vn -0.152405 -0.969213 0.193390
vn -0.583490 -0.235501 0.777225
vn -0.425374 -0.719158 0.549426
vn -0.417459 -0.719559 0.554944
vn -0.084461 -0.970280 0.226768
vn -0.284195 -0.490770 0.823637
vn -0.233673 -0.728996 0.643398
vn -0.018334 -0.857713 0.513801
vn -0.015820 -0.511621 0.859066
vn 0.139925 -0.864315 0.483095
vn 0.247844 -0.532609 0.809260
vn 0.279076 -0.870273 0.405884
vn 0.480913 -0.551425 0.681654
vn 0.386618 -0.874977 0.291448
vn 0.662139 -0.566209 0.490896
vn 0.453988 -0.878034 0.151494
vn 0.776507 -0.575670 0.256205
vn 0.476325 -0.879269 -0.001142
vn 0.815228 -0.579140 -0.000710
vn 0.482290 -0.864680 -0.140447
vn 0.405186 -0.870551 -0.279224
vn 0.809887 -0.531311 -0.248578
vn 0.682175 -0.550041 -0.481759
vn 0.290954 -0.875230 -0.386418
vn 0.491283 -0.564847 -0.663015
vn 0.151338 -0.878304 -0.453518
vn 0.256482 -0.574435 -0.777330
vn -0.000898 -0.879596 -0.475720
vn -0.000509 -0.578120 -0.815952
vn -0.152504 -0.879129 -0.451524
vn -0.257127 -0.575844 -0.776073
vn -0.290451 -0.876843 -0.383125
vn -0.490905 -0.567607 -0.660935
vn -0.402504 -0.872877 -0.275820
vn -0.680493 -0.553995 -0.479604
vn -0.477713 -0.867570 -0.138251
vn -0.807089 -0.536205 -0.247166
vn -0.507591 -0.861421 0.017456
vn -0.856474 -0.515963 0.015327
vn -0.224224 -0.971059 0.082271
vn -0.912303 -0.262796 0.314073
vn -0.639501 -0.733398 0.230577
vn -0.642434 -0.733943 0.220468
vn -0.192279 -0.969928 0.149225
vn -0.777446 -0.236876 0.582638
vn -0.547570 -0.723130 0.421011
vn -0.552753 -0.723543 0.413461
vn -0.140897 -0.968962 0.203127
vn -0.565393 -0.216085 0.796014
vn -0.400106 -0.714617 0.573792
vn -0.405472 -0.714852 0.569718
vn -0.075043 -0.968250 0.238455
vn -0.297466 -0.202412 0.933029
vn -0.211721 -0.708624 0.673072
vn -0.215023 -0.708699 0.671946
vn -0.001078 -0.967887 0.251384
vn -0.000321 -0.197218 0.980360
vn -0.001205 -0.705861 0.708350
vn -0.001024 -0.705860 0.708351
vn 0.073489 -0.967927 0.240243
vn 0.296983 -0.201061 0.933475
vn 0.210130 -0.706729 0.675559
vn 0.213783 -0.706778 0.674360
vn 0.140898 -0.968366 0.205948
vn 0.565322 -0.213542 0.796750
vn 0.400659 -0.711096 0.577767
vn 0.406343 -0.711295 0.573537
vn 0.194108 -0.969145 0.151923
vn 0.777939 -0.233453 0.583362
vn 0.550699 -0.718472 0.424887
vn 0.556122 -0.718859 0.417097
vn 0.227386 -0.970190 0.083822
vn 0.824322 -0.489962 0.283603
vn 0.644632 -0.728162 0.232873
vn 0.513011 -0.858206 0.017386
vn 0.859729 -0.510526 0.015155
vn 0.224588 -0.971016 -0.081782
vn 0.192728 -0.969881 -0.148953
vn 0.912715 -0.261500 -0.313958
vn 0.777795 -0.235509 -0.582727
vn 0.643113 -0.733524 -0.219883
vn 0.640183 -0.732977 -0.230020
vn 0.548327 -0.722649 -0.420852
vn 0.553525 -0.723068 -0.413259
vn 0.141278 -0.968910 -0.203111
vn 0.565634 -0.214637 -0.796234
vn 0.400746 -0.714064 -0.574034
vn 0.406139 -0.714302 -0.569934
vn 0.075215 -0.968189 -0.238648
vn 0.297556 -0.200837 -0.933341
vn 0.212004 -0.708015 -0.673624
vn 0.215365 -0.708091 -0.672477
vn 0.000958 -0.967817 -0.251653
vn 0.000219 -0.195495 -0.980705
vn 0.001033 -0.705193 -0.709015
vn 0.000923 -0.705192 -0.709016
vn -0.073891 -0.967853 -0.240416
vn -0.297265 -0.199216 -0.933781
vn -0.210771 -0.706012 -0.676109
vn -0.214371 -0.706059 -0.674926
vn -0.141471 -0.968290 -0.205912
vn -0.565766 -0.211590 -0.796956
vn -0.401638 -0.710331 -0.578028
vn -0.407283 -0.710528 -0.573821
vn -0.194706 -0.969070 -0.151638
vn -0.778478 -0.231424 -0.583452
vn -0.551818 -0.717676 -0.424780
vn -0.557220 -0.718061 -0.417007
vn -0.227892 -0.970113 -0.083340
vn -0.913882 -0.256859 -0.314394
vn -0.645719 -0.727349 -0.232401
vn -0.648753 -0.727886 -0.222038
vn -0.512198 -0.858706 -0.016641
vn -0.860186 -0.509770 -0.014641
vn -0.481386 -0.865119 0.140846
vn -0.810206 -0.530533 0.249201
vn -0.404340 -0.870956 0.279185
vn -0.682396 -0.549277 0.482318
vn -0.290326 -0.875616 0.386013
vn -0.491426 -0.564142 0.663509
vn -0.151034 -0.878700 0.452852
vn -0.256577 -0.573811 0.777759
vn 0.000780 -0.880014 0.474948
vn 0.000432 -0.577601 0.816319
vn 0.151954 -0.879585 0.450822
vn 0.257012 -0.575418 0.776427
vn 0.289515 -0.877357 0.382656
vn 0.490769 -0.567281 0.661315
vn 0.401310 -0.873454 0.275733
vn 0.680370 -0.553766 0.480042
vn 0.476457 -0.868201 0.138624
vn 0.807028 -0.536054 0.247695
vn 0.506409 -0.862132 -0.016675
vn 0.856538 -0.515872 -0.014770
vn 0.240586 -0.967801 -0.074030
vn 0.206069 -0.968230 -0.141657
vn 0.933988 -0.197922 -0.297480
vn 0.797180 -0.210113 -0.566000
vn 0.675381 -0.705554 -0.214602
vn 0.676531 -0.705509 -0.211102
vn 0.578433 -0.709761 -0.402063
vn 0.574253 -0.709954 -0.407674
vn 0.151788 -0.969002 -0.194924
vn 0.583658 -0.229881 -0.778780
vn 0.425144 -0.717063 -0.552334
vn 0.417358 -0.717448 -0.557746
vn 0.083468 -0.970046 -0.228133
vn 0.314598 -0.255394 -0.914222
vn 0.232705 -0.726747 -0.646287
vn 0.222264 -0.727290 -0.649344
vn 0.016775 -0.858476 -0.512579
vn 0.014746 -0.508899 -0.860700
vn -0.140756 -0.864960 -0.481697
vn -0.249162 -0.529892 -0.810637
vn -0.279105 -0.870878 -0.404563
vn -0.482299 -0.548914 -0.682702
vn -0.385880 -0.875630 -0.290464
vn -0.663439 -0.564074 -0.491599
vn -0.452610 -0.878803 -0.151162
vn -0.777548 -0.574041 -0.256704
vn -0.474598 -0.880202 0.000615
vn -0.815955 -0.578115 0.000273
vn -0.450438 -0.879826 0.151699
vn -0.775988 -0.576116 0.256773
vn -0.382299 -0.877642 0.289124
vn -0.660905 -0.568117 0.490354
vn -0.275448 -0.873771 0.400815
vn -0.479740 -0.554673 0.679844
vn -0.138453 -0.868521 0.475922
vn -0.247517 -0.536942 0.806492
vn 0.016755 -0.862419 0.505919
vn 0.014872 -0.516633 0.856078
vn 0.081804 -0.971049 0.224436
vn 0.314095 -0.262141 0.912484
vn 0.230126 -0.733240 0.639844
vn 0.219867 -0.733799 0.642805
vn 0.148987 -0.969899 0.192611
vn 0.582878 -0.235752 0.777608
vn 0.420978 -0.722791 0.548042
vn 0.413251 -0.723223 0.553328
vn 0.203189 -0.968907 0.141185
vn 0.796428 -0.214444 0.565435
vn 0.574245 -0.714038 0.400491
vn 0.570029 -0.714289 0.406028
vn 0.238765 -0.968168 0.075117
vn 0.933534 -0.200213 0.297369
vn 0.673935 -0.707790 0.211767
vn 0.672731 -0.707874 0.215284
vn 0.251805 -0.967778 0.000837
vn 0.980904 -0.194492 0.000016
vn 0.709412 -0.704794 0.000759
vn 0.709412 -0.704794 0.000786
s 1
g StoolSmall
usemtl lambert7SG
f 2190/3123/2426 2195/3124/2427 2295/3125/2428 2290/3126/2429
f 2195/3124/2427 2200/3129/2430 2300/3130/2431 2295/3125/2428
f 2200/3869/2430 2205/3870/2432 2305/3871/2433 2300/3872/2431
f 2205/3870/2432 2210/3875/2434 2310/3876/2435 2305/3871/2433
f 2210/3875/2434 2215/3880/2436 2315/3881/2437 2310/3876/2435
f 2215/3880/2436 2220/3884/2438 2320/3885/2439 2315/3881/2437
f 2220/3181/2438 2225/3171/2440 2325/3174/2441 2320/3182/2439
f 2225/3171/2440 2230/3172/2442 2330/3173/2443 2325/3174/2441
f 2230/3172/2442 2235/3177/2444 2335/3178/2445 2330/3173/2443
f 2235/3177/2444 2240/3187/2446 2340/3188/2447 2335/3178/2445
f 2240/3187/2446 2245/3196/2448 2345/3197/2449 2340/3188/2447
f 2245/3196/2448 2250/3205/2450 2350/3206/2451 2345/3197/2449
f 2250/3889/2450 2255/3890/2452 2355/3891/2453 2350/3892/2451
f 2255/3890/2452 2260/3895/2454 2360/3896/2455 2355/3891/2453
f 2260/3895/2454 2265/3900/2456 2365/3901/2457 2360/3896/2455
f 2265/3900/2456 2270/3904/2458 2370/3905/2459 2365/3901/2457
f 2270/3161/2458 2275/3151/2460 2375/3152/2461 2370/3162/2459
f 2275/3151/2460 2280/3143/2462 2380/3144/2463 2375/3152/2461
f 2280/3143/2462 2285/3133/2464 2385/3134/2465 2380/3144/2463
f 2285/3133/2464 2190/3123/2426 2290/3126/2429 2385/3134/2465
f 2199/3435/2466 2194/3436/2467 2188/3437/2468
f 2204/3441/2469 2199/3435/2466 2188/3437/2468
f 2209/3447/2470 2204/3441/2469 2188/3437/2468
f 2214/3452/2471 2209/3447/2470 2188/3437/2468
f 2219/3457/2472 2214/3452/2471 2188/3437/2468
f 2224/3466/2473 2219/3457/2472 2188/3437/2468
f 2229/3473/2474 2224/3466/2473 2188/3437/2468
f 2234/3480/2475 2229/3473/2474 2188/3437/2468
f 2239/3489/2476 2234/3480/2475 2188/3437/2468
f 2244/3496/2477 2239/3489/2476 2188/3437/2468
f 2249/3495/2478 2244/3496/2477 2188/3437/2468
f 2254/3488/2479 2249/3495/2478 2188/3437/2468
f 2259/3479/2480 2254/3488/2479 2188/3437/2468
f 2264/3472/2481 2259/3479/2480 2188/3437/2468
f 2269/3465/2482 2264/3472/2481 2188/3437/2468
f 2274/3456/2483 2269/3465/2482 2188/3437/2468
f 2279/3451/2484 2274/3456/2483 2188/3437/2468
f 2284/3446/2485 2279/3451/2484 2188/3437/2468
f 2289/3440/2486 2284/3446/2485 2188/3437/2468
f 2194/3436/2467 2289/3440/2486 2188/3437/2468
f 2294/3504/2487 2299/3505/2488 2189/3506/2489
f 2299/3505/2488 2304/3509/2490 2189/3506/2489
f 2304/3509/2490 2309/3515/2491 2189/3506/2489
f 2309/3515/2491 2314/3520/2492 2189/3506/2489
f 2314/3520/2492 2319/3525/2493 2189/3506/2489
f 2319/3525/2493 2324/3534/2494 2189/3506/2489
f 2324/3534/2494 2329/3541/2495 2189/3506/2489
f 2329/3541/2495 2334/3548/2496 2189/3506/2489
f 2334/3548/2496 2339/3557/2497 2189/3506/2489
f 2339/3557/2497 2344/3564/2498 2189/3506/2489
f 2344/3564/2498 2349/3565/2499 2189/3506/2489
f 2349/3565/2499 2354/3558/2500 2189/3506/2489
f 2354/3558/2500 2359/3549/2501 2189/3506/2489
f 2359/3549/2501 2364/3542/2502 2189/3506/2489
f 2364/3542/2502 2369/3535/2503 2189/3506/2489
f 2369/3535/2503 2374/3526/2504 2189/3506/2489
f 2374/3526/2504 2379/3521/2505 2189/3506/2489
f 2379/3521/2505 2384/3516/2506 2189/3506/2489
f 2384/3516/2506 2389/3510/2507 2189/3506/2489
f 2389/3510/2507 2294/3504/2487 2189/3506/2489
f 2193/3438/2508 2194/3436/2467 2199/3435/2466 2198/3439/2509
f 2192/3444/2510 2193/3438/2508 2198/3439/2509 2197/3445/2511
f 2190/3123/2426 2191/3127/2512 2196/3128/2513 2195/3124/2427
f 2191/3127/2512 2192/3136/2510 2197/3137/2511 2196/3128/2513
f 2198/3439/2509 2199/3435/2466 2204/3441/2469 2203/3443/2514
f 2197/3445/2511 2198/3439/2509 2203/3443/2514 2202/3450/2515
f 2195/3124/2427 2196/3128/2513 2201/3138/2516 2200/3129/2430
f 2196/3128/2513 2197/3137/2511 2202/3147/2515 2201/3138/2516
f 2203/3443/2514 2204/3441/2469 2209/3447/2470 2208/3449/2517
f 2202/3450/2515 2203/3443/2514 2208/3449/2517 2207/3455/2518
f 2200/3869/2430 2201/3873/2516 2206/3874/2519 2205/3870/2432
f 2201/3463/2516 2202/3450/2515 2207/3455/2518 2206/3464/2519
f 2208/3449/2517 2209/3447/2470 2214/3452/2471 2213/3454/2520
f 2207/3455/2518 2208/3449/2517 2213/3454/2520 2212/3462/2521
f 2205/3870/2432 2206/3874/2519 2211/3879/2522 2210/3875/2434
f 2206/3464/2519 2207/3455/2518 2212/3462/2521 2211/3471/2522
f 2213/3454/2520 2214/3452/2471 2219/3457/2472 2218/3461/2523
f 2212/3462/2521 2213/3454/2520 2218/3461/2523 2217/3470/2524
f 2210/3875/2434 2211/3879/2522 2216/3883/2525 2215/3880/2436
f 2211/3471/2522 2212/3462/2521 2217/3470/2524 2216/3478/2525
f 2218/3461/2523 2219/3457/2472 2224/3466/2473 2223/3469/2526
f 2217/3470/2524 2218/3461/2523 2223/3469/2526 2222/3477/2527
f 2215/3880/2436 2216/3883/2525 2221/3887/2528 2220/3884/2438
f 2216/3478/2525 2217/3470/2524 2222/3477/2527 2221/3487/2528
f 2223/3469/2526 2224/3466/2473 2229/3473/2474 2228/3476/2529
f 2222/3477/2527 2223/3469/2526 2228/3476/2529 2227/3486/2530
f 2220/3181/2438 2221/3183/2528 2226/3175/2531 2225/3171/2440
f 2221/3183/2528 2222/3193/2527 2227/3184/2530 2226/3175/2531
f 2228/3476/2529 2229/3473/2474 2234/3480/2475 2233/3485/2532
f 2227/3486/2530 2228/3476/2529 2233/3485/2532 2232/3494/2533
f 2225/3171/2440 2226/3175/2531 2231/3176/2534 2230/3172/2442
f 2226/3175/2531 2227/3184/2530 2232/3185/2533 2231/3176/2534
f 2233/3485/2532 2234/3480/2475 2239/3489/2476 2238/3493/2535
f 2232/3185/2533 2233/3201/2532 2238/3202/2535 2237/3194/2536
f 2230/3172/2442 2231/3176/2534 2236/3186/2537 2235/3177/2444
f 2231/3176/2534 2232/3185/2533 2237/3194/2536 2236/3186/2537
f 2238/3493/2535 2239/3489/2476 2244/3496/2477 2243/3500/2538
f 2237/3194/2536 2238/3202/2535 2243/3211/2538 2242/3203/2539
f 2235/3177/2444 2236/3186/2537 2241/3195/2540 2240/3187/2446
f 2236/3186/2537 2237/3194/2536 2242/3203/2539 2241/3195/2540
f 2243/3500/2538 2244/3496/2477 2249/3495/2478 2248/3497/2541
f 2242/3503/2539 2243/3500/2538 2248/3497/2541 2247/3501/2542
f 2240/3187/2446 2241/3195/2540 2246/3204/2543 2245/3196/2448
f 2241/3195/2540 2242/3203/2539 2247/3212/2542 2246/3204/2543
f 2248/3497/2541 2249/3495/2478 2254/3488/2479 2253/3490/2544
f 2247/3501/2542 2248/3497/2541 2253/3490/2544 2252/3498/2545
f 2245/3196/2448 2246/3204/2543 2251/3213/2546 2250/3205/2450
f 2246/3204/2543 2247/3212/2542 2252/3217/2545 2251/3213/2546
f 2253/3490/2544 2254/3488/2479 2259/3479/2480 2258/3481/2547
f 2252/3498/2545 2253/3490/2544 2258/3481/2547 2257/3491/2548
f 2250/3889/2450 2251/3893/2546 2256/3894/2549 2255/3890/2452
f 2251/3502/2546 2252/3498/2545 2257/3491/2548 2256/3499/2549
f 2258/3481/2547 2259/3479/2480 2264/3472/2481 2263/3474/2550
f 2257/3491/2548 2258/3481/2547 2263/3474/2550 2262/3482/2551
f 2255/3890/2452 2256/3894/2549 2261/3899/2552 2260/3895/2454
f 2256/3499/2549 2257/3491/2548 2262/3482/2551 2261/3492/2552
f 2263/3474/2550 2264/3472/2481 2269/3465/2482 2268/3467/2553
f 2262/3482/2551 2263/3474/2550 2268/3467/2553 2267/3475/2554
f 2260/3895/2454 2261/3899/2552 2266/3903/2555 2265/3900/2456
f 2261/3492/2552 2262/3482/2551 2267/3475/2554 2266/3483/2555
f 2268/3467/2553 2269/3465/2482 2274/3456/2483 2273/3458/2556
f 2267/3475/2554 2268/3467/2553 2273/3458/2556 2272/3468/2557
f 2265/3900/2456 2266/3903/2555 2271/3907/2558 2270/3904/2458
f 2266/3483/2555 2267/3475/2554 2272/3468/2557 2271/3484/2558
f 2273/3458/2556 2274/3456/2483 2279/3451/2484 2278/3453/2559
f 2272/3468/2557 2273/3458/2556 2278/3453/2559 2277/3459/2560
f 2270/3161/2458 2271/3163/2558 2276/3153/2561 2275/3151/2460
f 2271/3163/2558 2272/3169/2557 2277/3164/2560 2276/3153/2561
f 2278/3453/2559 2279/3451/2484 2284/3446/2485 2283/3448/2562
f 2277/3459/2560 2278/3453/2559 2283/3448/2562 2282/3460/2563
f 2275/3151/2460 2276/3153/2561 2281/3145/2564 2280/3143/2462
f 2276/3153/2561 2277/3164/2560 2282/3154/2563 2281/3145/2564
f 2283/3448/2562 2284/3446/2485 2289/3440/2486 2288/3442/2565
f 2282/3154/2563 2283/3165/2562 2288/3156/2565 2287/3146/2566
f 2280/3143/2462 2281/3145/2564 2286/3135/2567 2285/3133/2464
f 2281/3145/2564 2282/3154/2563 2287/3146/2566 2286/3135/2567
f 2194/3436/2467 2193/3438/2508 2288/3442/2565 2289/3440/2486
f 2193/3155/2508 2192/3136/2510 2287/3146/2566 2288/3156/2565
f 2192/3136/2510 2191/3127/2512 2286/3135/2567 2287/3146/2566
f 2191/3127/2512 2190/3123/2426 2285/3133/2464 2286/3135/2567
f 2293/3507/2568 2294/3504/2487 2389/3510/2507 2388/3511/2569
f 2292/3141/2570 2293/3157/2568 2388/3158/2569 2387/3149/2571
f 2290/3126/2429 2291/3131/2572 2386/3140/2573 2385/3134/2465
f 2291/3131/2572 2292/3141/2570 2387/3149/2571 2386/3140/2573
f 2294/3504/2487 2293/3507/2568 2298/3508/2574 2299/3505/2488
f 2293/3507/2568 2292/3512/2570 2297/3513/2575 2298/3508/2574
f 2292/3141/2570 2291/3131/2572 2296/3132/2576 2297/3142/2575
f 2291/3131/2572 2290/3126/2429 2295/3125/2428 2296/3132/2576
f 2299/3505/2488 2298/3508/2574 2303/3514/2577 2304/3509/2490
f 2298/3508/2574 2297/3513/2575 2302/3518/2578 2303/3514/2577
f 2297/3142/2575 2296/3132/2576 2301/3139/2579 2302/3148/2578
f 2296/3132/2576 2295/3125/2428 2300/3130/2431 2301/3139/2579
f 2304/3509/2490 2303/3514/2577 2308/3519/2580 2309/3515/2491
f 2303/3514/2577 2302/3518/2578 2307/3523/2581 2308/3519/2580
f 2302/3518/2578 2301/3530/2579 2306/3531/2582 2307/3523/2581
f 2301/3877/2579 2300/3872/2431 2305/3871/2433 2306/3878/2582
f 2309/3515/2491 2308/3519/2580 2313/3524/2583 2314/3520/2492
f 2308/3519/2580 2307/3523/2581 2312/3532/2584 2313/3524/2583
f 2307/3523/2581 2306/3531/2582 2311/3538/2585 2312/3532/2584
f 2306/3878/2582 2305/3871/2433 2310/3876/2435 2311/3882/2585
f 2314/3520/2492 2313/3524/2583 2318/3533/2586 2319/3525/2493
f 2313/3524/2583 2312/3532/2584 2317/3539/2587 2318/3533/2586
f 2312/3532/2584 2311/3538/2585 2316/3545/2588 2317/3539/2587
f 2311/3882/2585 2310/3876/2435 2315/3881/2437 2316/3886/2588
f 2319/3525/2493 2318/3533/2586 2323/3540/2589 2324/3534/2494
f 2318/3533/2586 2317/3539/2587 2322/3546/2590 2323/3540/2589
f 2317/3539/2587 2316/3545/2588 2321/3554/2591 2322/3546/2590
f 2316/3886/2588 2315/3881/2437 2320/3885/2439 2321/3888/2591
f 2324/3534/2494 2323/3540/2589 2328/3547/2592 2329/3541/2495
f 2323/3540/2589 2322/3546/2590 2327/3555/2593 2328/3547/2592
f 2322/3200/2590 2321/3190/2591 2326/3179/2594 2327/3191/2593
f 2321/3190/2591 2320/3182/2439 2325/3174/2441 2326/3179/2594
f 2329/3541/2495 2328/3547/2592 2333/3556/2595 2334/3548/2496
f 2328/3547/2592 2327/3555/2593 2332/3562/2596 2333/3556/2595
f 2327/3191/2593 2326/3179/2594 2331/3180/2597 2332/3192/2596
f 2326/3179/2594 2325/3174/2441 2330/3173/2443 2331/3180/2597
f 2334/3548/2496 2333/3556/2595 2338/3563/2598 2339/3557/2497
f 2333/3209/2595 2332/3192/2596 2337/3199/2599 2338/3210/2598
f 2332/3192/2596 2331/3180/2597 2336/3189/2600 2337/3199/2599
f 2331/3180/2597 2330/3173/2443 2335/3178/2445 2336/3189/2600
f 2339/3557/2497 2338/3563/2598 2343/3569/2601 2344/3564/2498
f 2338/3210/2598 2337/3199/2599 2342/3208/2602 2343/3216/2601
f 2337/3199/2599 2336/3189/2600 2341/3198/2603 2342/3208/2602
f 2336/3189/2600 2335/3178/2445 2340/3188/2447 2341/3198/2603
f 2344/3564/2498 2343/3569/2601 2348/3566/2604 2349/3565/2499
f 2343/3569/2601 2342/3572/2602 2347/3570/2605 2348/3566/2604
f 2342/3208/2602 2341/3198/2603 2346/3207/2606 2347/3215/2605
f 2341/3198/2603 2340/3188/2447 2345/3197/2449 2346/3207/2606
f 2349/3565/2499 2348/3566/2604 2353/3559/2607 2354/3558/2500
f 2348/3566/2604 2347/3570/2605 2352/3567/2608 2353/3559/2607
f 2347/3215/2605 2346/3207/2606 2351/3214/2609 2352/3218/2608
f 2346/3207/2606 2345/3197/2449 2350/3206/2451 2351/3214/2609
f 2354/3558/2500 2353/3559/2607 2358/3550/2610 2359/3549/2501
f 2353/3559/2607 2352/3567/2608 2357/3560/2611 2358/3550/2610
f 2352/3567/2608 2351/3571/2609 2356/3568/2612 2357/3560/2611
f 2351/3897/2609 2350/3892/2451 2355/3891/2453 2356/3898/2612
f 2359/3549/2501 2358/3550/2610 2363/3543/2613 2364/3542/2502
f 2358/3550/2610 2357/3560/2611 2362/3551/2614 2363/3543/2613
f 2357/3560/2611 2356/3568/2612 2361/3561/2615 2362/3551/2614
f 2356/3898/2612 2355/3891/2453 2360/3896/2455 2361/3902/2615
f 2364/3542/2502 2363/3543/2613 2368/3536/2616 2369/3535/2503
f 2363/3543/2613 2362/3551/2614 2367/3544/2617 2368/3536/2616
f 2362/3551/2614 2361/3561/2615 2366/3552/2618 2367/3544/2617
f 2361/3902/2615 2360/3896/2455 2365/3901/2457 2366/3906/2618
f 2369/3535/2503 2368/3536/2616 2373/3527/2619 2374/3526/2504
f 2368/3536/2616 2367/3544/2617 2372/3537/2620 2373/3527/2619
f 2367/3544/2617 2366/3552/2618 2371/3553/2621 2372/3537/2620
f 2366/3906/2618 2365/3901/2457 2370/3905/2459 2371/3908/2621
f 2374/3526/2504 2373/3527/2619 2378/3522/2622 2379/3521/2505
f 2373/3527/2619 2372/3537/2620 2377/3528/2623 2378/3522/2622
f 2372/3170/2620 2371/3168/2621 2376/3160/2624 2377/3167/2623
f 2371/3168/2621 2370/3162/2459 2375/3152/2461 2376/3160/2624
f 2379/3521/2505 2378/3522/2622 2383/3517/2625 2384/3516/2506
f 2378/3522/2622 2377/3528/2623 2382/3529/2626 2383/3517/2625
f 2377/3167/2623 2376/3160/2624 2381/3150/2627 2382/3159/2626
f 2376/3160/2624 2375/3152/2461 2380/3144/2463 2381/3150/2627
f 2384/3516/2506 2383/3517/2625 2388/3511/2569 2389/3510/2507
f 2383/3166/2625 2382/3159/2626 2387/3149/2571 2388/3158/2569
f 2382/3159/2626 2381/3150/2627 2386/3140/2573 2387/3149/2571
f 2381/3150/2627 2380/3144/2463 2385/3134/2465 2386/3140/2573
s 4
f 2390/3573/2628 2391/3574/2629 2411/3575/2630
f 2391/3574/2629 2392/3576/2631 2411/3575/2630
f 2392/3576/2631 2393/3578/2632 2411/3575/2630
f 2393/3578/2632 2394/3580/2633 2411/3575/2630
f 2394/3580/2633 2395/3582/2634 2411/3575/2630
f 2395/3582/2634 2396/3584/2635 2411/3575/2630
f 2396/3584/2635 2397/3586/2636 2411/3575/2630
f 2397/3586/2636 2398/3588/2637 2411/3575/2630
f 2398/3588/2637 2399/3590/2638 2411/3575/2630
f 2399/3590/2638 2400/3592/2639 2411/3575/2630
f 2400/3592/2639 2401/3593/2640 2411/3575/2630
f 2401/3593/2640 2402/3591/2641 2411/3575/2630
f 2402/3591/2641 2403/3589/2642 2411/3575/2630
f 2403/3589/2642 2404/3587/2643 2411/3575/2630
f 2404/3587/2643 2405/3585/2644 2411/3575/2630
f 2405/3585/2644 2406/3583/2645 2411/3575/2630
f 2406/3583/2645 2407/3581/2646 2411/3575/2630
f 2407/3581/2646 2408/3579/2647 2411/3575/2630
f 2408/3579/2647 2409/3577/2648 2411/3575/2630
f 2409/3577/2648 2390/3573/2628 2411/3575/2630
s 5
f 2412/3594/2649 2413/3595/2650 2433/3596/2651
f 2413/3595/2650 2414/3597/2652 2433/3596/2651
f 2414/3597/2652 2415/3599/2653 2433/3596/2651
f 2415/3599/2653 2416/3601/2654 2433/3596/2651
f 2416/3601/2654 2417/3603/2655 2433/3596/2651
f 2417/3603/2655 2418/3605/2656 2433/3596/2651
f 2418/3605/2656 2419/3607/2657 2433/3596/2651
f 2419/3607/2657 2420/3609/2658 2433/3596/2651
f 2420/3609/2658 2421/3611/2659 2433/3596/2651
f 2421/3611/2659 2422/3613/2660 2433/3596/2651
f 2422/3613/2660 2423/3614/2661 2433/3596/2651
f 2423/3614/2661 2424/3612/2662 2433/3596/2651
f 2424/3612/2662 2425/3610/2663 2433/3596/2651
f 2425/3610/2663 2426/3608/2664 2433/3596/2651
f 2426/3608/2664 2427/3606/2665 2433/3596/2651
f 2427/3606/2665 2428/3604/2666 2433/3596/2651
f 2428/3604/2666 2429/3602/2667 2433/3596/2651
f 2429/3602/2667 2430/3600/2668 2433/3596/2651
f 2430/3600/2668 2431/3598/2669 2433/3596/2651
f 2431/3598/2669 2412/3594/2649 2433/3596/2651
s 6
f 2434/3615/2670 2435/3616/2671 2455/3617/2672
f 2435/3616/2671 2436/3618/2673 2455/3617/2672
f 2436/3618/2673 2437/3620/2674 2455/3617/2672
f 2437/3620/2674 2438/3622/2675 2455/3617/2672
f 2438/3622/2675 2439/3624/2676 2455/3617/2672
f 2439/3624/2676 2440/3626/2677 2455/3617/2672
f 2440/3626/2677 2441/3628/2678 2455/3617/2672
f 2441/3628/2678 2442/3630/2679 2455/3617/2672
f 2442/3630/2679 2443/3632/2680 2455/3617/2672
f 2443/3632/2680 2444/3634/2681 2455/3617/2672
f 2444/3634/2681 2445/3635/2682 2455/3617/2672
f 2445/3635/2682 2446/3633/2683 2455/3617/2672
f 2446/3633/2683 2447/3631/2684 2455/3617/2672
f 2447/3631/2684 2448/3629/2685 2455/3617/2672
f 2448/3629/2685 2449/3627/2686 2455/3617/2672
f 2449/3627/2686 2450/3625/2687 2455/3617/2672
f 2450/3625/2687 2451/3623/2688 2455/3617/2672
f 2451/3623/2688 2452/3621/2689 2455/3617/2672
f 2452/3621/2689 2453/3619/2690 2455/3617/2672
f 2453/3619/2690 2434/3615/2670 2455/3617/2672
s 7
f 2456/3636/2691 2457/3637/2692 2477/3638/2693
f 2457/3637/2692 2458/3639/2694 2477/3638/2693
f 2458/3639/2694 2459/3641/2695 2477/3638/2693
f 2459/3641/2695 2460/3643/2696 2477/3638/2693
f 2460/3643/2696 2461/3645/2697 2477/3638/2693
f 2461/3645/2697 2462/3647/2698 2477/3638/2693
f 2462/3647/2698 2463/3649/2699 2477/3638/2693
f 2463/3649/2699 2464/3651/2700 2477/3638/2693
f 2464/3651/2700 2465/3653/2701 2477/3638/2693
f 2465/3653/2701 2466/3655/2702 2477/3638/2693
f 2466/3655/2702 2467/3656/2703 2477/3638/2693
f 2467/3656/2703 2468/3654/2704 2477/3638/2693
f 2468/3654/2704 2469/3652/2705 2477/3638/2693
f 2469/3652/2705 2470/3650/2706 2477/3638/2693
f 2470/3650/2706 2471/3648/2707 2477/3638/2693
f 2471/3648/2707 2472/3646/2708 2477/3638/2693
f 2472/3646/2708 2473/3644/2709 2477/3638/2693
f 2473/3644/2709 2474/3642/2710 2477/3638/2693
f 2474/3642/2710 2475/3640/2711 2477/3638/2693
f 2475/3640/2711 2456/3636/2691 2477/3638/2693
s 8
f 2478/3219/2712 2482/3220/2713 2391/3221/2714 2390/3222/2715
f 2482/3220/2713 2486/3225/2716 2392/3226/2717 2391/3221/2714
f 2486/3909/2716 2490/3910/2718 2393/3911/2719 2392/3912/2717
f 2490/3910/2718 2494/3915/2720 2394/3916/2721 2393/3911/2719
f 2494/3915/2720 2498/3918/2722 2395/3919/2723 2394/3916/2721
f 2498/3918/2722 2502/3921/2724 2396/3922/2725 2395/3919/2723
f 2502/3253/2724 2506/3245/2726 2397/3248/2727 2396/3254/2725
f 2506/3245/2726 2510/3246/2728 2398/3247/2729 2397/3248/2727
f 2510/3246/2728 2514/3251/2730 2399/3252/2731 2398/3247/2729
f 2514/3251/2730 2518/3259/2732 2400/3260/2733 2399/3252/2731
f 2518/3259/2732 2522/3264/2734 2401/3265/2735 2400/3260/2733
f 2522/3264/2734 2526/3268/2736 2402/3269/2737 2401/3265/2735
f 2526/3924/2736 2530/3925/2738 2403/3926/2739 2402/3927/2737
f 2530/3925/2738 2534/3930/2740 2404/3931/2741 2403/3926/2739
f 2534/3930/2740 2538/3933/2742 2405/3934/2743 2404/3931/2741
f 2538/3933/2742 2542/3936/2744 2406/3937/2745 2405/3934/2743
f 2542/3241/2744 2546/3237/2746 2407/3238/2747 2406/3242/2745
f 2546/3237/2746 2550/3233/2748 2408/3234/2749 2407/3238/2747
f 2550/3233/2748 2554/3227/2750 2409/3228/2751 2408/3234/2749
f 2554/3227/2750 2478/3219/2712 2390/3222/2715 2409/3228/2751
f 2485/3657/2752 2481/3658/2753 2410/3659/2754
f 2489/3663/2755 2485/3657/2752 2410/3659/2754
f 2493/3667/2756 2489/3663/2755 2410/3659/2754
f 2497/3673/2757 2493/3667/2756 2410/3659/2754
f 2501/3678/2758 2497/3673/2757 2410/3659/2754
f 2505/3683/2759 2501/3678/2758 2410/3659/2754
f 2509/3690/2760 2505/3683/2759 2410/3659/2754
f 2513/3696/2761 2509/3690/2760 2410/3659/2754
f 2517/3701/2762 2513/3696/2761 2410/3659/2754
f 2521/3706/2763 2517/3701/2762 2410/3659/2754
f 2525/3705/2764 2521/3706/2763 2410/3659/2754
f 2529/3700/2765 2525/3705/2764 2410/3659/2754
f 2533/3695/2766 2529/3700/2765 2410/3659/2754
f 2537/3689/2767 2533/3695/2766 2410/3659/2754
f 2541/3682/2768 2537/3689/2767 2410/3659/2754
f 2545/3677/2769 2541/3682/2768 2410/3659/2754
f 2549/3672/2770 2545/3677/2769 2410/3659/2754
f 2553/3666/2771 2549/3672/2770 2410/3659/2754
f 2557/3662/2772 2553/3666/2771 2410/3659/2754
f 2481/3658/2753 2557/3662/2772 2410/3659/2754
s 10
f 2558/3273/2773 2562/3274/2774 2413/3275/2775 2412/3276/2776
f 2562/3274/2774 2566/3279/2777 2414/3280/2778 2413/3275/2775
f 2566/3939/2777 2570/3940/2779 2415/3941/2780 2414/3942/2778
f 2570/3940/2779 2574/3945/2781 2416/3946/2782 2415/3941/2780
f 2574/3945/2781 2578/3948/2783 2417/3949/2784 2416/3946/2782
f 2578/3948/2783 2582/3951/2785 2418/3952/2786 2417/3949/2784
f 2582/3308/2785 2586/3300/2787 2419/3303/2788 2418/3309/2786
f 2586/3300/2787 2590/3301/2789 2420/3302/2790 2419/3303/2788
f 2590/3301/2789 2594/3306/2791 2421/3307/2792 2420/3302/2790
f 2594/3306/2791 2598/3314/2793 2422/3315/2794 2421/3307/2792
f 2598/3314/2793 2602/3318/2795 2423/3319/2796 2422/3315/2794
f 2602/3318/2795 2606/3322/2797 2424/3323/2798 2423/3319/2796
f 2606/3954/2797 2610/3955/2799 2425/3956/2800 2424/3957/2798
f 2610/3955/2799 2614/3960/2801 2426/3961/2802 2425/3956/2800
f 2614/3960/2801 2618/3963/2803 2427/3964/2804 2426/3961/2802
f 2618/3963/2803 2622/3966/2805 2428/3967/2806 2427/3964/2804
f 2622/3295/2805 2626/3291/2807 2429/3292/2808 2428/3296/2806
f 2626/3291/2807 2630/3287/2809 2430/3288/2810 2429/3292/2808
f 2630/3287/2809 2634/3281/2811 2431/3282/2812 2430/3288/2810
f 2634/3281/2811 2558/3273/2773 2412/3276/2776 2431/3282/2812
f 2565/3710/2813 2561/3711/2814 2432/3712/2815
f 2569/3716/2816 2565/3710/2813 2432/3712/2815
f 2573/3720/2817 2569/3716/2816 2432/3712/2815
f 2577/3726/2818 2573/3720/2817 2432/3712/2815
f 2581/3731/2819 2577/3726/2818 2432/3712/2815
f 2585/3736/2820 2581/3731/2819 2432/3712/2815
f 2589/3741/2821 2585/3736/2820 2432/3712/2815
f 2593/3748/2822 2589/3741/2821 2432/3712/2815
f 2597/3754/2823 2593/3748/2822 2432/3712/2815
f 2601/3759/2824 2597/3754/2823 2432/3712/2815
f 2605/3758/2825 2601/3759/2824 2432/3712/2815
f 2609/3753/2826 2605/3758/2825 2432/3712/2815
f 2613/3747/2827 2609/3753/2826 2432/3712/2815
f 2617/3740/2828 2613/3747/2827 2432/3712/2815
f 2621/3735/2829 2617/3740/2828 2432/3712/2815
f 2625/3730/2830 2621/3735/2829 2432/3712/2815
f 2629/3725/2831 2625/3730/2830 2432/3712/2815
f 2633/3719/2832 2629/3725/2831 2432/3712/2815
f 2637/3715/2833 2633/3719/2832 2432/3712/2815
f 2561/3711/2814 2637/3715/2833 2432/3712/2815
s 12
f 2638/3327/2834 2642/3328/2835 2435/3329/2836 2434/3330/2837
f 2642/3328/2835 2646/3333/2838 2436/3334/2839 2435/3329/2836
f 2646/3969/2838 2650/3970/2840 2437/3971/2841 2436/3972/2839
f 2650/3970/2840 2654/3975/2842 2438/3976/2843 2437/3971/2841
f 2654/3975/2842 2658/3978/2844 2439/3979/2845 2438/3976/2843
f 2658/3978/2844 2662/3981/2846 2440/3982/2847 2439/3979/2845
f 2662/3362/2846 2666/3354/2848 2441/3357/2849 2440/3363/2847
f 2666/3354/2848 2670/3355/2850 2442/3356/2851 2441/3357/2849
f 2670/3355/2850 2674/3360/2852 2443/3361/2853 2442/3356/2851
f 2674/3360/2852 2678/3368/2854 2444/3369/2855 2443/3361/2853
f 2678/3368/2854 2682/3373/2856 2445/3374/2857 2444/3369/2855
f 2682/3373/2856 2686/3377/2858 2446/3378/2859 2445/3374/2857
f 2686/3984/2858 2690/3985/2860 2447/3986/2861 2446/3987/2859
f 2690/3985/2860 2694/3990/2862 2448/3991/2863 2447/3986/2861
f 2694/3990/2862 2698/3993/2864 2449/3994/2865 2448/3991/2863
f 2698/3993/2864 2702/3996/2866 2450/3997/2867 2449/3994/2865
f 2702/3350/2866 2706/3346/2868 2451/3347/2869 2450/3351/2867
f 2706/3346/2868 2710/3341/2870 2452/3342/2871 2451/3347/2869
f 2710/3341/2870 2714/3335/2872 2453/3336/2873 2452/3342/2871
f 2714/3335/2872 2638/3327/2834 2434/3330/2837 2453/3336/2873
f 2645/3763/2874 2641/3764/2875 2454/3765/2876
f 2649/3769/2877 2645/3763/2874 2454/3765/2876
f 2653/3773/2878 2649/3769/2877 2454/3765/2876
f 2657/3777/2879 2653/3773/2878 2454/3765/2876
f 2661/3783/2880 2657/3777/2879 2454/3765/2876
f 2665/3788/2881 2661/3783/2880 2454/3765/2876
f 2669/3795/2882 2665/3788/2881 2454/3765/2876
f 2673/3801/2883 2669/3795/2882 2454/3765/2876
f 2677/3806/2884 2673/3801/2883 2454/3765/2876
f 2681/3811/2885 2677/3806/2884 2454/3765/2876
f 2685/3810/2886 2681/3811/2885 2454/3765/2876
f 2689/3805/2887 2685/3810/2886 2454/3765/2876
f 2693/3800/2888 2689/3805/2887 2454/3765/2876
f 2697/3794/2889 2693/3800/2888 2454/3765/2876
f 2701/3787/2890 2697/3794/2889 2454/3765/2876
f 2705/3782/2891 2701/3787/2890 2454/3765/2876
f 2709/3776/2892 2705/3782/2891 2454/3765/2876
f 2713/3772/2893 2709/3776/2892 2454/3765/2876
f 2717/3768/2894 2713/3772/2893 2454/3765/2876
f 2641/3764/2875 2717/3768/2894 2454/3765/2876
s 14
f 2718/3381/2895 2722/3382/2896 2457/3383/2897 2456/3384/2898
f 2722/3382/2896 2726/3387/2899 2458/3388/2900 2457/3383/2897
f 2726/3999/2899 2730/4000/2901 2459/4001/2902 2458/4002/2900
f 2730/4000/2901 2734/4005/2903 2460/4006/2904 2459/4001/2902
f 2734/4005/2903 2738/4008/2905 2461/4009/2906 2460/4006/2904
f 2738/4008/2905 2742/4011/2907 2462/4012/2908 2461/4009/2906
f 2742/3417/2907 2746/3409/2909 2463/3412/2910 2462/3418/2908
f 2746/3409/2909 2750/3410/2911 2464/3411/2912 2463/3412/2910
f 2750/3410/2911 2754/3415/2913 2465/3416/2914 2464/3411/2912
f 2754/3415/2913 2758/3423/2915 2466/3424/2916 2465/3416/2914
f 2758/3423/2915 2762/3427/2917 2467/3428/2918 2466/3424/2916
f 2762/3427/2917 2766/3431/2919 2468/3432/2920 2467/3428/2918
f 2766/4014/2919 2770/4015/2921 2469/4016/2922 2468/4017/2920
f 2770/4015/2921 2774/4020/2923 2470/4021/2924 2469/4016/2922
f 2774/4020/2923 2778/4023/2925 2471/4024/2926 2470/4021/2924
f 2778/4023/2925 2782/4026/2927 2472/4027/2928 2471/4024/2926
f 2782/3404/2927 2786/3400/2929 2473/3401/2930 2472/3405/2928
f 2786/3400/2929 2790/3395/2931 2474/3396/2932 2473/3401/2930
f 2790/3395/2931 2794/3389/2933 2475/3390/2934 2474/3396/2932
f 2794/3389/2933 2718/3381/2895 2456/3384/2898 2475/3390/2934
f 2725/3816/2935 2721/3817/2936 2476/3818/2937
f 2729/3822/2938 2725/3816/2935 2476/3818/2937
f 2733/3826/2939 2729/3822/2938 2476/3818/2937
f 2737/3830/2940 2733/3826/2939 2476/3818/2937
f 2741/3836/2941 2737/3830/2940 2476/3818/2937
f 2745/3841/2942 2741/3836/2941 2476/3818/2937
f 2749/3846/2943 2745/3841/2942 2476/3818/2937
f 2753/3853/2944 2749/3846/2943 2476/3818/2937
f 2757/3859/2945 2753/3853/2944 2476/3818/2937
f 2761/3864/2946 2757/3859/2945 2476/3818/2937
f 2765/3863/2947 2761/3864/2946 2476/3818/2937
f 2769/3858/2948 2765/3863/2947 2476/3818/2937
f 2773/3852/2949 2769/3858/2948 2476/3818/2937
f 2777/3845/2950 2773/3852/2949 2476/3818/2937
f 2781/3840/2951 2777/3845/2950 2476/3818/2937
f 2785/3835/2952 2781/3840/2951 2476/3818/2937
f 2789/3829/2953 2785/3835/2952 2476/3818/2937
f 2793/3825/2954 2789/3829/2953 2476/3818/2937
f 2797/3821/2955 2793/3825/2954 2476/3818/2937
f 2721/3817/2936 2797/3821/2955 2476/3818/2937
s 8
f 2480/3660/2956 2481/3658/2753 2485/3657/2752 2484/3661/2957
f 2478/3219/2712 2479/3223/2958 2483/3224/2959 2482/3220/2713
f 2479/3223/2958 2480/3230/2956 2484/3231/2957 2483/3224/2959
f 2484/3661/2957 2485/3657/2752 2489/3663/2755 2488/3665/2960
f 2482/3220/2713 2483/3224/2959 2487/3232/2961 2486/3225/2716
f 2483/3670/2959 2484/3661/2957 2488/3665/2960 2487/3671/2961
f 2488/3665/2960 2489/3663/2755 2493/3667/2756 2492/3669/2962
f 2486/3909/2716 2487/3913/2961 2491/3914/2963 2490/3910/2718
f 2487/3671/2961 2488/3665/2960 2492/3669/2962 2491/3676/2963
f 2492/3669/2962 2493/3667/2756 2497/3673/2757 2496/3675/2964
f 2490/3910/2718 2491/3914/2963 2495/3917/2965 2494/3915/2720
f 2491/3676/2963 2492/3669/2962 2496/3675/2964 2495/3681/2965
f 2496/3675/2964 2497/3673/2757 2501/3678/2758 2500/3680/2966
f 2494/3915/2720 2495/3917/2965 2499/3920/2967 2498/3918/2722
f 2495/3681/2965 2496/3675/2964 2500/3680/2968 2499/3688/2969
f 2500/3680/2966 2501/3678/2758 2505/3683/2759 2504/3687/2970
f 2498/3918/2722 2499/3920/2967 2503/3923/2971 2502/3921/2724
f 2499/3688/2969 2500/3680/2968 2504/3687/2972 2503/3694/2973
f 2504/3687/2970 2505/3683/2759 2509/3690/2760 2508/3693/2974
f 2502/3253/2724 2503/3255/2971 2507/3249/2975 2506/3245/2726
f 2503/3255/2973 2504/3261/2972 2508/3256/2976 2507/3249/2977
f 2508/3693/2974 2509/3690/2760 2513/3696/2761 2512/3699/2978
f 2506/3245/2726 2507/3249/2975 2511/3250/2979 2510/3246/2728
f 2507/3249/2977 2508/3256/2976 2512/3257/2980 2511/3250/2981
f 2512/3699/2978 2513/3696/2761 2517/3701/2762 2516/3704/2982
f 2510/3246/2728 2511/3250/2979 2515/3258/2983 2514/3251/2730
f 2511/3250/2981 2512/3257/2980 2516/3262/2984 2515/3258/2985
f 2516/3704/2982 2517/3701/2762 2521/3706/2763 2520/3709/2986
f 2514/3251/2730 2515/3258/2983 2519/3263/2987 2518/3259/2732
f 2515/3258/2985 2516/3262/2984 2520/3266/2988 2519/3263/2989
f 2520/3709/2986 2521/3706/2763 2525/3705/2764 2524/3707/2990
f 2518/3259/2732 2519/3263/2987 2523/3267/2991 2522/3264/2734
f 2519/3263/2989 2520/3266/2988 2524/3270/2992 2523/3267/2993
f 2524/3707/2990 2525/3705/2764 2529/3700/2765 2528/3702/2994
f 2522/3264/2734 2523/3267/2991 2527/3271/2995 2526/3268/2736
f 2523/3267/2993 2524/3270/2992 2528/3272/2996 2527/3271/2997
f 2528/3702/2994 2529/3700/2765 2533/3695/2766 2532/3697/2998
f 2526/3924/2736 2527/3928/2995 2531/3929/2999 2530/3925/2738
f 2527/3708/2997 2528/3702/2996 2532/3697/3000 2531/3703/2999
f 2532/3697/2998 2533/3695/2766 2537/3689/2767 2536/3691/3001
f 2530/3925/2738 2531/3929/2999 2535/3932/3002 2534/3930/2740
f 2531/3703/2999 2532/3697/3000 2536/3691/3001 2535/3698/3002
f 2536/3691/3001 2537/3689/2767 2541/3682/2768 2540/3684/3003
f 2534/3930/2740 2535/3932/3002 2539/3935/3004 2538/3933/2742
f 2535/3698/3002 2536/3691/3001 2540/3684/3003 2539/3692/3004
f 2540/3684/3003 2541/3682/2768 2545/3677/2769 2544/3679/3005
f 2538/3933/2742 2539/3935/3004 2543/3938/3006 2542/3936/2744
f 2539/3692/3004 2540/3684/3003 2544/3679/3005 2543/3685/3006
f 2544/3679/3005 2545/3677/2769 2549/3672/2770 2548/3674/3007
f 2542/3241/2744 2543/3243/3006 2547/3239/3008 2546/3237/2746
f 2543/3685/3006 2544/3679/3005 2548/3674/3007 2547/3686/3008
f 2548/3674/3007 2549/3672/2770 2553/3666/2771 2552/3668/3009
f 2546/3237/2746 2547/3239/3008 2551/3235/3010 2550/3233/2748
f 2547/3239/3008 2548/3244/3007 2552/3240/3009 2551/3235/3010
f 2552/3668/3009 2553/3666/2771 2557/3662/2772 2556/3664/3011
f 2550/3233/2748 2551/3235/3010 2555/3229/3012 2554/3227/2750
f 2551/3235/3010 2552/3240/3009 2556/3236/3011 2555/3229/3012
f 2481/3658/2753 2480/3660/2956 2556/3664/3011 2557/3662/2772
f 2480/3230/2956 2479/3223/2958 2555/3229/3012 2556/3236/3011
f 2479/3223/2958 2478/3219/2712 2554/3227/2750 2555/3229/3012
s 10
f 2560/3713/3013 2561/3711/2814 2565/3710/2813 2564/3714/3014
f 2558/3273/2773 2559/3277/3015 2563/3278/3016 2562/3274/2774
f 2559/3277/3015 2560/3284/3013 2564/3285/3014 2563/3278/3016
f 2564/3714/3014 2565/3710/2813 2569/3716/2816 2568/3718/3017
f 2562/3274/2774 2563/3278/3016 2567/3286/3018 2566/3279/2777
f 2563/3723/3016 2564/3714/3014 2568/3718/3017 2567/3724/3018
f 2568/3718/3017 2569/3716/2816 2573/3720/2817 2572/3722/3019
f 2566/3939/2777 2567/3943/3018 2571/3944/3020 2570/3940/2779
f 2567/3724/3018 2568/3718/3017 2572/3722/3019 2571/3729/3020
f 2572/3722/3019 2573/3720/2817 2577/3726/2818 2576/3728/3021
f 2570/3940/2779 2571/3944/3020 2575/3947/3022 2574/3945/2781
f 2571/3729/3020 2572/3722/3019 2576/3728/3021 2575/3734/3022
f 2576/3728/3021 2577/3726/2818 2581/3731/2819 2580/3733/3023
f 2574/3945/2781 2575/3947/3022 2579/3950/3024 2578/3948/2783
f 2575/3734/3022 2576/3728/3021 2580/3733/3023 2579/3739/3024
f 2580/3733/3023 2581/3731/2819 2585/3736/2820 2584/3738/3025
f 2578/3948/2783 2579/3950/3024 2583/3953/3026 2582/3951/2785
f 2579/3739/3024 2580/3733/3023 2584/3738/3025 2583/3746/3026
f 2584/3738/3025 2585/3736/2820 2589/3741/2821 2588/3745/3027
f 2582/3308/2785 2583/3310/3026 2587/3304/3028 2586/3300/2787
f 2583/3746/3026 2584/3738/3025 2588/3745/3027 2587/3752/3028
f 2588/3745/3027 2589/3741/2821 2593/3748/2822 2592/3751/3029
f 2586/3300/2787 2587/3304/3028 2591/3305/3030 2590/3301/2789
f 2587/3304/3028 2588/3311/3027 2592/3312/3029 2591/3305/3030
f 2592/3751/3029 2593/3748/2822 2597/3754/2823 2596/3757/3031
f 2590/3301/2789 2591/3305/3030 2595/3313/3032 2594/3306/2791
f 2591/3305/3030 2592/3312/3029 2596/3316/3031 2595/3313/3032
f 2596/3757/3031 2597/3754/2823 2601/3759/2824 2600/3762/3033
f 2594/3306/2791 2595/3313/3032 2599/3317/3034 2598/3314/2793
f 2595/3313/3032 2596/3316/3031 2600/3320/3035 2599/3317/3036
f 2600/3762/3033 2601/3759/2824 2605/3758/2825 2604/3760/3037
f 2598/3314/2793 2599/3317/3034 2603/3321/3038 2602/3318/2795
f 2599/3317/3036 2600/3320/3035 2604/3324/3039 2603/3321/3040
f 2604/3760/3037 2605/3758/2825 2609/3753/2826 2608/3755/3041
f 2602/3318/2795 2603/3321/3038 2607/3325/3042 2606/3322/2797
f 2603/3321/3040 2604/3324/3039 2608/3326/3043 2607/3325/3044
f 2608/3755/3041 2609/3753/2826 2613/3747/2827 2612/3749/3045
f 2606/3954/2797 2607/3958/3042 2611/3959/3046 2610/3955/2799
f 2607/3761/3044 2608/3755/3043 2612/3749/3047 2611/3756/3048
f 2612/3749/3045 2613/3747/2827 2617/3740/2828 2616/3742/3049
f 2610/3955/2799 2611/3959/3046 2615/3962/3050 2614/3960/2801
f 2611/3756/3048 2612/3749/3047 2616/3742/3051 2615/3750/3052
f 2616/3742/3049 2617/3740/2828 2621/3735/2829 2620/3737/3053
f 2614/3960/2801 2615/3962/3050 2619/3965/3054 2618/3963/2803
f 2615/3750/3052 2616/3742/3051 2620/3737/3055 2619/3743/3056
f 2620/3737/3053 2621/3735/2829 2625/3730/2830 2624/3732/3057
f 2618/3963/2803 2619/3965/3054 2623/3968/3058 2622/3966/2805
f 2619/3743/3056 2620/3737/3055 2624/3732/3059 2623/3744/3060
f 2624/3732/3057 2625/3730/2830 2629/3725/2831 2628/3727/3061
f 2622/3295/2805 2623/3297/3058 2627/3293/3062 2626/3291/2807
f 2623/3297/3060 2624/3299/3059 2628/3298/3063 2627/3293/3064
f 2628/3727/3061 2629/3725/2831 2633/3719/2832 2632/3721/3065
f 2626/3291/2807 2627/3293/3062 2631/3289/3066 2630/3287/2809
f 2627/3293/3064 2628/3298/3063 2632/3294/3067 2631/3289/3066
f 2632/3721/3065 2633/3719/2832 2637/3715/2833 2636/3717/3068
f 2630/3287/2809 2631/3289/3066 2635/3283/3069 2634/3281/2811
f 2631/3289/3066 2632/3294/3067 2636/3290/3068 2635/3283/3069
f 2561/3711/2814 2560/3713/3013 2636/3717/3068 2637/3715/2833
f 2560/3284/3013 2559/3277/3015 2635/3283/3069 2636/3290/3068
f 2559/3277/3015 2558/3273/2773 2634/3281/2811 2635/3283/3069
s 12
f 2640/3766/3070 2641/3764/2875 2645/3763/2874 2644/3767/3071
f 2638/3327/2834 2639/3331/3072 2643/3332/3073 2642/3328/2835
f 2639/3331/3074 2640/3338/3075 2644/3339/3076 2643/3332/3077
f 2644/3767/3071 2645/3763/2874 2649/3769/2877 2648/3771/3078
f 2642/3328/2835 2643/3332/3073 2647/3340/3079 2646/3333/2838
f 2643/3332/3077 2644/3339/3076 2648/3345/3080 2647/3340/3081
f 2648/3771/3078 2649/3769/2877 2653/3773/2878 2652/3775/3082
f 2646/3969/2838 2647/3973/3079 2651/3974/3083 2650/3970/2840
f 2647/3780/3081 2648/3771/3080 2652/3775/3084 2651/3781/3085
f 2652/3775/3082 2653/3773/2878 2657/3777/2879 2656/3779/3086
f 2650/3970/2840 2651/3974/3083 2655/3977/3087 2654/3975/2842
f 2651/3781/3085 2652/3775/3084 2656/3779/3088 2655/3786/3089
f 2656/3779/3086 2657/3777/2879 2661/3783/2880 2660/3785/3090
f 2654/3975/2842 2655/3977/3087 2659/3980/3091 2658/3978/2844
f 2655/3786/3089 2656/3779/3088 2660/3785/3092 2659/3793/3093
f 2660/3785/3090 2661/3783/2880 2665/3788/2881 2664/3792/3094
f 2658/3978/2844 2659/3980/3091 2663/3983/3095 2662/3981/2846
f 2659/3793/3093 2660/3785/3092 2664/3792/3096 2663/3799/3097
f 2664/3792/3094 2665/3788/2881 2669/3795/2882 2668/3798/3098
f 2662/3362/2846 2663/3364/3095 2667/3358/3099 2666/3354/2848
f 2663/3364/3097 2664/3370/3096 2668/3365/3100 2667/3358/3101
f 2668/3798/3098 2669/3795/2882 2673/3801/2883 2672/3804/3102
f 2666/3354/2848 2667/3358/3099 2671/3359/3103 2670/3355/2850
f 2667/3358/3101 2668/3365/3100 2672/3366/3104 2671/3359/3105
f 2672/3804/3102 2673/3801/2883 2677/3806/2884 2676/3809/3106
f 2670/3355/2850 2671/3359/3103 2675/3367/3107 2674/3360/2852
f 2671/3359/3105 2672/3366/3104 2676/3371/3106 2675/3367/3107
f 2676/3809/3106 2677/3806/2884 2681/3811/2885 2680/3814/3108
f 2674/3360/2852 2675/3367/3107 2679/3372/3109 2678/3368/2854
f 2675/3367/3107 2676/3371/3106 2680/3375/3108 2679/3372/3109
f 2680/3814/3108 2681/3811/2885 2685/3810/2886 2684/3812/3110
f 2678/3368/2854 2679/3372/3109 2683/3376/3111 2682/3373/2856
f 2679/3372/3109 2680/3375/3108 2684/3379/3110 2683/3376/3111
f 2684/3812/3110 2685/3810/2886 2689/3805/2887 2688/3807/3112
f 2682/3373/2856 2683/3376/3111 2687/3380/3113 2686/3377/2858
f 2683/3815/3111 2684/3812/3110 2688/3807/3112 2687/3813/3113
f 2688/3807/3112 2689/3805/2887 2693/3800/2888 2692/3802/3114
f 2686/3984/2858 2687/3988/3113 2691/3989/3115 2690/3985/2860
f 2687/3813/3113 2688/3807/3112 2692/3802/3114 2691/3808/3115
f 2692/3802/3114 2693/3800/2888 2697/3794/2889 2696/3796/3116
f 2690/3985/2860 2691/3989/3115 2695/3992/3117 2694/3990/2862
f 2691/3808/3115 2692/3802/3114 2696/3796/3116 2695/3803/3117
f 2696/3796/3116 2697/3794/2889 2701/3787/2890 2700/3789/3118
f 2694/3990/2862 2695/3992/3117 2699/3995/3119 2698/3993/2864
f 2695/3803/3117 2696/3796/3116 2700/3789/3118 2699/3797/3119
f 2700/3789/3118 2701/3787/2890 2705/3782/2891 2704/3784/3120
f 2698/3993/2864 2699/3995/3119 2703/3998/3121 2702/3996/2866
f 2699/3797/3119 2700/3789/3118 2704/3784/3120 2703/3790/3121
f 2704/3784/3120 2705/3782/2891 2709/3776/2892 2708/3778/3122
f 2702/3350/2866 2703/3352/3121 2707/3348/3123 2706/3346/2868
f 2703/3790/3121 2704/3784/3120 2708/3778/3122 2707/3791/3123
f 2708/3778/3122 2709/3776/2892 2713/3772/2893 2712/3774/3124
f 2706/3346/2868 2707/3348/3123 2711/3343/3125 2710/3341/2870
f 2707/3348/3123 2708/3353/3122 2712/3349/3124 2711/3343/3125
f 2712/3774/3124 2713/3772/2893 2717/3768/2894 2716/3770/3126
f 2710/3341/2870 2711/3343/3125 2715/3337/3127 2714/3335/2872
f 2711/3343/3125 2712/3349/3124 2716/3344/3126 2715/3337/3127
f 2641/3764/2875 2640/3766/3070 2716/3770/3126 2717/3768/2894
f 2640/3338/3075 2639/3331/3074 2715/3337/3127 2716/3344/3126
f 2639/3331/3072 2638/3327/2834 2714/3335/2872 2715/3337/3127
s 14
f 2720/3819/3128 2721/3817/2936 2725/3816/2935 2724/3820/3129
f 2718/3381/2895 2719/3385/3130 2723/3386/3131 2722/3382/2896
f 2719/3385/3132 2720/3392/3133 2724/3393/3134 2723/3386/3135
f 2724/3820/3129 2725/3816/2935 2729/3822/2938 2728/3824/3136
f 2722/3382/2896 2723/3386/3131 2727/3394/3137 2726/3387/2899
f 2723/3386/3135 2724/3393/3134 2728/3399/3138 2727/3394/3139
f 2728/3824/3136 2729/3822/2938 2733/3826/2939 2732/3828/3140
f 2726/3999/2899 2727/4003/3137 2731/4004/3141 2730/4000/2901
f 2727/3833/3139 2728/3824/3138 2732/3828/3142 2731/3834/3143
f 2732/3828/3140 2733/3826/2939 2737/3830/2940 2736/3832/3144
f 2730/4000/2901 2731/4004/3141 2735/4007/3145 2734/4005/2903
f 2731/3834/3143 2732/3828/3142 2736/3832/3144 2735/3839/3145
f 2736/3832/3144 2737/3830/2940 2741/3836/2941 2740/3838/3146
f 2734/4005/2903 2735/4007/3145 2739/4010/3147 2738/4008/2905
f 2735/3839/3145 2736/3832/3144 2740/3838/3146 2739/3844/3147
f 2740/3838/3146 2741/3836/2941 2745/3841/2942 2744/3843/3148
f 2738/4008/2905 2739/4010/3147 2743/4013/3149 2742/4011/2907
f 2739/3844/3147 2740/3838/3146 2744/3843/3148 2743/3851/3149
f 2744/3843/3148 2745/3841/2942 2749/3846/2943 2748/3850/3150
f 2742/3417/2907 2743/3419/3149 2747/3413/3151 2746/3409/2909
f 2743/3851/3149 2744/3843/3148 2748/3850/3150 2747/3857/3151
f 2748/3850/3150 2749/3846/2943 2753/3853/2944 2752/3856/3152
f 2746/3409/2909 2747/3413/3151 2751/3414/3153 2750/3410/2911
f 2747/3413/3151 2748/3420/3150 2752/3421/3152 2751/3414/3153
f 2752/3856/3152 2753/3853/2944 2757/3859/2945 2756/3862/3154
f 2750/3410/2911 2751/3414/3153 2755/3422/3155 2754/3415/2913
f 2751/3414/3153 2752/3421/3152 2756/3425/3154 2755/3422/3155
f 2756/3862/3154 2757/3859/2945 2761/3864/2946 2760/3867/3156
f 2754/3415/2913 2755/3422/3155 2759/3426/3157 2758/3423/2915
f 2755/3422/3155 2756/3425/3154 2760/3429/3156 2759/3426/3157
f 2760/3867/3156 2761/3864/2946 2765/3863/2947 2764/3865/3158
f 2758/3423/2915 2759/3426/3157 2763/3430/3159 2762/3427/2917
f 2759/3426/3157 2760/3429/3156 2764/3433/3158 2763/3430/3159
f 2764/3865/3158 2765/3863/2947 2769/3858/2948 2768/3860/3160
f 2762/3427/2917 2763/3430/3159 2767/3434/3161 2766/3431/2919
f 2763/3868/3159 2764/3865/3158 2768/3860/3160 2767/3866/3161
f 2768/3860/3160 2769/3858/2948 2773/3852/2949 2772/3854/3162
f 2766/4014/2919 2767/4018/3161 2771/4019/3163 2770/4015/2921
f 2767/3866/3161 2768/3860/3160 2772/3854/3162 2771/3861/3163
f 2772/3854/3162 2773/3852/2949 2777/3845/2950 2776/3847/3164
f 2770/4015/2921 2771/4019/3163 2775/4022/3165 2774/4020/2923
f 2771/3861/3163 2772/3854/3162 2776/3847/3164 2775/3855/3165
f 2776/3847/3164 2777/3845/2950 2781/3840/2951 2780/3842/3166
f 2774/4020/2923 2775/4022/3165 2779/4025/3167 2778/4023/2925
f 2775/3855/3165 2776/3847/3164 2780/3842/3168 2779/3848/3169
f 2780/3842/3166 2781/3840/2951 2785/3835/2952 2784/3837/3170
f 2778/4023/2925 2779/4025/3167 2783/4028/3171 2782/4026/2927
f 2779/3848/3169 2780/3842/3168 2784/3837/3172 2783/3849/3173
f 2784/3837/3170 2785/3835/2952 2789/3829/2953 2788/3831/3174
f 2782/3404/2927 2783/3406/3171 2787/3402/3175 2786/3400/2929
f 2783/3406/3173 2784/3408/3172 2788/3407/3176 2787/3402/3177
f 2788/3831/3174 2789/3829/2953 2793/3825/2954 2792/3827/3178
f 2786/3400/2929 2787/3402/3175 2791/3397/3179 2790/3395/2931
f 2787/3402/3177 2788/3407/3176 2792/3403/3180 2791/3397/3181
f 2792/3827/3178 2793/3825/2954 2797/3821/2955 2796/3823/3182
f 2790/3395/2931 2791/3397/3179 2795/3391/3183 2794/3389/2933
f 2791/3397/3181 2792/3403/3180 2796/3398/3184 2795/3391/3185
f 2721/3817/2936 2720/3819/3128 2796/3823/3182 2797/3821/2955
f 2720/3392/3133 2719/3385/3132 2795/3391/3185 2796/3398/3184
f 2719/3385/3130 2718/3381/2895 2794/3389/2933 2795/3391/3183
g default
v -3.456003 3.866883 -1.925043
v -3.473534 3.874145 -1.907512
v -3.480796 3.891676 -1.900250
v -2.060183 3.891676 -1.900250
v -2.067444 3.874145 -1.907512
v -2.084975 3.866883 -1.925043
v -3.480796 4.090042 -1.900250
v -3.473534 4.107573 -1.907512
v -3.456003 4.114835 -1.925043
v -2.084975 4.114835 -1.925043
v -2.067444 4.107573 -1.907512
v -2.060183 4.090042 -1.900250
v -3.456003 4.114835 -3.296071
v -3.473534 4.107573 -3.313602
v -3.480796 4.090042 -3.320863
v -2.084975 4.114835 -3.296071
v -2.067444 4.107573 -3.313602
v -2.060183 4.090042 -3.320863
v -3.480796 3.891676 -3.320863
v -3.473534 3.874145 -3.313602
v -3.456003 3.866883 -3.296071
v -2.084975 3.866883 -3.296071
v -2.067444 3.874145 -3.313602
v -2.060183 3.891676 -3.320863
v -3.456003 2.566721 -1.925043
v -3.473534 2.573983 -1.907512
v -3.480796 2.591514 -1.900250
v -2.060183 2.591514 -1.900250
v -2.067444 2.573983 -1.907512
v -2.084975 2.566721 -1.925043
v -3.480796 2.789881 -1.900250
v -3.473534 2.807412 -1.907512
v -3.456003 2.814673 -1.925043
v -2.084975 2.814673 -1.925043
v -2.067444 2.807412 -1.907512
v -2.060183 2.789881 -1.900250
v -3.456003 2.814673 -3.296071
v -3.473534 2.807412 -3.313602
v -3.480796 2.789881 -3.320863
v -2.084975 2.814673 -3.296071
v -2.067444 2.807412 -3.313602
v -2.060183 2.789881 -3.320863
v -3.480796 2.591514 -3.320863
v -3.473534 2.573983 -3.313602
v -3.456003 2.566721 -3.296071
v -2.084975 2.566721 -3.296071
v -2.067444 2.573983 -3.313602
v -2.060183 2.591514 -3.320863
v -3.456003 1.454997 -1.925043
v -3.473534 1.462258 -1.907512
v -3.480796 1.479789 -1.900250
v -2.060183 1.479789 -1.900250
v -2.067444 1.462258 -1.907512
v -2.084975 1.454997 -1.925043
v -3.480796 1.678156 -1.900250
v -3.473534 1.695687 -1.907512
v -3.456003 1.702949 -1.925043
v -2.084975 1.702949 -1.925043
v -2.067444 1.695687 -1.907512
v -2.060183 1.678156 -1.900250
v -3.456003 1.702949 -3.296071
v -3.473534 1.695687 -3.313602
v -3.480796 1.678156 -3.320863
v -2.084975 1.702949 -3.296071
v -2.067444 1.695687 -3.313602
v -2.060183 1.678156 -3.320863
v -3.480796 1.479789 -3.320863
v -3.473534 1.462258 -3.313602
v -3.456003 1.454997 -3.296071
v -2.084975 1.454997 -3.296071
v -2.067444 1.462258 -3.313602
v -2.060183 1.479789 -3.320863
v -3.460547 4.207714 -3.032857
v -3.470672 4.205001 -3.030843
v -3.478083 4.197590 -3.029369
v -3.480796 4.187466 -3.028830
v -3.480796 4.187466 -3.288419
v -3.478083 4.197590 -3.287879
v -3.470672 4.205001 -3.286405
v -3.460547 4.207714 -3.284391
v -3.448351 4.187466 -2.996385
v -3.447812 4.197590 -2.999098
v -3.446338 4.205001 -3.006509
v -3.444324 4.207714 -3.016633
v -3.192790 4.207714 -3.016633
v -3.190776 4.205001 -3.006509
v -3.189301 4.197590 -2.999098
v -3.188762 4.187466 -2.996385
v -3.156317 4.187466 -3.028830
v -3.159030 4.197590 -3.029369
v -3.166441 4.205001 -3.030843
v -3.176566 4.207714 -3.032857
v -3.176566 4.207714 -3.284391
v -3.166441 4.205001 -3.286405
v -3.159030 4.197590 -3.287879
v -3.156317 4.187466 -3.288419
v -3.444324 4.207714 -3.300615
v -3.446338 4.205001 -3.310740
v -3.447812 4.197590 -3.318151
v -3.448351 4.187466 -3.320863
v -3.188762 4.187466 -3.320863
v -3.189301 4.197590 -3.318151
v -3.190776 4.205001 -3.310740
v -3.192790 4.207714 -3.300615
v -3.460547 4.207714 -1.821216
v -3.470672 4.205001 -1.819202
v -3.478083 4.197590 -1.817727
v -3.480796 4.187466 -1.817188
v -3.480796 4.187466 -2.076777
v -3.478083 4.197590 -2.076238
v -3.470672 4.205001 -2.074763
v -3.460547 4.207714 -2.072750
v -3.448351 4.187466 -1.784743
v -3.447812 4.197590 -1.787456
v -3.446338 4.205001 -1.794867
v -3.444324 4.207714 -1.804991
v -3.192789 4.207714 -1.804991
v -3.190775 4.205001 -1.794867
v -3.189301 4.197590 -1.787456
v -3.188761 4.187466 -1.784743
v -3.156317 4.187466 -1.817188
v -3.159029 4.197590 -1.817727
v -3.166441 4.205001 -1.819202
v -3.176565 4.207714 -1.821216
v -3.176565 4.207714 -2.072750
v -3.166441 4.205001 -2.074763
v -3.159029 4.197590 -2.076238
v -3.156317 4.187466 -2.076777
v -3.444324 4.207714 -2.088974
v -3.446338 4.205001 -2.099098
v -3.447812 4.197590 -2.106509
v -3.448351 4.187466 -2.109222
v -3.188761 4.187466 -2.109222
v -3.189301 4.197590 -2.106509
v -3.190775 4.205001 -2.099098
v -3.192789 4.207714 -2.088974
v -2.248906 4.207714 -3.032857
v -2.259030 4.205001 -3.030843
v -2.266442 4.197590 -3.029369
v -2.269155 4.187466 -3.028829
v -2.269155 4.187466 -3.288419
v -2.266442 4.197590 -3.287879
v -2.259030 4.205001 -3.286405
v -2.248906 4.207714 -3.284391
v -2.236710 4.187466 -2.996385
v -2.236170 4.197590 -2.999097
v -2.234696 4.205001 -3.006509
v -2.232682 4.207714 -3.016633
v -1.981148 4.207714 -3.016633
v -1.979135 4.205001 -3.006509
v -1.977660 4.197590 -2.999097
v -1.977120 4.187466 -2.996385
v -1.944675 4.187466 -3.028829
v -1.947389 4.197590 -3.029369
v -1.954800 4.205001 -3.030843
v -1.964924 4.207714 -3.032857
v -1.964924 4.207714 -3.284391
v -1.954800 4.205001 -3.286405
v -1.947389 4.197590 -3.287879
v -1.944675 4.187466 -3.288419
v -2.232682 4.207714 -3.300615
v -2.234696 4.205001 -3.310739
v -2.236170 4.197590 -3.318151
v -2.236710 4.187466 -3.320863
v -1.977120 4.187466 -3.320863
v -1.977660 4.197590 -3.318151
v -1.979135 4.205001 -3.310739
v -1.981148 4.207714 -3.300615
v -2.248906 4.207714 -1.821216
v -2.259030 4.205001 -1.819202
v -2.266442 4.197590 -1.817727
v -2.269155 4.187466 -1.817188
v -2.269155 4.187466 -2.076777
v -2.266442 4.197590 -2.076238
v -2.259030 4.205001 -2.074764
v -2.248906 4.207714 -2.072750
v -2.236710 4.187466 -1.784743
v -2.236170 4.197590 -1.787456
v -2.234696 4.205001 -1.794867
v -2.232682 4.207714 -1.804991
v -1.981148 4.207714 -1.804991
v -1.979135 4.205001 -1.794867
v -1.977660 4.197590 -1.787456
v -1.977120 4.187466 -1.784743
v -1.944675 4.187466 -1.817188
v -1.947389 4.197590 -1.817728
v -1.954800 4.205001 -1.819202
v -1.964924 4.207714 -1.821216
v -1.964924 4.207714 -2.072750
v -1.954800 4.205001 -2.074764
v -1.947389 4.197590 -2.076238
v -1.944675 4.187466 -2.076777
v -2.232682 4.207714 -2.088974
v -2.234696 4.205001 -2.099098
v -2.236170 4.197590 -2.106509
v -2.236710 4.187466 -2.109222
v -1.977120 4.187466 -2.109222
v -1.977660 4.197590 -2.106509
v -1.979135 4.205001 -2.099098
v -1.981148 4.207714 -2.088974
v -3.455796 4.207714 -3.021385
v -3.463544 4.205001 -3.013636
v -3.469217 4.197590 -3.007964
v -3.471293 4.187466 -3.005888
v -3.181317 4.207714 -3.021385
v -3.173569 4.205001 -3.013636
v -3.167896 4.197590 -3.007964
v -3.165820 4.187466 -3.005888
v -3.471293 4.187466 -3.311361
v -3.469217 4.197590 -3.309284
v -3.463544 4.205001 -3.303612
v -3.455796 4.207714 -3.295863
v -3.165820 4.187466 -3.311361
v -3.167896 4.197590 -3.309284
v -3.173569 4.205001 -3.303612
v -3.181317 4.207714 -3.295863
v -3.455796 4.207714 -1.809743
v -3.463544 4.205001 -1.801995
v -3.469217 4.197590 -1.796322
v -3.471293 4.187466 -1.794246
v -3.181317 4.207714 -1.809743
v -3.173568 4.205001 -1.801995
v -3.167896 4.197590 -1.796322
v -3.165820 4.187466 -1.794246
v -3.471293 4.187466 -2.099719
v -3.469217 4.197590 -2.097643
v -3.463544 4.205001 -2.091970
v -3.455796 4.207714 -2.084222
v -3.165820 4.187466 -2.099719
v -3.167896 4.197590 -2.097643
v -3.173568 4.205001 -2.091970
v -3.181317 4.207714 -2.084222
v -2.244154 4.207714 -3.021385
v -2.251903 4.205001 -3.013636
v -2.257576 4.197589 -3.007964
v -1.969676 4.207714 -3.021385
v -1.961927 4.205001 -3.013636
v -1.956255 4.197590 -3.007964
v -1.954179 4.187466 -3.005888
v -2.259652 4.187466 -3.311360
v -2.257576 4.197590 -3.309284
v -2.251903 4.205001 -3.303612
v -2.244154 4.207714 -3.295863
v -1.954179 4.187466 -3.311360
v -1.956255 4.197590 -3.309284
v -1.961927 4.205001 -3.303612
v -1.969676 4.207714 -3.295863
v -2.244154 4.207714 -1.809743
v -2.251903 4.205001 -1.801995
v -2.257576 4.197590 -1.796322
v -2.259652 4.187466 -1.794246
v -1.969676 4.207714 -1.809743
v -1.961927 4.205001 -1.801995
v -1.956255 4.197590 -1.796322
v -1.954179 4.187466 -1.794246
v -2.259652 4.187466 -2.099719
v -2.257576 4.197590 -2.097643
v -2.251903 4.205001 -2.091971
v -2.244154 4.207714 -2.084222
v -1.954179 4.187466 -2.099719
v -1.956255 4.197590 -2.097643
v -1.961927 4.205001 -2.091970
v -1.969676 4.207714 -2.084222
v -3.445386 0.750000 -3.011291
v -3.446869 0.751997 -3.003838
v -3.447954 0.757453 -2.998382
v -3.448351 0.764906 -2.996385
v -3.191727 0.750000 -3.011291
v -3.190244 0.751997 -3.003838
v -3.189159 0.757453 -2.998382
v -3.188762 0.764906 -2.996385
v -3.465889 0.750000 -3.031795
v -3.473343 0.751997 -3.030312
v -3.478799 0.757453 -3.029227
v -3.480796 0.764906 -3.028830
v -3.465889 0.750000 -3.285454
v -3.473343 0.751997 -3.286936
v -3.478799 0.757453 -3.288022
v -3.480796 0.764906 -3.288419
v -3.445386 0.750000 -3.305957
v -3.446869 0.751997 -3.313411
v -3.447954 0.757453 -3.318866
v -3.448351 0.764906 -3.320863
v -3.191727 0.750000 -3.305957
v -3.190244 0.751997 -3.313411
v -3.189159 0.757453 -3.318866
v -3.188762 0.764906 -3.320863
v -3.171224 0.750000 -3.031795
v -3.163771 0.751997 -3.030312
v -3.158314 0.757453 -3.029227
v -3.156317 0.764906 -3.028830
v -3.171224 0.750000 -3.285454
v -3.163771 0.751997 -3.286936
v -3.158314 0.757453 -3.288022
v -3.156317 0.764906 -3.288419
v -3.445386 0.750000 -1.799650
v -3.446869 0.751997 -1.792197
v -3.447954 0.757453 -1.786740
v -3.448351 0.764906 -1.784743
v -3.191726 0.750000 -1.799650
v -3.190244 0.751997 -1.792197
v -3.189158 0.757453 -1.786740
v -3.188761 0.764906 -1.784743
v -3.465889 0.750000 -1.820153
v -3.473343 0.751997 -1.818671
v -3.478799 0.757453 -1.817585
v -3.480796 0.764906 -1.817188
v -3.465889 0.750000 -2.073812
v -3.473343 0.751997 -2.075295
v -3.478799 0.757453 -2.076380
v -3.480796 0.764906 -2.076777
v -3.445386 0.750000 -2.094316
v -3.446869 0.751997 -2.101769
v -3.447954 0.757453 -2.107225
v -3.448351 0.764906 -2.109222
v -3.191726 0.750000 -2.094316
v -3.190244 0.751997 -2.101769
v -3.189158 0.757453 -2.107225
v -3.188761 0.764906 -2.109222
v -3.171223 0.750000 -1.820153
v -3.163770 0.751997 -1.818671
v -3.158314 0.757453 -1.817585
v -3.156317 0.764906 -1.817188
v -3.171223 0.750000 -2.073812
v -3.163770 0.751997 -2.075295
v -3.158314 0.757453 -2.076380
v -3.156317 0.764906 -2.076777
v -2.233745 0.750000 -3.011291
v -2.235228 0.751997 -3.003838
v -2.236313 0.757453 -2.998382
v -2.236710 0.764906 -2.996385
v -1.980085 0.750000 -3.011291
v -1.978602 0.751997 -3.003838
v -1.977518 0.757453 -2.998382
v -1.977120 0.764906 -2.996385
v -2.254248 0.750000 -3.031794
v -2.261702 0.751997 -3.030312
v -2.267158 0.757453 -3.029227
v -2.269155 0.764906 -3.028829
v -2.254248 0.750000 -3.285454
v -2.261702 0.751997 -3.286936
v -2.267158 0.757453 -3.288021
v -2.269155 0.764906 -3.288419
v -2.233745 0.750000 -3.305957
v -2.235228 0.751997 -3.313410
v -2.236313 0.757453 -3.318866
v -2.236710 0.764906 -3.320863
v -1.980085 0.750000 -3.305957
v -1.978602 0.751997 -3.313410
v -1.977518 0.757453 -3.318866
v -1.977120 0.764906 -3.320863
v -1.959581 0.750000 -3.031795
v -1.952128 0.751997 -3.030312
v -1.946672 0.757453 -3.029227
v -1.944675 0.764906 -3.028829
v -1.959581 0.750000 -3.285453
v -1.952128 0.751997 -3.286936
v -1.946672 0.757453 -3.288021
v -1.944675 0.764906 -3.288419
v -2.233745 0.750000 -1.799650
v -2.235228 0.751997 -1.792197
v -2.236313 0.757453 -1.786740
v -2.236710 0.764906 -1.784743
v -1.980085 0.750000 -1.799650
v -1.978602 0.751997 -1.792197
v -1.977518 0.757453 -1.786740
v -1.977120 0.764906 -1.784743
v -2.254248 0.750000 -1.820153
v -2.261702 0.751997 -1.818671
v -2.267158 0.757453 -1.817585
v -2.269155 0.764906 -1.817188
v -2.254248 0.750000 -2.073812
v -2.261702 0.751997 -2.075295
v -2.267158 0.757453 -2.076380
v -2.269155 0.764906 -2.076777
v -2.233745 0.750000 -2.094316
v -2.235228 0.751997 -2.101769
v -2.236313 0.757453 -2.107225
v -2.236710 0.764906 -2.109222
v -1.980085 0.750000 -2.094316
v -1.978602 0.751997 -2.101769
v -1.977518 0.757453 -2.107225
v -1.977120 0.764906 -2.109222
v -1.959581 0.750000 -1.820153
v -1.952128 0.751997 -1.818671
v -1.946672 0.757453 -1.817585
v -1.944675 0.764906 -1.817188
v -1.959581 0.750000 -2.073812
v -1.952128 0.751997 -2.075295
v -1.946672 0.757453 -2.076380
v -1.944675 0.764906 -2.076777
v -3.459884 0.750000 -3.017297
v -3.465589 0.751997 -3.011592
v -3.469765 0.757453 -3.007416
v -3.471293 0.764906 -3.005888
v -3.177229 0.750000 -3.017297
v -3.171525 0.751997 -3.011592
v -3.167348 0.757453 -3.007416
v -3.165820 0.764906 -3.005888
v -3.459884 0.750000 -3.299952
v -3.465589 0.751997 -3.305656
v -3.469765 0.757453 -3.309832
v -3.471293 0.764906 -3.311361
v -3.177229 0.750000 -3.299952
v -3.171525 0.751997 -3.305656
v -3.167348 0.757453 -3.309832
v -3.165820 0.764906 -3.311361
v -3.459884 0.750000 -1.805655
v -3.465589 0.751997 -1.799950
v -3.469765 0.757453 -1.795775
v -3.471293 0.764906 -1.794246
v -3.177228 0.750000 -1.805655
v -3.171524 0.751997 -1.799950
v -3.167348 0.757453 -1.795775
v -3.165820 0.764906 -1.794246
v -3.459884 0.750000 -2.088310
v -3.465589 0.751997 -2.094015
v -3.469765 0.757453 -2.098191
v -3.471293 0.764906 -2.099719
v -3.177228 0.750000 -2.088310
v -3.171524 0.751997 -2.094015
v -3.167348 0.757453 -2.098191
v -3.165820 0.764906 -2.099719
v -2.255216 0.765485 -3.005095
v -2.260444 0.765485 -3.010323
v -2.264140 0.765325 -3.016724
v -2.261889 0.757530 -3.017731
v -2.256233 0.751900 -3.017754
v -2.248752 0.750000 -3.016787
v -2.247785 0.751900 -3.009306
v -2.247808 0.757530 -3.003650
v -2.248816 0.765325 -3.001399
v -1.965588 0.750000 -3.017296
v -1.959884 0.751997 -3.011592
v -1.955708 0.757453 -3.007416
v -1.954179 0.764906 -3.005888
v -2.248243 0.750000 -3.299952
v -2.253947 0.751997 -3.305656
v -2.258123 0.757453 -3.309832
v -2.259652 0.764906 -3.311360
v -1.965588 0.750000 -3.299952
v -1.959884 0.751997 -3.305656
v -1.955708 0.757453 -3.309832
v -1.954179 0.764906 -3.311360
v -2.248243 0.750000 -1.805655
v -2.253947 0.751997 -1.799950
v -2.258123 0.757453 -1.795775
v -2.259652 0.764906 -1.794246
v -1.965588 0.750000 -1.805655
v -1.959884 0.751997 -1.799950
v -1.955708 0.757453 -1.795775
v -1.954179 0.764906 -1.794246
v -2.248243 0.750000 -2.088310
v -2.253947 0.751997 -2.094015
v -2.258123 0.757453 -2.098191
v -2.259652 0.764906 -2.099719
v -1.965588 0.750000 -2.088310
v -1.959884 0.751997 -2.094015
v -1.955708 0.757453 -2.098191
v -1.954179 0.764906 -2.099719
v -2.260422 4.187466 -3.010201
v -2.255338 4.187466 -3.005117
v -2.249111 4.187466 -3.001522
v -2.264018 4.187466 -3.016428
v -2.253629 0.758611 -3.006407
v -2.259132 0.758611 -3.011909
v -2.253973 0.752960 -3.011565
vt 0.928600 0.213462
vt 0.928600 0.001985
vt 0.958130 0.001985
vt 0.958130 0.213462
vt 0.925990 0.212381
vt 0.925990 0.003066
vt 0.960739 0.212381
vt 0.960739 0.003066
vt 0.965869 0.428930
vt 0.965869 0.217453
vt 0.995398 0.217453
vt 0.995398 0.428930
vt 0.963259 0.218534
vt 0.963259 0.427849
vt 0.998008 0.218534
vt 0.998008 0.427849
vt 0.761448 0.729563
vt 0.761448 0.518086
vt 0.790977 0.518086
vt 0.790977 0.729563
vt 0.758838 0.728482
vt 0.758838 0.519167
vt 0.793587 0.728482
vt 0.793587 0.519167
vt 0.720563 0.729563
vt 0.720563 0.518086
vt 0.750093 0.518086
vt 0.750093 0.729563
vt 0.717954 0.519167
vt 0.717954 0.728482
vt 0.752703 0.519167
vt 0.752703 0.728482
vt 0.679679 0.729563
vt 0.679679 0.518086
vt 0.709209 0.518086
vt 0.709209 0.729563
vt 0.677069 0.728482
vt 0.677069 0.519167
vt 0.711818 0.728482
vt 0.711818 0.519167
vt 0.638795 0.729563
vt 0.638795 0.518086
vt 0.668324 0.518086
vt 0.668324 0.729563
vt 0.636185 0.519167
vt 0.636185 0.728482
vt 0.670934 0.519167
vt 0.670934 0.728482
vt 0.096867 0.513400
vt 0.096787 0.514907
vt 0.058304 0.514907
vt 0.058224 0.513400
vt 0.100282 0.513400
vt 0.099973 0.514907
vt 0.096567 0.516010
vt 0.058524 0.516010
vt 0.055118 0.514907
vt 0.054809 0.513400
vt 0.058224 0.003906
vt 0.096867 0.003906
vt 0.100282 0.003906
vt 0.099129 0.516010
vt 0.055962 0.516010
vt 0.054809 0.003906
vt 0.096808 0.002797
vt 0.058283 0.002797
vt 0.100055 0.002797
vt 0.055036 0.002797
vt 0.096646 0.001985
vt 0.058445 0.001985
vt 0.099433 0.001985
vt 0.055658 0.001985
vt 0.110926 0.514907
vt 0.110846 0.513400
vt 0.149489 0.513400
vt 0.149409 0.514907
vt 0.107739 0.514907
vt 0.107430 0.513400
vt 0.110846 0.003906
vt 0.149489 0.003906
vt 0.152904 0.513400
vt 0.152595 0.514907
vt 0.111145 0.516010
vt 0.149189 0.516010
vt 0.108584 0.516010
vt 0.107430 0.003906
vt 0.110905 0.002797
vt 0.149430 0.002797
vt 0.152904 0.003906
vt 0.151751 0.516010
vt 0.107658 0.002797
vt 0.111066 0.001985
vt 0.149268 0.001985
vt 0.152676 0.002797
vt 0.108280 0.001985
vt 0.152055 0.001985
vt 0.202111 0.513400
vt 0.202030 0.514907
vt 0.163548 0.514907
vt 0.163467 0.513400
vt 0.205526 0.513400
vt 0.205217 0.514907
vt 0.201811 0.516010
vt 0.163767 0.516010
vt 0.160361 0.514907
vt 0.160052 0.513400
vt 0.163467 0.003906
vt 0.202111 0.003906
vt 0.205526 0.003906
vt 0.204372 0.516010
vt 0.161206 0.516010
vt 0.160052 0.003906
vt 0.202051 0.002797
vt 0.163526 0.002797
vt 0.205298 0.002797
vt 0.160280 0.002797
vt 0.201890 0.001985
vt 0.163688 0.001985
vt 0.204677 0.001985
vt 0.160901 0.001985
vt 0.216169 0.514907
vt 0.216089 0.513400
vt 0.254732 0.513400
vt 0.254652 0.514907
vt 0.212983 0.514907
vt 0.212674 0.513400
vt 0.216089 0.003906
vt 0.254732 0.003906
vt 0.258147 0.513400
vt 0.257838 0.514907
vt 0.216389 0.516010
vt 0.254432 0.516010
vt 0.213827 0.516010
vt 0.212674 0.003906
vt 0.216148 0.002797
vt 0.254673 0.002797
vt 0.258147 0.003906
vt 0.256994 0.516010
vt 0.212901 0.002797
vt 0.216310 0.001985
vt 0.254511 0.001985
vt 0.257920 0.002797
vt 0.213523 0.001985
vt 0.257298 0.001985
vt 0.044051 0.513414
vt 0.043970 0.514921
vt 0.005488 0.514921
vt 0.005407 0.513414
vt 0.045897 0.513414
vt 0.047157 0.514921
vt 0.043751 0.516025
vt 0.005707 0.516025
vt 0.002301 0.514921
vt 0.001992 0.513414
vt 0.005407 0.003921
vt 0.044051 0.003921
vt 0.045853 0.003983
vt 0.046824 0.513414
vt 0.046312 0.516025
vt 0.003146 0.516025
vt 0.001992 0.003921
vt 0.043991 0.002811
vt 0.005466 0.002811
vt 0.045703 0.002823
vt 0.046806 0.004007
vt 0.047580 0.513414
vt 0.002220 0.002811
vt 0.043830 0.001999
vt 0.005628 0.001999
vt 0.045699 0.001985
vt 0.046569 0.002984
vt 0.047584 0.004007
vt 0.002841 0.001999
vt 0.046621 0.002143
vt 0.047388 0.002984
vt 0.048134 0.003983
vt 0.048116 0.513414
vt 0.268791 0.514907
vt 0.268711 0.513400
vt 0.307354 0.513400
vt 0.307274 0.514907
vt 0.265605 0.514907
vt 0.265296 0.513400
vt 0.268711 0.003906
vt 0.307354 0.003906
vt 0.310769 0.513400
vt 0.310460 0.514907
vt 0.269010 0.516010
vt 0.307054 0.516010
vt 0.266449 0.516010
vt 0.265296 0.003906
vt 0.268770 0.002797
vt 0.307295 0.002797
vt 0.310769 0.003906
vt 0.309616 0.516010
vt 0.265523 0.002797
vt 0.268931 0.001985
vt 0.307133 0.001985
vt 0.310542 0.002797
vt 0.266145 0.001985
vt 0.309920 0.001985
vt 0.359976 0.513400
vt 0.359895 0.514907
vt 0.321413 0.514907
vt 0.321332 0.513400
vt 0.363391 0.513400
vt 0.363082 0.514907
vt 0.359676 0.516010
vt 0.321632 0.516010
vt 0.318226 0.514907
vt 0.317917 0.513400
vt 0.321332 0.003906
vt 0.359976 0.003906
vt 0.363391 0.003906
vt 0.362237 0.516010
vt 0.319071 0.516010
vt 0.317917 0.003906
vt 0.359917 0.002797
vt 0.321392 0.002797
vt 0.363163 0.002797
vt 0.318145 0.002797
vt 0.359755 0.001985
vt 0.321553 0.001985
vt 0.362542 0.001985
vt 0.318766 0.001985
vt 0.374034 0.514907
vt 0.373954 0.513400
vt 0.412597 0.513400
vt 0.412517 0.514907
vt 0.370848 0.514907
vt 0.370539 0.513400
vt 0.373954 0.003906
vt 0.412597 0.003906
vt 0.416013 0.513400
vt 0.415704 0.514907
vt 0.374254 0.516010
vt 0.412298 0.516010
vt 0.371692 0.516010
vt 0.370539 0.003906
vt 0.374013 0.002797
vt 0.412538 0.002797
vt 0.416013 0.003906
vt 0.414859 0.516010
vt 0.370766 0.002797
vt 0.374175 0.001985
vt 0.412377 0.001985
vt 0.415785 0.002797
vt 0.371388 0.001985
vt 0.415163 0.001985
vt 0.630050 0.729317
vt 0.627440 0.726707
vt 0.627440 0.522611
vt 0.630050 0.520002
vt 0.420735 0.729317
vt 0.423345 0.726707
vt 0.423345 0.522611
vt 0.420735 0.520002
vt 0.207894 0.726707
vt 0.205284 0.729317
vt 0.205284 0.520002
vt 0.207894 0.522611
vt 0.411990 0.726707
vt 0.414600 0.729317
vt 0.414600 0.520002
vt 0.411990 0.522611
vt 0.211307 0.942623
vt 0.208697 0.940014
vt 0.208697 0.735918
vt 0.211307 0.733308
vt 0.001992 0.942623
vt 0.004602 0.940014
vt 0.004602 0.735918
vt 0.001992 0.733308
vt 0.221130 0.940014
vt 0.218521 0.942623
vt 0.218521 0.733308
vt 0.221130 0.735918
vt 0.425226 0.940014
vt 0.427836 0.942623
vt 0.427836 0.733308
vt 0.425226 0.735918
vt 0.644169 0.942870
vt 0.641560 0.940260
vt 0.641560 0.736165
vt 0.644169 0.733555
vt 0.434854 0.942870
vt 0.437464 0.940260
vt 0.437464 0.736165
vt 0.434854 0.733555
vt 0.653798 0.940260
vt 0.651188 0.942870
vt 0.651188 0.733555
vt 0.653798 0.736164
vt 0.857893 0.940260
vt 0.860503 0.942870
vt 0.860503 0.733555
vt 0.857893 0.736164
vt 0.848281 0.951587
vt 0.849788 0.951887
vt 0.849788 0.989331
vt 0.848281 0.989631
vt 0.849342 0.949025
vt 0.850495 0.950179
vt 0.891355 0.991039
vt 0.889647 0.991746
vt 0.852203 0.991746
vt 0.850495 0.991039
vt 0.852203 0.949471
vt 0.889647 0.949471
vt 0.891355 0.950179
vt 0.892062 0.951887
vt 0.892062 0.989331
vt 0.849342 0.992192
vt 0.851903 0.947964
vt 0.889947 0.993253
vt 0.892508 0.992192
vt 0.851903 0.993253
vt 0.889947 0.947964
vt 0.892508 0.949025
vt 0.893569 0.951587
vt 0.893569 0.989631
vt 0.851684 0.946861
vt 0.848497 0.948181
vt 0.890166 0.994356
vt 0.893353 0.993037
vt 0.851684 0.994356
vt 0.848497 0.993037
vt 0.890166 0.946861
vt 0.893353 0.948181
vt 0.796857 0.951587
vt 0.798364 0.951887
vt 0.798364 0.989331
vt 0.796857 0.989631
vt 0.797918 0.949025
vt 0.799071 0.950179
vt 0.839931 0.991039
vt 0.838223 0.991746
vt 0.800779 0.991746
vt 0.799071 0.991039
vt 0.800779 0.949471
vt 0.838223 0.949471
vt 0.839931 0.950179
vt 0.840638 0.951887
vt 0.840638 0.989331
vt 0.797918 0.992192
vt 0.800479 0.947964
vt 0.838523 0.993253
vt 0.841084 0.992192
vt 0.800479 0.993253
vt 0.838523 0.947964
vt 0.841084 0.949025
vt 0.842145 0.951587
vt 0.842145 0.989631
vt 0.800260 0.946861
vt 0.797073 0.948181
vt 0.838742 0.994356
vt 0.841929 0.993037
vt 0.800260 0.994356
vt 0.797073 0.993037
vt 0.838742 0.946861
vt 0.841929 0.948181
vt 0.745432 0.951587
vt 0.746940 0.951887
vt 0.746940 0.989331
vt 0.745432 0.989631
vt 0.746493 0.949025
vt 0.747647 0.950179
vt 0.788507 0.991039
vt 0.786799 0.991746
vt 0.749355 0.991746
vt 0.747647 0.991039
vt 0.749355 0.949471
vt 0.786799 0.949471
vt 0.788507 0.950179
vt 0.789214 0.951887
vt 0.789214 0.989331
vt 0.746493 0.992192
vt 0.749055 0.947964
vt 0.787099 0.993253
vt 0.789660 0.992192
vt 0.749055 0.993253
vt 0.787099 0.947964
vt 0.789660 0.949025
vt 0.790721 0.951587
vt 0.790721 0.989631
vt 0.748836 0.946861
vt 0.745649 0.948181
vt 0.787318 0.994356
vt 0.790505 0.993036
vt 0.748836 0.994356
vt 0.745649 0.993036
vt 0.787318 0.946861
vt 0.790505 0.948181
vt 0.694008 0.951587
vt 0.695516 0.951887
vt 0.695516 0.989331
vt 0.694008 0.989631
vt 0.695069 0.949025
vt 0.696223 0.950179
vt 0.737083 0.991039
vt 0.735375 0.991746
vt 0.697931 0.991746
vt 0.696223 0.991039
vt 0.697931 0.949471
vt 0.735375 0.949471
vt 0.737083 0.950179
vt 0.737790 0.951887
vt 0.737790 0.989331
vt 0.695069 0.992192
vt 0.697631 0.947964
vt 0.735675 0.993253
vt 0.738236 0.992192
vt 0.697631 0.993253
vt 0.735675 0.947964
vt 0.738236 0.949025
vt 0.739297 0.951587
vt 0.739297 0.989631
vt 0.697411 0.946861
vt 0.694225 0.948181
vt 0.735894 0.994356
vt 0.739081 0.993037
vt 0.697411 0.994356
vt 0.694225 0.993037
vt 0.735894 0.946861
vt 0.739081 0.948181
vt 0.867522 0.776510
vt 0.868631 0.776289
vt 0.869449 0.778523
vt 0.868336 0.778379
vt 0.867522 0.738308
vt 0.868631 0.738529
vt 0.912496 0.738529
vt 0.912496 0.776289
vt 0.911602 0.778447
vt 0.909444 0.779341
vt 0.871684 0.779341
vt 0.869525 0.736370
vt 0.871684 0.735476
vt 0.909444 0.735476
vt 0.911602 0.736370
vt 0.869593 0.779637
vt 0.868672 0.779300
vt 0.868676 0.735521
vt 0.913606 0.776510
vt 0.913606 0.738308
vt 0.912451 0.779297
vt 0.909665 0.780451
vt 0.871463 0.780451
vt 0.871463 0.734367
vt 0.909665 0.734367
vt 0.912451 0.735521
vt 0.869590 0.780479
vt 0.868724 0.780068
vt 0.909826 0.781263
vt 0.913073 0.779918
vt 0.871301 0.781263
vt 0.871301 0.733555
vt 0.868055 0.734899
vt 0.909826 0.733555
vt 0.913073 0.734899
vt 0.965118 0.437896
vt 0.965118 0.475656
vt 0.964224 0.477815
vt 0.962066 0.478709
vt 0.924305 0.478709
vt 0.922147 0.477815
vt 0.921253 0.475656
vt 0.921253 0.437896
vt 0.922147 0.435738
vt 0.924305 0.434844
vt 0.962066 0.434844
vt 0.964224 0.435738
vt 0.966227 0.475877
vt 0.966227 0.437675
vt 0.965073 0.478664
vt 0.962287 0.479818
vt 0.924085 0.479818
vt 0.921298 0.478664
vt 0.920144 0.475877
vt 0.920144 0.437675
vt 0.921298 0.434888
vt 0.924085 0.433734
vt 0.962287 0.433734
vt 0.965073 0.434888
vt 0.962448 0.480630
vt 0.965695 0.479285
vt 0.923923 0.480630
vt 0.920676 0.479285
vt 0.923923 0.432922
vt 0.920676 0.434267
vt 0.962448 0.432922
vt 0.965695 0.434267
vt 0.996898 0.489596
vt 0.996898 0.527356
vt 0.996005 0.529514
vt 0.993846 0.530408
vt 0.956086 0.530408
vt 0.953927 0.529514
vt 0.953034 0.527356
vt 0.953034 0.489596
vt 0.953927 0.487437
vt 0.956086 0.486543
vt 0.993846 0.486543
vt 0.996005 0.487437
vt 0.998008 0.527577
vt 0.998008 0.489375
vt 0.996854 0.530364
vt 0.994067 0.531518
vt 0.955865 0.531518
vt 0.953078 0.530364
vt 0.951924 0.527577
vt 0.951924 0.489375
vt 0.953078 0.486588
vt 0.955865 0.485434
vt 0.994067 0.485434
vt 0.996854 0.486588
vt 0.994229 0.532330
vt 0.997475 0.530985
vt 0.955703 0.532330
vt 0.952457 0.530985
vt 0.955703 0.484622
vt 0.952457 0.485967
vt 0.994229 0.484622
vt 0.997475 0.485967
vt 0.944679 0.790228
vt 0.944679 0.827989
vt 0.943785 0.830147
vt 0.941627 0.831041
vt 0.903866 0.831041
vt 0.901708 0.830147
vt 0.900814 0.827989
vt 0.900814 0.790228
vt 0.901708 0.788070
vt 0.903866 0.787176
vt 0.941627 0.787176
vt 0.943785 0.788070
vt 0.945789 0.828210
vt 0.945789 0.790008
vt 0.944634 0.830996
vt 0.941848 0.832151
vt 0.903646 0.832151
vt 0.900859 0.830996
vt 0.899705 0.828210
vt 0.899705 0.790008
vt 0.900859 0.787221
vt 0.903646 0.786067
vt 0.941848 0.786067
vt 0.944634 0.787221
vt 0.942009 0.832963
vt 0.945256 0.831618
vt 0.903484 0.832963
vt 0.900237 0.831618
vt 0.903484 0.785254
vt 0.900237 0.786599
vt 0.942009 0.785254
vt 0.945256 0.786599
vt 0.846744 0.213462
vt 0.844134 0.212381
vt 0.844134 0.003066
vt 0.846744 0.001985
vt 0.876274 0.001985
vt 0.876274 0.213462
vt 0.878883 0.212381
vt 0.878883 0.003066
vt 0.919811 0.212381
vt 0.917201 0.213462
vt 0.917201 0.001985
vt 0.919811 0.003066
vt 0.887672 0.213462
vt 0.887672 0.001985
vt 0.885062 0.212381
vt 0.885062 0.003066
vt 0.924985 0.428930
vt 0.922375 0.427849
vt 0.922375 0.218534
vt 0.924985 0.217453
vt 0.954514 0.217453
vt 0.954514 0.428930
vt 0.957124 0.427849
vt 0.957124 0.218534
vt 0.916240 0.427849
vt 0.913630 0.428930
vt 0.913630 0.217453
vt 0.916240 0.218534
vt 0.884100 0.428930
vt 0.884100 0.217453
vt 0.881491 0.427849
vt 0.881491 0.218534
vt 0.843216 0.729563
vt 0.840607 0.728482
vt 0.840607 0.519167
vt 0.843216 0.518086
vt 0.872746 0.518086
vt 0.872746 0.729563
vt 0.875355 0.728482
vt 0.875355 0.519167
vt 0.834471 0.728482
vt 0.831861 0.729563
vt 0.831861 0.518086
vt 0.834471 0.519167
vt 0.802332 0.729563
vt 0.802332 0.518086
vt 0.799722 0.728482
vt 0.799722 0.519167
vt 0.426656 0.514095
vt 0.426576 0.512587
vt 0.465219 0.512587
vt 0.465139 0.514095
vt 0.423470 0.514095
vt 0.423161 0.512587
vt 0.426576 0.003094
vt 0.465219 0.003094
vt 0.468634 0.512587
vt 0.468325 0.514095
vt 0.423161 0.003094
vt 0.426635 0.001985
vt 0.465160 0.001985
vt 0.468634 0.003094
vt 0.423388 0.001985
vt 0.468407 0.001985
vt 0.479198 0.003492
vt 0.479278 0.001985
vt 0.517761 0.001985
vt 0.517841 0.003492
vt 0.475782 0.003492
vt 0.476091 0.001985
vt 0.520947 0.001985
vt 0.521256 0.003492
vt 0.479198 0.512985
vt 0.517841 0.512985
vt 0.475782 0.512985
vt 0.521256 0.512985
vt 0.479257 0.514095
vt 0.517782 0.514095
vt 0.476010 0.514095
vt 0.521029 0.514095
vt 0.531900 0.514095
vt 0.531819 0.512587
vt 0.570463 0.512587
vt 0.570382 0.514095
vt 0.528713 0.514095
vt 0.528404 0.512587
vt 0.531819 0.003094
vt 0.570463 0.003094
vt 0.573878 0.512587
vt 0.573569 0.514095
vt 0.528404 0.003094
vt 0.531878 0.001985
vt 0.570404 0.001985
vt 0.573878 0.003094
vt 0.528632 0.001985
vt 0.573650 0.001985
vt 0.584441 0.003492
vt 0.584521 0.001985
vt 0.623004 0.001985
vt 0.623084 0.003492
vt 0.581026 0.003492
vt 0.581335 0.001985
vt 0.626191 0.001985
vt 0.626500 0.003492
vt 0.584441 0.512985
vt 0.623084 0.512985
vt 0.581026 0.512985
vt 0.626500 0.512985
vt 0.584500 0.514095
vt 0.623025 0.514095
vt 0.581253 0.514095
vt 0.626272 0.514095
vt 0.636834 0.514095
vt 0.636754 0.512587
vt 0.675397 0.512587
vt 0.675317 0.514095
vt 0.633648 0.514095
vt 0.634908 0.512587
vt 0.636754 0.003094
vt 0.675397 0.003094
vt 0.678812 0.512587
vt 0.678503 0.514095
vt 0.633981 0.512587
vt 0.634952 0.003157
vt 0.636813 0.001985
vt 0.675338 0.001985
vt 0.678812 0.003094
vt 0.635101 0.001996
vt 0.678585 0.001985
vt 0.633999 0.003180
vt 0.634235 0.002157
vt 0.689684 0.003492
vt 0.689765 0.001985
vt 0.728247 0.001985
vt 0.728328 0.003492
vt 0.686269 0.003492
vt 0.686578 0.001985
vt 0.731434 0.001985
vt 0.731743 0.003492
vt 0.689684 0.512985
vt 0.728328 0.512985
vt 0.686269 0.512985
vt 0.731743 0.512985
vt 0.689743 0.514095
vt 0.728269 0.514095
vt 0.686497 0.514095
vt 0.731515 0.514095
vt 0.742386 0.514095
vt 0.742306 0.512587
vt 0.780949 0.512587
vt 0.780869 0.514095
vt 0.739200 0.514095
vt 0.738891 0.512587
vt 0.742306 0.003094
vt 0.780949 0.003094
vt 0.784365 0.512587
vt 0.784056 0.514095
vt 0.738891 0.003094
vt 0.742365 0.001985
vt 0.780890 0.001985
vt 0.784365 0.003094
vt 0.739118 0.001985
vt 0.784137 0.001985
vt 0.794928 0.003492
vt 0.795008 0.001985
vt 0.833491 0.001985
vt 0.833571 0.003492
vt 0.791513 0.003492
vt 0.791822 0.001985
vt 0.836677 0.001985
vt 0.836986 0.003492
vt 0.794928 0.512985
vt 0.833571 0.512985
vt 0.791513 0.512985
vt 0.836986 0.512985
vt 0.794987 0.514095
vt 0.833512 0.514095
vt 0.791740 0.514095
vt 0.836759 0.514095
vn 0.000000 -0.026171 0.999658
vn 0.000000 -0.382680 0.923881
vn 0.000000 -0.382680 0.923881
vn 0.000000 -0.026171 0.999658
vn 0.000000 -0.923879 0.382685
vn -0.007620 -0.999942 0.007620
vn 0.007620 -0.999942 0.007620
vn 0.000000 -0.923879 0.382685
vn -0.007620 0.999942 0.007620
vn 0.000000 0.923879 0.382685
vn 0.000000 0.923879 0.382685
vn 0.007620 0.999942 0.007620
vn 0.000000 0.382680 0.923881
vn 0.000000 0.026170 0.999658
vn 0.000000 0.026171 0.999658
vn 0.000000 0.382680 0.923881
vn -0.007620 -0.999942 -0.007620
vn 0.000000 -0.923880 -0.382683
vn 0.000000 -0.923880 -0.382683
vn 0.007620 -0.999942 -0.007620
vn 0.000000 -0.382675 -0.923883
vn 0.000000 -0.026170 -0.999658
vn 0.000000 -0.026171 -0.999658
vn 0.000000 -0.382675 -0.923883
vn 0.007620 0.999942 -0.007620
vn -0.007620 0.999942 -0.007620
vn 0.000000 0.026170 -0.999658
vn 0.000000 0.026170 -0.999658
vn 0.999658 -0.026170 0.000000
vn 0.999658 -0.026170 0.000000
vn 0.999658 0.026170 0.000000
vn 0.999658 0.026170 0.000000
vn -0.999658 -0.026170 0.000000
vn -0.999658 -0.026170 0.000000
vn -0.999658 0.026170 0.000000
vn -0.999658 0.026170 0.000000
vn 0.382682 0.923880 0.000000
vn 0.382682 0.923880 0.000000
vn 0.923881 0.382679 0.000000
vn 0.923882 0.382679 0.000000
vn -0.923882 0.382679 0.000000
vn -0.923881 0.382679 0.000000
vn -0.382689 0.923877 0.000000
vn -0.382689 0.923877 0.000000
vn 0.000000 0.382675 -0.923883
vn 0.000000 0.382675 -0.923883
vn 0.000000 0.923880 -0.382683
vn 0.000000 0.923880 -0.382683
vn -0.382678 -0.923882 0.000000
vn -0.382678 -0.923882 0.000000
vn -0.923883 -0.382674 0.000000
vn -0.923883 -0.382674 0.000000
vn 0.923883 -0.382674 0.000000
vn 0.923883 -0.382674 0.000000
vn 0.382672 -0.923884 0.000000
vn 0.382672 -0.923884 0.000000
vn 0.000000 -0.026170 0.999658
vn 0.000000 -0.382684 0.923879
vn 0.000000 -0.382684 0.923880
vn 0.000000 -0.026171 0.999658
vn 0.000000 -0.923879 0.382685
vn -0.007620 -0.999942 0.007620
vn 0.007620 -0.999942 0.007620
vn 0.000000 -0.923879 0.382685
vn -0.007620 0.999942 0.007620
vn 0.000000 0.923879 0.382685
vn 0.000000 0.923879 0.382685
vn 0.007620 0.999942 0.007620
vn 0.000000 0.382684 0.923880
vn 0.000000 0.026170 0.999658
vn 0.000000 0.026171 0.999658
vn 0.000000 0.382684 0.923880
vn -0.007620 -0.999942 -0.007620
vn 0.000000 -0.923880 -0.382683
vn 0.000000 -0.923880 -0.382683
vn 0.007620 -0.999942 -0.007620
vn 0.000000 -0.382678 -0.923882
vn 0.000000 -0.026170 -0.999658
vn 0.000000 -0.026170 -0.999658
vn 0.000000 -0.382678 -0.923882
vn 0.000000 -0.026171 0.999658
vn 0.000000 -0.382687 0.923878
vn 0.000000 -0.382687 0.923878
vn 0.000000 -0.026171 0.999658
vn 0.000000 -0.923879 0.382685
vn -0.007620 -0.999942 0.007620
vn 0.007620 -0.999942 0.007620
vn 0.000000 -0.923879 0.382685
vn -0.007620 0.999942 0.007620
vn 0.000000 0.923879 0.382685
vn 0.000000 0.923879 0.382685
vn 0.007620 0.999942 0.007620
vn 0.000000 0.382687 0.923878
vn 0.000000 0.026171 0.999658
vn 0.000000 0.026171 0.999658
vn 0.000000 0.382687 0.923878
vn -0.007620 -0.999942 -0.007620
vn 0.000000 -0.923880 -0.382683
vn 0.000000 -0.923880 -0.382683
vn 0.007620 -0.999942 -0.007620
vn 0.000000 -0.382681 -0.923880
vn 0.000000 -0.026170 -0.999658
vn 0.000000 -0.026171 -0.999658
vn 0.000000 -0.382681 -0.923880
vn 0.007620 0.999942 -0.007620
vn -0.007620 0.999942 -0.007620
vn 0.000000 0.026170 -0.999658
vn 0.000000 0.026170 -0.999658
vn 0.999658 -0.026170 0.000000
vn 0.999658 -0.026170 0.000000
vn 0.999658 0.026170 0.000000
vn 0.999658 0.026170 0.000000
vn -0.999658 -0.026170 0.000000
vn -0.999658 -0.026170 0.000000
vn -0.999658 0.026170 0.000000
vn -0.999658 0.026170 0.000000
vn 0.007620 0.999942 -0.007620
vn -0.007620 0.999942 -0.007620
vn 0.000000 0.026170 -0.999658
vn 0.000000 0.026171 -0.999658
vn 0.999658 -0.026170 0.000000
vn 0.999658 -0.026170 0.000000
vn 0.999658 0.026170 0.000000
vn 0.999658 0.026170 0.000000
vn -0.999658 -0.026170 0.000000
vn -0.999658 -0.026170 0.000000
vn -0.999658 0.026170 0.000000
vn -0.999658 0.026170 0.000000
vn 0.382672 0.923884 0.000000
vn 0.382672 0.923884 0.000000
vn 0.923883 0.382674 0.000000
vn 0.923883 0.382674 0.000000
vn -0.923883 0.382674 0.000000
vn -0.923883 0.382674 0.000000
vn -0.382678 0.923882 0.000000
vn -0.382678 0.923882 0.000000
vn 0.000000 0.382678 -0.923882
vn 0.000000 0.382678 -0.923882
vn 0.000000 0.923880 -0.382683
vn 0.000000 0.923880 -0.382683
vn -0.382678 -0.923882 0.000000
vn -0.382678 -0.923882 0.000000
vn -0.923883 -0.382674 0.000000
vn -0.923883 -0.382674 0.000000
vn 0.923883 -0.382674 0.000000
vn 0.923883 -0.382674 0.000000
vn 0.382672 -0.923884 0.000000
vn 0.382672 -0.923884 0.000000
vn 0.382677 0.923882 0.000000
vn 0.382677 0.923882 0.000000
vn 0.923882 0.382677 0.000000
vn 0.923882 0.382677 0.000000
vn -0.923882 0.382677 0.000000
vn -0.923882 0.382677 0.000000
vn -0.382683 0.923880 0.000000
vn -0.382683 0.923880 0.000000
vn 0.000000 0.382681 -0.923880
vn 0.000000 0.382681 -0.923880
vn 0.000000 0.923880 -0.382683
vn 0.000000 0.923880 -0.382683
vn -0.382683 -0.923880 0.000000
vn -0.382683 -0.923880 0.000000
vn -0.923882 -0.382677 0.000000
vn -0.923882 -0.382677 0.000000
vn 0.923882 -0.382677 0.000000
vn 0.923882 -0.382677 0.000000
vn 0.382677 -0.923882 0.000000
vn 0.382677 -0.923882 0.000000
vn -0.999435 0.000765 0.033613
vn -0.965030 0.260238 0.031518
vn -0.965030 0.260238 -0.031518
vn -0.999435 0.000765 -0.033613
vn -0.704918 0.708996 0.020399
vn -0.704918 0.708996 0.020400
vn -0.704917 0.708997 -0.020399
vn -0.704917 0.708997 -0.020399
vn -0.257753 0.966194 0.005714
vn -0.005670 0.999984 0.000126
vn -0.005670 0.999984 -0.000125
vn -0.257753 0.966194 -0.005715
vn -0.000126 0.999984 0.005671
vn -0.005715 0.966191 0.257763
vn 0.005715 0.966192 0.257762
vn 0.000126 0.999984 0.005671
vn -0.020401 0.708964 0.704950
vn -0.027277 0.485362 0.873888
vn 0.027277 0.485358 0.873890
vn 0.020399 0.708963 0.704951
vn -0.033613 0.000765 0.999435
vn 0.033613 0.000765 0.999435
vn 0.005670 0.999984 0.000126
vn 0.257748 0.966195 0.005715
vn 0.257748 0.966195 -0.005714
vn 0.005670 0.999984 -0.000125
vn 0.704927 0.708987 0.020400
vn 0.704927 0.708987 0.020400
vn 0.704927 0.708986 -0.020400
vn 0.704927 0.708986 -0.020400
vn 0.965025 0.260255 0.031517
vn 0.999435 0.000765 0.033613
vn 0.999435 0.000765 -0.033613
vn 0.965025 0.260255 -0.031517
vn -0.033614 0.000765 -0.999435
vn -0.027276 0.485362 -0.873888
vn 0.027277 0.485359 -0.873890
vn 0.033614 0.000765 -0.999435
vn -0.020400 0.708964 -0.704950
vn 0.020399 0.708964 -0.704949
vn -0.005715 0.966192 -0.257762
vn -0.000126 0.999984 -0.005670
vn 0.000126 0.999984 -0.005670
vn 0.005715 0.966192 -0.257760
vn -0.999435 0.000765 0.033613
vn -0.965031 0.260236 0.031518
vn -0.965030 0.260238 -0.031517
vn -0.999435 0.000765 -0.033613
vn -0.704916 0.708997 0.020399
vn -0.704916 0.708997 0.020399
vn -0.704917 0.708997 -0.020399
vn -0.704917 0.708997 -0.020400
vn -0.257753 0.966194 0.005714
vn -0.005670 0.999984 0.000126
vn -0.005670 0.999984 -0.000125
vn -0.257753 0.966194 -0.005715
vn -0.000126 0.999984 0.005672
vn -0.005715 0.966180 0.257805
vn 0.005715 0.966181 0.257803
vn 0.000126 0.999984 0.005672
vn -0.020400 0.708970 0.704944
vn -0.027277 0.485377 0.873880
vn 0.027277 0.485377 0.873879
vn 0.020400 0.708970 0.704943
vn -0.033612 0.000765 0.999435
vn 0.033612 0.000765 0.999435
vn 0.005670 0.999984 0.000126
vn 0.257754 0.966194 0.005715
vn 0.257754 0.966194 -0.005714
vn 0.005670 0.999984 -0.000125
vn 0.704937 0.708977 0.020400
vn 0.704937 0.708977 0.020400
vn 0.704936 0.708977 -0.020400
vn 0.704937 0.708977 -0.020399
vn 0.965030 0.260238 0.031517
vn 0.999435 0.000765 0.033613
vn 0.999435 0.000765 -0.033613
vn 0.965030 0.260238 -0.031518
vn -0.033613 0.000765 -0.999435
vn -0.027277 0.485381 -0.873877
vn 0.027277 0.485381 -0.873877
vn 0.033613 0.000765 -0.999435
vn -0.014430 0.850320 -0.526068
vn 0.014430 0.850320 -0.526068
vn -0.000126 0.999984 -0.005671
vn 0.000126 0.999984 -0.005671
vn -0.999825 0.000780 0.018686
vn -0.965304 0.259977 0.024492
vn -0.965020 0.260273 -0.031517
vn -0.999435 0.000766 -0.033613
vn -0.704937 0.708977 0.020402
vn -0.704937 0.708977 0.020401
vn -0.704936 0.708977 -0.020399
vn -0.704936 0.708977 -0.020400
vn -0.257748 0.966195 0.005714
vn -0.005670 0.999984 0.000126
vn -0.005670 0.999984 -0.000125
vn -0.257748 0.966195 -0.005714
vn -0.000126 0.999984 0.005671
vn -0.014431 0.850329 0.526053
vn 0.014429 0.850331 0.526050
vn 0.000126 0.999984 0.005671
vn -0.023367 0.487470 0.872827
vn 0.020399 0.708974 0.704940
vn -0.018687 0.000780 0.999825
vn 0.033613 0.000765 0.999435
vn 0.031515 0.260239 0.965030
vn 0.005670 0.999984 0.000126
vn 0.257747 0.966195 0.005715
vn 0.257747 0.966195 -0.005715
vn 0.005670 0.999984 -0.000125
vn 0.704947 0.708966 0.020400
vn 0.873876 0.485383 0.027279
vn 0.873876 0.485382 -0.027279
vn 0.704947 0.708966 -0.020400
vn 0.999435 0.000766 0.033615
vn 0.999435 0.000766 -0.033615
vn -0.033613 0.000765 -0.999435
vn -0.027276 0.485370 -0.873883
vn 0.031515 0.260239 -0.965030
vn 0.033613 0.000765 -0.999435
vn -0.014431 0.850329 -0.526053
vn 0.014429 0.850331 -0.526050
vn 0.020400 0.708975 -0.704939
vn -0.000126 0.999984 -0.005670
vn 0.000126 0.999984 -0.005670
vn -0.999435 0.000765 0.033613
vn -0.965025 0.260256 0.031517
vn -0.965026 0.260254 -0.031517
vn -0.999435 0.000765 -0.033613
vn -0.704937 0.708976 0.020400
vn -0.704938 0.708976 0.020400
vn -0.704937 0.708977 -0.020400
vn -0.704937 0.708977 -0.020400
vn -0.257749 0.966195 0.005714
vn -0.005670 0.999984 0.000126
vn -0.005670 0.999984 -0.000125
vn -0.257749 0.966195 -0.005715
vn -0.000126 0.999984 0.005671
vn -0.005715 0.966191 0.257766
vn 0.005715 0.966191 0.257765
vn 0.000126 0.999984 0.005671
vn -0.020400 0.708970 0.704944
vn -0.027276 0.485366 0.873886
vn 0.027277 0.485363 0.873887
vn 0.020399 0.708968 0.704945
vn -0.033612 0.000765 0.999435
vn 0.033612 0.000765 0.999435
vn 0.005670 0.999984 0.000126
vn 0.257748 0.966195 0.005715
vn 0.257748 0.966195 -0.005715
vn 0.005670 0.999984 -0.000125
vn 0.704948 0.708966 0.020400
vn 0.873877 0.485382 0.027279
vn 0.873877 0.485382 -0.027279
vn 0.704948 0.708966 -0.020400
vn 0.999435 0.000766 0.033615
vn 0.999435 0.000766 -0.033615
vn -0.033613 0.000765 -0.999435
vn -0.027277 0.485362 -0.873888
vn 0.027278 0.485360 -0.873889
vn 0.033613 0.000765 -0.999435
vn -0.020400 0.708964 -0.704950
vn 0.014430 0.850331 -0.526051
vn -0.005715 0.966192 -0.257761
vn -0.000126 0.999984 -0.005670
vn 0.000126 0.999984 -0.005670
vn 0.000565 1.000000 -0.000565
vn -0.000565 1.000000 -0.000565
vn -0.000565 1.000000 0.000566
vn 0.000565 1.000000 0.000566
vn 0.000565 1.000000 -0.000565
vn -0.000565 1.000000 -0.000565
vn -0.000565 1.000000 0.000566
vn 0.000565 1.000000 0.000566
vn 0.000565 1.000000 -0.000565
vn -0.000565 1.000000 -0.000565
vn -0.000565 1.000000 0.000566
vn 0.000565 1.000000 0.000566
vn 0.000565 1.000000 -0.000565
vn -0.000565 1.000000 -0.000565
vn -0.000565 1.000000 0.000566
vn 0.000565 1.000000 0.000566
vn -0.923878 0.000712 0.382686
vn -0.892396 0.258829 0.369644
vn -0.169920 0.970696 0.169931
vn -0.653293 0.707092 0.270611
vn -0.653293 0.707092 0.270611
vn -0.169914 0.970698 -0.169925
vn -0.892396 0.258829 -0.369644
vn -0.923878 0.000712 -0.382686
vn -0.653282 0.707105 -0.270603
vn -0.653282 0.707105 -0.270603
vn 0.382688 0.000712 0.923877
vn 0.341154 0.453051 0.823626
vn 0.169916 0.970698 0.169924
vn 0.270603 0.707097 0.653291
vn 0.169913 0.970702 -0.169905
vn 0.341155 0.453055 -0.823623
vn 0.382698 0.000712 -0.923873
vn 0.270601 0.707114 -0.653273
vn -0.923878 0.000712 0.382686
vn -0.892402 0.258803 0.369649
vn -0.169916 0.970696 0.169933
vn -0.653279 0.707107 0.270603
vn -0.653279 0.707107 0.270603
vn -0.169915 0.970698 -0.169926
vn -0.892395 0.258831 -0.369646
vn -0.923878 0.000712 -0.382686
vn -0.653284 0.707103 -0.270602
vn -0.653284 0.707103 -0.270602
vn 0.382684 0.000712 0.923879
vn 0.341156 0.453059 0.823620
vn 0.169918 0.970697 0.169928
vn 0.270607 0.707109 0.653276
vn 0.169918 0.970696 -0.169932
vn 0.341157 0.453055 -0.823622
vn 0.382688 0.000712 -0.923877
vn 0.270605 0.707113 -0.653272
vn -0.905191 0.001081 0.425003
vn -0.523231 0.478711 0.705028
vn -0.169917 0.970697 0.169931
vn -0.653281 0.707102 0.270612
vn -0.653281 0.707102 0.270612
vn -0.169917 0.970698 -0.169926
vn -0.892403 0.258801 -0.369647
vn -0.923878 0.000712 -0.382686
vn -0.653274 0.707113 -0.270599
vn -0.653274 0.707113 -0.270599
vn 0.382688 0.000712 0.923877
vn 0.369640 0.258812 0.892403
vn 0.230813 0.870128 0.435434
vn 0.270592 0.707105 0.653286
vn 0.230814 0.870130 -0.435429
vn 0.369640 0.258812 -0.892403
vn 0.382688 0.000712 -0.923877
vn 0.270599 0.707118 -0.653269
vn -0.923878 0.000712 0.382686
vn -0.892398 0.258817 0.369648
vn -0.169918 0.970696 0.169935
vn -0.653279 0.707107 0.270603
vn -0.653279 0.707107 0.270603
vn -0.169919 0.970697 -0.169927
vn -0.892403 0.258801 -0.369647
vn -0.923878 0.000712 -0.382686
vn -0.653272 0.707115 -0.270600
vn -0.653271 0.707115 -0.270600
vn 0.382684 0.000712 0.923879
vn 0.341152 0.453054 0.823625
vn 0.169918 0.970697 0.169924
vn 0.270597 0.707102 0.653288
vn 0.230820 0.870133 -0.435421
vn 0.369640 0.258812 -0.892403
vn 0.382688 0.000712 -0.923877
vn 0.270610 0.707120 -0.653262
vn -0.341159 0.453053 0.823622
vn -0.382688 0.000712 0.923877
vn -0.270612 0.707104 0.653279
vn 0.892403 0.258801 0.369647
vn 0.923878 0.000712 0.382686
vn 0.653277 0.707109 0.270604
vn 0.653277 0.707109 0.270604
vn -0.341154 0.453059 -0.823621
vn -0.270603 0.707110 -0.653277
vn -0.382698 0.000712 -0.923873
vn 0.653282 0.707105 -0.270603
vn 0.653282 0.707105 -0.270603
vn 0.923878 0.000712 -0.382686
vn 0.892403 0.258801 -0.369647
vn -0.341157 0.453054 0.823623
vn -0.382684 0.000712 0.923879
vn -0.270608 0.707105 0.653280
vn 0.892395 0.258831 0.369646
vn 0.923878 0.000712 0.382686
vn 0.653279 0.707107 0.270603
vn 0.653279 0.707107 0.270603
vn -0.341156 0.453059 -0.823620
vn -0.270607 0.707109 -0.653276
vn -0.382688 0.000712 -0.923877
vn 0.653276 0.707111 -0.270599
vn 0.653276 0.707111 -0.270599
vn 0.923878 0.000712 -0.382686
vn 0.892395 0.258831 -0.369646
vn -0.425006 0.001081 0.905190
vn -0.270616 0.707115 0.653266
vn 0.823612 0.453067 0.341165
vn 0.923872 0.000712 0.382702
vn 0.653282 0.707105 0.270603
vn -0.341155 0.453056 -0.823622
vn -0.270601 0.707114 -0.653273
vn -0.382688 0.000712 -0.923877
vn 0.823614 0.453065 -0.341164
vn 0.653282 0.707105 -0.270603
vn 0.923872 0.000712 -0.382702
vn -0.341156 0.453057 0.823621
vn -0.382684 0.000712 0.923879
vn -0.270603 0.707117 0.653268
vn 0.823616 0.453059 0.341166
vn 0.923872 0.000712 0.382702
vn 0.653292 0.707094 0.270605
vn -0.341157 0.453052 -0.823623
vn -0.270607 0.707109 -0.653276
vn -0.382688 0.000712 -0.923877
vn 0.823616 0.453059 -0.341166
vn 0.653287 0.707098 -0.270607
vn 0.923872 0.000712 -0.382702
vn -0.999832 -0.000568 0.018308
vn -0.873707 -0.486147 0.017268
vn -0.779763 -0.500988 0.375474
vn -0.905547 -0.000610 0.424245
vn -0.706276 -0.707790 0.014385
vn -0.665025 -0.668036 0.333871
vn -0.258323 -0.966046 0.004904
vn -0.003858 -0.999993 0.000073
vn -0.000321 -1.000000 0.000321
vn -0.251746 -0.959237 0.128404
vn -0.793881 -0.000612 0.608073
vn -0.793360 0.000125 0.608753
vn -0.608069 -0.000612 0.793884
vn -0.608748 0.000125 0.793364
vn -0.424249 -0.000610 0.905545
vn 0.003966 -0.999992 -0.000100
vn 0.003966 -0.999992 0.000100
vn 0.000449 -1.000000 0.000449
vn 0.000100 -0.999992 0.003966
vn -0.000100 -0.999992 0.003966
vn -0.000449 -1.000000 0.000449
vn -0.003966 -0.999992 0.000100
vn -0.003966 -0.999992 -0.000100
vn -0.000449 -1.000000 -0.000449
vn -0.000100 -0.999992 -0.003966
vn 0.000100 -0.999992 -0.003966
vn 0.000449 -1.000000 -0.000449
vn 0.003966 -0.999992 -0.000100
vn 0.003966 -0.999992 0.000100
vn 0.000449 -1.000000 0.000449
vn 0.000100 -0.999992 0.003966
vn -0.000100 -0.999992 0.003966
vn -0.000449 -1.000000 0.000449
vn -0.003966 -0.999992 0.000100
vn -0.003966 -0.999992 -0.000100
vn -0.000449 -1.000000 -0.000449
vn -0.000100 -0.999992 -0.003966
vn 0.000100 -0.999992 -0.003966
vn 0.000449 -1.000000 -0.000449
vn 0.003966 -0.999992 -0.000100
vn 0.003966 -0.999992 0.000100
vn 0.000449 -1.000000 0.000449
vn 0.000100 -0.999992 0.003966
vn -0.000073 -0.999993 0.003859
vn -0.003966 -0.999992 -0.000100
vn -0.000449 -1.000000 -0.000449
vn -0.000100 -0.999992 -0.003966
vn 0.000100 -0.999992 -0.003966
vn 0.000449 -1.000000 -0.000449
vn 0.003966 -0.999992 -0.000100
vn 0.003966 -0.999992 0.000100
vn 0.000449 -1.000000 0.000449
vn 0.000100 -0.999992 0.003966
vn -0.000100 -0.999992 0.003966
vn -0.000449 -1.000000 0.000449
vn -0.003966 -0.999992 0.000100
vn -0.003966 -0.999992 -0.000100
vn -0.000449 -1.000000 -0.000449
vn -0.000100 -0.999992 -0.003966
vn 0.000100 -0.999992 -0.003966
vn 0.000449 -1.000000 -0.000449
vn -0.033614 -0.000565 0.999435
vn 0.033614 -0.000565 0.999435
vn -0.033615 -0.000565 -0.999435
vn 0.033615 -0.000565 -0.999435
vn 0.999435 -0.000565 0.033614
vn 0.999435 -0.000565 -0.033614
vn -0.999435 -0.000565 -0.033614
vn -0.999435 -0.000565 0.033614
vn -0.033614 -0.000565 0.999435
vn 0.033614 -0.000565 0.999435
vn -0.033614 -0.000565 -0.999435
vn 0.033614 -0.000565 -0.999435
vn 0.999435 -0.000565 0.033614
vn 0.999435 -0.000565 -0.033614
vn -0.999435 -0.000565 -0.033614
vn -0.999435 -0.000565 0.033614
vn -0.018308 -0.000568 0.999832
vn 0.033614 -0.000565 0.999435
vn -0.033614 -0.000565 -0.999435
vn 0.033614 -0.000565 -0.999435
vn 0.999435 -0.000565 0.033616
vn 0.999435 -0.000565 -0.033616
vn -0.999435 -0.000565 -0.033614
vn -0.033614 -0.000565 0.999435
vn 0.033614 -0.000565 0.999435
vn -0.033614 -0.000565 -0.999435
vn 0.033614 -0.000565 -0.999435
vn 0.999435 -0.000565 0.033616
vn 0.999435 -0.000565 -0.033616
vn -0.999435 -0.000565 -0.033614
vn -0.999435 -0.000565 0.033614
vn -0.923879 -0.000529 0.382686
vn -0.382688 -0.000529 0.923877
vn 0.382688 -0.000529 0.923877
vn 0.923879 -0.000529 0.382686
vn -0.923879 -0.000529 -0.382686
vn -0.382698 -0.000529 -0.923873
vn 0.382698 -0.000529 -0.923873
vn 0.923879 -0.000529 -0.382686
vn -0.923879 -0.000529 0.382686
vn -0.382684 -0.000529 0.923879
vn 0.382684 -0.000529 0.923879
vn 0.923879 -0.000529 0.382686
vn -0.923879 -0.000529 -0.382686
vn -0.382688 -0.000529 -0.923877
vn 0.382688 -0.000529 -0.923877
vn 0.923878 -0.000529 -0.382686
vn 0.382688 -0.000529 0.923877
vn 0.923872 -0.000529 0.382702
vn -0.923879 -0.000529 -0.382686
vn -0.382688 -0.000529 -0.923877
vn 0.382688 -0.000529 -0.923877
vn 0.923872 -0.000529 -0.382702
vn -0.923879 -0.000529 0.382686
vn -0.382684 -0.000529 0.923879
vn 0.382684 -0.000529 0.923879
vn 0.923872 -0.000529 0.382702
vn -0.923879 -0.000529 -0.382686
vn -0.382688 -0.000529 -0.923877
vn 0.382688 -0.000529 -0.923877
vn 0.923872 -0.000529 -0.382702
vn -0.031766 -0.260258 0.965016
vn -0.369649 -0.258805 0.892401
vn -0.015277 -0.851016 0.524918
vn -0.381666 -0.841818 0.381672
vn -0.021284 -0.709072 0.704815
vn -0.270597 -0.707121 0.653267
vn 0.031766 -0.260259 0.965016
vn 0.015277 -0.851016 0.524918
vn 0.021283 -0.709072 0.704815
vn -0.965016 -0.260258 0.031766
vn -0.965016 -0.260258 -0.031766
vn -0.524901 -0.851026 0.015277
vn -0.524902 -0.851026 -0.015277
vn -0.704810 -0.709077 0.021284
vn -0.704810 -0.709077 -0.021284
vn -0.892408 -0.258784 -0.369647
vn -0.381672 -0.841817 -0.381667
vn -0.653255 -0.707135 -0.270590
vn -0.031766 -0.260258 -0.965016
vn 0.031766 -0.260259 -0.965016
vn -0.015277 -0.851015 -0.524919
vn 0.015277 -0.851015 -0.524920
vn -0.021285 -0.709058 -0.704829
vn 0.021285 -0.709058 -0.704829
vn 0.369648 -0.258814 -0.892399
vn 0.381672 -0.841817 -0.381668
vn 0.270607 -0.707119 -0.653265
vn 0.965016 -0.260258 0.031766
vn 0.892408 -0.258784 0.369647
vn 0.524914 -0.851018 0.015277
vn 0.381670 -0.841817 0.381671
vn 0.704810 -0.709077 0.021283
vn 0.653255 -0.707135 0.270587
vn 0.965016 -0.260258 -0.031766
vn 0.524914 -0.851018 -0.015277
vn 0.704810 -0.709077 -0.021283
vn -0.027829 -0.486001 0.873515
vn -0.369643 -0.258815 0.892401
vn -0.015277 -0.851015 0.524919
vn -0.381671 -0.841815 0.381674
vn -0.270593 -0.707114 0.653276
vn 0.027829 -0.486001 0.873515
vn 0.015277 -0.851015 0.524919
vn -0.965016 -0.260258 0.031766
vn -0.965016 -0.260258 -0.031766
vn -0.524903 -0.851025 0.015276
vn -0.524902 -0.851026 -0.015277
vn -0.704810 -0.709077 0.021284
vn -0.704810 -0.709077 -0.021284
vn -0.892407 -0.258786 -0.369648
vn -0.381674 -0.841816 -0.381668
vn -0.653261 -0.707130 -0.270588
vn -0.031767 -0.260259 -0.965016
vn 0.031767 -0.260259 -0.965016
vn -0.015277 -0.851015 -0.524919
vn 0.015277 -0.851015 -0.524919
vn -0.021284 -0.709059 -0.704828
vn 0.021285 -0.709058 -0.704829
vn 0.369657 -0.258804 -0.892398
vn 0.381671 -0.841817 -0.381670
vn 0.270604 -0.707112 -0.653274
vn 0.965023 -0.260232 0.031766
vn 0.892409 -0.258784 0.369645
vn 0.524910 -0.851021 0.015277
vn 0.381673 -0.841812 0.381677
vn 0.704825 -0.709062 0.021285
vn 0.653271 -0.707119 0.270592
vn 0.965023 -0.260232 -0.031766
vn 0.524909 -0.851021 -0.015276
vn 0.704824 -0.709063 -0.021283
vn -0.017268 -0.486154 0.873703
vn -0.375479 -0.500993 0.779757
vn -0.010516 -0.851409 0.524397
vn -0.128409 -0.959236 0.251750
vn -0.333877 -0.668037 0.665021
vn 0.027827 -0.486005 0.873513
vn 0.015279 -0.851017 0.524916
vn -0.965016 -0.260260 -0.031766
vn -0.524911 -0.851020 -0.015277
vn -0.704825 -0.709062 -0.021284
vn -0.892402 -0.258805 -0.369646
vn -0.381675 -0.841812 -0.381676
vn -0.653271 -0.707119 -0.270592
vn -0.031767 -0.260258 -0.965016
vn 0.027827 -0.485994 -0.873519
vn -0.015277 -0.851014 -0.524920
vn 0.006522 -0.966228 -0.257605
vn -0.021284 -0.709057 -0.704830
vn 0.021287 -0.709056 -0.704830
vn 0.340280 -0.457570 -0.821486
vn 0.423034 -0.876894 -0.228252
vn 0.270608 -0.707099 -0.653286
vn 0.965015 -0.260261 0.031769
vn 0.892388 -0.258821 0.369670
vn 0.524922 -0.851013 0.015279
vn 0.423028 -0.876896 0.228254
vn 0.704824 -0.709063 0.021287
vn 0.653255 -0.707123 0.270619
vn 0.965015 -0.260261 -0.031769
vn 0.524924 -0.851012 -0.015279
vn 0.704825 -0.709062 -0.021286
vn -0.027829 -0.486001 0.873515
vn -0.369643 -0.258815 0.892401
vn -0.015276 -0.851015 0.524919
vn -0.381675 -0.841812 0.381677
vn -0.270593 -0.707114 0.653276
vn 0.027826 -0.486006 0.873513
vn 0.015278 -0.851016 0.524917
vn -0.965016 -0.260259 0.031766
vn -0.965016 -0.260259 -0.031766
vn -0.524913 -0.851019 0.015276
vn -0.524912 -0.851019 -0.015277
vn -0.704840 -0.709047 0.021285
vn -0.704839 -0.709048 -0.021284
vn -0.892404 -0.258803 -0.369643
vn -0.381672 -0.841814 -0.381674
vn -0.653265 -0.707124 -0.270594
vn -0.031766 -0.260258 -0.965016
vn 0.027826 -0.486005 -0.873513
vn -0.015277 -0.851015 -0.524919
vn 0.015279 -0.851017 -0.524916
vn -0.021284 -0.709072 -0.704815
vn 0.340275 -0.457576 -0.821485
vn 0.423032 -0.876894 -0.228254
vn 0.270610 -0.707106 -0.653278
vn 0.965016 -0.260261 0.031769
vn 0.892390 -0.258819 0.369667
vn 0.524921 -0.851014 0.015279
vn 0.423033 -0.876894 0.228255
vn 0.704812 -0.709075 0.021287
vn 0.653265 -0.707112 0.270623
vn 0.965016 -0.260261 -0.031769
vn 0.524921 -0.851014 -0.015279
vn 0.704811 -0.709076 -0.021286
vn -0.892409 -0.258784 0.369645
vn -0.653254 -0.707134 0.270593
vn 0.369648 -0.258814 0.892399
vn 0.270596 -0.707118 0.653270
vn -0.369649 -0.258805 -0.892401
vn -0.270604 -0.707122 -0.653263
vn 0.892409 -0.258784 -0.369645
vn 0.653255 -0.707135 -0.270587
vn -0.892409 -0.258784 0.369645
vn -0.653261 -0.707130 0.270586
vn 0.369643 -0.258815 0.892401
vn 0.270598 -0.707103 0.653286
vn -0.369657 -0.258804 -0.892398
vn -0.270599 -0.707123 -0.653264
vn 0.892407 -0.258786 -0.369648
vn 0.653261 -0.707130 -0.270586
vn 0.340284 -0.457578 0.821480
vn 0.270617 -0.707110 0.653270
vn -0.369657 -0.258804 -0.892398
vn -0.270601 -0.707107 -0.653280
vn 0.892388 -0.258821 -0.369670
vn 0.653266 -0.707114 -0.270618
vn -0.892404 -0.258803 0.369643
vn -0.653282 -0.707108 0.270594
vn 0.340271 -0.457576 0.821487
vn 0.270604 -0.707108 0.653278
vn -0.369649 -0.258805 -0.892401
vn -0.270601 -0.707117 -0.653269
vn 0.892390 -0.258819 -0.369667
vn 0.653260 -0.707119 -0.270620
vn -0.529121 -0.420261 0.737165
vn -0.737178 -0.420253 0.529109
vn -0.552766 -0.623638 0.552743
vn -0.263144 -0.928177 0.263142
s 1
g GroundShelf3
usemtl lambert7SG
f 2800/4585/3186 2799/4586/3187 2802/4587/3188 2801/4588/3189
s 2
f 2799/4278/3190 2798/4279/3191 2803/4280/3192 2802/4281/3193
s 3
f 2806/4286/3194 2805/4287/3195 2808/4288/3196 2807/4289/3197
s 1
f 2805/4591/3198 2804/4590/3199 2809/4589/3200 2808/4592/3201
s 2
f 2818/4283/3202 2817/4282/3203 2820/4285/3204 2819/4284/3205
s 4
f 2817/4593/3206 2816/4594/3207 2821/4595/3208 2820/4596/3209
s 1
f 2800/4585/3186 2801/4588/3189 2809/4589/3200 2804/4590/3199
s 3
f 2806/4286/3194 2807/4289/3197 2813/4293/3210 2810/4290/3211
s 4
f 2812/4597/3212 2815/4598/3213 2821/4595/3208 2816/4594/3207
s 2
f 2818/4283/3202 2819/4284/3205 2803/4280/3192 2798/4279/3191
s 5
f 2801/4029/3214 2821/4030/3215 2815/4031/3216 2809/4032/3217
s 6
f 2816/4037/3218 2800/4038/3219 2804/4039/3220 2812/4040/3221
s 3
f 2807/4289/3197 2808/4288/3222 2814/4292/3223 2813/4293/3210
s 5
f 2808/4035/3224 2809/4032/3217 2815/4031/3216 2814/4036/3225
s 6
f 2804/4039/3220 2805/4043/3226 2811/4044/3227 2812/4040/3221
s 3
f 2805/4287/3228 2806/4286/3194 2810/4290/3211 2811/4291/3229
s 4
f 2812/4597/3212 2811/4599/3230 2814/4600/3231 2815/4598/3213
s 3
f 2811/4291/3232 2810/4290/3211 2813/4293/3210 2814/4292/3233
s 2
f 2798/4279/3191 2799/4278/3234 2817/4282/3235 2818/4283/3202
s 6
f 2799/4041/3236 2800/4038/3219 2816/4037/3218 2817/4042/3237
s 5
f 2801/4029/3214 2802/4033/3238 2820/4034/3239 2821/4030/3215
s 2
f 2802/4281/3240 2803/4280/3192 2819/4284/3205 2820/4285/3241
s 7
f 2824/4601/3242 2823/4602/3243 2826/4603/3244 2825/4604/3245
s 8
f 2823/4294/3246 2822/4295/3247 2827/4296/3248 2826/4297/3249
s 9
f 2830/4302/3250 2829/4303/3251 2832/4304/3252 2831/4305/3253
s 7
f 2829/4607/3254 2828/4606/3255 2833/4605/3256 2832/4608/3257
s 8
f 2842/4299/3258 2841/4298/3259 2844/4301/3260 2843/4300/3261
s 10
f 2841/4609/3262 2840/4610/3263 2845/4611/3264 2844/4612/3265
s 11
f 2848/4617/3266 2847/4618/3267 2850/4619/3268 2849/4620/3269
s 12
f 2847/4310/3270 2846/4311/3271 2851/4312/3272 2850/4313/3273
s 13
f 2854/4318/3274 2853/4319/3275 2856/4320/3276 2855/4321/3277
s 11
f 2853/4623/3278 2852/4622/3279 2857/4621/3280 2856/4624/3281
s 12
f 2866/4315/3282 2865/4314/3283 2868/4317/3284 2867/4316/3285
s 14
f 2865/4625/3286 2864/4626/3287 2869/4627/3288 2868/4628/3289
s 7
f 2824/4601/3242 2825/4604/3245 2833/4605/3256 2828/4606/3255
s 9
f 2830/4302/3250 2831/4305/3253 2837/4309/3290 2834/4306/3291
s 10
f 2836/4613/3292 2839/4614/3293 2845/4611/3264 2840/4610/3263
s 8
f 2842/4299/3258 2843/4300/3261 2827/4296/3248 2822/4295/3247
s 15
f 2825/4045/3294 2845/4046/3295 2839/4047/3296 2833/4048/3297
s 16
f 2840/4053/3298 2824/4054/3299 2828/4055/3300 2836/4056/3301
s 11
f 2848/4617/3266 2849/4620/3269 2857/4621/3280 2852/4622/3279
s 13
f 2854/4318/3274 2855/4321/3277 2861/4325/3302 2858/4322/3303
s 14
f 2860/4629/3304 2863/4630/3305 2869/4627/3288 2864/4626/3287
s 12
f 2866/4315/3282 2867/4316/3285 2851/4312/3272 2846/4311/3271
s 17
f 2849/4061/3306 2869/4062/3307 2863/4063/3308 2857/4064/3309
s 18
f 2864/4069/3310 2848/4070/3311 2852/4071/3312 2860/4072/3313
s 9
f 2831/4305/3253 2832/4304/3314 2838/4308/3315 2837/4309/3290
s 15
f 2832/4051/3316 2833/4048/3297 2839/4047/3296 2838/4052/3317
s 16
f 2828/4055/3300 2829/4059/3318 2835/4060/3319 2836/4056/3301
s 9
f 2829/4303/3320 2830/4302/3250 2834/4306/3291 2835/4307/3321
s 10
f 2836/4613/3292 2835/4615/3322 2838/4616/3323 2839/4614/3293
s 9
f 2835/4307/3324 2834/4306/3291 2837/4309/3290 2838/4308/3325
s 8
f 2822/4295/3247 2823/4294/3326 2841/4298/3327 2842/4299/3258
s 16
f 2823/4057/3328 2824/4054/3299 2840/4053/3298 2841/4058/3329
s 15
f 2825/4045/3294 2826/4049/3330 2844/4050/3331 2845/4046/3295
s 8
f 2826/4297/3332 2827/4296/3248 2843/4300/3261 2844/4301/3333
s 13
f 2855/4321/3277 2856/4320/3334 2862/4324/3335 2861/4325/3302
s 17
f 2856/4067/3336 2857/4064/3309 2863/4063/3308 2862/4068/3337
s 18
f 2852/4071/3312 2853/4075/3338 2859/4076/3339 2860/4072/3313
s 13
f 2853/4319/3340 2854/4318/3274 2858/4322/3303 2859/4323/3341
s 14
f 2860/4629/3304 2859/4631/3342 2862/4632/3343 2863/4630/3305
s 13
f 2859/4323/3344 2858/4322/3303 2861/4325/3302 2862/4324/3345
s 12
f 2846/4311/3271 2847/4310/3346 2865/4314/3347 2866/4315/3282
s 18
f 2847/4073/3348 2848/4070/3311 2864/4069/3310 2865/4074/3349
s 17
f 2849/4061/3306 2850/4065/3350 2868/4066/3351 2869/4062/3307
s 12
f 2850/4313/3352 2851/4312/3272 2867/4316/3285 2868/4317/3353
s 19
f 2873/4077/3354 2872/4078/3355 2875/4079/3356 2874/4080/3357
s 20
f 2872/4078/3358 2871/4083/3359 2876/4084/3360 2875/4079/3361
s 21
f 2871/4326/3362 2870/4327/3363 2877/4328/3364 2876/4329/3365
f 2881/4336/3366 2880/4342/3367 2883/4346/3368 2882/4337/3369
s 23
f 2880/4342/3370 2879/4350/3371 2884/4356/3372 2883/4346/3373
f 2879/4633/3371 2878/4634/3374 2885/4635/3375 2884/4636/3372
s 21
f 2889/4339/3376 2888/4348/3377 2891/4349/3378 2890/4340/3379
s 25
f 2888/4111/3380 2887/4101/3381 2892/4104/3382 2891/4112/3383
s 26
f 2887/4101/3384 2886/4102/3385 2893/4103/3386 2892/4104/3387
s 27
f 2897/4649/3388 2896/4650/3389 2899/4651/3390 2898/4652/3391
f 2896/4354/3389 2895/4345/3392 2900/4343/3393 2899/4352/3390
s 21
f 2895/4345/3394 2894/4334/3395 2901/4333/3396 2900/4343/3397
s 29
f 2905/4125/3398 2904/4126/3399 2907/4127/3400 2906/4128/3401
s 30
f 2904/4126/3402 2903/4131/3403 2908/4132/3404 2907/4127/3405
s 31
f 2903/4358/3406 2902/4359/3407 2909/4360/3408 2908/4361/3409
f 2913/4368/3410 2912/4374/3411 2915/4378/3412 2914/4369/3413
s 33
f 2912/4374/3414 2911/4382/3415 2916/4388/3416 2915/4378/3417
f 2911/4665/3415 2910/4666/3418 2917/4667/3419 2916/4668/3416
s 31
f 2921/4371/3420 2920/4380/3421 2923/4381/3422 2922/4372/3423
s 35
f 2920/4159/3424 2919/4149/3425 2924/4152/3426 2923/4160/3427
s 36
f 2919/4149/3428 2918/4150/3429 2925/4151/3430 2924/4152/3431
s 31
f 2929/4681/3432 2928/4682/3433 2931/4683/3434 2930/4684/3435
f 2928/4386/3433 2927/4377/3436 2932/4375/3437 2931/4384/3434
f 2927/4377/3436 2926/4366/3438 2933/4365/3439 2932/4375/3437
s 39
f 2937/4173/3440 2936/4174/3441 2939/4175/3442 2938/4176/3443
s 40
f 2936/4174/3444 2935/4179/3445 2940/4180/3446 2939/4175/3447
s 39
f 2935/4390/3448 2934/4391/3449 2941/4392/3450 2940/4393/3451
f 2945/4400/3452 2944/4406/3453 2947/4410/3454 2946/4401/3455
f 2944/4406/3453 2943/4414/3456 2948/4420/3457 2947/4410/3454
f 2943/4697/3456 2942/4698/3458 2949/4699/3459 2948/4700/3460
f 2953/4403/3461 2952/4412/3462 2955/4413/3463 2954/4404/3464
s 45
f 2952/4216/3465 2951/4206/3466 2956/4209/3467 2955/4217/3468
f 2951/4206/3466 2950/4207/3469 2957/4208/3470 2956/4209/3467
s 39
f 2961/4716/3471 2960/4717/3472 2963/4718/3473 2962/4719/3474
f 2960/4418/3472 2959/4409/3475 2964/4407/3476 2963/4416/3477
f 2959/4409/3475 2958/4398/3478 2965/4397/3479 2964/4407/3476
s 48
f 2969/4230/3480 2968/4231/3481 2971/4232/3482 2970/4233/3483
s 49
f 2968/4231/3484 2967/4236/3485 2972/4237/3486 2971/4232/3487
s 50
f 2967/4422/3488 2966/4423/3489 2973/4424/3490 2972/4425/3491
f 2977/4432/3492 2976/4438/3493 2979/4442/3494 2978/4433/3495
f 2976/4438/3496 2975/4446/3497 2980/4452/3498 2979/4442/3499
f 2975/4732/3497 2974/4733/3500 2981/4734/3501 2980/4735/3498
f 2985/4435/3502 2984/4444/3503 2987/4445/3504 2986/4436/3505
s 54
f 2984/4264/3506 2983/4254/3507 2988/4257/3508 2987/4265/3509
f 2983/4254/3507 2982/4255/3510 2989/4256/3511 2988/4257/3508
s 50
f 2993/4748/3512 2992/4749/3513 2995/4750/3514 2994/4751/3515
f 2992/4450/3513 2991/4441/3516 2996/4439/3517 2995/4448/3514
f 2991/4441/3518 2990/4430/3519 2997/4429/3520 2996/4439/3517
s 21
f 3013/4332/3521 2901/4333/3396 2894/4334/3395 3009/4335/3522 2877/4328/3364 2870/4327/3363 2998/4331/3523 2881/4336/3366 2882/4337/3369 3002/4338/3524 2889/4339/3376 2890/4340/3379
s 31
f 3029/4364/3525 2933/4365/3439 2926/4366/3438 3025/4367/3526 2909/4360/3408 2902/4359/3407 3014/4363/3527 2913/4368/3410 2914/4369/3413 3018/4370/3528 2921/4371/3420 2922/4372/3423
s 39
f 3044/4396/3529 2965/4397/3479 2958/4398/3478 3040/4399/3530 2941/4392/3450 2934/4391/3449 3030/4395/3531 2945/4400/3452 2946/4401/3455 3033/4402/3532 2953/4403/3461 2954/4404/3464
s 50
f 3060/4428/3533 2997/4429/3520 2990/4430/3519 3056/4431/3534 2973/4424/3490 2966/4423/3489 3045/4427/3535 2977/4432/3492 2978/4433/3495 3049/4434/3536 2985/4435/3502 2986/4436/3505
s 19
f 2872/4078/3355 2873/4077/3354 3001/4081/3537 3000/4082/3538
s 21
f 2870/4327/3363 2871/4326/3362 2999/4330/3539 2998/4331/3523
s 20
f 2871/4083/3359 2872/4078/3358 3000/4082/3540 2999/4090/3541
s 21
f 2876/4329/3365 2877/4328/3364 3009/4335/3522 3008/4341/3542
s 19
f 2874/4080/3357 2875/4079/3356 3007/4085/3543 3006/4086/3544
s 20
f 2875/4079/3361 2876/4084/3360 3008/4091/3545 3007/4085/3546
s 23
f 2884/4636/3372 2885/4635/3375 3005/4641/3547 3004/4642/3548
s 21
f 2882/4337/3369 2883/4346/3368 3003/4347/3549 3002/4338/3524
s 23
f 2883/4346/3373 2884/4356/3372 3004/4357/3548 3003/4347/3550
s 21
f 2900/4343/3397 2901/4333/3396 3013/4332/3521 3012/4344/3551
s 27
f 2898/4652/3391 2899/4651/3390 3011/4655/3552 3010/4656/3553
f 2899/4352/3390 2900/4343/3393 3012/4344/3554 3011/4353/3552
s 29
f 2904/4126/3399 2905/4125/3398 3017/4129/3555 3016/4130/3556
s 31
f 2902/4359/3407 2903/4358/3406 3015/4362/3557 3014/4363/3527
s 30
f 2903/4131/3403 2904/4126/3402 3016/4130/3558 3015/4138/3559
s 31
f 2908/4361/3409 2909/4360/3408 3025/4367/3526 3024/4373/3560
s 29
f 2906/4128/3401 2907/4127/3400 3023/4133/3561 3022/4134/3562
s 30
f 2907/4127/3405 2908/4132/3404 3024/4139/3563 3023/4133/3564
s 33
f 2916/4668/3416 2917/4667/3419 3021/4673/3565 3020/4674/3566
s 31
f 2914/4369/3413 2915/4378/3412 3019/4379/3567 3018/4370/3528
s 33
f 2915/4378/3417 2916/4388/3416 3020/4389/3566 3019/4379/3568
s 31
f 2932/4375/3437 2933/4365/3439 3029/4364/3525 3028/4376/3569
f 2930/4684/3435 2931/4683/3434 3027/4687/3570 3026/4688/3571
f 2931/4384/3434 2932/4375/3437 3028/4376/3572 3027/4385/3570
s 39
f 2936/4174/3441 2937/4173/3440 3261/4177/3573 3032/4178/3574
f 2934/4391/3449 2935/4390/3448 3031/4394/3575 3030/4395/3531
s 40
f 2935/4179/3445 2936/4174/3444 3032/4178/3576 3031/4187/3577
s 39
f 2940/4393/3451 2941/4392/3450 3040/4399/3530 3039/4405/3578
f 2938/4176/3443 2939/4175/3442 3038/4181/3579 3037/4182/3580
s 40
f 2939/4175/3447 2940/4180/3446 3039/4188/3581 3038/4181/3582
s 39
f 2948/4700/3460 2949/4699/3459 3036/4705/3583 3035/4706/3584
f 2946/4401/3455 2947/4410/3454 3034/4411/3585 3033/4402/3532
f 2947/4410/3454 2948/4420/3457 3035/4421/3586 3034/4411/3585
f 2964/4407/3476 2965/4397/3479 3044/4396/3529 3043/4408/3587
f 2962/4719/3474 2963/4718/3473 3042/4722/3588 3041/4723/3589
f 2963/4416/3477 2964/4407/3476 3043/4408/3587 3042/4417/3590
s 48
f 2968/4231/3481 2969/4230/3480 3048/4234/3591 3047/4235/3592
s 50
f 2966/4423/3489 2967/4422/3488 3046/4426/3593 3045/4427/3535
s 49
f 2967/4236/3485 2968/4231/3484 3047/4235/3594 3046/4243/3595
s 50
f 2972/4425/3491 2973/4424/3490 3056/4431/3534 3055/4437/3596
s 48
f 2970/4233/3483 2971/4232/3482 3054/4238/3597 3053/4239/3598
s 49
f 2971/4232/3487 2972/4237/3486 3055/4244/3599 3054/4238/3600
s 50
f 2980/4735/3498 2981/4734/3501 3052/4740/3601 3051/4741/3602
f 2978/4433/3495 2979/4442/3494 3050/4443/3603 3049/4434/3536
f 2979/4442/3499 2980/4452/3498 3051/4453/3602 3050/4443/3604
f 2996/4439/3517 2997/4429/3520 3060/4428/3533 3059/4440/3605
f 2994/4751/3515 2995/4750/3514 3058/4754/3606 3057/4755/3607
f 2995/4448/3514 2996/4439/3517 3059/4440/3605 3058/4449/3608
s 23
f 2878/4634/3374 2879/4633/3371 3000/4637/3609 3001/4638/3610
f 2879/4350/3371 2880/4342/3370 2999/4330/3611 3000/4351/3609
s 21
f 2880/4342/3367 2881/4336/3366 2998/4331/3523 2999/4330/3539
s 26
f 2886/4102/3385 2887/4101/3384 3004/4105/3612 3005/4106/3613
s 25
f 2887/4101/3381 2888/4111/3380 3003/4113/3614 3004/4105/3615
s 21
f 2888/4348/3377 2889/4339/3376 3002/4338/3524 3003/4347/3549
f 2894/4334/3395 2895/4345/3394 3008/4341/3542 3009/4335/3522
s 27
f 2895/4345/3392 2896/4354/3389 3007/4355/3616 3008/4341/3617
f 2896/4650/3389 2897/4649/3388 3006/4653/3618 3007/4654/3616
s 21
f 2890/4340/3379 2891/4349/3378 3012/4344/3551 3013/4332/3521
s 25
f 2891/4112/3383 2892/4104/3382 3011/4110/3619 3012/4118/3620
s 26
f 2892/4104/3387 2893/4103/3386 3010/4109/3621 3011/4110/3622
s 33
f 2910/4666/3418 2911/4665/3415 3016/4669/3623 3017/4670/3624
f 2911/4382/3415 2912/4374/3414 3015/4362/3625 3016/4383/3623
s 31
f 2912/4374/3411 2913/4368/3410 3014/4363/3527 3015/4362/3557
s 36
f 2918/4150/3429 2919/4149/3428 3020/4153/3626 3021/4154/3627
s 35
f 2919/4149/3425 2920/4159/3424 3019/4161/3628 3020/4153/3629
s 31
f 2920/4380/3421 2921/4371/3420 3018/4370/3528 3019/4379/3567
f 2926/4366/3438 2927/4377/3436 3024/4373/3560 3025/4367/3526
f 2927/4377/3436 2928/4386/3433 3023/4387/3630 3024/4373/3631
f 2928/4682/3433 2929/4681/3432 3022/4685/3632 3023/4686/3630
f 2922/4372/3423 2923/4381/3422 3028/4376/3569 3029/4364/3525
s 35
f 2923/4160/3427 2924/4152/3426 3027/4158/3633 3028/4166/3634
s 36
f 2924/4152/3431 2925/4151/3430 3026/4157/3635 3027/4158/3636
s 39
f 2942/4698/3458 2943/4697/3456 3032/4701/3574 3260/4702/3637
f 2943/4414/3456 2944/4406/3453 3031/4394/3638 3032/4415/3574
f 2944/4406/3453 2945/4400/3452 3030/4395/3531 3031/4394/3575
s 45
f 2950/4207/3469 2951/4206/3466 3035/4210/3639 3036/4211/3640
f 2951/4206/3466 2952/4216/3465 3034/4218/3641 3035/4210/3639
s 39
f 2952/4412/3462 2953/4403/3461 3033/4402/3532 3034/4411/3585
f 2958/4398/3478 2959/4409/3475 3039/4405/3578 3040/4399/3530
f 2959/4409/3475 2960/4418/3472 3038/4419/3642 3039/4405/3643
f 2960/4717/3472 2961/4716/3471 3037/4720/3644 3038/4721/3642
f 2954/4404/3464 2955/4413/3463 3043/4408/3587 3044/4396/3529
s 45
f 2955/4217/3468 2956/4209/3467 3042/4215/3645 3043/4223/3646
f 2956/4209/3467 2957/4208/3470 3041/4214/3647 3042/4215/3645
s 50
f 2974/4733/3500 2975/4732/3497 3047/4736/3648 3048/4737/3649
f 2975/4446/3497 2976/4438/3496 3046/4426/3650 3047/4447/3648
f 2976/4438/3493 2977/4432/3492 3045/4427/3535 3046/4426/3593
s 54
f 2982/4255/3510 2983/4254/3507 3051/4258/3651 3052/4259/3652
f 2983/4254/3507 2984/4264/3506 3050/4266/3653 3051/4258/3651
s 50
f 2984/4444/3503 2985/4435/3502 3049/4434/3536 3050/4443/3603
f 2990/4430/3519 2991/4441/3518 3055/4437/3596 3056/4431/3534
f 2991/4441/3516 2992/4450/3513 3054/4451/3654 3055/4437/3655
f 2992/4749/3513 2993/4748/3512 3053/4752/3656 3054/4753/3654
f 2986/4436/3505 2987/4445/3504 3059/4440/3605 3060/4428/3533
s 54
f 2987/4265/3509 2988/4257/3508 3058/4263/3657 3059/4271/3658
f 2988/4257/3508 2989/4256/3511 3057/4262/3659 3058/4263/3657
s 39
f 3136/4184/3660 3135/4190/3661 3224/4192/3662 3223/4185/3663
f 3135/4190/3661 3134/4196/3664 3225/4198/3665 3224/4192/3662
f 3134/4454/3666 3133/4455/3667 3226/4456/3668 3225/4457/3669
f 3223/4185/3663 3222/4193/3670 3258/4186/3671 3261/4177/3573
f 3222/4193/3670 3221/4200/3672 3259/4194/3673 3258/4186/3671
f 3221/4200/3672 3229/4204/3674 3260/4205/3637 3259/4194/3673
s 59
f 3089/4489/3675 3085/4490/3676 3193/4491/3677 3065/4492/3678 3061/4493/3679 3189/4494/3680 3069/4495/3681 3073/4496/3682 3197/4497/3683 3077/4498/3684 3081/4499/3685 3201/4500/3686
s 33
f 3121/4521/3687 3117/4522/3688 3209/4523/3689 3097/4524/3690 3093/4525/3691 3205/4526/3692 3101/4527/3693 3105/4528/3694 3213/4529/3695 3109/4530/3696 3113/4531/3697 3217/4532/3698
s 39
f 3153/4460/3699 3149/4461/3700 3230/4462/3701 3129/4463/3702 3125/4464/3703 3226/4456/3668 3133/4455/3667 3137/4459/3704 3234/4465/3705 3141/4466/3706 3145/4467/3707 3238/4468/3708
s 50
f 3185/4553/3709 3181/4554/3710 3246/4555/3711 3161/4556/3712 3157/4557/3713 3242/4558/3714 3165/4559/3715 3169/4560/3716 3250/4561/3717 3173/4562/3718 3177/4563/3719 3254/4564/3720
s 23
f 2878/4634/3374 3064/4639/3721 3068/4640/3722 2885/4635/3375
s 27
f 3080/4657/3723 2897/4649/3388 2898/4652/3391 3084/4658/3724
s 26
f 2886/4102/3385 3088/4107/3725 3092/4108/3726 2893/4103/3386
s 19
f 2874/4080/3357 3076/4087/3727 3072/4088/3728 2873/4077/3354
s 33
f 2910/4666/3418 3096/4671/3729 3100/4672/3730 2917/4667/3419
s 31
f 3112/4689/3731 2929/4681/3432 2930/4684/3435 3116/4690/3732
s 36
f 2918/4150/3429 3120/4155/3733 3124/4156/3734 2925/4151/3430
s 29
f 2906/4128/3401 3108/4135/3735 3104/4136/3736 2905/4125/3398
s 39
f 2942/4698/3458 3128/4703/3737 3132/4704/3738 2949/4699/3459
f 3144/4724/3739 2961/4716/3471 2962/4719/3474 3148/4725/3740
s 45
f 2950/4207/3469 3152/4212/3741 3156/4213/3742 2957/4208/3470
s 39
f 2938/4176/3443 3140/4183/3743 3136/4184/3660 2937/4173/3440
s 50
f 2974/4733/3500 3160/4738/3744 3164/4739/3745 2981/4734/3501
f 3176/4756/3746 2993/4748/3512 2994/4751/3515 3180/4757/3747
s 54
f 2982/4255/3510 3184/4260/3748 3188/4261/3749 2989/4256/3511
s 48
f 2970/4233/3483 3172/4240/3750 3168/4241/3751 2969/4230/3480
s 19
f 3072/4088/3728 3192/4089/3752 3001/4081/3537 2873/4077/3354
s 23
f 3192/4643/3753 3064/4639/3721 2878/4634/3374 3001/4638/3610
f 3068/4640/3722 3196/4646/3754 3005/4641/3547 2885/4635/3375
s 26
f 3196/4114/3755 3088/4107/3725 2886/4102/3385 3005/4106/3613
s 19
f 2874/4080/3357 3006/4086/3544 3200/4092/3756 3076/4087/3727
s 27
f 3006/4653/3618 2897/4649/3388 3080/4657/3723 3200/4659/3757
f 2898/4652/3391 3010/4656/3553 3204/4660/3758 3084/4658/3724
s 26
f 3010/4109/3621 2893/4103/3386 3092/4108/3726 3204/4117/3759
s 29
f 3104/4136/3736 3208/4137/3760 3017/4129/3555 2905/4125/3398
s 33
f 3208/4675/3761 3096/4671/3729 2910/4666/3418 3017/4670/3624
f 3100/4672/3730 3212/4678/3762 3021/4673/3565 2917/4667/3419
s 36
f 3212/4162/3763 3120/4155/3733 2918/4150/3429 3021/4154/3627
s 29
f 2906/4128/3401 3022/4134/3562 3216/4140/3764 3108/4135/3735
s 31
f 3022/4685/3632 2929/4681/3432 3112/4689/3731 3216/4691/3765
f 2930/4684/3435 3026/4688/3571 3220/4692/3766 3116/4690/3732
s 36
f 3026/4157/3635 2925/4151/3430 3124/4156/3734 3220/4165/3767
s 39
f 3136/4184/3660 3223/4185/3663 3261/4177/3573 2937/4173/3440
f 3229/4708/3674 3128/4703/3737 2942/4698/3458 3260/4702/3637
f 3132/4704/3738 3233/4711/3768 3036/4705/3583 2949/4699/3459
s 45
f 3233/4219/3769 3152/4212/3741 2950/4207/3469 3036/4211/3640
s 39
f 2938/4176/3443 3037/4182/3580 3237/4189/3770 3140/4183/3743
f 3037/4720/3644 2961/4716/3471 3144/4724/3739 3237/4726/3771
f 2962/4719/3474 3041/4723/3589 3241/4727/3772 3148/4725/3740
s 45
f 3041/4214/3647 2957/4208/3470 3156/4213/3742 3241/4222/3773
s 48
f 3168/4241/3751 3245/4242/3774 3048/4234/3591 2969/4230/3480
s 50
f 3245/4742/3775 3160/4738/3744 2974/4733/3500 3048/4737/3649
f 3164/4739/3745 3249/4745/3776 3052/4740/3601 2981/4734/3501
s 54
f 3249/4267/3777 3184/4260/3748 2982/4255/3510 3052/4259/3652
s 48
f 2970/4233/3483 3053/4239/3598 3253/4245/3778 3172/4240/3750
s 50
f 3053/4752/3656 2993/4748/3512 3176/4756/3746 3253/4758/3779
f 2994/4751/3515 3057/4755/3607 3257/4759/3780 3180/4757/3747
s 54
f 3057/4262/3659 2989/4256/3511 3188/4261/3749 3257/4270/3781
s 39
f 3032/4178/3574 3261/4177/3573 3258/4186/3671
f 3032/4178/3574 3258/4186/3671 3259/4194/3673
f 3032/4701/3574 3259/4707/3673 3260/4702/3637
s 23
f 3063/4644/3782 3064/4639/3721 3192/4643/3753 3191/4647/3783
s 59
f 3061/4493/3679 3062/4505/3784 3190/4506/3785 3189/4494/3680
f 3062/4505/3784 3063/4515/3786 3191/4516/3787 3190/4506/3785
s 23
f 3064/4639/3721 3063/4644/3782 3067/4645/3788 3068/4640/3722
s 59
f 3063/4515/3786 3062/4505/3784 3066/4504/3789 3067/4513/3790
f 3062/4505/3784 3061/4493/3679 3065/4492/3678 3066/4504/3789
s 19
f 3071/4093/3791 3072/4088/3728 3076/4087/3727 3075/4094/3792
s 59
f 3069/4495/3681 3070/4507/3793 3074/4508/3794 3073/4496/3682
f 3070/4097/3793 3071/4093/3795 3075/4094/3796 3074/4098/3794
s 19
f 3075/4094/3792 3076/4087/3727 3200/4092/3756 3199/4096/3797
s 59
f 3073/4496/3682 3074/4508/3794 3198/4509/3798 3197/4497/3683
f 3074/4098/3794 3075/4094/3796 3199/4096/3799 3198/4100/3798
s 27
f 3079/4661/3800 3080/4657/3723 3084/4658/3724 3083/4662/3801
s 59
f 3077/4498/3684 3078/4510/3802 3082/4511/3803 3081/4499/3685
f 3078/4510/3802 3079/4517/3804 3083/4519/3805 3082/4511/3803
s 27
f 3083/4662/3801 3084/4658/3724 3204/4660/3758 3203/4664/3806
s 59
f 3081/4499/3685 3082/4511/3803 3202/4512/3807 3201/4500/3686
f 3082/4511/3803 3083/4519/3805 3203/4520/3808 3202/4512/3807
s 26
f 3087/4115/3809 3088/4107/3725 3196/4114/3755 3195/4119/3810
s 59
f 3085/4490/3676 3086/4501/3811 3194/4503/3812 3193/4491/3677
f 3086/4120/3811 3087/4115/3813 3195/4119/3814 3194/4123/3812
s 26
f 3088/4107/3725 3087/4115/3809 3091/4116/3815 3092/4108/3726
s 59
f 3087/4115/3813 3086/4120/3811 3090/4121/3816 3091/4116/3817
f 3086/4501/3811 3085/4490/3676 3089/4489/3675 3090/4502/3816
s 33
f 3095/4676/3818 3096/4671/3729 3208/4675/3761 3207/4679/3819
f 3093/4525/3691 3094/4537/3820 3206/4538/3821 3205/4526/3692
f 3094/4537/3820 3095/4547/3818 3207/4548/3822 3206/4538/3821
f 3096/4671/3729 3095/4676/3818 3099/4677/3823 3100/4672/3730
f 3095/4547/3818 3094/4537/3820 3098/4536/3824 3099/4545/3823
f 3094/4537/3820 3093/4525/3691 3097/4524/3690 3098/4536/3824
s 29
f 3103/4141/3825 3104/4136/3736 3108/4135/3735 3107/4142/3826
s 33
f 3101/4527/3693 3102/4539/3827 3106/4540/3828 3105/4528/3694
f 3102/4145/3827 3103/4141/3829 3107/4142/3830 3106/4146/3828
s 29
f 3107/4142/3826 3108/4135/3735 3216/4140/3764 3215/4144/3831
s 33
f 3105/4528/3694 3106/4540/3828 3214/4541/3832 3213/4529/3695
f 3106/4146/3828 3107/4142/3830 3215/4144/3833 3214/4148/3832
s 31
f 3111/4693/3834 3112/4689/3731 3116/4690/3732 3115/4694/3835
s 33
f 3109/4530/3696 3110/4542/3836 3114/4543/3837 3113/4531/3697
f 3110/4542/3836 3111/4549/3838 3115/4551/3839 3114/4543/3837
s 31
f 3115/4694/3835 3116/4690/3732 3220/4692/3766 3219/4696/3840
s 33
f 3113/4531/3697 3114/4543/3837 3218/4544/3841 3217/4532/3698
f 3114/4543/3837 3115/4551/3839 3219/4552/3842 3218/4544/3841
s 36
f 3119/4163/3843 3120/4155/3733 3212/4162/3763 3211/4167/3844
s 33
f 3117/4522/3688 3118/4533/3845 3210/4535/3846 3209/4523/3689
f 3118/4168/3845 3119/4163/3847 3211/4167/3848 3210/4171/3846
s 36
f 3120/4155/3733 3119/4163/3843 3123/4164/3849 3124/4156/3734
s 33
f 3119/4163/3847 3118/4168/3845 3122/4169/3850 3123/4164/3851
f 3118/4533/3845 3117/4522/3688 3121/4521/3687 3122/4534/3850
s 39
f 3127/4709/3852 3128/4703/3737 3229/4708/3674 3228/4712/3853
f 3125/4464/3703 3126/4476/3854 3227/4469/3855 3226/4456/3668
f 3126/4476/3854 3127/4484/3852 3228/4480/3853 3227/4469/3856
f 3128/4703/3737 3127/4709/3852 3131/4710/3857 3132/4704/3738
f 3127/4484/3852 3126/4476/3854 3130/4475/3858 3131/4482/3857
f 3126/4476/3854 3125/4464/3703 3129/4463/3702 3130/4475/3858
f 3135/4190/3661 3136/4184/3660 3140/4183/3743 3139/4191/3859
f 3133/4455/3667 3134/4454/3666 3138/4458/3860 3137/4459/3704
f 3134/4196/3664 3135/4190/3661 3139/4191/3861 3138/4197/3860
f 3139/4191/3859 3140/4183/3743 3237/4189/3770 3236/4195/3862
f 3137/4459/3704 3138/4458/3860 3235/4471/3863 3234/4465/3705
f 3138/4197/3860 3139/4191/3861 3236/4195/3864 3235/4201/3863
f 3143/4728/3865 3144/4724/3739 3148/4725/3740 3147/4729/3866
f 3141/4466/3706 3142/4477/3867 3146/4478/3868 3145/4467/3707
f 3142/4477/3867 3143/4485/3869 3147/4487/3866 3146/4478/3870
f 3147/4729/3866 3148/4725/3740 3241/4727/3772 3240/4731/3871
f 3145/4467/3707 3146/4478/3868 3239/4479/3872 3238/4468/3708
f 3146/4478/3870 3147/4487/3866 3240/4488/3871 3239/4479/3873
s 45
f 3151/4220/3874 3152/4212/3741 3233/4219/3769 3232/4224/3875
s 39
f 3149/4461/3700 3150/4472/3876 3231/4474/3877 3230/4462/3701
f 3150/4225/3876 3151/4220/3878 3232/4224/3879 3231/4228/3877
s 45
f 3152/4212/3741 3151/4220/3874 3155/4221/3880 3156/4213/3742
s 39
f 3151/4220/3878 3150/4225/3876 3154/4226/3881 3155/4221/3882
f 3150/4472/3876 3149/4461/3700 3153/4460/3699 3154/4473/3881
s 50
f 3159/4743/3883 3160/4738/3744 3245/4742/3775 3244/4746/3884
f 3157/4557/3713 3158/4569/3885 3243/4570/3886 3242/4558/3714
f 3158/4569/3885 3159/4579/3883 3244/4580/3887 3243/4570/3886
f 3160/4738/3744 3159/4743/3883 3163/4744/3888 3164/4739/3745
f 3159/4579/3883 3158/4569/3885 3162/4568/3889 3163/4577/3888
f 3158/4569/3885 3157/4557/3713 3161/4556/3712 3162/4568/3889
s 48
f 3167/4246/3890 3168/4241/3751 3172/4240/3750 3171/4247/3891
s 50
f 3165/4559/3715 3166/4571/3892 3170/4572/3893 3169/4560/3716
f 3166/4250/3892 3167/4246/3894 3171/4247/3895 3170/4251/3893
s 48
f 3171/4247/3891 3172/4240/3750 3253/4245/3778 3252/4249/3896
s 50
f 3169/4560/3716 3170/4572/3893 3251/4573/3897 3250/4561/3717
f 3170/4251/3893 3171/4247/3895 3252/4249/3898 3251/4253/3897
f 3175/4760/3899 3176/4756/3746 3180/4757/3747 3179/4761/3900
f 3173/4562/3718 3174/4574/3901 3178/4575/3902 3177/4563/3719
f 3174/4574/3901 3175/4581/3903 3179/4583/3900 3178/4575/3902
f 3179/4761/3900 3180/4757/3747 3257/4759/3780 3256/4763/3904
f 3177/4563/3719 3178/4575/3902 3255/4576/3905 3254/4564/3720
f 3178/4575/3902 3179/4583/3900 3256/4584/3904 3255/4576/3906
s 54
f 3183/4268/3907 3184/4260/3748 3249/4267/3777 3248/4272/3908
s 50
f 3181/4554/3710 3182/4565/3909 3247/4567/3910 3246/4555/3711
f 3182/4273/3909 3183/4268/3911 3248/4272/3912 3247/4276/3910
s 54
f 3184/4260/3748 3183/4268/3907 3187/4269/3913 3188/4261/3749
s 50
f 3183/4268/3911 3182/4273/3909 3186/4274/3914 3187/4269/3915
f 3182/4565/3909 3181/4554/3710 3185/4553/3709 3186/4566/3914
s 19
f 3072/4088/3728 3071/4093/3791 3191/4095/3916 3192/4089/3752
s 59
f 3071/4093/3795 3070/4097/3793 3190/4099/3785 3191/4095/3917
f 3070/4507/3793 3069/4495/3681 3189/4494/3680 3190/4506/3785
s 23
f 3068/4640/3722 3067/4645/3788 3195/4648/3918 3196/4646/3754
s 59
f 3067/4513/3790 3066/4504/3789 3194/4503/3812 3195/4514/3919
f 3066/4504/3789 3065/4492/3678 3193/4491/3677 3194/4503/3812
s 27
f 3080/4657/3723 3079/4661/3800 3199/4663/3920 3200/4659/3757
s 59
f 3079/4517/3804 3078/4510/3802 3198/4509/3798 3199/4518/3921
f 3078/4510/3802 3077/4498/3684 3197/4497/3683 3198/4509/3798
s 26
f 3092/4108/3726 3091/4116/3815 3203/4122/3922 3204/4117/3759
s 59
f 3091/4116/3817 3090/4121/3816 3202/4124/3807 3203/4122/3923
f 3090/4502/3816 3089/4489/3675 3201/4500/3686 3202/4512/3807
s 29
f 3104/4136/3736 3103/4141/3825 3207/4143/3924 3208/4137/3760
s 33
f 3103/4141/3829 3102/4145/3827 3206/4147/3821 3207/4143/3925
f 3102/4539/3827 3101/4527/3693 3205/4526/3692 3206/4538/3821
f 3100/4672/3730 3099/4677/3823 3211/4680/3926 3212/4678/3762
f 3099/4545/3823 3098/4536/3824 3210/4535/3846 3211/4546/3927
f 3098/4536/3824 3097/4524/3690 3209/4523/3689 3210/4535/3846
s 31
f 3112/4689/3731 3111/4693/3834 3215/4695/3928 3216/4691/3765
s 33
f 3111/4549/3838 3110/4542/3836 3214/4541/3832 3215/4550/3929
f 3110/4542/3836 3109/4530/3696 3213/4529/3695 3214/4541/3832
s 36
f 3124/4156/3734 3123/4164/3849 3219/4170/3930 3220/4165/3767
s 33
f 3123/4164/3851 3122/4169/3850 3218/4172/3841 3219/4170/3931
f 3122/4534/3850 3121/4521/3687 3217/4532/3698 3218/4544/3841
s 39
f 3132/4704/3738 3131/4710/3857 3232/4713/3932 3233/4711/3768
f 3131/4482/3857 3130/4475/3858 3231/4474/3933 3232/4483/3932
f 3130/4475/3858 3129/4463/3702 3230/4462/3701 3231/4474/3877
f 3144/4724/3739 3143/4728/3865 3236/4730/3934 3237/4726/3771
f 3143/4485/3869 3142/4477/3867 3235/4471/3863 3236/4486/3935
f 3142/4477/3867 3141/4466/3706 3234/4465/3705 3235/4471/3863
s 45
f 3156/4213/3742 3155/4221/3880 3240/4227/3936 3241/4222/3773
s 39
f 3155/4221/3882 3154/4226/3881 3239/4229/3872 3240/4227/3937
f 3154/4473/3881 3153/4460/3699 3238/4468/3708 3239/4479/3872
s 48
f 3168/4241/3751 3167/4246/3890 3244/4248/3938 3245/4242/3774
s 50
f 3167/4246/3894 3166/4250/3892 3243/4252/3886 3244/4248/3939
f 3166/4571/3892 3165/4559/3715 3242/4558/3714 3243/4570/3886
f 3164/4739/3745 3163/4744/3888 3248/4747/3940 3249/4745/3776
f 3163/4577/3888 3162/4568/3889 3247/4567/3941 3248/4578/3940
f 3162/4568/3889 3161/4556/3712 3246/4555/3711 3247/4567/3910
f 3176/4756/3746 3175/4760/3899 3252/4762/3942 3253/4758/3779
f 3175/4581/3903 3174/4574/3901 3251/4573/3897 3252/4582/3943
f 3174/4574/3901 3173/4562/3718 3250/4561/3717 3251/4573/3897
s 54
f 3188/4261/3749 3187/4269/3913 3256/4275/3944 3257/4270/3781
s 50
f 3187/4269/3915 3186/4274/3914 3255/4277/3905 3256/4275/3945
f 3186/4566/3914 3185/4553/3709 3254/4564/3720 3255/4576/3905
s 39
f 3228/4712/3853 3229/4708/3674 3221/4714/3672 3262/4715/3946
f 3262/4203/3946 3221/4200/3672 3222/4193/3670 3263/4199/3947
f 3222/4193/3670 3223/4185/3663 3224/4192/3662 3263/4199/3947
f 3263/4199/3947 3224/4192/3662 3225/4198/3665 3264/4202/3948
f 3225/4457/3669 3226/4456/3668 3227/4469/3855 3264/4470/3949
f 3264/4470/3948 3227/4469/3856 3228/4480/3853 3262/4481/3946
f 3262/4203/3946 3263/4199/3947 3264/4202/3948
g default
v 3.211758 2.186276 -0.376523
v 3.211758 2.281954 -0.376523
v 3.584391 2.210193 -0.140748
v 3.581189 2.198235 -0.141512
v 3.572439 2.189480 -0.143600
v 3.560487 2.186276 -0.146451
v 3.584611 2.210193 -0.236761
v 3.581406 2.198235 -0.236249
v 3.572648 2.189480 -0.234848
v 3.560685 2.186276 -0.232936
v 3.548334 2.210193 -0.346455
v 3.545409 2.198235 -0.345095
v 3.537417 2.189480 -0.341379
v 3.526500 2.186276 -0.336304
v 3.479110 2.210193 -0.459093
v 3.476539 2.198235 -0.457157
v 3.469514 2.189480 -0.451868
v 3.459918 2.186276 -0.444643
v 3.383716 2.210193 -0.563648
v 3.381539 2.198235 -0.561279
v 3.375593 2.189480 -0.554808
v 3.367470 2.186276 -0.545969
v 3.271489 2.210193 -0.649886
v 3.269777 2.198235 -0.647160
v 3.265100 2.189480 -0.639714
v 3.258710 2.186276 -0.629543
v 3.153416 2.210193 -0.709365
v 3.152307 2.198235 -0.706336
v 3.149279 2.189480 -0.698059
v 3.145141 2.186276 -0.686753
v 3.041053 2.210193 -0.736263
v 3.040813 2.198235 -0.733026
v 3.040156 2.189480 -0.724182
v 3.039259 2.186276 -0.712100
v 2.945400 2.210193 -0.727948
v 2.946432 2.198235 -0.724821
v 2.949250 2.189480 -0.716279
v 2.953099 2.186276 -0.704610
v 2.875820 2.210193 -0.685232
v 2.878273 2.198235 -0.682978
v 2.884975 2.189480 -0.676820
v 2.894129 2.186276 -0.668407
v 2.839124 2.210193 -0.612298
v 2.842327 2.198235 -0.611534
v 2.851077 2.189480 -0.609446
v 2.863029 2.186276 -0.606595
v 2.838904 2.210193 -0.516285
v 2.842110 2.198235 -0.516797
v 2.850867 2.189480 -0.518198
v 2.862830 2.186276 -0.520110
v 2.875182 2.210193 -0.406591
v 2.878107 2.198235 -0.407951
v 2.886099 2.189480 -0.411667
v 2.897016 2.186276 -0.416743
v 2.944405 2.210193 -0.293953
v 2.946977 2.198235 -0.295889
v 2.954001 2.189480 -0.301178
v 2.963598 2.186276 -0.308403
v 3.039799 2.210193 -0.189398
v 3.041976 2.198235 -0.191767
v 3.047923 2.189480 -0.198238
v 3.056046 2.186276 -0.207077
v 3.152026 2.210193 -0.103160
v 3.153738 2.198235 -0.105886
v 3.158416 2.189480 -0.113332
v 3.164806 2.186276 -0.123503
v 3.270099 2.210193 -0.043681
v 3.271208 2.198235 -0.046711
v 3.274237 2.189480 -0.054987
v 3.278374 2.186276 -0.066293
v 3.382462 2.210193 -0.016783
v 3.382702 2.198235 -0.020020
v 3.383359 2.189480 -0.028865
v 3.384256 2.186276 -0.040946
v 3.478115 2.210193 -0.025098
v 3.477083 2.198235 -0.028225
v 3.474265 2.189480 -0.036767
v 3.470416 2.186276 -0.048436
v 3.547695 2.210193 -0.067814
v 3.545242 2.198235 -0.070068
v 3.538541 2.189480 -0.076226
v 3.529386 2.186276 -0.084639
v 3.584391 2.258037 -0.140748
v 3.581189 2.269996 -0.141512
v 3.572439 2.278750 -0.143600
v 3.560487 2.281954 -0.146451
v 3.584611 2.258037 -0.236761
v 3.581406 2.269996 -0.236249
v 3.572648 2.278750 -0.234848
v 3.560685 2.281954 -0.232936
v 3.548334 2.258037 -0.346455
v 3.545409 2.269996 -0.345095
v 3.537417 2.278750 -0.341379
v 3.526500 2.281954 -0.336304
v 3.479110 2.258037 -0.459093
v 3.476539 2.269996 -0.457157
v 3.469514 2.278750 -0.451868
v 3.459918 2.281954 -0.444643
v 3.383716 2.258037 -0.563648
v 3.381539 2.269996 -0.561279
v 3.375593 2.278750 -0.554808
v 3.367470 2.281954 -0.545969
v 3.271489 2.258037 -0.649886
v 3.269777 2.269996 -0.647160
v 3.265100 2.278750 -0.639714
v 3.258710 2.281954 -0.629543
v 3.153416 2.258037 -0.709365
v 3.152307 2.269996 -0.706336
v 3.149279 2.278750 -0.698059
v 3.145141 2.281954 -0.686753
v 3.041053 2.258037 -0.736263
v 3.040813 2.269996 -0.733026
v 3.040156 2.278750 -0.724182
v 3.039259 2.281954 -0.712100
v 2.945400 2.258037 -0.727948
v 2.946432 2.269996 -0.724821
v 2.949250 2.278750 -0.716279
v 2.953099 2.281954 -0.704610
v 2.875820 2.258037 -0.685232
v 2.878273 2.269996 -0.682978
v 2.884975 2.278750 -0.676820
v 2.894129 2.281954 -0.668407
v 2.839124 2.258037 -0.612298
v 2.842327 2.269996 -0.611534
v 2.851077 2.278750 -0.609446
v 2.863029 2.281954 -0.606595
v 2.838904 2.258037 -0.516285
v 2.842110 2.269996 -0.516797
v 2.850867 2.278750 -0.518198
v 2.862830 2.281954 -0.520110
v 2.875182 2.258037 -0.406591
v 2.878107 2.269996 -0.407951
v 2.886099 2.278750 -0.411667
v 2.897016 2.281954 -0.416743
v 2.944405 2.258037 -0.293953
v 2.946977 2.269996 -0.295889
v 2.954001 2.278750 -0.301178
v 2.963598 2.281954 -0.308403
v 3.039799 2.258037 -0.189398
v 3.041976 2.269996 -0.191767
v 3.047923 2.278750 -0.198238
v 3.056046 2.281954 -0.207077
v 3.152026 2.258037 -0.103160
v 3.153738 2.269996 -0.105886
v 3.158416 2.278750 -0.113332
v 3.164806 2.281954 -0.123503
v 3.270099 2.258037 -0.043681
v 3.271208 2.269996 -0.046711
v 3.274237 2.278750 -0.054987
v 3.278374 2.281954 -0.066293
v 3.382462 2.258037 -0.016783
v 3.382702 2.269996 -0.020020
v 3.383359 2.278750 -0.028865
v 3.384256 2.281954 -0.040946
v 3.478115 2.258037 -0.025098
v 3.477083 2.269996 -0.028225
v 3.474265 2.278750 -0.036767
v 3.470416 2.281954 -0.048436
v 3.547695 2.258037 -0.067814
v 3.545242 2.269996 -0.070068
v 3.538541 2.278750 -0.076226
v 3.529386 2.281954 -0.084639
vt 0.386742 0.851838
vt 0.386742 0.785839
vt 0.419630 0.785839
vt 0.419630 0.851838
vt 0.378522 0.851313
vt 0.378522 0.786192
vt 0.386742 0.710436
vt 0.419630 0.710436
vt 0.427850 0.851313
vt 0.427850 0.786192
vt 0.386742 0.901973
vt 0.419630 0.901973
vt 0.378522 0.900423
vt 0.372505 0.849878
vt 0.372505 0.787154
vt 0.378522 0.711371
vt 0.386742 0.633009
vt 0.419630 0.633009
vt 0.427850 0.711371
vt 0.427850 0.900423
vt 0.433868 0.849878
vt 0.433868 0.787154
vt 0.386742 0.931335
vt 0.419630 0.931335
vt 0.378522 0.929186
vt 0.372505 0.896190
vt 0.372505 0.713925
vt 0.378522 0.634340
vt 0.386742 0.561139
vt 0.419630 0.561139
vt 0.427850 0.634340
vt 0.433868 0.713925
vt 0.433868 0.896190
vt 0.427850 0.929186
vt 0.372505 0.637976
vt 0.378522 0.562767
vt 0.386742 0.501859
vt 0.419630 0.501859
vt 0.427850 0.562767
vt 0.433868 0.637976
vt 0.372505 0.567215
vt 0.378522 0.503733
vt 0.427850 0.503733
vt 0.433868 0.567215
vt 0.319663 0.901973
vt 0.319663 0.851838
vt 0.352551 0.851838
vt 0.352551 0.901973
vt 0.311443 0.900423
vt 0.311443 0.851313
vt 0.319663 0.785839
vt 0.352551 0.785839
vt 0.360771 0.900423
vt 0.360771 0.851313
vt 0.319663 0.931335
vt 0.352551 0.931335
vt 0.311443 0.929186
vt 0.305426 0.896190
vt 0.305426 0.849878
vt 0.311443 0.786191
vt 0.319663 0.710436
vt 0.352551 0.710436
vt 0.360771 0.786191
vt 0.360771 0.929186
vt 0.366789 0.896190
vt 0.366789 0.849878
vt 0.305426 0.787154
vt 0.311443 0.711371
vt 0.319663 0.633009
vt 0.352551 0.633009
vt 0.360771 0.711371
vt 0.366789 0.787154
vt 0.305426 0.713925
vt 0.311443 0.634340
vt 0.319663 0.561139
vt 0.352551 0.561139
vt 0.360771 0.634340
vt 0.366789 0.713925
vt 0.305426 0.637976
vt 0.311443 0.562767
vt 0.319663 0.501859
vt 0.352551 0.501859
vt 0.360771 0.562767
vt 0.366789 0.637976
vt 0.305426 0.567215
vt 0.311443 0.503733
vt 0.360771 0.503733
vt 0.366789 0.567215
vt 0.345616 0.010215
vt 0.405065 0.010351
vt 0.246914 0.250066
vt 0.407025 0.002136
vt 0.344301 0.001992
vt 0.447554 0.031730
vt 0.274561 0.033714
vt 0.453337 0.025437
vt 0.271072 0.026210
vt 0.472439 0.072266
vt 0.200089 0.079482
vt 0.480461 0.069620
vt 0.195122 0.072886
vt 0.477588 0.131492
vt 0.130438 0.143031
vt 0.485893 0.132108
vt 0.486333 0.067683
vt 0.457570 0.020831
vt 0.124362 0.137447
vt 0.460165 0.204275
vt 0.072989 0.217792
vt 0.467937 0.207119
vt 0.491973 0.132560
vt 0.065998 0.213400
vt 0.420839 0.282341
vt 0.033663 0.295858
vt 0.427831 0.286733
vt 0.473626 0.209201
vt 0.025892 0.293014
vt 0.119914 0.133359
vt 0.060879 0.210184
vt 0.363391 0.357102
vt 0.016240 0.368641
vt 0.369467 0.362686
vt 0.432949 0.289949
vt 0.007935 0.368025
vt 0.020202 0.290932
vt 0.293740 0.420650
vt 0.021389 0.427867
vt 0.298706 0.427247
vt 0.373915 0.366774
vt 0.013368 0.430513
vt 0.001856 0.367573
vt 0.219268 0.466419
vt 0.046274 0.468403
vt 0.222757 0.473923
vt 0.040491 0.474696
vt 0.007496 0.432450
vt 0.148213 0.489918
vt 0.088764 0.489781
vt 0.149528 0.498141
vt 0.086804 0.497997
vt 0.036258 0.479302
vt 0.526492 0.510219
vt 0.585941 0.510082
vt 0.684642 0.749934
vt 0.524531 0.502003
vt 0.587255 0.501859
vt 0.656995 0.533581
vt 0.484002 0.531597
vt 0.478219 0.525304
vt 0.660485 0.526077
vt 0.731467 0.579350
vt 0.459117 0.572133
vt 0.451096 0.569487
vt 0.736434 0.572753
vt 0.801118 0.642898
vt 0.453968 0.631359
vt 0.445663 0.631975
vt 0.445224 0.567550
vt 0.473986 0.520698
vt 0.807195 0.637314
vt 0.858567 0.717659
vt 0.471391 0.704142
vt 0.463620 0.706986
vt 0.439583 0.632427
vt 0.865559 0.713267
vt 0.897893 0.795725
vt 0.510717 0.782208
vt 0.503726 0.786600
vt 0.457930 0.709068
vt 0.811643 0.633226
vt 0.870677 0.710051
vt 0.905665 0.792881
vt 0.915316 0.868508
vt 0.568166 0.856969
vt 0.562090 0.862553
vt 0.498607 0.789816
vt 0.911354 0.790799
vt 0.923621 0.867892
vt 0.910167 0.927734
vt 0.637816 0.920518
vt 0.632850 0.927114
vt 0.557641 0.866641
vt 0.929701 0.867440
vt 0.918189 0.930380
vt 0.885282 0.968270
vt 0.712289 0.966286
vt 0.708800 0.973790
vt 0.924060 0.932317
vt 0.891065 0.974563
vt 0.842792 0.989648
vt 0.783343 0.989785
vt 0.782028 0.998008
vt 0.895298 0.979169
vt 0.844752 0.997864
vt 0.291490 0.501859
vt 0.291490 0.583022
vt 0.258602 0.583022
vt 0.258602 0.501859
vt 0.299710 0.503036
vt 0.299710 0.583784
vt 0.291490 0.660260
vt 0.258602 0.660260
vt 0.250382 0.503036
vt 0.250382 0.583784
vt 0.299710 0.660425
vt 0.291490 0.726011
vt 0.258602 0.726011
vt 0.250382 0.660425
vt 0.299710 0.725302
vt 0.250382 0.725302
vt 0.203559 0.726011
vt 0.203559 0.644848
vt 0.236447 0.644848
vt 0.236447 0.726011
vt 0.195339 0.724834
vt 0.195339 0.644086
vt 0.203559 0.567610
vt 0.236447 0.567610
vt 0.244667 0.724834
vt 0.244667 0.644086
vt 0.195339 0.567445
vt 0.203559 0.501859
vt 0.236447 0.501859
vt 0.244667 0.567445
vt 0.195339 0.502568
vt 0.244667 0.502568
vn 0.975600 -0.052889 0.213092
vn 0.983601 -0.052814 -0.172454
vn 0.983601 0.052814 -0.172454
vn 0.975599 0.052888 0.213094
vn 0.902174 -0.052902 -0.428117
vn 0.902174 0.052902 -0.428116
vn 0.795832 -0.052975 -0.603196
vn 0.795833 0.052975 -0.603195
vn 0.675687 -0.052999 -0.735281
vn 0.675687 0.053000 -0.735281
vn 0.533940 -0.052975 -0.843861
vn 0.533940 0.052975 -0.843861
vn 0.350518 -0.052903 -0.935061
vn 0.350518 0.052903 -0.935061
vn 0.088898 -0.052817 -0.994639
vn 0.088898 0.052817 -0.994639
vn -0.294599 -0.052888 -0.954156
vn -0.294599 0.052888 -0.954156
vn -0.522498 -0.051063 -0.851110
vn -0.522499 0.051064 -0.851110
vn -0.892137 -0.051064 -0.448869
vn -0.975599 -0.052890 -0.213093
vn -0.975599 0.052890 -0.213093
vn -0.892137 0.051063 -0.448871
vn -0.983601 -0.052819 0.172453
vn -0.983601 0.052819 0.172453
vn -0.902174 -0.052906 0.428116
vn -0.902174 0.052906 0.428116
vn -0.795833 -0.052979 0.603195
vn -0.795833 0.052979 0.603195
vn -0.675687 -0.053001 0.735281
vn -0.675687 0.053001 0.735281
vn -0.533940 -0.052974 0.843861
vn -0.533940 0.052975 0.843861
vn -0.350518 -0.052902 0.935061
vn -0.350518 0.052902 0.935061
vn -0.088899 -0.052817 0.994639
vn -0.088899 0.052817 0.994639
vn 0.294599 -0.052889 0.954156
vn 0.294600 0.052887 0.954156
vn 0.522498 -0.051063 0.851110
vn 0.522499 0.051061 0.851110
vn 0.892136 -0.051066 0.448871
vn 0.892135 0.051066 0.448874
vn 0.022749 -0.999733 -0.004050
vn 0.020697 -0.999776 0.004410
vn 0.000000 -1.000000 0.000000
vn 0.022989 -0.999676 -0.010934
vn 0.021779 -0.999626 -0.016517
vn 0.018973 -0.999607 -0.020646
vn 0.014621 -0.999626 -0.023094
vn 0.008956 -0.999676 -0.023830
vn 0.002117 -0.999733 -0.023009
vn -0.006140 -0.999776 -0.020250
vn -0.014963 -0.999794 -0.013750
vn -0.020697 -0.999776 -0.004410
vn -0.022749 -0.999733 0.004050
vn -0.022989 -0.999676 0.010933
vn -0.021779 -0.999626 0.016516
vn -0.018973 -0.999607 0.020646
vn -0.014621 -0.999626 0.023094
vn -0.008956 -0.999676 0.023830
vn -0.002117 -0.999733 0.023009
vn 0.006140 -0.999776 0.020250
vn 0.014963 -0.999794 0.013750
vn 0.020697 0.999776 0.004411
vn 0.022749 0.999733 -0.004048
vn 0.000000 1.000000 -0.000000
vn 0.022990 0.999676 -0.010931
vn 0.021779 0.999626 -0.016516
vn 0.018973 0.999607 -0.020647
vn 0.014621 0.999626 -0.023095
vn 0.008956 0.999676 -0.023829
vn 0.002117 0.999733 -0.023010
vn -0.006140 0.999776 -0.020252
vn -0.014963 0.999794 -0.013750
vn -0.020697 0.999776 -0.004411
vn -0.022749 0.999733 0.004050
vn -0.022989 0.999676 0.010933
vn -0.021779 0.999626 0.016514
vn -0.018973 0.999607 0.020647
vn -0.014621 0.999626 0.023095
vn -0.008956 0.999676 0.023829
vn -0.002117 0.999733 0.023010
vn 0.006140 0.999776 0.020252
vn 0.014963 0.999794 0.013750
vn 0.513348 -0.851010 0.110709
vn 0.511144 -0.854733 -0.090357
vn 0.942004 -0.265394 0.205415
vn 0.950556 -0.261934 -0.166838
vn 0.681753 -0.716560 0.147496
vn 0.691857 -0.711645 -0.122045
vn 0.464500 -0.857634 -0.220690
vn 0.786129 -0.492656 -0.373217
vn 0.407806 -0.859127 -0.309184
vn 0.692978 -0.493808 -0.525295
vn 0.345772 -0.859573 -0.376265
vn 0.653413 -0.259757 -0.711040
vn 0.477522 -0.708484 -0.519637
vn 0.273696 -0.859129 -0.432421
vn 0.464990 -0.493811 -0.734803
vn 0.180738 -0.857632 -0.481458
vn 0.305599 -0.492657 -0.814799
vn 0.046935 -0.854729 -0.516948
vn 0.086089 -0.261949 -0.961234
vn 0.063272 -0.711637 -0.699693
vn -0.153604 -0.851011 -0.502181
vn -0.284120 -0.265393 -0.921326
vn -0.204460 -0.716559 -0.666887
vn -0.388637 -0.849363 -0.357132
vn -0.505353 -0.258811 -0.823186
vn -0.510436 -0.720723 -0.469057
vn -0.513352 -0.851007 -0.110708
vn -0.862867 -0.258814 -0.434139
vn -0.942002 -0.265400 -0.205416
vn -0.681750 -0.716563 -0.147492
vn -0.511150 -0.854728 0.090359
vn -0.950550 -0.261955 0.166836
vn -0.691857 -0.711645 0.122046
vn -0.464503 -0.857632 0.220691
vn -0.786125 -0.492664 0.373217
vn -0.407809 -0.859126 0.309184
vn -0.692976 -0.493813 0.525294
vn -0.345774 -0.859572 0.376267
vn -0.653411 -0.259765 0.711039
vn -0.477525 -0.708480 0.519640
vn -0.273698 -0.859127 0.432424
vn -0.516332 -0.259894 0.816000
vn -0.377304 -0.708679 0.596167
vn -0.180738 -0.857631 0.481458
vn -0.338951 -0.260440 0.904037
vn -0.247598 -0.709469 0.659810
vn -0.046935 -0.854729 0.516948
vn -0.086090 -0.261947 0.961235
vn -0.063272 -0.711638 0.699692
vn 0.153604 -0.851011 0.502182
vn 0.284120 -0.265394 0.921326
vn 0.204460 -0.716560 0.666887
vn 0.388640 -0.849360 0.357136
vn 0.505353 -0.258811 0.823186
vn 0.510442 -0.720712 0.469066
vn 0.862863 -0.258828 0.434138
vn 0.513347 0.851010 0.110708
vn 0.388637 0.849361 0.357138
vn 0.942002 0.265393 0.205421
vn 0.862858 0.258826 0.434150
vn 0.681753 0.716560 0.147496
vn 0.510437 0.720713 0.469070
vn 0.511144 0.854733 -0.090355
vn 0.691858 0.711645 -0.122045
vn 0.950556 0.261934 -0.166838
vn 0.464500 0.857634 -0.220689
vn 0.786130 0.492656 -0.373215
vn 0.407806 0.859127 -0.309186
vn 0.692978 0.493808 -0.525295
vn 0.345772 0.859573 -0.376267
vn 0.477523 0.708486 -0.519634
vn 0.653412 0.259757 -0.711040
vn 0.273695 0.859129 -0.432421
vn 0.464992 0.493813 -0.734801
vn 0.180738 0.857630 -0.481460
vn 0.305599 0.492658 -0.814799
vn 0.046934 0.854729 -0.516948
vn 0.063272 0.711639 -0.699690
vn 0.086090 0.261948 -0.961235
vn -0.153603 0.851012 -0.502180
vn -0.204459 0.716564 -0.666883
vn -0.284121 0.265392 -0.921327
vn -0.388636 0.849361 -0.357138
vn -0.510432 0.720721 -0.469064
vn -0.505359 0.258815 -0.823181
vn -0.513352 0.851007 -0.110712
vn -0.681750 0.716563 -0.147496
vn -0.862864 0.258813 -0.434145
vn -0.942001 0.265400 -0.205419
vn -0.511150 0.854729 0.090359
vn -0.691857 0.711645 0.122046
vn -0.950550 0.261955 0.166835
vn -0.464503 0.857631 0.220694
vn -0.786125 0.492664 0.373217
vn -0.407808 0.859125 0.309188
vn -0.692975 0.493812 0.525295
vn -0.345772 0.859573 0.376267
vn -0.477523 0.708486 0.519634
vn -0.653411 0.259766 0.711039
vn -0.273696 0.859128 0.432422
vn -0.377303 0.708687 0.596158
vn -0.516332 0.259894 0.816000
vn -0.180738 0.857631 0.481459
vn -0.247597 0.709468 0.659811
vn -0.338952 0.260441 0.904037
vn -0.046934 0.854730 0.516947
vn -0.063271 0.711642 0.699687
vn -0.086090 0.261947 0.961235
vn 0.153603 0.851012 0.502180
vn 0.204459 0.716567 0.666880
vn 0.284122 0.265388 0.921327
vn 0.505361 0.258801 0.823184
s 1
g PaintPad StoolObjects
usemtl lambert7SG
f 3267/4764/3950 3271/4765/3951 3351/4766/3952 3347/4767/3953
f 3271/4765/3951 3275/4770/3954 3355/4771/3955 3351/4766/3952
f 3275/4770/3954 3279/4780/3956 3359/4781/3957 3355/4771/3955
f 3279/4780/3956 3283/4792/3958 3363/4793/3959 3359/4781/3957
f 3283/4792/3958 3287/4800/3960 3367/4801/3961 3363/4793/3959
f 3287/4958/3960 3291/4959/3962 3371/4960/3963 3367/4961/3961
f 3291/4959/3962 3295/4964/3964 3375/4965/3965 3371/4960/3963
f 3295/4964/3964 3299/4969/3966 3379/4970/3967 3375/4965/3965
f 3299/4818/3966 3303/4808/3968 3383/4811/3969 3379/4819/3967
f 3303/4808/3970 3307/4809/3971 3387/4810/3972 3383/4811/3973
f 3307/4809/3971 3311/4814/3974 3391/4815/3975 3387/4810/3972
f 3311/4814/3974 3315/4824/3976 3395/4825/3977 3391/4815/3975
f 3315/4824/3976 3319/4832/3978 3399/4833/3979 3395/4825/3977
f 3319/4832/3978 3323/4838/3980 3403/4839/3981 3399/4833/3979
f 3323/4838/3980 3327/4844/3982 3407/4845/3983 3403/4839/3981
f 3327/4974/3982 3331/4975/3984 3411/4976/3985 3407/4977/3983
f 3331/4975/3984 3335/4980/3986 3415/4981/3987 3411/4976/3985
f 3335/4980/3986 3339/4985/3988 3419/4986/3989 3415/4981/3987
f 3339/4786/3988 3343/4774/3990 3423/4775/3991 3419/4787/3989
f 3343/4774/3992 3267/4764/3950 3347/4767/3953 3423/4775/3993
f 3274/4852/3994 3270/4853/3995 3265/4854/3996
f 3278/4858/3997 3274/4852/3994 3265/4854/3996
f 3282/4862/3998 3278/4858/3997 3265/4854/3996
f 3286/4866/3999 3282/4862/3998 3265/4854/3996
f 3290/4872/4000 3286/4866/3999 3265/4854/3996
f 3294/4877/4001 3290/4872/4000 3265/4854/3996
f 3298/4884/4002 3294/4877/4001 3265/4854/3996
f 3302/4890/4003 3298/4884/4002 3265/4854/3996
f 3306/4896/4004 3302/4890/4003 3265/4854/3996
f 3310/4901/4005 3306/4896/4004 3265/4854/3996
f 3314/4900/4006 3310/4901/4005 3265/4854/3996
f 3318/4895/4007 3314/4900/4006 3265/4854/3996
f 3322/4889/4008 3318/4895/4007 3265/4854/3996
f 3326/4883/4009 3322/4889/4008 3265/4854/3996
f 3330/4876/4010 3326/4883/4009 3265/4854/3996
f 3334/4871/4011 3330/4876/4010 3265/4854/3996
f 3338/4865/4012 3334/4871/4011 3265/4854/3996
f 3342/4861/4013 3338/4865/4012 3265/4854/3996
f 3346/4857/4014 3342/4861/4013 3265/4854/3996
f 3270/4853/3995 3346/4857/4014 3265/4854/3996
f 3350/4905/4015 3354/4906/4016 3266/4907/4017
f 3354/4906/4016 3358/4910/4018 3266/4907/4017
f 3358/4910/4018 3362/4914/4019 3266/4907/4017
f 3362/4914/4019 3366/4918/4020 3266/4907/4017
f 3366/4918/4020 3370/4924/4021 3266/4907/4017
f 3370/4924/4021 3374/4929/4022 3266/4907/4017
f 3374/4929/4022 3378/4936/4023 3266/4907/4017
f 3378/4936/4023 3382/4942/4024 3266/4907/4017
f 3382/4942/4024 3386/4948/4025 3266/4907/4017
f 3386/4948/4025 3390/4953/4026 3266/4907/4017
f 3390/4953/4026 3394/4954/4027 3266/4907/4017
f 3394/4954/4027 3398/4949/4028 3266/4907/4017
f 3398/4949/4028 3402/4943/4029 3266/4907/4017
f 3402/4943/4029 3406/4937/4030 3266/4907/4017
f 3406/4937/4030 3410/4930/4031 3266/4907/4017
f 3410/4930/4031 3414/4925/4032 3266/4907/4017
f 3414/4925/4032 3418/4919/4033 3266/4907/4017
f 3418/4919/4033 3422/4915/4034 3266/4907/4017
f 3422/4915/4034 3426/4911/4035 3266/4907/4017
f 3426/4911/4035 3350/4905/4015 3266/4907/4017
f 3269/4855/4036 3270/4853/3995 3274/4852/3994 3273/4856/4037
f 3267/4764/3950 3268/4768/4038 3272/4769/4039 3271/4765/3951
f 3268/4768/4040 3269/4777/4036 3273/4778/4037 3272/4769/4041
f 3273/4856/4037 3274/4852/3994 3278/4858/3997 3277/4860/4042
f 3271/4765/3951 3272/4769/4039 3276/4779/4043 3275/4770/3954
f 3272/4769/4041 3273/4778/4037 3277/4790/4042 3276/4779/4043
f 3277/4860/4042 3278/4858/3997 3282/4862/3998 3281/4864/4044
f 3275/4770/3954 3276/4779/4043 3280/4791/4045 3279/4780/3956
f 3276/4779/4043 3277/4790/4042 3281/4798/4044 3280/4791/4045
f 3281/4864/4044 3282/4862/3998 3286/4866/3999 3285/4870/4046
f 3279/4780/3956 3280/4791/4045 3284/4799/4047 3283/4792/3958
f 3280/4791/4045 3281/4798/4044 3285/4804/4046 3284/4799/4048
f 3285/4870/4046 3286/4866/3999 3290/4872/4000 3289/4875/4049
f 3283/4792/3958 3284/4799/4047 3288/4805/4050 3287/4800/3960
f 3284/4881/4048 3285/4870/4046 3289/4875/4049 3288/4882/4050
f 3289/4875/4049 3290/4872/4000 3294/4877/4001 3293/4880/4051
f 3287/4958/3960 3288/4962/4050 3292/4963/4052 3291/4959/3962
f 3288/4882/4050 3289/4875/4049 3293/4880/4051 3292/4888/4052
f 3293/4880/4051 3294/4877/4001 3298/4884/4002 3297/4887/4053
f 3291/4959/3962 3292/4963/4052 3296/4968/4054 3295/4964/3964
f 3292/4888/4052 3293/4880/4051 3297/4887/4053 3296/4894/4055
f 3297/4887/4053 3298/4884/4002 3302/4890/4003 3301/4893/4056
f 3295/4964/3964 3296/4968/4054 3300/4972/4057 3299/4969/3966
f 3296/4894/4055 3297/4887/4053 3301/4893/4056 3300/4899/4058
f 3301/4893/4056 3302/4890/4003 3306/4896/4004 3305/4898/4059
f 3299/4818/3966 3300/4820/4057 3304/4812/4060 3303/4808/3968
f 3300/4899/4058 3301/4893/4056 3305/4898/4059 3304/4904/4061
f 3305/4898/4059 3306/4896/4004 3310/4901/4005 3309/4903/4062
f 3303/4808/3970 3304/4812/4063 3308/4813/4064 3307/4809/3971
f 3304/4812/4061 3305/4821/4059 3309/4822/4062 3308/4813/4065
f 3309/4903/4062 3310/4901/4005 3314/4900/4006 3313/4902/4066
f 3307/4809/3971 3308/4813/4064 3312/4823/4067 3311/4814/3974
f 3308/4813/4065 3309/4822/4062 3313/4830/4066 3312/4823/4068
f 3313/4902/4066 3314/4900/4006 3318/4895/4007 3317/4897/4069
f 3311/4814/3974 3312/4823/4067 3316/4831/4070 3315/4824/3976
f 3312/4823/4068 3313/4830/4066 3317/4836/4069 3316/4831/4070
f 3317/4897/4069 3318/4895/4007 3322/4889/4008 3321/4891/4071
f 3315/4824/3976 3316/4831/4070 3320/4837/4072 3319/4832/3978
f 3316/4831/4070 3317/4836/4069 3321/4842/4071 3320/4837/4072
f 3321/4891/4071 3322/4889/4008 3326/4883/4009 3325/4885/4073
f 3319/4832/3978 3320/4837/4072 3324/4843/4074 3323/4838/3980
f 3320/4837/4072 3321/4842/4071 3325/4848/4073 3324/4843/4075
f 3325/4885/4073 3326/4883/4009 3330/4876/4010 3329/4878/4076
f 3323/4838/3980 3324/4843/4074 3328/4849/4077 3327/4844/3982
f 3324/4892/4075 3325/4885/4073 3329/4878/4076 3328/4886/4078
f 3329/4878/4076 3330/4876/4010 3334/4871/4011 3333/4873/4079
f 3327/4974/3982 3328/4978/4077 3332/4979/4080 3331/4975/3984
f 3328/4886/4078 3329/4878/4076 3333/4873/4079 3332/4879/4081
f 3333/4873/4079 3334/4871/4011 3338/4865/4012 3337/4867/4082
f 3331/4975/3984 3332/4979/4080 3336/4984/4083 3335/4980/3986
f 3332/4879/4081 3333/4873/4079 3337/4867/4082 3336/4874/4084
f 3337/4867/4082 3338/4865/4012 3342/4861/4013 3341/4863/4085
f 3335/4980/3986 3336/4984/4083 3340/4988/4086 3339/4985/3988
f 3336/4874/4084 3337/4867/4082 3341/4863/4085 3340/4868/4087
f 3341/4863/4085 3342/4861/4013 3346/4857/4014 3345/4859/4088
f 3339/4786/3988 3340/4788/4086 3344/4776/4089 3343/4774/3990
f 3340/4868/4087 3341/4863/4085 3345/4859/4088 3344/4869/4090
f 3270/4853/3995 3269/4855/4036 3345/4859/4088 3346/4857/4014
f 3269/4777/4036 3268/4768/4040 3344/4776/4090 3345/4789/4088
f 3268/4768/4038 3267/4764/3950 3343/4774/3992 3344/4776/4091
f 3349/4908/4092 3350/4905/4015 3426/4911/4035 3425/4912/4093
f 3347/4767/3953 3348/4772/4094 3424/4783/4095 3423/4775/3993
f 3348/4772/4096 3349/4784/4092 3425/4796/4093 3424/4783/4097
f 3350/4905/4015 3349/4908/4092 3353/4909/4098 3354/4906/4016
f 3349/4784/4092 3348/4772/4096 3352/4773/4099 3353/4785/4098
f 3348/4772/4094 3347/4767/3953 3351/4766/3952 3352/4773/4100
f 3354/4906/4016 3353/4909/4098 3357/4913/4101 3358/4910/4018
f 3353/4785/4098 3352/4773/4099 3356/4782/4102 3357/4795/4101
f 3352/4773/4100 3351/4766/3952 3355/4771/3955 3356/4782/4102
f 3358/4910/4018 3357/4913/4101 3361/4917/4103 3362/4914/4019
f 3357/4795/4101 3356/4782/4102 3360/4794/4104 3361/4803/4103
f 3356/4782/4102 3355/4771/3955 3359/4781/3957 3360/4794/4104
f 3362/4914/4019 3361/4917/4103 3365/4923/4105 3366/4918/4020
f 3361/4803/4103 3360/4794/4104 3364/4802/4106 3365/4807/4105
f 3360/4794/4104 3359/4781/3957 3363/4793/3959 3364/4802/4107
f 3366/4918/4020 3365/4923/4105 3369/4928/4108 3370/4924/4021
f 3365/4923/4105 3364/4933/4106 3368/4934/4109 3369/4928/4108
f 3364/4802/4107 3363/4793/3959 3367/4801/3961 3368/4806/4109
f 3370/4924/4021 3369/4928/4108 3373/4935/4110 3374/4929/4022
f 3369/4928/4108 3368/4934/4109 3372/4940/4111 3373/4935/4110
f 3368/4966/4109 3367/4961/3961 3371/4960/3963 3372/4967/4111
f 3374/4929/4022 3373/4935/4110 3377/4941/4112 3378/4936/4023
f 3373/4935/4110 3372/4940/4111 3376/4946/4113 3377/4941/4112
f 3372/4967/4111 3371/4960/3963 3375/4965/3965 3376/4971/4114
f 3378/4936/4023 3377/4941/4112 3381/4947/4115 3382/4942/4024
f 3377/4941/4112 3376/4946/4113 3380/4951/4116 3381/4947/4115
f 3376/4971/4114 3375/4965/3965 3379/4970/3967 3380/4973/4117
f 3382/4942/4024 3381/4947/4115 3385/4952/4118 3386/4948/4025
f 3381/4947/4115 3380/4951/4116 3384/4956/4119 3385/4952/4118
f 3380/4827/4117 3379/4819/3967 3383/4811/3969 3384/4816/4120
f 3386/4948/4025 3385/4952/4118 3389/4957/4121 3390/4953/4026
f 3385/4828/4118 3384/4816/4119 3388/4817/4122 3389/4829/4121
f 3384/4816/4123 3383/4811/3973 3387/4810/3972 3388/4817/4124
f 3390/4953/4026 3389/4957/4121 3393/4955/4125 3394/4954/4027
f 3389/4829/4121 3388/4817/4122 3392/4826/4126 3393/4835/4125
f 3388/4817/4124 3387/4810/3972 3391/4815/3975 3392/4826/4127
f 3394/4954/4027 3393/4955/4125 3397/4950/4128 3398/4949/4028
f 3393/4835/4125 3392/4826/4126 3396/4834/4129 3397/4841/4128
f 3392/4826/4127 3391/4815/3975 3395/4825/3977 3396/4834/4129
f 3398/4949/4028 3397/4950/4128 3401/4944/4130 3402/4943/4029
f 3397/4841/4128 3396/4834/4129 3400/4840/4131 3401/4847/4130
f 3396/4834/4129 3395/4825/3977 3399/4833/3979 3400/4840/4131
f 3402/4943/4029 3401/4944/4130 3405/4938/4132 3406/4937/4030
f 3401/4847/4130 3400/4840/4131 3404/4846/4133 3405/4851/4132
f 3400/4840/4131 3399/4833/3979 3403/4839/3981 3404/4846/4134
f 3406/4937/4030 3405/4938/4132 3409/4931/4135 3410/4930/4031
f 3405/4938/4132 3404/4945/4133 3408/4939/4136 3409/4931/4135
f 3404/4846/4134 3403/4839/3981 3407/4845/3983 3408/4850/4137
f 3410/4930/4031 3409/4931/4135 3413/4926/4138 3414/4925/4032
f 3409/4931/4135 3408/4939/4136 3412/4932/4139 3413/4926/4138
f 3408/4982/4137 3407/4977/3983 3411/4976/3985 3412/4983/4140
f 3414/4925/4032 3413/4926/4138 3417/4920/4141 3418/4919/4033
f 3413/4926/4138 3412/4932/4139 3416/4927/4142 3417/4920/4141
f 3412/4983/4140 3411/4976/3985 3415/4981/3987 3416/4987/4143
f 3418/4919/4033 3417/4920/4141 3421/4916/4144 3422/4915/4034
f 3417/4920/4141 3416/4927/4142 3420/4921/4145 3421/4916/4144
f 3416/4987/4143 3415/4981/3987 3419/4986/3989 3420/4989/4146
f 3422/4915/4034 3421/4916/4144 3425/4912/4093 3426/4911/4035
f 3421/4916/4144 3420/4921/4145 3424/4922/4097 3425/4912/4093
f 3420/4797/4146 3419/4787/3989 3423/4775/3991 3424/4783/4147
