# This file uses centimeters as units for non-parametric coordinates.

mtllib TableTop.mtl
g default
v 24.690548 1.031295 -31.056957
v 24.690548 1.031295 -30.839966
v 24.608025 1.031295 -31.056957
v 24.608025 1.031295 -30.839966
v 24.883936 0.393992 -30.839966
v 24.801413 0.393992 -30.839966
v 24.801413 0.393992 -31.056957
v 24.883936 0.393992 -31.056957
v 24.967682 0.121816 -30.839966
v 24.885159 0.121816 -30.839966
v 24.885159 0.121816 -31.056957
v 24.967682 0.121816 -31.056957
v 24.717865 1.031295 -31.030100
v 24.690548 1.031295 -31.030100
v 24.608025 1.031295 -31.030100
v 24.580708 1.031295 -31.030098
v 24.774094 0.393992 -31.030100
v 24.857841 0.121816 -31.030100
v 24.917465 -0.001731 -31.030100
v 24.999989 -0.001731 -31.030100
v 24.995001 0.121816 -31.030100
v 24.911253 0.393992 -31.030100
v 24.717865 1.031295 -30.866825
v 24.690548 1.031295 -30.866825
v 24.608025 1.031295 -30.866825
v 24.580708 1.031295 -30.866825
v 24.774094 0.393992 -30.866825
v 24.857841 0.121816 -30.866825
v 24.917465 -0.001731 -30.866825
v 24.999989 -0.001731 -30.866825
v 24.995001 0.121816 -30.866825
v 24.911253 0.393992 -30.866825
v 24.919983 0.276349 -30.839966
v 24.837460 0.276349 -30.839966
v 24.837460 0.276349 -31.056957
v 24.919983 0.276349 -31.056957
v 24.947300 0.276349 -31.030100
v 24.947300 0.276349 -30.866825
v 24.952921 0.170191 -30.839966
v 24.870398 0.170191 -30.839966
v 24.870398 0.170191 -31.056957
v 24.952921 0.170191 -31.056957
v 24.980238 0.170191 -31.030100
v 24.980238 0.170191 -30.866825
v 24.862549 0.121816 -30.844427
v 24.990294 0.121816 -30.844427
v 24.580708 1.031295 -31.052496
v 24.778805 0.393992 -31.052496
v 24.713156 1.031296 -31.052496
v 24.906546 0.393992 -31.052496
v 24.713156 1.031296 -30.844427
v 24.906546 0.393992 -30.844427
v 24.580709 1.031295 -30.844427
v 24.778805 0.393992 -30.844427
v 24.813673 0.276349 -31.050987
v 24.942593 0.276349 -31.052496
v 24.975531 0.170191 -30.844427
v 24.847790 0.170191 -30.844427
v 24.862549 0.121816 -31.052496
v 24.990292 0.121816 -31.052496
v 24.942593 0.276349 -30.844427
v 24.813673 0.276349 -30.845936
v 24.847790 0.170191 -31.052496
v 24.975531 0.170191 -31.052496
v 24.999989 0.003546 -31.051682
v 25.020008 0.004602 -31.050043
v 24.999989 0.003546 -30.845243
v 25.020008 0.004602 -30.846882
v 24.917465 0.003546 -31.051680
v 24.917465 0.003546 -30.845243
v 24.895718 0.003546 -31.030100
v 24.895720 0.003546 -30.866825
v 25.021736 0.003546 -31.030100
v 25.021734 0.003546 -30.866825
v 24.897446 0.004602 -30.846878
v 24.897449 0.004602 -31.050043
v 24.690548 1.031295 -32.104439
v 24.690548 1.031295 -31.887444
v 24.608025 1.031295 -32.104439
v 24.608025 1.031295 -31.887444
v 24.883936 0.393992 -31.887444
v 24.801413 0.393992 -31.887444
v 24.801413 0.393992 -32.104439
v 24.883936 0.393992 -32.104439
v 24.967682 0.121816 -31.887444
v 24.885159 0.121816 -31.887444
v 24.885159 0.121816 -32.104439
v 24.967682 0.121816 -32.104439
v 24.717865 1.031295 -32.077579
v 24.690548 1.031295 -32.077579
v 24.608025 1.031295 -32.077579
v 24.580708 1.031295 -32.077576
v 24.774094 0.393992 -32.077579
v 24.857841 0.121816 -32.077579
v 24.917465 -0.001731 -32.077579
v 24.999989 -0.001731 -32.077579
v 24.995001 0.121816 -32.077579
v 24.911253 0.393992 -32.077579
v 24.717865 1.031295 -31.914303
v 24.690548 1.031295 -31.914303
v 24.608025 1.031295 -31.914303
v 24.580708 1.031295 -31.914303
v 24.774094 0.393992 -31.914303
v 24.857841 0.121816 -31.914303
v 24.917465 -0.001731 -31.914303
v 24.999989 -0.001731 -31.914303
v 24.995001 0.121816 -31.914303
v 24.911253 0.393992 -31.914303
v 24.919983 0.276349 -31.887444
v 24.837460 0.276349 -31.887444
v 24.837460 0.276349 -32.104439
v 24.919983 0.276349 -32.104439
v 24.947300 0.276349 -32.077579
v 24.947300 0.276349 -31.914303
v 24.952921 0.170191 -31.887444
v 24.870398 0.170191 -31.887444
v 24.870398 0.170191 -32.104439
v 24.952921 0.170191 -32.104439
v 24.980238 0.170191 -32.077579
v 24.980238 0.170191 -31.914303
v 24.862549 0.121816 -31.891905
v 24.990294 0.121816 -31.891905
v 24.580708 1.031295 -32.099976
v 24.778805 0.393992 -32.099976
v 24.713156 1.031296 -32.099976
v 24.906546 0.393992 -32.099976
v 24.713156 1.031296 -31.891905
v 24.906546 0.393992 -31.891905
v 24.580709 1.031295 -31.891905
v 24.778805 0.393992 -31.891905
v 24.813673 0.276349 -32.098465
v 24.942593 0.276349 -32.099976
v 24.975531 0.170191 -31.891905
v 24.847790 0.170191 -31.891907
v 24.862549 0.121816 -32.099976
v 24.990292 0.121816 -32.099976
v 24.942593 0.276349 -31.891905
v 24.813673 0.276349 -31.893414
v 24.847790 0.170191 -32.099976
v 24.975531 0.170191 -32.099976
v 24.999989 0.003546 -32.099159
v 25.020008 0.004602 -32.097523
v 24.999989 0.003546 -31.892723
v 25.020008 0.004602 -31.894361
v 24.917465 0.003546 -32.099159
v 24.917465 0.003546 -31.892721
v 24.895718 0.003546 -32.077579
v 24.895720 0.003546 -31.914303
v 25.021736 0.003546 -32.077579
v 25.021734 0.003546 -31.914303
v 24.897446 0.004602 -31.894361
v 24.897449 0.004602 -32.097523
v 24.470867 1.031295 -31.887444
v 24.470867 1.031295 -32.104435
v 24.553391 1.031295 -31.887444
v 24.553391 1.031295 -32.104435
v 24.277479 0.393992 -32.104435
v 24.360003 0.393992 -32.104435
v 24.193731 0.121816 -32.104435
v 24.276255 0.121816 -32.104435
v 24.276255 0.121816 -31.887444
v 24.193731 0.121816 -31.887444
v 24.443548 1.031295 -31.914303
v 24.470867 1.031295 -31.914303
v 24.553391 1.031295 -31.914303
v 24.387320 0.393992 -31.914303
v 24.303572 0.121816 -31.914303
v 24.243948 -0.001731 -31.914303
v 24.161427 -0.001731 -31.914303
v 24.166414 0.121816 -31.914303
v 24.250160 0.393992 -31.914303
v 24.443548 1.031295 -32.077576
v 24.470867 1.031295 -32.077576
v 24.553391 1.031295 -32.077576
v 24.387320 0.393992 -32.077576
v 24.303572 0.121816 -32.077576
v 24.243948 -0.001731 -32.077576
v 24.161427 -0.001731 -32.077576
v 24.166414 0.121816 -32.077576
v 24.250160 0.393992 -32.077576
v 24.241430 0.276349 -32.104435
v 24.323954 0.276349 -32.104435
v 24.323954 0.276349 -31.887444
v 24.241430 0.276349 -31.887444
v 24.214113 0.276349 -31.914303
v 24.214113 0.276349 -32.077576
v 24.208492 0.170191 -32.104435
v 24.291016 0.170191 -32.104435
v 24.181175 0.170191 -31.914303
v 24.181175 0.170191 -32.077576
v 24.298864 0.121816 -32.099976
v 24.171124 0.121816 -32.099976
v 24.382610 0.393992 -31.891905
v 24.448257 1.031296 -31.891905
v 24.256973 0.393992 -31.890789
v 24.448257 1.031296 -32.099976
v 24.254871 0.393992 -32.099976
v 24.382612 0.393992 -32.099976
v 24.347740 0.276349 -31.893414
v 24.218822 0.276349 -31.891905
v 24.185883 0.170191 -32.099976
v 24.313625 0.170191 -32.099976
v 24.298864 0.121816 -31.891905
v 24.171124 0.121816 -31.891905
v 24.218822 0.276349 -32.099976
v 24.347740 0.276349 -32.098465
v 24.311520 0.170191 -31.890791
v 24.185886 0.170191 -31.891905
v 24.161427 0.003546 -31.892721
v 24.141409 0.004602 -31.894361
v 24.161427 0.003546 -32.099159
v 24.141409 0.004602 -32.097523
v 24.243948 0.003546 -31.892719
v 24.243948 0.003546 -32.099159
v 24.265697 0.003546 -31.914303
v 24.265696 0.003546 -32.077576
v 24.139677 0.003546 -31.914303
v 24.139679 0.003546 -32.077576
v 24.263968 0.004602 -32.097519
v 24.263968 0.004602 -31.894361
v 24.470867 1.031295 -30.839966
v 24.470867 1.031295 -31.056957
v 24.553391 1.031295 -30.839966
v 24.553391 1.031295 -31.056957
v 24.360003 0.393992 -30.839966
v 24.277479 0.393992 -30.839966
v 24.193731 0.121816 -31.056957
v 24.276255 0.121816 -31.056957
v 24.276255 0.121816 -30.839966
v 24.193731 0.121816 -30.839966
v 24.443548 1.031295 -30.866823
v 24.470867 1.031295 -30.866823
v 24.553391 1.031295 -30.866823
v 24.387320 0.393992 -30.866823
v 24.303572 0.121816 -30.866823
v 24.243948 -0.001731 -30.866823
v 24.161427 -0.001731 -30.866823
v 24.166414 0.121816 -30.866823
v 24.250160 0.393992 -30.866823
v 24.443548 1.031295 -31.030098
v 24.470867 1.031295 -31.030098
v 24.553391 1.031295 -31.030098
v 24.387320 0.393992 -31.030098
v 24.303572 0.121816 -31.030098
v 24.243948 -0.001731 -31.030098
v 24.161427 -0.001731 -31.030098
v 24.166414 0.121816 -31.030098
v 24.250160 0.393992 -31.030098
v 24.241430 0.276349 -31.056957
v 24.323954 0.276349 -31.056957
v 24.323954 0.276349 -30.839966
v 24.241430 0.276349 -30.839966
v 24.214113 0.276349 -30.866823
v 24.214113 0.276349 -31.030098
v 24.291016 0.170191 -30.839966
v 24.208492 0.170191 -30.839966
v 24.181175 0.170191 -30.866823
v 24.181175 0.170191 -31.030098
v 24.298864 0.121816 -31.052496
v 24.171124 0.121816 -31.052496
v 24.382612 0.393992 -30.844427
v 24.448257 1.031296 -30.844427
v 24.254871 0.393992 -30.844427
v 24.448257 1.031296 -31.052496
v 24.256973 0.393992 -31.053612
v 24.382610 0.393992 -31.052496
v 24.347740 0.276349 -30.845936
v 24.218822 0.276349 -30.844427
v 24.185886 0.170191 -31.052496
v 24.311520 0.170191 -31.053612
v 24.298864 0.121816 -30.844427
v 24.171124 0.121816 -30.844427
v 24.218822 0.276349 -31.052496
v 24.347740 0.276349 -31.050987
v 24.313625 0.170191 -30.844427
v 24.185883 0.170191 -30.844427
v 24.161427 0.003546 -30.845243
v 24.141409 0.004602 -30.846882
v 24.161427 0.003546 -31.051680
v 24.141409 0.004602 -31.050043
v 24.243948 0.003546 -30.845243
v 24.243948 0.003546 -31.051682
v 24.265697 0.003546 -30.866823
v 24.265696 0.003546 -31.030098
v 24.139677 0.003546 -30.866823
v 24.139679 0.003546 -31.030098
v 24.263968 0.004602 -31.050043
v 24.263968 0.004602 -30.846882
v 24.356106 0.391522 -31.887444
v 24.355110 0.378030 -31.887444
v 24.363914 0.406884 -31.887444
v 24.339710 0.393992 -31.887444
v 24.356106 0.391522 -31.056957
v 24.339710 0.393992 -31.056957
v 24.363914 0.406884 -31.056957
v 24.355110 0.378030 -31.056957
v 24.279163 0.392246 -31.887444
v 24.293348 0.393992 -31.887444
v 24.280869 0.405161 -31.887444
v 24.273655 0.381509 -31.887444
v 24.279163 0.392246 -31.056957
v 24.273655 0.381509 -31.056957
v 24.280869 0.405161 -31.056957
v 24.293348 0.393992 -31.056957
v 24.212408 0.172665 -31.887444
v 24.213451 0.186171 -31.887444
v 24.204557 0.157296 -31.887444
v 24.228823 0.170191 -31.887444
v 24.212408 0.172665 -31.056957
v 24.228823 0.170191 -31.056957
v 24.204557 0.157296 -31.056957
v 24.213451 0.186171 -31.056957
v 24.289341 0.171932 -31.887444
v 24.275166 0.170191 -31.887444
v 24.287609 0.159028 -31.887444
v 24.294882 0.182650 -31.887444
v 24.289341 0.171932 -31.056957
v 24.294882 0.182650 -31.056957
v 24.287609 0.159028 -31.056957
v 24.275166 0.170191 -31.056957
v 24.840107 0.179777 -31.916872
v 24.842682 0.171475 -31.928682
v 24.847969 0.154168 -31.914303
v 24.837132 0.189363 -31.914303
v 24.318731 0.171475 -31.928680
v 24.321308 0.179777 -31.916870
v 24.324282 0.189363 -31.914303
v 24.313444 0.154168 -31.914303
v 24.810541 0.275065 -31.928682
v 24.813116 0.266763 -31.916872
v 24.816092 0.257177 -31.914303
v 24.805189 0.292513 -31.914303
v 24.348297 0.266763 -31.916870
v 24.350874 0.275065 -31.928680
v 24.356224 0.292514 -31.914303
v 24.345324 0.257177 -31.914303
v 24.813116 0.266763 -32.075012
v 24.810541 0.275065 -32.063202
v 24.805189 0.292514 -32.077579
v 24.816092 0.257177 -32.077579
v 24.350874 0.275065 -32.063198
v 24.348297 0.266763 -32.075008
v 24.345324 0.257177 -32.077576
v 24.356224 0.292513 -32.077576
v 24.842682 0.171475 -32.063202
v 24.840107 0.179777 -32.075012
v 24.837132 0.189363 -32.077579
v 24.847969 0.154168 -32.077579
v 24.321308 0.179777 -32.075008
v 24.318731 0.171475 -32.063198
v 24.313444 0.154168 -32.077576
v 24.324282 0.189363 -32.077576
v 24.840107 0.179777 -30.869394
v 24.842682 0.171475 -30.881205
v 24.847969 0.154168 -30.866825
v 24.837132 0.189363 -30.866825
v 24.318731 0.171475 -30.881203
v 24.321308 0.179777 -30.869392
v 24.324282 0.189363 -30.866823
v 24.313444 0.154168 -30.866823
v 24.810541 0.275065 -30.881205
v 24.813116 0.266763 -30.869394
v 24.816092 0.257177 -30.866825
v 24.805189 0.292513 -30.866825
v 24.348297 0.266763 -30.869392
v 24.350874 0.275065 -30.881203
v 24.356224 0.292514 -30.866823
v 24.345324 0.257177 -30.866823
v 24.813116 0.266763 -31.027531
v 24.810541 0.275065 -31.015720
v 24.805189 0.292514 -31.030100
v 24.816092 0.257177 -31.030100
v 24.350874 0.275065 -31.015718
v 24.348297 0.266763 -31.027531
v 24.345324 0.257177 -31.030098
v 24.356224 0.292513 -31.030098
v 24.842682 0.171475 -31.015720
v 24.840107 0.179777 -31.027531
v 24.837132 0.189363 -31.030100
v 24.847969 0.154168 -31.030100
v 24.321308 0.179777 -31.027531
v 24.318731 0.171475 -31.015718
v 24.313444 0.154168 -31.030098
v 24.324282 0.189363 -31.030098
v 24.843895 0.167520 -31.911552
v 24.317518 0.167520 -31.911552
v 24.809317 0.279043 -31.911575
v 24.352097 0.279043 -31.911575
v 24.809317 0.279043 -32.080307
v 24.352097 0.279043 -32.080303
v 24.843895 0.167520 -32.080330
v 24.317518 0.167520 -32.080326
v 24.843895 0.167520 -30.864075
v 24.317518 0.167520 -30.864071
v 24.809317 0.279043 -30.864098
v 24.352097 0.279043 -30.864096
v 24.809317 0.279043 -31.032827
v 24.352097 0.279043 -31.032825
v 24.843895 0.167520 -31.032852
v 24.317518 0.167520 -31.032848
v 24.199099 1.054262 -30.783709
v 24.207163 1.042192 -30.783709
v 24.219233 1.034127 -30.783709
v 24.233469 1.031295 -30.783709
v 24.233469 1.034127 -30.769472
v 24.233469 1.042192 -30.757402
v 24.233469 1.054262 -30.749336
v 24.233469 1.068499 -30.746506
v 24.219233 1.068499 -30.749336
v 24.207163 1.068499 -30.757402
v 24.199099 1.068499 -30.769472
v 24.196266 1.068499 -30.783709
v 27.448910 1.034127 -30.783709
v 27.460979 1.042192 -30.783709
v 27.469044 1.054262 -30.783709
v 27.471876 1.068499 -30.783709
v 27.469044 1.068499 -30.769472
v 27.460979 1.068499 -30.757402
v 27.448910 1.068499 -30.749336
v 27.434673 1.068499 -30.746506
v 27.434673 1.054262 -30.749336
v 27.434673 1.042192 -30.757402
v 27.434673 1.034127 -30.769472
v 27.434673 1.031295 -30.783709
v 24.219233 1.214498 -30.783709
v 24.207163 1.206433 -30.783709
v 24.199099 1.194364 -30.783709
v 24.196266 1.180127 -30.783709
v 24.199099 1.180127 -30.769472
v 24.207163 1.180127 -30.757402
v 24.219233 1.180127 -30.749336
v 24.233469 1.180127 -30.746506
v 24.233469 1.194364 -30.749336
v 24.233469 1.206433 -30.757402
v 24.233469 1.214498 -30.769472
v 24.233469 1.217330 -30.783709
v 27.469044 1.194364 -30.783709
v 27.460979 1.206433 -30.783709
v 27.448910 1.214498 -30.783709
v 27.434673 1.217330 -30.783709
v 27.434673 1.214498 -30.769472
v 27.434673 1.206433 -30.757402
v 27.434673 1.194364 -30.749336
v 27.434673 1.180127 -30.746506
v 27.448910 1.180127 -30.749336
v 27.460979 1.180127 -30.757402
v 27.469044 1.180127 -30.769472
v 27.471876 1.180127 -30.783709
v 24.219233 1.180127 -32.180435
v 24.207163 1.180127 -32.172371
v 24.199099 1.180127 -32.160301
v 24.196266 1.180127 -32.146065
v 24.199099 1.194364 -32.146065
v 24.207163 1.206433 -32.146065
v 24.219233 1.214498 -32.146065
v 24.233469 1.217330 -32.146065
v 24.233469 1.214498 -32.160301
v 24.233469 1.206433 -32.172371
v 24.233469 1.194364 -32.180435
v 24.233469 1.180127 -32.183270
v 27.469044 1.180127 -32.160301
v 27.460979 1.180127 -32.172371
v 27.448910 1.180127 -32.180435
v 27.434673 1.180127 -32.183270
v 27.434673 1.194364 -32.180435
v 27.434673 1.206433 -32.172371
v 27.434673 1.214498 -32.160301
v 27.434673 1.217330 -32.146065
v 27.448910 1.214498 -32.146065
v 27.460979 1.206433 -32.146065
v 27.469044 1.194364 -32.146065
v 27.471876 1.180127 -32.146065
v 24.219233 1.034127 -32.146065
v 24.207163 1.042192 -32.146065
v 24.199099 1.054262 -32.146065
v 24.196266 1.068499 -32.146065
v 24.199099 1.068499 -32.160301
v 24.207163 1.068499 -32.172371
v 24.219233 1.068499 -32.180435
v 24.233469 1.068499 -32.183270
v 24.233469 1.054262 -32.180435
v 24.233469 1.042192 -32.172371
v 24.233469 1.034127 -32.160301
v 24.233469 1.031295 -32.146065
v 27.469044 1.054262 -32.146065
v 27.460979 1.042192 -32.146065
v 27.448910 1.034127 -32.146065
v 27.434673 1.031295 -32.146065
v 27.434673 1.034127 -32.160301
v 27.434673 1.042192 -32.172371
v 27.434673 1.054262 -32.180435
v 27.434673 1.068499 -32.183270
v 27.448910 1.068499 -32.180435
v 27.460979 1.068499 -32.172371
v 27.469044 1.068499 -32.160301
v 27.471876 1.068499 -32.146065
v 24.201012 1.055657 -30.770866
v 24.208340 1.043369 -30.772806
v 24.220629 1.036040 -30.770866
v 24.222567 1.043369 -30.758579
v 24.220629 1.055657 -30.751251
v 24.208340 1.057596 -30.758579
v 24.211998 1.047027 -30.762238
v 27.447515 1.036040 -30.770866
v 27.459803 1.043369 -30.772806
v 27.467133 1.055657 -30.770866
v 27.459803 1.057596 -30.758579
v 27.447515 1.055657 -30.751251
v 27.445576 1.043369 -30.758579
v 27.456144 1.047027 -30.762238
v 24.220629 1.212585 -30.770866
v 24.208340 1.205256 -30.772806
v 24.201012 1.192968 -30.770866
v 24.208340 1.191029 -30.758579
v 24.220629 1.192968 -30.751251
v 24.222567 1.205256 -30.758579
v 24.211998 1.201598 -30.762238
v 27.467133 1.192968 -30.770866
v 27.459803 1.205256 -30.772806
v 27.447515 1.212585 -30.770866
v 27.445576 1.205256 -30.758579
v 27.447515 1.192968 -30.751251
v 27.459803 1.191029 -30.758579
v 27.456144 1.201598 -30.762238
v 24.220629 1.192968 -32.178524
v 24.208340 1.191029 -32.171196
v 24.201012 1.192968 -32.158905
v 24.208340 1.205256 -32.156967
v 24.220629 1.212585 -32.158905
v 24.222567 1.205256 -32.171196
v 24.211998 1.201598 -32.167538
v 27.467133 1.192968 -32.158905
v 27.459803 1.191029 -32.171196
v 27.447515 1.192968 -32.178524
v 27.445576 1.205256 -32.171196
v 27.447515 1.212585 -32.158905
v 27.459803 1.205256 -32.156967
v 27.456144 1.201598 -32.167538
v 24.220629 1.036040 -32.158905
v 24.208340 1.043369 -32.156967
v 24.201012 1.055657 -32.158905
v 24.208340 1.057596 -32.171196
v 24.220629 1.055657 -32.178524
v 24.222567 1.043369 -32.171196
v 24.211998 1.047027 -32.167538
v 27.467133 1.055657 -32.158905
v 27.459803 1.043369 -32.156967
v 27.447515 1.036040 -32.158905
v 27.445576 1.043369 -32.171196
v 27.447515 1.055657 -32.178524
v 27.459803 1.057596 -32.171196
v 27.456144 1.047027 -32.167538
v 26.982416 1.031295 -31.887444
v 26.982416 1.031295 -32.104439
v 27.064939 1.031295 -31.887444
v 27.064939 1.031295 -32.104439
v 26.789028 0.393992 -32.104439
v 26.871552 0.393992 -32.104439
v 26.871552 0.393992 -31.887444
v 26.789028 0.393992 -31.887444
v 26.705280 0.121816 -32.104439
v 26.787804 0.121816 -32.104439
v 26.787804 0.121816 -31.887444
v 26.705280 0.121816 -31.887444
v 26.955099 1.031295 -31.914303
v 26.982416 1.031295 -31.914303
v 27.064939 1.031295 -31.914303
v 27.092257 1.031295 -31.914303
v 26.898869 0.393992 -31.914303
v 26.815121 0.121816 -31.914303
v 26.755499 -0.001731 -31.914303
v 26.672976 -0.001731 -31.914303
v 26.677963 0.121816 -31.914303
v 26.761711 0.393992 -31.914303
v 26.955099 1.031295 -32.077576
v 26.982416 1.031295 -32.077576
v 27.064939 1.031295 -32.077576
v 27.092257 1.031295 -32.077576
v 26.898869 0.393992 -32.077576
v 26.815121 0.121816 -32.077576
v 26.755499 -0.001731 -32.077576
v 26.672976 -0.001731 -32.077576
v 26.677963 0.121816 -32.077576
v 26.761711 0.393992 -32.077576
v 26.752981 0.276349 -32.104439
v 26.835505 0.276349 -32.104439
v 26.835505 0.276349 -31.887444
v 26.752981 0.276349 -31.887444
v 26.725662 0.276349 -31.914303
v 26.725662 0.276349 -32.077576
v 26.720043 0.170191 -32.104439
v 26.802567 0.170191 -32.104439
v 26.802567 0.170191 -31.887444
v 26.720043 0.170191 -31.887444
v 26.692724 0.170191 -31.914303
v 26.692724 0.170191 -32.077576
v 26.810415 0.121816 -32.099976
v 26.682674 0.121816 -32.099976
v 27.092258 1.031295 -31.891907
v 26.894161 0.393992 -31.891907
v 26.959808 1.031296 -31.891907
v 26.766418 0.393992 -31.891907
v 26.959808 1.031296 -32.099976
v 26.766418 0.393992 -32.099976
v 27.092258 1.031295 -32.099976
v 26.894161 0.393992 -32.099976
v 26.859291 0.276349 -31.893414
v 26.730373 0.276349 -31.891907
v 26.697433 0.170191 -32.099976
v 26.825176 0.170191 -32.099976
v 26.810415 0.121816 -31.891907
v 26.682674 0.121816 -31.891907
v 26.730373 0.276349 -32.099976
v 26.859291 0.276349 -32.098465
v 26.825176 0.170191 -31.891907
v 26.697433 0.170191 -31.891907
v 26.672976 0.003546 -31.892721
v 26.652958 0.004602 -31.894361
v 26.672976 0.003546 -32.099159
v 26.652958 0.004602 -32.097523
v 26.755499 0.003546 -31.892723
v 26.755499 0.003546 -32.099159
v 26.777245 0.003546 -31.914303
v 26.777245 0.003546 -32.077576
v 26.651228 0.003546 -31.914303
v 26.651228 0.003546 -32.077576
v 26.775517 0.004602 -32.097523
v 26.775517 0.004602 -31.894361
v 26.982416 1.031295 -30.839966
v 26.982416 1.031295 -31.056957
v 27.064939 1.031295 -30.839966
v 27.064939 1.031295 -31.056957
v 26.789028 0.393992 -31.056957
v 26.871552 0.393992 -31.056957
v 26.871552 0.393992 -30.839966
v 26.789028 0.393992 -30.839966
v 26.705280 0.121816 -31.056957
v 26.787804 0.121816 -31.056957
v 26.787804 0.121816 -30.839966
v 26.705280 0.121816 -30.839966
v 26.955099 1.031295 -30.866825
v 26.982416 1.031295 -30.866825
v 27.064939 1.031295 -30.866825
v 27.092257 1.031295 -30.866825
v 26.898869 0.393992 -30.866825
v 26.815121 0.121816 -30.866825
v 26.755499 -0.001731 -30.866825
v 26.672976 -0.001731 -30.866825
v 26.677963 0.121816 -30.866825
v 26.761711 0.393992 -30.866825
v 26.955099 1.031295 -31.030098
v 26.982416 1.031295 -31.030098
v 27.064939 1.031295 -31.030098
v 27.092257 1.031295 -31.030100
v 26.898869 0.393992 -31.030098
v 26.815121 0.121816 -31.030098
v 26.755499 -0.001731 -31.030098
v 26.672976 -0.001731 -31.030098
v 26.677963 0.121816 -31.030098
v 26.761711 0.393992 -31.030098
v 26.752981 0.276349 -31.056957
v 26.835505 0.276349 -31.056957
v 26.835505 0.276349 -30.839966
v 26.752981 0.276349 -30.839966
v 26.725662 0.276349 -30.866825
v 26.725662 0.276349 -31.030098
v 26.720043 0.170191 -31.056957
v 26.802567 0.170191 -31.056957
v 26.802567 0.170191 -30.839966
v 26.720043 0.170191 -30.839966
v 26.692724 0.170191 -30.866825
v 26.692724 0.170191 -31.030098
v 26.810415 0.121816 -31.052496
v 26.682674 0.121816 -31.052496
v 27.092258 1.031295 -30.844427
v 26.894161 0.393992 -30.844429
v 26.959808 1.031296 -30.844427
v 26.766418 0.393992 -30.844429
v 26.959808 1.031296 -31.052496
v 26.766418 0.393992 -31.052496
v 27.092258 1.031295 -31.052496
v 26.894161 0.393992 -31.052496
v 26.859291 0.276349 -30.845936
v 26.730373 0.276349 -30.844429
v 26.697433 0.170191 -31.052496
v 26.825176 0.170191 -31.052496
v 26.810415 0.121816 -30.844429
v 26.682674 0.121816 -30.844427
v 26.730373 0.276349 -31.052496
v 26.859291 0.276349 -31.050987
v 26.825176 0.170191 -30.844429
v 26.697433 0.170191 -30.844429
v 26.672976 0.003546 -30.845243
v 26.652958 0.004602 -30.846882
v 26.672976 0.003546 -31.051682
v 26.652958 0.004602 -31.050043
v 26.755499 0.003546 -30.845245
v 26.755499 0.003546 -31.051682
v 26.777245 0.003546 -30.866825
v 26.777245 0.003546 -31.030098
v 26.651228 0.003546 -30.866825
v 26.651228 0.003546 -31.030098
v 26.775517 0.004602 -31.050043
v 26.775517 0.004602 -30.846882
v 27.202097 1.031295 -31.056959
v 27.202097 1.031295 -30.839966
v 27.119574 1.031295 -31.056959
v 27.119574 1.031295 -30.839966
v 27.395485 0.393992 -30.839966
v 27.312962 0.393992 -30.839966
v 27.479233 0.121816 -30.839966
v 27.396709 0.121816 -30.839966
v 27.396709 0.121816 -31.056959
v 27.479233 0.121816 -31.056959
v 27.229414 1.031295 -31.030102
v 27.202097 1.031295 -31.030102
v 27.119574 1.031295 -31.030102
v 27.285645 0.393992 -31.030102
v 27.369392 0.121816 -31.030102
v 27.429014 -0.001731 -31.030102
v 27.511538 -0.001731 -31.030102
v 27.506550 0.121816 -31.030102
v 27.422802 0.393992 -31.030102
v 27.229414 1.031295 -30.866825
v 27.202097 1.031295 -30.866825
v 27.119574 1.031295 -30.866825
v 27.285645 0.393992 -30.866825
v 27.369392 0.121816 -30.866825
v 27.429014 -0.001731 -30.866825
v 27.511538 -0.001731 -30.866825
v 27.506550 0.121816 -30.866825
v 27.422802 0.393992 -30.866825
v 27.431532 0.276349 -30.839966
v 27.349009 0.276349 -30.839966
v 27.349009 0.276349 -31.056959
v 27.431532 0.276349 -31.056959
v 27.458851 0.276349 -31.030102
v 27.458851 0.276349 -30.866825
v 27.464470 0.170191 -30.839966
v 27.381947 0.170191 -30.839966
v 27.491789 0.170191 -31.030102
v 27.491789 0.170191 -30.866825
v 27.374100 0.121816 -30.844427
v 27.501842 0.121816 -30.844427
v 27.290356 0.393992 -31.052498
v 27.224707 1.031296 -31.052498
v 27.415989 0.393992 -31.053614
v 27.224707 1.031296 -30.844427
v 27.418095 0.393992 -30.844427
v 27.290356 0.393992 -30.844427
v 27.325224 0.276349 -31.050989
v 27.454144 0.276349 -31.052498
v 27.487082 0.170191 -30.844427
v 27.359341 0.170191 -30.844427
v 27.374100 0.121816 -31.052498
v 27.501842 0.121816 -31.052498
v 27.454144 0.276349 -30.844427
v 27.325224 0.276349 -30.845936
v 27.361444 0.170191 -31.053614
v 27.487082 0.170191 -31.052498
v 27.511538 0.003546 -31.051682
v 27.531555 0.004602 -31.050043
v 27.511538 0.003546 -30.845245
v 27.531555 0.004602 -30.846882
v 27.429014 0.003546 -31.051682
v 27.429014 0.003546 -30.845243
v 27.407267 0.003546 -31.030102
v 27.407269 0.003546 -30.866825
v 27.533283 0.003546 -31.030102
v 27.533285 0.003546 -30.866825
v 27.409000 0.004602 -30.846882
v 27.408997 0.004602 -31.050043
v 27.202097 1.031295 -32.104439
v 27.202097 1.031295 -31.887445
v 27.119574 1.031295 -32.104439
v 27.119574 1.031295 -31.887445
v 27.312962 0.393992 -32.104439
v 27.395485 0.393992 -32.104439
v 27.479233 0.121816 -31.887445
v 27.396709 0.121816 -31.887445
v 27.396709 0.121816 -32.104439
v 27.479233 0.121816 -32.104439
v 27.229414 1.031295 -32.077579
v 27.202097 1.031295 -32.077579
v 27.119574 1.031295 -32.077579
v 27.285645 0.393992 -32.077579
v 27.369392 0.121816 -32.077579
v 27.429014 -0.001731 -32.077579
v 27.511538 -0.001731 -32.077579
v 27.506550 0.121816 -32.077579
v 27.422802 0.393992 -32.077579
v 27.229414 1.031295 -31.914305
v 27.202097 1.031295 -31.914305
v 27.119574 1.031295 -31.914305
v 27.285645 0.393992 -31.914305
v 27.369392 0.121816 -31.914305
v 27.429014 -0.001731 -31.914305
v 27.511538 -0.001731 -31.914305
v 27.506550 0.121816 -31.914305
v 27.422802 0.393992 -31.914305
v 27.431532 0.276349 -31.887445
v 27.349009 0.276349 -31.887445
v 27.349009 0.276349 -32.104439
v 27.431532 0.276349 -32.104439
v 27.458851 0.276349 -32.077579
v 27.458851 0.276349 -31.914305
v 27.381947 0.170191 -32.104439
v 27.464470 0.170191 -32.104439
v 27.491789 0.170191 -32.077579
v 27.491789 0.170191 -31.914305
v 27.374100 0.121816 -31.891907
v 27.501842 0.121816 -31.891907
v 27.290356 0.393992 -32.099976
v 27.224707 1.031296 -32.099976
v 27.418095 0.393992 -32.099976
v 27.224707 1.031296 -31.891907
v 27.415989 0.393992 -31.890791
v 27.290356 0.393992 -31.891907
v 27.325224 0.276349 -32.098469
v 27.454144 0.276349 -32.099976
v 27.487082 0.170191 -31.891907
v 27.361444 0.170191 -31.890791
v 27.374100 0.121816 -32.099976
v 27.501842 0.121816 -32.099976
v 27.454144 0.276349 -31.891907
v 27.325224 0.276349 -31.893415
v 27.359341 0.170191 -32.099976
v 27.487082 0.170191 -32.099976
v 27.511538 0.003546 -32.099159
v 27.531555 0.004602 -32.097523
v 27.511538 0.003546 -31.892723
v 27.531555 0.004602 -31.894361
v 27.429014 0.003546 -32.099159
v 27.429014 0.003546 -31.892721
v 27.407267 0.003546 -32.077579
v 27.407269 0.003546 -31.914305
v 27.533283 0.003546 -32.077579
v 27.533285 0.003546 -31.914305
v 27.409000 0.004602 -31.894361
v 27.408997 0.004602 -32.097523
v 27.316856 0.391522 -31.056959
v 27.317852 0.378030 -31.056959
v 27.309050 0.406884 -31.056959
v 27.333254 0.393992 -31.056959
v 27.316856 0.391522 -31.887445
v 27.333254 0.393992 -31.887445
v 27.309050 0.406884 -31.887445
v 27.317852 0.378030 -31.887445
v 27.393801 0.392246 -31.056959
v 27.379616 0.393992 -31.056959
v 27.392096 0.405161 -31.056959
v 27.399309 0.381509 -31.056959
v 27.393801 0.392246 -31.887445
v 27.399309 0.381509 -31.887445
v 27.392096 0.405161 -31.887445
v 27.379616 0.393992 -31.887445
v 27.460556 0.172665 -31.056959
v 27.459513 0.186171 -31.056959
v 27.468405 0.157296 -31.056959
v 27.444139 0.170191 -31.056959
v 27.460556 0.172665 -31.887445
v 27.444139 0.170191 -31.887445
v 27.468405 0.157296 -31.887445
v 27.459513 0.186171 -31.887445
v 27.383621 0.171932 -31.056959
v 27.397799 0.170191 -31.056959
v 27.385353 0.159028 -31.056959
v 27.378082 0.182650 -31.056959
v 27.383621 0.171932 -31.887445
v 27.378082 0.182650 -31.887445
v 27.385353 0.159028 -31.887445
v 27.397799 0.170191 -31.887445
v 26.832857 0.179777 -31.027531
v 26.830282 0.171475 -31.015720
v 26.824993 0.154168 -31.030098
v 26.835833 0.189363 -31.030098
v 27.354231 0.171475 -31.015722
v 27.351656 0.179777 -31.027533
v 27.348680 0.189363 -31.030102
v 27.359520 0.154168 -31.030102
v 26.862423 0.275065 -31.015720
v 26.859846 0.266763 -31.027531
v 26.856873 0.257177 -31.030098
v 26.867775 0.292513 -31.030098
v 27.324667 0.266763 -31.027533
v 27.322090 0.275065 -31.015722
v 27.316738 0.292514 -31.030102
v 27.327641 0.257177 -31.030102
v 26.859846 0.266763 -30.869392
v 26.862423 0.275065 -30.881203
v 26.867775 0.292514 -30.866825
v 26.856873 0.257177 -30.866825
v 27.322090 0.275065 -30.881205
v 27.324667 0.266763 -30.869394
v 27.327641 0.257177 -30.866825
v 27.316738 0.292513 -30.866825
v 26.830282 0.171475 -30.881203
v 26.832857 0.179777 -30.869392
v 26.835833 0.189363 -30.866825
v 26.824993 0.154168 -30.866825
v 27.351656 0.179777 -30.869394
v 27.354231 0.171475 -30.881205
v 27.359520 0.154168 -30.866825
v 27.348680 0.189363 -30.866825
v 26.832857 0.179777 -32.075008
v 26.830282 0.171475 -32.063202
v 26.824993 0.154168 -32.077576
v 26.835833 0.189363 -32.077576
v 27.354231 0.171475 -32.063202
v 27.351656 0.179777 -32.075012
v 27.348680 0.189363 -32.077579
v 27.359520 0.154168 -32.077579
v 26.862423 0.275065 -32.063202
v 26.859846 0.266763 -32.075008
v 26.856873 0.257177 -32.077576
v 26.867775 0.292513 -32.077576
v 27.324667 0.266763 -32.075012
v 27.322090 0.275065 -32.063202
v 27.316738 0.292514 -32.077579
v 27.327641 0.257177 -32.077579
v 26.859846 0.266763 -31.916870
v 26.862423 0.275065 -31.928682
v 26.867775 0.292514 -31.914303
v 26.856873 0.257177 -31.914303
v 27.322090 0.275065 -31.928684
v 27.324667 0.266763 -31.916874
v 27.327641 0.257177 -31.914305
v 27.316738 0.292513 -31.914305
v 26.830282 0.171475 -31.928682
v 26.832857 0.179777 -31.916870
v 26.835833 0.189363 -31.914303
v 26.824993 0.154168 -31.914303
v 27.351656 0.179777 -31.916874
v 27.354231 0.171475 -31.928684
v 27.359520 0.154168 -31.914305
v 27.348680 0.189363 -31.914305
v 26.829067 0.167520 -31.032848
v 27.355446 0.167520 -31.032852
v 26.863647 0.279043 -31.032825
v 27.320866 0.279043 -31.032829
v 26.863647 0.279043 -30.864098
v 27.320866 0.279043 -30.864098
v 26.829067 0.167520 -30.864075
v 27.355446 0.167520 -30.864075
v 26.829067 0.167520 -32.080330
v 27.355446 0.167520 -32.080330
v 26.863647 0.279043 -32.080303
v 27.320866 0.279043 -32.080307
v 26.863647 0.279043 -31.911575
v 27.320866 0.279043 -31.911577
v 26.829067 0.167520 -31.911552
v 27.355446 0.167520 -31.911552
vt 0.797897 0.067984
vt 0.825493 0.067984
vt 0.825493 0.175698
vt 0.797897 0.175698
vt 0.797897 0.050832
vt 0.800327 0.047883
vt 0.823063 0.047883
vt 0.825493 0.050832
vt 0.829278 0.067984
vt 0.829278 0.175698
vt 0.794111 0.067984
vt 0.794111 0.175698
vt 0.797436 0.048556
vt 0.825953 0.048556
vt 0.829023 0.048100
vt 0.794366 0.048100
vt 0.798331 0.046480
vt 0.825059 0.046480
vt 0.797897 0.044860
vt 0.825493 0.044860
vt 0.794111 0.030158
vt 0.797897 0.033398
vt 0.825493 0.033398
vt 0.829278 0.030158
vt 0.797432 0.029706
vt 0.798331 0.031778
vt 0.825059 0.031778
vt 0.825958 0.029706
vt 0.797897 0.027450
vt 0.800327 0.030375
vt 0.823063 0.030375
vt 0.825493 0.027450
vt 0.794111 0.021982
vt 0.797897 0.021982
vt 0.825493 0.021982
vt 0.829278 0.021982
vt 0.794526 0.002171
vt 0.797897 0.001992
vt 0.825493 0.001992
vt 0.828864 0.002171
vt 0.840459 0.030158
vt 0.840459 0.021982
vt 0.868056 0.021982
vt 0.868056 0.030158
vt 0.836674 0.021982
vt 0.836674 0.030158
vt 0.840459 0.001992
vt 0.868056 0.001992
vt 0.871841 0.021982
vt 0.871841 0.030158
vt 0.840459 0.048100
vt 0.868056 0.048100
vt 0.837089 0.002171
vt 0.836674 0.048100
vt 0.871426 0.002171
vt 0.871841 0.048100
vt 0.840459 0.067984
vt 0.868056 0.067984
vt 0.836674 0.067984
vt 0.871841 0.067984
vt 0.840459 0.175698
vt 0.868056 0.175698
vt 0.836674 0.175698
vt 0.871841 0.175698
vt 0.756088 0.245480
vt 0.783684 0.245480
vt 0.783684 0.353194
vt 0.756088 0.353194
vt 0.756088 0.228328
vt 0.758518 0.225379
vt 0.781254 0.225379
vt 0.783684 0.228328
vt 0.787470 0.245480
vt 0.787470 0.353194
vt 0.752302 0.245480
vt 0.752302 0.353194
vt 0.755626 0.226051
vt 0.784145 0.226051
vt 0.787215 0.225596
vt 0.752558 0.225596
vt 0.756521 0.223976
vt 0.783250 0.223976
vt 0.756088 0.222356
vt 0.783684 0.222356
vt 0.752302 0.207654
vt 0.756088 0.210894
vt 0.783684 0.210894
vt 0.787469 0.207654
vt 0.755623 0.207202
vt 0.756521 0.209274
vt 0.783250 0.209274
vt 0.784149 0.207202
vt 0.756088 0.204946
vt 0.758518 0.207871
vt 0.781254 0.207871
vt 0.783684 0.204946
vt 0.752302 0.199477
vt 0.756088 0.199477
vt 0.783684 0.199477
vt 0.787470 0.199477
vt 0.752717 0.179666
vt 0.756088 0.179488
vt 0.783684 0.179488
vt 0.787054 0.179666
vt 0.715096 0.207654
vt 0.715096 0.199477
vt 0.742692 0.199477
vt 0.742692 0.207654
vt 0.711310 0.199477
vt 0.711310 0.207654
vt 0.715096 0.179488
vt 0.742692 0.179488
vt 0.746477 0.199477
vt 0.746477 0.207654
vt 0.715096 0.225596
vt 0.742692 0.225596
vt 0.711725 0.179666
vt 0.711310 0.225596
vt 0.746063 0.179666
vt 0.746477 0.225596
vt 0.715096 0.245480
vt 0.742692 0.245480
vt 0.711310 0.245480
vt 0.746477 0.245480
vt 0.715096 0.353194
vt 0.742692 0.353194
vt 0.711310 0.353194
vt 0.746477 0.353194
vt 0.513954 0.617640
vt 0.541550 0.617640
vt 0.541550 0.725355
vt 0.513954 0.725355
vt 0.513954 0.600489
vt 0.516384 0.597540
vt 0.539120 0.597540
vt 0.541550 0.600489
vt 0.545336 0.617640
vt 0.545336 0.725355
vt 0.510168 0.617640
vt 0.510168 0.725355
vt 0.513493 0.598212
vt 0.542011 0.598212
vt 0.545080 0.597757
vt 0.510423 0.597757
vt 0.514388 0.596137
vt 0.541116 0.596137
vt 0.513954 0.594517
vt 0.541550 0.594517
vt 0.509980 0.579815
vt 0.513954 0.583055
vt 0.541550 0.583055
vt 0.545336 0.579815
vt 0.513489 0.579363
vt 0.514388 0.581435
vt 0.541116 0.581435
vt 0.542015 0.579363
vt 0.513954 0.577107
vt 0.516384 0.580032
vt 0.539120 0.580032
vt 0.541550 0.577107
vt 0.510168 0.571638
vt 0.513954 0.571638
vt 0.541550 0.571638
vt 0.545336 0.571638
vt 0.510584 0.551827
vt 0.513954 0.551649
vt 0.541550 0.551649
vt 0.544921 0.551827
vt 0.472585 0.583496
vt 0.472585 0.575320
vt 0.500181 0.575320
vt 0.500181 0.583496
vt 0.468799 0.575320
vt 0.468799 0.583496
vt 0.472585 0.555331
vt 0.500181 0.555331
vt 0.503966 0.575320
vt 0.503966 0.583496
vt 0.472585 0.601439
vt 0.500181 0.601439
vt 0.469214 0.555509
vt 0.468799 0.601439
vt 0.503551 0.555509
vt 0.503966 0.601439
vt 0.472585 0.621322
vt 0.500181 0.621322
vt 0.468799 0.621322
vt 0.504155 0.621322
vt 0.472585 0.729037
vt 0.500181 0.729037
vt 0.468799 0.729037
vt 0.503966 0.729037
vt 0.271255 0.621322
vt 0.298850 0.621322
vt 0.298850 0.729037
vt 0.271255 0.729037
vt 0.271255 0.604171
vt 0.273685 0.601222
vt 0.296420 0.601222
vt 0.298850 0.604171
vt 0.302636 0.621322
vt 0.302636 0.729037
vt 0.267469 0.621322
vt 0.267469 0.729037
vt 0.270793 0.601894
vt 0.299311 0.601894
vt 0.302381 0.601439
vt 0.267724 0.601439
vt 0.271689 0.599818
vt 0.298417 0.599818
vt 0.271255 0.598198
vt 0.298850 0.598198
vt 0.267469 0.583496
vt 0.271255 0.586737
vt 0.298850 0.586737
vt 0.302825 0.583496
vt 0.270789 0.583045
vt 0.271689 0.585116
vt 0.298417 0.585116
vt 0.299315 0.583045
vt 0.271255 0.580788
vt 0.273685 0.583713
vt 0.296420 0.583713
vt 0.298850 0.580788
vt 0.267469 0.575320
vt 0.271255 0.575320
vt 0.298850 0.575320
vt 0.302636 0.575320
vt 0.267884 0.555509
vt 0.271255 0.555331
vt 0.298850 0.555331
vt 0.302222 0.555509
vt 0.230263 0.583496
vt 0.230263 0.575320
vt 0.257859 0.575320
vt 0.257859 0.583496
vt 0.226478 0.575320
vt 0.226478 0.583496
vt 0.230263 0.555331
vt 0.257859 0.555331
vt 0.261644 0.575320
vt 0.261644 0.583496
vt 0.230263 0.601439
vt 0.257859 0.601439
vt 0.226892 0.555509
vt 0.226478 0.601439
vt 0.261230 0.555509
vt 0.261644 0.601439
vt 0.230263 0.621322
vt 0.257859 0.621322
vt 0.226289 0.621322
vt 0.261644 0.621322
vt 0.230263 0.729037
vt 0.257859 0.729037
vt 0.226478 0.729037
vt 0.261644 0.729037
vt 0.806208 0.356984
vt 0.823394 0.356984
vt 0.823394 0.497350
vt 0.806208 0.497350
vt 0.825674 0.356984
vt 0.825674 0.497350
vt 0.790371 0.497350
vt 0.790371 0.356984
vt 0.788560 0.356984
vt 0.788560 0.497350
vt 0.888627 0.356984
vt 0.888627 0.497350
vt 0.870854 0.497350
vt 0.870854 0.356984
vt 0.890442 0.497350
vt 0.890442 0.356984
vt 0.855612 0.497350
vt 0.855612 0.356984
vt 0.853329 0.497350
vt 0.853329 0.356984
vt 0.560645 0.007801
vt 0.563051 0.007801
vt 0.563051 0.238061
vt 0.560645 0.238061
vt 0.563051 0.005396
vt 0.560880 0.005631
vt 0.581918 0.007801
vt 0.581918 0.238061
vt 0.563051 0.240468
vt 0.560880 0.240231
vt 0.558604 0.007801
vt 0.558604 0.238061
vt 0.581918 0.005396
vt 0.558803 0.005959
vt 0.561208 0.003554
vt 0.563051 0.003355
vt 0.584324 0.007801
vt 0.584324 0.238061
vt 0.581918 0.240468
vt 0.563051 0.242508
vt 0.561208 0.242309
vt 0.558803 0.239904
vt 0.557241 0.007801
vt 0.557241 0.238061
vt 0.581918 0.003355
vt 0.584088 0.005631
vt 0.557565 0.005631
vt 0.559422 0.004173
vt 0.560880 0.002316
vt 0.563051 0.001992
vt 0.586364 0.007801
vt 0.586364 0.238061
vt 0.584088 0.240231
vt 0.581918 0.242508
vt 0.563051 0.243871
vt 0.560880 0.243547
vt 0.559422 0.241691
vt 0.557565 0.240231
vt 0.581918 0.001992
vt 0.583760 0.003554
vt 0.586165 0.005959
vt 0.587727 0.007801
vt 0.587727 0.238061
vt 0.586165 0.239904
vt 0.583760 0.242309
vt 0.581918 0.243871
vt 0.584088 0.002316
vt 0.585547 0.004173
vt 0.587403 0.005631
vt 0.587403 0.240231
vt 0.585547 0.241691
vt 0.584088 0.243547
vt 0.600062 0.238061
vt 0.597655 0.238061
vt 0.597655 0.007801
vt 0.600062 0.007801
vt 0.600062 0.240467
vt 0.597891 0.240232
vt 0.595615 0.238061
vt 0.595615 0.007801
vt 0.600062 0.005395
vt 0.597891 0.005631
vt 0.618928 0.007801
vt 0.618928 0.238061
vt 0.618928 0.240467
vt 0.600062 0.242508
vt 0.598219 0.242308
vt 0.595814 0.239904
vt 0.594252 0.238061
vt 0.594252 0.007801
vt 0.595814 0.005958
vt 0.618928 0.005395
vt 0.598219 0.003554
vt 0.600062 0.003355
vt 0.621335 0.238061
vt 0.621335 0.007801
vt 0.621099 0.240232
vt 0.618928 0.242508
vt 0.600062 0.243871
vt 0.597891 0.243547
vt 0.596432 0.241690
vt 0.594576 0.240232
vt 0.594576 0.005631
vt 0.596432 0.004172
vt 0.621099 0.005631
vt 0.618928 0.003355
vt 0.597891 0.002315
vt 0.600062 0.001992
vt 0.623374 0.238061
vt 0.623374 0.007801
vt 0.623176 0.239904
vt 0.620771 0.242308
vt 0.618928 0.243871
vt 0.620771 0.003554
vt 0.623176 0.005958
vt 0.618928 0.001992
vt 0.624738 0.238061
vt 0.624738 0.007801
vt 0.624414 0.240232
vt 0.622558 0.241690
vt 0.621099 0.243547
vt 0.621099 0.002315
vt 0.622558 0.004172
vt 0.624414 0.005631
vt 0.028933 0.621322
vt 0.056529 0.621322
vt 0.056529 0.729037
vt 0.028933 0.729037
vt 0.028933 0.604171
vt 0.031363 0.601222
vt 0.054099 0.601222
vt 0.056529 0.604171
vt 0.060315 0.621322
vt 0.060315 0.729037
vt 0.025148 0.621322
vt 0.025148 0.729037
vt 0.028472 0.601894
vt 0.056990 0.601894
vt 0.060059 0.601439
vt 0.025402 0.601439
vt 0.029367 0.599818
vt 0.056095 0.599818
vt 0.028933 0.598198
vt 0.056529 0.598198
vt 0.025148 0.583496
vt 0.028933 0.586737
vt 0.056529 0.586737
vt 0.060315 0.583496
vt 0.028468 0.583045
vt 0.029367 0.585116
vt 0.056095 0.585116
vt 0.056994 0.583045
vt 0.028933 0.580788
vt 0.031363 0.583713
vt 0.054099 0.583713
vt 0.056529 0.580788
vt 0.025148 0.575320
vt 0.028933 0.575320
vt 0.056529 0.575320
vt 0.060315 0.575320
vt 0.025562 0.555509
vt 0.028933 0.555331
vt 0.056529 0.555331
vt 0.059900 0.555509
vt 0.005677 0.760992
vt 0.005677 0.752816
vt 0.033273 0.752816
vt 0.033273 0.760992
vt 0.001891 0.752816
vt 0.001891 0.760992
vt 0.005677 0.732827
vt 0.033273 0.732827
vt 0.037058 0.752816
vt 0.037058 0.760992
vt 0.005677 0.778934
vt 0.033273 0.778934
vt 0.002306 0.733005
vt 0.001891 0.778934
vt 0.036644 0.733005
vt 0.037058 0.778934
vt 0.005677 0.798818
vt 0.033273 0.798818
vt 0.001891 0.798818
vt 0.037058 0.798818
vt 0.005677 0.906532
vt 0.033273 0.906532
vt 0.001891 0.906532
vt 0.037058 0.906532
vt 0.211273 0.798818
vt 0.238868 0.798818
vt 0.238869 0.906533
vt 0.211273 0.906533
vt 0.211273 0.781667
vt 0.213703 0.778717
vt 0.236438 0.778717
vt 0.238868 0.781667
vt 0.242654 0.798818
vt 0.242654 0.906533
vt 0.207487 0.798818
vt 0.207487 0.906533
vt 0.210812 0.779390
vt 0.239329 0.779390
vt 0.242399 0.778935
vt 0.207742 0.778935
vt 0.211707 0.777314
vt 0.238434 0.777314
vt 0.211273 0.775694
vt 0.238868 0.775694
vt 0.207487 0.760992
vt 0.211273 0.764232
vt 0.238868 0.764233
vt 0.242654 0.760992
vt 0.210808 0.760541
vt 0.211707 0.762612
vt 0.238434 0.762612
vt 0.239333 0.760541
vt 0.211273 0.758284
vt 0.213703 0.761209
vt 0.236438 0.761209
vt 0.238868 0.758284
vt 0.207487 0.752816
vt 0.211273 0.752816
vt 0.238868 0.752816
vt 0.242654 0.752816
vt 0.207902 0.733005
vt 0.211273 0.732827
vt 0.238868 0.732827
vt 0.242239 0.733005
vt 0.253836 0.760992
vt 0.253836 0.752816
vt 0.281432 0.752816
vt 0.281432 0.760992
vt 0.250050 0.752816
vt 0.250050 0.760992
vt 0.253836 0.732827
vt 0.281432 0.732827
vt 0.285217 0.752816
vt 0.285217 0.760992
vt 0.253836 0.778935
vt 0.281432 0.778935
vt 0.250465 0.733005
vt 0.250050 0.778935
vt 0.284802 0.733005
vt 0.285217 0.778935
vt 0.253836 0.798818
vt 0.281432 0.798818
vt 0.250050 0.798818
vt 0.285217 0.798818
vt 0.253836 0.906533
vt 0.281432 0.906533
vt 0.250050 0.906533
vt 0.285217 0.906533
vt 0.459435 0.798818
vt 0.487031 0.798818
vt 0.487031 0.906533
vt 0.459435 0.906533
vt 0.459435 0.781667
vt 0.461865 0.778717
vt 0.484601 0.778717
vt 0.487031 0.781667
vt 0.490817 0.798818
vt 0.490817 0.906533
vt 0.455650 0.798818
vt 0.455650 0.906533
vt 0.458974 0.779390
vt 0.487492 0.779390
vt 0.490562 0.778935
vt 0.455905 0.778935
vt 0.459869 0.777314
vt 0.486597 0.777314
vt 0.459435 0.775694
vt 0.487031 0.775694
vt 0.455461 0.760992
vt 0.459435 0.764232
vt 0.487031 0.764233
vt 0.490817 0.760992
vt 0.458970 0.760541
vt 0.459869 0.762612
vt 0.486597 0.762612
vt 0.487496 0.760541
vt 0.459435 0.758284
vt 0.461865 0.761209
vt 0.484601 0.761209
vt 0.487031 0.758284
vt 0.455650 0.752816
vt 0.459435 0.752816
vt 0.487031 0.752816
vt 0.490817 0.752816
vt 0.456064 0.733005
vt 0.459435 0.732827
vt 0.487031 0.732827
vt 0.490402 0.733005
vt 0.501809 0.760992
vt 0.501809 0.752816
vt 0.529405 0.752816
vt 0.529405 0.760992
vt 0.498024 0.752816
vt 0.498024 0.760992
vt 0.501809 0.732827
vt 0.529405 0.732827
vt 0.533191 0.752816
vt 0.533191 0.760992
vt 0.501809 0.778935
vt 0.529405 0.778935
vt 0.498438 0.733005
vt 0.498024 0.778935
vt 0.532776 0.733005
vt 0.533191 0.778935
vt 0.501809 0.798818
vt 0.529405 0.798818
vt 0.498024 0.798818
vt 0.533379 0.798818
vt 0.501809 0.906533
vt 0.529405 0.906533
vt 0.498024 0.906533
vt 0.533191 0.906533
vt 0.707220 0.422975
vt 0.734816 0.422975
vt 0.734816 0.530690
vt 0.707221 0.530690
vt 0.707220 0.405824
vt 0.709650 0.402875
vt 0.732386 0.402875
vt 0.734816 0.405824
vt 0.738602 0.422975
vt 0.738602 0.530690
vt 0.703435 0.422975
vt 0.703435 0.530690
vt 0.706759 0.403547
vt 0.735277 0.403547
vt 0.738347 0.403092
vt 0.703690 0.403092
vt 0.707654 0.401472
vt 0.734382 0.401472
vt 0.707220 0.399852
vt 0.734816 0.399852
vt 0.703435 0.385150
vt 0.707220 0.388390
vt 0.734816 0.388390
vt 0.738790 0.385150
vt 0.706755 0.384698
vt 0.707654 0.386770
vt 0.734382 0.386770
vt 0.735281 0.384698
vt 0.707220 0.382441
vt 0.709650 0.385367
vt 0.732386 0.385367
vt 0.734816 0.382441
vt 0.703435 0.376973
vt 0.707220 0.376973
vt 0.734816 0.376973
vt 0.738602 0.376973
vt 0.703849 0.357162
vt 0.707220 0.356984
vt 0.734816 0.356984
vt 0.738187 0.357162
vt 0.749971 0.385150
vt 0.749971 0.376973
vt 0.777567 0.376973
vt 0.777567 0.385150
vt 0.746186 0.376973
vt 0.746186 0.385150
vt 0.749971 0.356984
vt 0.777567 0.356984
vt 0.781353 0.376973
vt 0.781353 0.385150
vt 0.749971 0.403092
vt 0.777567 0.403092
vt 0.746600 0.357162
vt 0.746186 0.403092
vt 0.780938 0.357162
vt 0.781353 0.403092
vt 0.749971 0.422975
vt 0.777567 0.422975
vt 0.745997 0.422975
vt 0.781353 0.422975
vt 0.749971 0.530690
vt 0.777567 0.530690
vt 0.746186 0.530690
vt 0.781353 0.530690
vt 0.928152 0.501139
vt 0.945338 0.501139
vt 0.945338 0.641505
vt 0.928152 0.641505
vt 0.947618 0.501139
vt 0.947618 0.641505
vt 0.912315 0.641505
vt 0.912315 0.501139
vt 0.910504 0.501139
vt 0.910504 0.641505
vt 0.884034 0.501140
vt 0.884034 0.641505
vt 0.866260 0.641505
vt 0.866260 0.501140
vt 0.885849 0.641505
vt 0.885849 0.501140
vt 0.851019 0.641505
vt 0.851019 0.501140
vt 0.848736 0.641505
vt 0.848736 0.501140
vt 0.380865 0.914862
vt 0.380865 0.910322
vt 0.394813 0.910322
vt 0.394813 0.914862
vt 0.376249 0.911076
vt 0.376248 0.914862
vt 0.398634 0.911076
vt 0.399430 0.914862
vt 0.380865 0.942458
vt 0.394813 0.942458
vt 0.376248 0.942457
vt 0.399430 0.942458
vt 0.380865 0.946997
vt 0.394813 0.946997
vt 0.376248 0.946243
vt 0.398634 0.946243
vt 0.163695 0.941566
vt 0.149747 0.941566
vt 0.149747 0.913970
vt 0.163695 0.913970
vt 0.149747 0.945214
vt 0.163695 0.945214
vt 0.146071 0.913970
vt 0.146071 0.941566
vt 0.149747 0.910323
vt 0.163695 0.910323
vt 0.167370 0.941566
vt 0.167370 0.913970
vt 0.146363 0.944937
vt 0.167078 0.944937
vt 0.146364 0.910599
vt 0.167078 0.910599
vt 0.351858 0.914862
vt 0.351858 0.910322
vt 0.365806 0.910322
vt 0.365806 0.914862
vt 0.347241 0.911076
vt 0.347241 0.914862
vt 0.369627 0.911076
vt 0.370423 0.914862
vt 0.351858 0.942458
vt 0.365806 0.942458
vt 0.347241 0.942457
vt 0.370423 0.942458
vt 0.351858 0.946997
vt 0.365806 0.946997
vt 0.347241 0.946243
vt 0.369627 0.946243
vt 0.136570 0.941566
vt 0.122622 0.941566
vt 0.122622 0.913970
vt 0.136570 0.913970
vt 0.122622 0.945214
vt 0.136570 0.945214
vt 0.118946 0.913970
vt 0.118946 0.941566
vt 0.122622 0.910323
vt 0.136570 0.910323
vt 0.140245 0.941566
vt 0.140245 0.913970
vt 0.119238 0.944937
vt 0.139953 0.944937
vt 0.119239 0.910599
vt 0.139953 0.910599
vt 0.336798 0.942457
vt 0.336798 0.946997
vt 0.322850 0.946997
vt 0.322850 0.942457
vt 0.341415 0.946243
vt 0.341415 0.942457
vt 0.319029 0.946243
vt 0.318233 0.942457
vt 0.336798 0.914862
vt 0.322850 0.914862
vt 0.341415 0.914862
vt 0.318233 0.914862
vt 0.336798 0.910322
vt 0.322850 0.910322
vt 0.341415 0.911076
vt 0.319029 0.911076
vt 0.095497 0.913971
vt 0.109444 0.913971
vt 0.109444 0.941566
vt 0.095497 0.941566
vt 0.109444 0.910323
vt 0.095497 0.910323
vt 0.113120 0.941566
vt 0.113120 0.913971
vt 0.109444 0.945214
vt 0.095497 0.945214
vt 0.091821 0.913971
vt 0.091821 0.941566
vt 0.112828 0.910600
vt 0.092114 0.910599
vt 0.112828 0.944937
vt 0.092114 0.944937
vt 0.307790 0.942457
vt 0.307790 0.946997
vt 0.293842 0.946997
vt 0.293842 0.942457
vt 0.312407 0.946243
vt 0.312407 0.942457
vt 0.290021 0.946243
vt 0.289225 0.942457
vt 0.307790 0.914862
vt 0.293842 0.914862
vt 0.312407 0.914862
vt 0.289225 0.914862
vt 0.307790 0.910322
vt 0.293842 0.910322
vt 0.312407 0.911076
vt 0.290021 0.911076
vt 0.068371 0.913971
vt 0.082319 0.913971
vt 0.082319 0.941566
vt 0.068371 0.941566
vt 0.082319 0.910323
vt 0.068371 0.910323
vt 0.085995 0.941566
vt 0.085995 0.913971
vt 0.082319 0.945214
vt 0.068371 0.945214
vt 0.064696 0.913971
vt 0.064696 0.941566
vt 0.085703 0.910599
vt 0.064988 0.910599
vt 0.085703 0.944937
vt 0.064988 0.944937
vt 0.843207 0.356984
vt 0.843207 0.497349
vt 0.835371 0.497349
vt 0.835371 0.356984
vt 0.845978 0.497349
vt 0.845978 0.356984
vt 0.832973 0.497349
vt 0.832973 0.356984
vt 0.900517 0.497349
vt 0.900517 0.356984
vt 0.908349 0.356984
vt 0.908349 0.497349
vt 0.897742 0.356984
vt 0.897742 0.497349
vt 0.910745 0.356984
vt 0.910745 0.497349
vt 0.504913 0.988449
vt 0.504913 0.910758
vt 0.527649 0.910758
vt 0.527648 0.988449
vt 0.502917 0.910323
vt 0.502917 0.988885
vt 0.529646 0.910323
vt 0.529645 0.988885
vt 0.799351 0.589696
vt 0.799350 0.501140
vt 0.822086 0.501140
vt 0.822086 0.589696
vt 0.797353 0.501575
vt 0.797354 0.589260
vt 0.824082 0.501575
vt 0.824082 0.589260
vt 0.472359 0.988449
vt 0.472359 0.910758
vt 0.495095 0.910758
vt 0.495094 0.988449
vt 0.470363 0.910323
vt 0.470363 0.988885
vt 0.497091 0.910323
vt 0.497091 0.988885
vt 0.766797 0.623036
vt 0.766796 0.534480
vt 0.789532 0.534480
vt 0.789532 0.623036
vt 0.764800 0.534915
vt 0.764800 0.622600
vt 0.791528 0.534915
vt 0.791528 0.622600
vt 0.237961 0.547293
vt 0.237961 0.549700
vt 0.007701 0.549700
vt 0.007701 0.547293
vt 0.240367 0.547293
vt 0.240132 0.549463
vt 0.005295 0.547293
vt 0.005531 0.549463
vt 0.007701 0.006239
vt 0.237961 0.006239
vt 0.240367 0.006239
vt 0.242407 0.547293
vt 0.242208 0.549136
vt 0.005295 0.006239
vt 0.003453 0.549136
vt 0.003255 0.547293
vt 0.237961 0.003833
vt 0.007701 0.003833
vt 0.240132 0.004068
vt 0.242407 0.006239
vt 0.243770 0.547293
vt 0.243446 0.549463
vt 0.239803 0.551541
vt 0.241590 0.550923
vt 0.003255 0.006239
vt 0.005531 0.004068
vt 0.002215 0.549463
vt 0.001892 0.547293
vt 0.005858 0.551541
vt 0.004072 0.550923
vt 0.242208 0.004396
vt 0.243770 0.006239
vt 0.001892 0.006239
vt 0.003453 0.004396
vt 0.243446 0.004068
vt 0.239803 0.001992
vt 0.241590 0.002610
vt 0.002215 0.004068
vt 0.005858 0.001992
vt 0.004072 0.002610
vt 0.255860 0.549700
vt 0.255860 0.547293
vt 0.486120 0.547293
vt 0.486120 0.549700
vt 0.253454 0.547293
vt 0.253689 0.549463
vt 0.255860 0.006239
vt 0.486120 0.006239
vt 0.488526 0.547293
vt 0.488290 0.549463
vt 0.253454 0.006239
vt 0.251613 0.549136
vt 0.251413 0.547293
vt 0.255860 0.003833
vt 0.486120 0.003833
vt 0.488526 0.006239
vt 0.490566 0.547293
vt 0.490367 0.549136
vt 0.251413 0.006239
vt 0.253689 0.004068
vt 0.250374 0.549463
vt 0.250050 0.547293
vt 0.254017 0.551541
vt 0.252231 0.550923
vt 0.488290 0.004068
vt 0.490566 0.006239
vt 0.491929 0.547293
vt 0.491606 0.549463
vt 0.487963 0.551541
vt 0.489749 0.550923
vt 0.250050 0.006239
vt 0.251613 0.004396
vt 0.490367 0.004396
vt 0.491929 0.006239
vt 0.250374 0.004068
vt 0.254017 0.001992
vt 0.252231 0.002610
vt 0.491606 0.004068
vt 0.487963 0.001992
vt 0.489749 0.002610
vt 0.278781 0.942457
vt 0.278781 0.946997
vt 0.264834 0.946997
vt 0.264834 0.942457
vt 0.283399 0.946243
vt 0.283399 0.942457
vt 0.261013 0.946243
vt 0.260217 0.942457
vt 0.278781 0.914862
vt 0.264834 0.914862
vt 0.283399 0.914862
vt 0.260217 0.914862
vt 0.278781 0.910322
vt 0.264834 0.910322
vt 0.283399 0.911076
vt 0.261013 0.911076
vt 0.041247 0.913971
vt 0.055195 0.913971
vt 0.055195 0.941566
vt 0.041247 0.941566
vt 0.055195 0.910323
vt 0.041247 0.910323
vt 0.058870 0.941566
vt 0.058870 0.913971
vt 0.055195 0.945214
vt 0.041247 0.945214
vt 0.037571 0.913971
vt 0.037571 0.941566
vt 0.058578 0.910599
vt 0.037863 0.910599
vt 0.058578 0.944937
vt 0.037863 0.944937
vt 0.249774 0.942457
vt 0.249774 0.946997
vt 0.235827 0.946997
vt 0.235827 0.942457
vt 0.254392 0.946243
vt 0.254392 0.942458
vt 0.232006 0.946243
vt 0.231210 0.942457
vt 0.249774 0.914862
vt 0.235827 0.914862
vt 0.254392 0.914862
vt 0.231210 0.914862
vt 0.249774 0.910322
vt 0.235827 0.910322
vt 0.254392 0.911076
vt 0.232006 0.911076
vt 0.014123 0.913970
vt 0.028071 0.913970
vt 0.028071 0.941566
vt 0.014123 0.941566
vt 0.028071 0.910322
vt 0.014123 0.910322
vt 0.031746 0.941566
vt 0.031746 0.913970
vt 0.028071 0.945213
vt 0.014123 0.945213
vt 0.010448 0.913970
vt 0.010448 0.941566
vt 0.031454 0.910599
vt 0.010740 0.910599
vt 0.031454 0.944936
vt 0.010740 0.944936
vt 0.206820 0.914862
vt 0.206820 0.910322
vt 0.220768 0.910322
vt 0.220768 0.914862
vt 0.202204 0.911076
vt 0.202203 0.914862
vt 0.224589 0.911076
vt 0.225385 0.914862
vt 0.206820 0.942458
vt 0.220768 0.942458
vt 0.202203 0.942458
vt 0.225385 0.942458
vt 0.206820 0.946997
vt 0.220768 0.946997
vt 0.202204 0.946243
vt 0.224589 0.946243
vt 0.019515 0.980246
vt 0.005567 0.980246
vt 0.005567 0.952650
vt 0.019515 0.952650
vt 0.005567 0.983894
vt 0.019515 0.983894
vt 0.001891 0.952650
vt 0.001891 0.980246
vt 0.005567 0.949003
vt 0.019515 0.949003
vt 0.023190 0.980246
vt 0.023190 0.952650
vt 0.002184 0.983617
vt 0.022898 0.983617
vt 0.002184 0.949279
vt 0.022898 0.949279
vt 0.177813 0.914862
vt 0.177813 0.910322
vt 0.191760 0.910322
vt 0.191760 0.914862
vt 0.173196 0.911076
vt 0.173196 0.914862
vt 0.195582 0.911076
vt 0.196378 0.914862
vt 0.177813 0.942458
vt 0.191760 0.942458
vt 0.173196 0.942457
vt 0.196378 0.942458
vt 0.177813 0.946997
vt 0.191760 0.946997
vt 0.173196 0.946243
vt 0.195582 0.946243
vt 0.047458 0.980247
vt 0.033510 0.980247
vt 0.033510 0.952651
vt 0.047458 0.952651
vt 0.033510 0.983895
vt 0.047458 0.983894
vt 0.029835 0.952651
vt 0.029835 0.980247
vt 0.033510 0.949003
vt 0.047458 0.949003
vt 0.051133 0.980247
vt 0.051133 0.952651
vt 0.030127 0.983618
vt 0.050841 0.983618
vt 0.030127 0.949280
vt 0.050841 0.949280
vt 0.894446 0.641505
vt 0.894446 0.501140
vt 0.902282 0.501140
vt 0.902282 0.641505
vt 0.891674 0.501140
vt 0.891674 0.641505
vt 0.904679 0.501140
vt 0.904679 0.641505
vt 0.840137 0.501140
vt 0.840137 0.641505
vt 0.832304 0.641505
vt 0.832304 0.501140
vt 0.842911 0.641505
vt 0.842911 0.501140
vt 0.829908 0.641505
vt 0.829908 0.501140
vt 0.462541 0.910758
vt 0.462541 0.988449
vt 0.439806 0.988449
vt 0.439806 0.910758
vt 0.464537 0.988884
vt 0.464538 0.910323
vt 0.437810 0.988884
vt 0.437810 0.910323
vt 0.756979 0.534480
vt 0.756979 0.623036
vt 0.734243 0.623036
vt 0.734243 0.534480
vt 0.758975 0.622600
vt 0.758975 0.534915
vt 0.732247 0.622600
vt 0.732247 0.534915
vt 0.429988 0.910758
vt 0.429988 0.988449
vt 0.407252 0.988449
vt 0.407252 0.910758
vt 0.431984 0.988884
vt 0.431984 0.910323
vt 0.405255 0.988884
vt 0.405256 0.910323
vt 0.724425 0.906641
vt 0.724425 0.995197
vt 0.701689 0.995197
vt 0.701689 0.906641
vt 0.726421 0.994761
vt 0.726421 0.907076
vt 0.699693 0.994761
vt 0.699692 0.907076
vt 0.635880 0.175698
vt 0.668566 0.067984
vt 0.682514 0.067984
vt 0.649828 0.175698
vt 0.664745 0.067984
vt 0.631264 0.175698
vt 0.674658 0.048100
vt 0.688606 0.048100
vt 0.686335 0.067984
vt 0.653649 0.175698
vt 0.670638 0.048100
vt 0.680225 0.030158
vt 0.694173 0.030158
vt 0.692428 0.048100
vt 0.676404 0.030158
vt 0.682720 0.021982
vt 0.696668 0.021982
vt 0.697995 0.030158
vt 0.678899 0.021982
vt 0.688181 0.001992
vt 0.702129 0.001992
vt 0.700490 0.021982
vt 0.684797 0.002171
vt 0.705512 0.002171
vt 0.717305 0.001992
vt 0.731252 0.001992
vt 0.763938 0.109707
vt 0.749990 0.109707
vt 0.735073 0.001992
vt 0.767760 0.109707
vt 0.770030 0.129590
vt 0.756083 0.129590
vt 0.746169 0.109707
vt 0.712688 0.001992
vt 0.773852 0.129590
vt 0.775598 0.147533
vt 0.761650 0.147533
vt 0.752062 0.129590
vt 0.779419 0.147533
vt 0.778092 0.155709
vt 0.764145 0.155709
vt 0.757829 0.147533
vt 0.781914 0.155709
vt 0.783553 0.175698
vt 0.769605 0.175698
vt 0.760323 0.155709
vt 0.786936 0.175520
vt 0.766222 0.175520
vt 0.877987 0.353194
vt 0.910672 0.245479
vt 0.924620 0.245479
vt 0.891934 0.353194
vt 0.906851 0.245479
vt 0.873370 0.353194
vt 0.916765 0.225596
vt 0.930712 0.225596
vt 0.928442 0.245479
vt 0.895755 0.353194
vt 0.912744 0.225596
vt 0.922332 0.207654
vt 0.936280 0.207654
vt 0.934534 0.225596
vt 0.918511 0.207654
vt 0.924827 0.199477
vt 0.938774 0.199477
vt 0.940101 0.207654
vt 0.921005 0.199477
vt 0.930287 0.179488
vt 0.944235 0.179488
vt 0.942596 0.199477
vt 0.926903 0.179666
vt 0.947618 0.179666
vt 0.797912 0.179488
vt 0.811860 0.179488
vt 0.844546 0.287203
vt 0.830598 0.287203
vt 0.815681 0.179488
vt 0.848367 0.287203
vt 0.850638 0.307086
vt 0.836690 0.307086
vt 0.826777 0.287203
vt 0.793295 0.179488
vt 0.854460 0.307086
vt 0.856205 0.325028
vt 0.842257 0.325028
vt 0.832670 0.307086
vt 0.860027 0.325028
vt 0.858700 0.333205
vt 0.844752 0.333205
vt 0.838436 0.325028
vt 0.862521 0.333205
vt 0.864161 0.353194
vt 0.850213 0.353194
vt 0.840931 0.333205
vt 0.867544 0.353016
vt 0.846830 0.353016
vt 0.700867 0.179488
vt 0.668182 0.287203
vt 0.654234 0.287203
vt 0.686919 0.179488
vt 0.672003 0.287203
vt 0.705484 0.179488
vt 0.662089 0.307086
vt 0.648141 0.307086
vt 0.650413 0.287203
vt 0.683098 0.179488
vt 0.666109 0.307086
vt 0.656522 0.325028
vt 0.642574 0.325028
vt 0.644320 0.307086
vt 0.660343 0.325028
vt 0.654027 0.333205
vt 0.640079 0.333205
vt 0.638753 0.325028
vt 0.657848 0.333205
vt 0.648566 0.353194
vt 0.634619 0.353194
vt 0.636258 0.333205
vt 0.651950 0.353016
vt 0.631236 0.353016
vt 0.620793 0.725355
vt 0.606845 0.725355
vt 0.574732 0.619528
vt 0.576841 0.617640
vt 0.584678 0.617640
vt 0.588768 0.619820
vt 0.603024 0.725355
vt 0.570694 0.617640
vt 0.574444 0.617345
vt 0.587449 0.617223
vt 0.591928 0.617640
vt 0.625410 0.725355
vt 0.573513 0.615531
vt 0.587280 0.614943
vt 0.564245 0.597757
vt 0.568066 0.597757
vt 0.582014 0.597757
vt 0.586035 0.597757
vt 0.558679 0.579815
vt 0.563338 0.582515
vt 0.577101 0.581920
vt 0.579913 0.579815
vt 0.563161 0.580233
vt 0.576164 0.580109
vt 0.561834 0.577635
vt 0.575872 0.577928
vt 0.565936 0.579815
vt 0.556184 0.571638
vt 0.560005 0.571638
vt 0.573768 0.579815
vt 0.573952 0.571638
vt 0.577774 0.571638
vt 0.551161 0.551827
vt 0.554545 0.551649
vt 0.568492 0.551649
vt 0.571876 0.551827
vt 0.458356 0.555331
vt 0.426332 0.660866
vt 0.422241 0.663045
vt 0.414405 0.663045
vt 0.412296 0.661157
vt 0.444409 0.555331
vt 0.429492 0.663045
vt 0.462973 0.555331
vt 0.425012 0.663463
vt 0.412007 0.663340
vt 0.408257 0.663045
vt 0.440587 0.555331
vt 0.424844 0.665743
vt 0.411076 0.665155
vt 0.423598 0.682929
vt 0.419578 0.682929
vt 0.405630 0.682929
vt 0.401809 0.682929
vt 0.417476 0.700871
vt 0.414664 0.698765
vt 0.400901 0.698170
vt 0.396242 0.700871
vt 0.413728 0.700577
vt 0.400725 0.700453
vt 0.413435 0.702758
vt 0.399398 0.703050
vt 0.411332 0.700871
vt 0.415337 0.709047
vt 0.411516 0.709047
vt 0.403499 0.700871
vt 0.397568 0.709047
vt 0.393747 0.709047
vt 0.409439 0.728858
vt 0.406055 0.729037
vt 0.392108 0.729037
vt 0.388725 0.728858
vt 0.378282 0.729037
vt 0.364334 0.729037
vt 0.331649 0.621322
vt 0.345596 0.621322
vt 0.360513 0.729037
vt 0.327828 0.621322
vt 0.325556 0.601439
vt 0.339504 0.601439
vt 0.349418 0.621322
vt 0.382899 0.729037
vt 0.321735 0.601439
vt 0.319989 0.583496
vt 0.333936 0.583496
vt 0.343524 0.601439
vt 0.316167 0.583496
vt 0.317494 0.575320
vt 0.331442 0.575320
vt 0.337758 0.583496
vt 0.313673 0.575320
vt 0.312034 0.555331
vt 0.325981 0.555331
vt 0.335263 0.575320
vt 0.308650 0.555509
vt 0.329365 0.555509
vt 0.680785 0.993823
vt 0.680785 0.907143
vt 0.692247 0.910700
vt 0.692247 0.990267
vt 0.679165 0.906641
vt 0.679165 0.994326
vt 0.693867 0.911203
vt 0.693867 0.989764
vt 0.660257 0.990267
vt 0.660257 0.910700
vt 0.671719 0.907143
vt 0.671719 0.993823
vt 0.658637 0.911203
vt 0.658637 0.989764
vt 0.673339 0.906641
vt 0.673339 0.994326
vt 0.639729 0.993823
vt 0.639729 0.907143
vt 0.651191 0.910700
vt 0.651191 0.990267
vt 0.638109 0.906641
vt 0.638109 0.994326
vt 0.652811 0.911203
vt 0.652811 0.989764
vt 0.619202 0.990267
vt 0.619202 0.910700
vt 0.630663 0.907143
vt 0.630663 0.993823
vt 0.617581 0.911203
vt 0.617581 0.989764
vt 0.632283 0.906641
vt 0.632283 0.994326
vt 0.500430 0.545453
vt 0.498024 0.545453
vt 0.498024 0.004398
vt 0.500430 0.004398
vt 0.500430 0.547859
vt 0.498259 0.547623
vt 0.500430 0.001992
vt 0.498259 0.002228
vt 0.519297 0.004398
vt 0.519297 0.545453
vt 0.519297 0.547859
vt 0.519297 0.001992
vt 0.521703 0.545453
vt 0.521703 0.004398
vt 0.521467 0.547623
vt 0.521467 0.002228
vt 0.530039 0.547859
vt 0.530039 0.545453
vt 0.548906 0.545453
vt 0.548906 0.547859
vt 0.527633 0.545453
vt 0.527868 0.547623
vt 0.530039 0.004398
vt 0.548906 0.004398
vt 0.551312 0.545453
vt 0.551077 0.547623
vt 0.527633 0.004398
vt 0.530039 0.001992
vt 0.548906 0.001992
vt 0.551312 0.004398
vt 0.527868 0.002228
vt 0.551077 0.002228
vt 0.059998 0.949004
vt 0.059671 0.951081
vt 0.057593 0.951408
vt 0.058212 0.949622
vt 0.069250 0.951408
vt 0.067173 0.951080
vt 0.066846 0.949003
vt 0.068632 0.949621
vt 0.076099 0.949003
vt 0.078176 0.949331
vt 0.078503 0.951408
vt 0.076717 0.950790
vt 0.085351 0.951408
vt 0.085679 0.949331
vt 0.087756 0.949004
vt 0.087137 0.950790
vt 0.097009 0.949004
vt 0.096682 0.951081
vt 0.094604 0.951408
vt 0.095223 0.949622
vt 0.106261 0.951408
vt 0.104184 0.951081
vt 0.103857 0.949004
vt 0.105643 0.949622
vt 0.113110 0.949004
vt 0.115187 0.949331
vt 0.115514 0.951408
vt 0.113728 0.950790
vt 0.122362 0.951408
vt 0.122690 0.949331
vt 0.124766 0.949004
vt 0.124148 0.950790
vt 0.215845 0.555331
vt 0.183160 0.663045
vt 0.169212 0.663045
vt 0.201898 0.555331
vt 0.186981 0.663045
vt 0.220463 0.555331
vt 0.177067 0.682929
vt 0.163120 0.682929
vt 0.165391 0.663045
vt 0.198077 0.555331
vt 0.181088 0.682929
vt 0.171501 0.700871
vt 0.157552 0.700871
vt 0.159299 0.682929
vt 0.175322 0.700871
vt 0.169006 0.709047
vt 0.155058 0.709047
vt 0.153731 0.700871
vt 0.172827 0.709047
vt 0.163545 0.729037
vt 0.149597 0.729037
vt 0.151237 0.709047
vt 0.166929 0.728858
vt 0.146214 0.728858
vt 0.135771 0.729037
vt 0.121824 0.729037
vt 0.089138 0.621322
vt 0.103086 0.621322
vt 0.118003 0.729037
vt 0.085317 0.621322
vt 0.083046 0.601439
vt 0.096993 0.601439
vt 0.106907 0.621322
vt 0.140389 0.729037
vt 0.079224 0.601439
vt 0.077478 0.583496
vt 0.091426 0.583496
vt 0.101014 0.601439
vt 0.073657 0.583496
vt 0.074984 0.575320
vt 0.088932 0.575320
vt 0.095248 0.583496
vt 0.071163 0.575320
vt 0.069523 0.555331
vt 0.083471 0.555331
vt 0.092753 0.575320
vt 0.066140 0.555509
vt 0.086855 0.555509
vt 0.114270 0.732827
vt 0.081585 0.840541
vt 0.067637 0.840541
vt 0.100323 0.732827
vt 0.085406 0.840541
vt 0.118888 0.732827
vt 0.075492 0.860424
vt 0.061545 0.860424
vt 0.063816 0.840541
vt 0.096502 0.732827
vt 0.079513 0.860424
vt 0.069925 0.878367
vt 0.055977 0.878367
vt 0.057723 0.860424
vt 0.073747 0.878367
vt 0.067431 0.886543
vt 0.053483 0.886543
vt 0.052156 0.878367
vt 0.071252 0.886543
vt 0.061970 0.906533
vt 0.048022 0.906533
vt 0.049662 0.886543
vt 0.065354 0.906354
vt 0.044639 0.906354
vt 0.195694 0.906533
vt 0.181747 0.906533
vt 0.149061 0.798818
vt 0.163009 0.798818
vt 0.177926 0.906533
vt 0.145240 0.798818
vt 0.142969 0.778935
vt 0.156916 0.778935
vt 0.166830 0.798818
vt 0.200312 0.906533
vt 0.139148 0.778935
vt 0.137401 0.760992
vt 0.151349 0.760992
vt 0.160937 0.778935
vt 0.133580 0.760992
vt 0.134907 0.752816
vt 0.148855 0.752816
vt 0.155171 0.760992
vt 0.131086 0.752816
vt 0.129446 0.732827
vt 0.143394 0.732827
vt 0.152676 0.752816
vt 0.126063 0.733005
vt 0.146778 0.733005
vt 0.297229 0.906533
vt 0.329915 0.798818
vt 0.343862 0.798818
vt 0.311177 0.906533
vt 0.326094 0.798818
vt 0.292613 0.906533
vt 0.336007 0.778935
vt 0.349955 0.778935
vt 0.347684 0.798818
vt 0.314998 0.906533
vt 0.331988 0.778935
vt 0.341574 0.760992
vt 0.355522 0.760992
vt 0.353777 0.778935
vt 0.337753 0.760992
vt 0.344070 0.752816
vt 0.358017 0.752816
vt 0.359344 0.760992
vt 0.340248 0.752816
vt 0.349529 0.732827
vt 0.363477 0.732827
vt 0.361839 0.752816
vt 0.346147 0.733005
vt 0.366861 0.733005
vt 0.378654 0.732827
vt 0.392601 0.732827
vt 0.424714 0.838653
vt 0.422605 0.840541
vt 0.414769 0.840541
vt 0.410678 0.838362
vt 0.396423 0.732827
vt 0.428753 0.840541
vt 0.425002 0.840836
vt 0.411997 0.840958
vt 0.407518 0.840541
vt 0.374037 0.732827
vt 0.425933 0.842651
vt 0.412166 0.843239
vt 0.435201 0.860424
vt 0.431379 0.860424
vt 0.417432 0.860424
vt 0.413412 0.860424
vt 0.440768 0.878367
vt 0.436109 0.875666
vt 0.422345 0.876261
vt 0.419533 0.878367
vt 0.436285 0.877949
vt 0.423281 0.878073
vt 0.437611 0.880546
vt 0.423575 0.880254
vt 0.433510 0.878367
vt 0.443263 0.886543
vt 0.439442 0.886543
vt 0.425678 0.878367
vt 0.425494 0.886543
vt 0.421672 0.886543
vt 0.448285 0.906354
vt 0.444902 0.906533
vt 0.430954 0.906533
vt 0.427570 0.906354
vt 0.545203 0.902851
vt 0.577227 0.797315
vt 0.581318 0.795136
vt 0.589154 0.795136
vt 0.591263 0.797024
vt 0.559151 0.902851
vt 0.574068 0.795136
vt 0.540586 0.902851
vt 0.578547 0.794719
vt 0.591552 0.794841
vt 0.595302 0.795136
vt 0.562972 0.902851
vt 0.578715 0.792439
vt 0.592483 0.793027
vt 0.579961 0.775253
vt 0.583981 0.775253
vt 0.597929 0.775253
vt 0.601751 0.775253
vt 0.586083 0.757311
vt 0.588895 0.759416
vt 0.602658 0.760011
vt 0.607317 0.757311
vt 0.589831 0.757605
vt 0.602834 0.757729
vt 0.590124 0.755424
vt 0.604161 0.755131
vt 0.592227 0.757311
vt 0.588222 0.749134
vt 0.592043 0.749134
vt 0.600060 0.757311
vt 0.605991 0.749134
vt 0.609812 0.749134
vt 0.594120 0.729323
vt 0.597503 0.729145
vt 0.611451 0.729145
vt 0.614834 0.729323
vt 0.626627 0.729145
vt 0.640575 0.729145
vt 0.673260 0.836859
vt 0.659313 0.836859
vt 0.644396 0.729145
vt 0.677082 0.836859
vt 0.679353 0.856743
vt 0.665405 0.856743
vt 0.655492 0.836859
vt 0.622010 0.729145
vt 0.683175 0.856743
vt 0.684920 0.874685
vt 0.670972 0.874685
vt 0.661385 0.856743
vt 0.688741 0.874685
vt 0.687415 0.882861
vt 0.673468 0.882861
vt 0.667151 0.874685
vt 0.691236 0.882861
vt 0.692875 0.902851
vt 0.678927 0.902851
vt 0.669646 0.882861
vt 0.696258 0.902672
vt 0.675544 0.902672
vt 0.610136 0.907144
vt 0.610136 0.993823
vt 0.598674 0.990268
vt 0.598674 0.910700
vt 0.611756 0.994326
vt 0.611756 0.906641
vt 0.597054 0.989764
vt 0.597054 0.911203
vt 0.589608 0.910700
vt 0.589608 0.990268
vt 0.578146 0.993823
vt 0.578146 0.907144
vt 0.591228 0.989764
vt 0.591228 0.911203
vt 0.576526 0.994326
vt 0.576526 0.906641
vt 0.569081 0.907144
vt 0.569081 0.993823
vt 0.557619 0.990268
vt 0.557619 0.910700
vt 0.570701 0.994326
vt 0.570701 0.906641
vt 0.555998 0.989764
vt 0.555998 0.911203
vt 0.548553 0.914382
vt 0.548553 0.993949
vt 0.537091 0.997505
vt 0.537091 0.910826
vt 0.550173 0.993446
vt 0.550173 0.914884
vt 0.535471 0.998008
vt 0.535471 0.910322
vn 0.000000 1.000000 -0.000000
vn 0.000000 1.000000 -0.000000
vn -0.000001 1.000000 -0.000001
vn -0.000000 1.000000 -0.000000
vn -0.054637 -0.016777 0.998365
vn -0.035197 -0.011000 0.999320
vn 0.051520 0.015656 0.998549
vn 0.031236 0.009482 0.999467
vn -0.054600 -0.016777 -0.998367
vn 0.031234 0.009482 -0.999467
vn 0.051517 0.015656 -0.998549
vn -0.035178 -0.011000 -0.999321
vn -0.041513 -0.012116 0.999065
vn -0.035717 -0.037814 0.998646
vn 0.030716 -0.023332 0.999256
vn 0.047360 0.014640 0.998771
vn -0.041513 -0.012116 -0.999065
vn 0.047360 0.014640 -0.998771
vn 0.030701 -0.023328 -0.999256
vn -0.035729 -0.037816 -0.998646
vn 0.000000 1.000000 0.000000
vn 0.000000 1.000000 0.000000
vn -0.000000 1.000000 0.000000
vn -0.000001 1.000000 0.000001
vn -0.000000 1.000000 -0.000001
vn -0.000000 1.000000 0.000001
vn 0.000000 1.000000 -0.000000
vn 0.000000 1.000000 0.000000
vn -0.956617 -0.291029 -0.013615
vn -0.956616 -0.291034 0.013619
vn -0.956724 -0.290742 0.012143
vn -0.956726 -0.290736 -0.012138
vn -0.953596 -0.300544 -0.018120
vn -0.953595 -0.300547 0.018117
vn -0.956192 -0.292102 0.019323
vn -0.956425 -0.291977 -0.000001
vn -0.956425 -0.291979 0.000001
vn -0.956193 -0.292098 -0.019322
vn 0.048179 -0.998499 0.026069
vn -0.048178 -0.998499 0.026069
vn -0.048178 -0.998498 -0.026069
vn 0.048178 -0.998499 -0.026069
vn 0.955246 0.294845 0.023904
vn 0.969967 0.242518 0.018681
vn 0.969967 0.242517 -0.018683
vn 0.955246 0.294845 -0.023906
vn 0.956615 0.290276 0.025065
vn 0.956523 0.290694 0.023695
vn 0.956522 0.290695 -0.023695
vn 0.956614 0.290277 -0.025066
vn -0.048611 -0.014780 0.998708
vn 0.042957 0.013228 0.998989
vn 0.042957 0.013228 -0.998989
vn -0.048611 -0.014780 -0.998708
vn 0.955351 0.294482 0.024183
vn 0.955350 0.294484 -0.024183
vn 0.720035 0.218832 0.658530
vn 0.638467 0.193754 0.744862
vn -0.643230 -0.197560 0.739747
vn -0.735474 -0.225908 0.638783
vn -0.643214 -0.197558 -0.739761
vn -0.735482 -0.225898 -0.638778
vn 0.638426 0.193748 -0.744898
vn 0.720000 0.218829 -0.658569
vn 0.672812 0.160540 0.722185
vn 0.704354 0.217428 0.675730
vn -0.692622 -0.224520 0.685468
vn -0.513385 -0.155733 0.843909
vn -0.513371 -0.155708 -0.843922
vn -0.692611 -0.224503 -0.685484
vn 0.704329 0.217418 -0.675759
vn 0.672790 0.160536 -0.722206
vn 0.687539 0.211926 0.694534
vn -0.539222 -0.167072 0.825425
vn -0.539194 -0.167072 -0.825444
vn -0.956062 -0.292548 -0.019002
vn 0.687512 0.211927 -0.694561
vn -0.938755 -0.294354 -0.179153
vn -0.938424 -0.296747 -0.176922
vn 0.000000 1.000000 0.000000
vn -0.000003 1.000000 0.000006
vn -0.000003 1.000000 -0.000006
vn 0.000000 1.000000 -0.000000
vn 0.040445 -0.216097 -0.975534
vn -0.024955 -0.200834 -0.979307
vn -0.024936 -0.200843 0.979306
vn 0.040463 -0.216107 0.975531
vn -0.901084 -0.433264 -0.018181
vn -0.901079 -0.433275 0.018177
vn 0.998919 0.042759 0.018258
vn 0.998918 0.042762 -0.018256
vn -0.627358 -0.305592 0.716265
vn -0.627339 -0.305582 -0.716286
vn 0.749519 0.039801 0.660786
vn 0.749501 0.039803 -0.660806
vn 0.000000 1.000000 -0.000000
vn 0.000000 1.000000 -0.000000
vn -0.000001 1.000000 -0.000001
vn -0.000000 1.000000 -0.000000
vn -0.054637 -0.016777 0.998365
vn -0.035200 -0.011000 0.999320
vn 0.051551 0.015656 0.998548
vn 0.031255 0.009482 0.999466
vn -0.054637 -0.016784 -0.998365
vn 0.031255 0.009486 -0.999466
vn 0.051551 0.015663 -0.998548
vn -0.035203 -0.011005 -0.999320
vn -0.041541 -0.012118 0.999063
vn -0.035745 -0.037827 0.998645
vn 0.030734 -0.023337 0.999255
vn 0.047384 0.014640 0.998770
vn -0.041533 -0.012121 -0.999064
vn 0.047385 0.014646 -0.998769
vn 0.030735 -0.023341 -0.999255
vn -0.035739 -0.037831 -0.998645
vn 0.000000 1.000000 0.000000
vn 0.000000 1.000000 0.000000
vn -0.000000 1.000000 0.000000
vn -0.000001 1.000000 0.000001
vn -0.000000 1.000000 -0.000001
vn -0.000000 1.000000 0.000001
vn 0.000000 1.000000 -0.000000
vn 0.000000 1.000000 0.000000
vn -0.956617 -0.291031 -0.013615
vn -0.956616 -0.291034 0.013619
vn -0.956724 -0.290743 0.012143
vn -0.956726 -0.290738 -0.012138
vn -0.953595 -0.300548 -0.018120
vn -0.953593 -0.300552 0.018117
vn -0.956185 -0.292124 0.019323
vn -0.956420 -0.291994 -0.000001
vn -0.956420 -0.291994 0.000001
vn -0.956188 -0.292114 -0.019322
vn 0.048179 -0.998498 0.026070
vn -0.048179 -0.998498 0.026070
vn -0.048179 -0.998498 -0.026069
vn 0.048179 -0.998498 -0.026069
vn 0.955246 0.294845 0.023904
vn 0.969967 0.242518 0.018681
vn 0.969967 0.242517 -0.018683
vn 0.955246 0.294845 -0.023906
vn 0.956613 0.290283 0.025065
vn 0.956521 0.290700 0.023695
vn 0.956520 0.290701 -0.023695
vn 0.956612 0.290284 -0.025066
vn -0.048631 -0.014783 0.998707
vn 0.042977 0.013228 0.998989
vn 0.042977 0.013234 -0.998988
vn -0.048639 -0.014788 -0.998707
vn 0.955351 0.294482 0.024183
vn 0.955350 0.294484 -0.024183
vn 0.720066 0.218822 0.658500
vn 0.638515 0.193745 0.744823
vn -0.643268 -0.197552 0.739716
vn -0.735512 -0.225894 0.638744
vn -0.643292 -0.197560 -0.739693
vn -0.735548 -0.225890 -0.638704
vn 0.638474 0.193755 -0.744856
vn 0.720028 0.218833 -0.658537
vn 0.672823 0.160529 0.722177
vn 0.704382 0.217420 0.675703
vn -0.692614 -0.224529 0.685472
vn -0.513431 -0.155733 0.843882
vn -0.513417 -0.155724 -0.843892
vn -0.692617 -0.224512 -0.685475
vn 0.704355 0.217421 -0.675730
vn 0.672803 0.160531 -0.722195
vn 0.687568 0.211918 0.694508
vn -0.539263 -0.167073 0.825398
vn -0.539247 -0.167087 -0.825406
vn -0.956062 -0.292549 -0.019002
vn 0.687538 0.211934 -0.694532
vn -0.938754 -0.294353 -0.179155
vn -0.938427 -0.296735 -0.176925
vn 0.000000 1.000000 0.000000
vn -0.000003 1.000000 0.000006
vn -0.000003 1.000000 -0.000006
vn 0.000000 1.000000 -0.000000
vn 0.040487 -0.216111 -0.975529
vn -0.024950 -0.200846 -0.979305
vn -0.024950 -0.200840 0.979306
vn 0.040486 -0.216108 0.975530
vn -0.901084 -0.433264 -0.018181
vn -0.901081 -0.433271 0.018177
vn 0.998919 0.042761 0.018257
vn 0.998919 0.042762 -0.018256
vn -0.627370 -0.305619 0.716243
vn -0.627342 -0.305590 -0.716280
vn 0.749516 0.039801 0.660789
vn 0.749499 0.039804 -0.660808
vn 0.000000 1.000000 0.000000
vn 0.000000 1.000000 0.000000
vn 0.000001 1.000000 0.000001
vn 0.000000 1.000000 0.000000
vn 0.054600 -0.016770 -0.998368
vn 0.035178 -0.010997 -0.999321
vn -0.051515 0.015650 -0.998550
vn -0.031234 0.009478 -0.999467
vn 0.054362 -0.016705 0.998381
vn -0.027472 0.008424 0.999587
vn -0.041598 0.012734 0.999053
vn -0.000036 0.000000 1.000000
vn -0.000036 0.000000 1.000000
vn 0.034692 -0.010729 0.999340
vn 0.041513 -0.012110 -0.999065
vn 0.035733 -0.037812 -0.998646
vn -0.030728 -0.023324 -0.999256
vn -0.047361 0.014634 -0.998771
vn 0.000000 1.000000 0.000000
vn 0.000000 1.000000 0.000000
vn 0.000000 1.000000 -0.000000
vn 0.000001 1.000000 -0.000001
vn 0.000000 1.000000 0.000001
vn 0.000000 1.000000 -0.000001
vn 0.000000 1.000000 0.000000
vn 0.000000 1.000000 0.000000
vn 0.956616 -0.291034 0.013605
vn 0.956616 -0.291033 -0.013604
vn 0.956725 -0.290742 -0.012128
vn 0.956724 -0.290743 0.012128
vn 0.953774 -0.299909 0.019213
vn 0.953597 -0.300539 -0.018119
vn 0.956194 -0.292097 -0.019318
vn 0.956427 -0.291971 0.000001
vn 0.956427 -0.291971 -0.000001
vn 0.956640 -0.290386 0.022702
vn -0.048179 -0.998499 -0.026070
vn 0.048177 -0.998499 -0.026069
vn 0.048177 -0.998499 0.026069
vn -0.048179 -0.998499 0.026070
vn -0.955247 0.294843 -0.023910
vn -0.969970 0.242506 -0.018694
vn -0.969969 0.242507 0.018693
vn -0.955246 0.294843 0.023919
vn -0.956613 0.290281 -0.025076
vn -0.956521 0.290699 -0.023705
vn -0.956392 0.290675 0.028665
vn -0.956515 0.290076 0.030573
vn 0.048610 -0.014777 -0.998709
vn -0.042946 0.013223 -0.998990
vn -0.955349 0.294489 -0.024193
vn -0.955153 0.294888 0.026886
vn -0.720048 0.218818 -0.658521
vn -0.638486 0.193737 -0.744850
vn 0.643264 -0.197563 -0.739716
vn 0.735534 -0.225901 -0.638716
vn 0.739372 -0.226941 0.633898
vn 0.737559 -0.226534 0.636151
vn -0.642203 0.194490 0.741450
vn -0.792380 0.240622 0.560567
vn -0.672874 0.160533 -0.722129
vn -0.704394 0.217418 -0.675691
vn 0.692648 -0.224517 -0.685442
vn 0.513409 -0.155709 -0.843899
vn 0.610213 -0.184939 0.770349
vn 0.041510 -0.014113 0.999038
vn 0.034327 -0.038441 0.998671
vn 0.706444 -0.227031 0.670369
vn -0.680400 0.162080 0.714693
vn -0.796324 0.246045 0.552567
vn -0.687548 0.211925 -0.694526
vn 0.539213 -0.167073 -0.825431
vn 0.557559 -0.173656 0.811771
vn 0.956065 -0.292539 0.018997
vn 0.219108 -0.071438 0.973082
vn 0.213563 -0.063097 0.974890
vn -0.703006 0.218503 0.676785
vn 0.928683 -0.299500 0.218740
vn 0.929072 -0.302713 0.212582
vn 0.205486 -0.055902 0.977062
vn -0.184414 0.054825 0.981318
vn -0.192451 0.058476 0.979563
vn 0.000000 1.000000 0.000000
vn 0.000003 1.000000 -0.000006
vn 0.000003 1.000000 0.000006
vn 0.000000 1.000000 0.000000
vn -0.029431 -0.024374 0.999270
vn -0.040504 -0.216107 0.975529
vn 0.024943 -0.200838 0.979307
vn 0.024949 -0.200841 -0.979306
vn -0.040487 -0.216118 -0.975527
vn 0.901078 -0.433277 0.018177
vn 0.901079 -0.433274 -0.018182
vn -0.998918 0.042765 -0.018271
vn -0.998918 0.042767 0.018266
vn 0.627410 -0.305611 -0.716211
vn 0.627368 -0.305626 0.716242
vn -0.749562 0.039814 -0.660736
vn -0.749503 0.039802 0.660803
vn 0.000000 1.000000 0.000000
vn 0.000000 1.000000 0.000000
vn 0.000001 1.000000 0.000001
vn 0.000000 1.000000 0.000000
vn 0.054361 -0.016705 -0.998382
vn 0.034704 -0.010729 -0.999340
vn 0.000000 0.000000 -1.000000
vn 0.000000 0.000000 -1.000000
vn -0.041632 0.012734 -0.999052
vn -0.027482 0.008424 -0.999587
vn 0.054635 -0.016777 0.998365
vn -0.031234 0.009482 0.999467
vn -0.051517 0.015657 0.998549
vn 0.035196 -0.011001 0.999320
vn 0.041513 -0.012115 0.999065
vn -0.047361 0.014640 0.998771
vn -0.030717 -0.023332 0.999256
vn 0.035717 -0.037822 0.998646
vn 0.000000 1.000000 0.000000
vn 0.000000 1.000000 0.000000
vn 0.000000 1.000000 -0.000000
vn 0.000001 1.000000 -0.000001
vn 0.000000 1.000000 0.000001
vn 0.000000 1.000000 -0.000001
vn 0.000000 1.000000 0.000000
vn 0.000000 1.000000 0.000000
vn 0.956616 -0.291034 0.013600
vn 0.956617 -0.291032 -0.013609
vn 0.956725 -0.290740 -0.012133
vn 0.956724 -0.290743 0.012123
vn 0.953598 -0.300539 0.018116
vn 0.953775 -0.299907 -0.019217
vn 0.956637 -0.290395 -0.022703
vn 0.956424 -0.291981 0.000001
vn 0.956424 -0.291982 -0.000001
vn 0.956192 -0.292101 0.019318
vn -0.048179 -0.998498 -0.026070
vn 0.048179 -0.998498 -0.026070
vn 0.048179 -0.998499 0.026070
vn -0.048180 -0.998498 0.026070
vn -0.955246 0.294844 -0.023919
vn -0.969972 0.242496 -0.018696
vn -0.969972 0.242496 0.018690
vn -0.955246 0.294845 0.023910
vn -0.956515 0.290078 -0.030573
vn -0.956392 0.290676 -0.028665
vn -0.956522 0.290696 0.023706
vn -0.956614 0.290278 0.025076
vn -0.042958 0.013229 0.998989
vn 0.048610 -0.014780 0.998708
vn -0.955153 0.294888 -0.026885
vn -0.955349 0.294489 0.024193
vn -0.792379 0.240623 -0.560568
vn -0.642263 0.194479 -0.741402
vn 0.739349 -0.226950 -0.633922
vn 0.737538 -0.226543 -0.636173
vn 0.643241 -0.197561 0.739737
vn 0.735489 -0.225905 0.638767
vn -0.638445 0.193738 0.744885
vn -0.720013 0.218815 0.658560
vn 0.706454 -0.227040 -0.670355
vn 0.034288 -0.038435 -0.998673
vn 0.041470 -0.014116 -0.999040
vn 0.610229 -0.184948 -0.770334
vn 0.513365 -0.155714 0.843925
vn 0.692573 -0.224502 0.685523
vn -0.704345 0.217417 0.675742
vn -0.672788 0.160527 0.722210
vn -0.680428 0.162084 -0.714665
vn -0.796324 0.246045 -0.552566
vn 0.557548 -0.173660 -0.811777
vn 0.213580 -0.063086 -0.974887
vn 0.219024 -0.071440 -0.973101
vn 0.539206 -0.167073 0.825436
vn 0.956065 -0.292539 0.018993
vn -0.687504 0.211925 0.694569
vn -0.702993 0.218505 -0.676799
vn -0.184414 0.054824 -0.981318
vn -0.192451 0.058476 -0.979563
vn 0.205582 -0.055879 -0.977043
vn 0.938747 -0.294376 0.179157
vn 0.938427 -0.296739 0.176921
vn 0.000000 1.000000 0.000000
vn 0.000003 1.000000 -0.000006
vn 0.000003 1.000000 0.000006
vn 0.000000 1.000000 0.000000
vn -0.040464 -0.216098 0.975533
vn 0.024937 -0.200831 0.979308
vn 0.024918 -0.200842 -0.979307
vn -0.040481 -0.216115 -0.975528
vn -0.029416 -0.024375 -0.999270
vn 0.901082 -0.433269 0.018177
vn 0.901080 -0.433272 -0.018182
vn -0.998918 0.042755 -0.018271
vn -0.998919 0.042754 0.018266
vn 0.627370 -0.305619 -0.716243
vn 0.627304 -0.305598 0.716309
vn -0.749539 0.039825 -0.660761
vn -0.749478 0.039793 0.660833
vn 0.956122 -0.292969 0.000000
vn 0.963176 -0.268873 0.000000
vn 0.963176 -0.268873 0.000000
vn 0.956122 -0.292969 0.000000
vn 0.039316 0.999227 0.000000
vn 0.039316 0.999227 0.000000
vn -0.028818 0.999585 0.000000
vn -0.028818 0.999585 0.000000
vn -0.950871 0.309588 0.000000
vn -0.950871 0.309588 0.000000
vn -0.956117 0.292985 0.000000
vn -0.956117 0.292985 0.000000
vn -0.955090 0.296317 0.000000
vn -0.962985 0.269555 0.000000
vn -0.962985 0.269555 0.000000
vn -0.955090 0.296317 0.000000
vn -0.039388 -0.999224 0.000000
vn -0.039388 -0.999224 0.000000
vn 0.028763 -0.999586 0.000000
vn 0.028763 -0.999586 0.000000
vn 0.949207 -0.314652 0.000000
vn 0.949207 -0.314652 0.000000
vn 0.955087 -0.296326 0.000000
vn 0.955087 -0.296326 0.000000
vn -0.177510 0.052367 0.982725
vn -0.177510 0.052365 -0.982725
vn -0.036238 0.011979 0.999271
vn -0.036219 0.011979 -0.999272
vn 0.000000 0.000000 1.000000
vn 0.000000 0.000000 1.000000
vn 0.000024 0.000000 -1.000000
vn 0.000023 0.000000 -1.000000
vn 0.997295 -0.073507 0.000000
vn 0.997295 -0.073507 0.000000
vn 0.148942 0.988846 0.000000
vn 0.148942 0.988846 0.000000
vn -0.122144 0.992512 0.000000
vn -0.122144 0.992512 0.000000
vn -0.889693 0.456560 0.000000
vn -0.889693 0.456560 0.000000
vn -0.997020 0.077143 0.000000
vn -0.997020 0.077143 0.000000
vn -0.149009 -0.988836 0.000000
vn -0.149009 -0.988836 0.000000
vn 0.121932 -0.992539 0.000000
vn 0.121932 -0.992539 0.000000
vn 0.888272 -0.459318 0.000000
vn 0.888272 -0.459318 0.000000
vn 0.113518 -0.028107 0.993138
vn 0.113517 -0.028107 -0.993138
vn -0.111714 0.030810 0.993263
vn -0.111809 0.030809 -0.993252
vn -0.113502 0.028393 0.993132
vn -0.113502 0.028393 -0.993132
vn 0.111953 -0.031111 0.993226
vn 0.111858 -0.031070 -0.993238
vn 0.000001 -0.047784 0.998858
vn 0.000001 -0.047787 0.998858
vn 0.000000 0.022547 0.999746
vn 0.000000 0.022550 0.999746
vn 0.000000 1.000000 0.000000
vn 0.000000 1.000000 0.000000
vn 0.000000 1.000000 0.000000
vn 0.000000 1.000000 0.000000
vn -0.000007 0.022541 -0.999746
vn -0.000007 0.022539 -0.999746
vn -0.000006 -0.047769 -0.998858
vn -0.000006 -0.047766 -0.998859
vn 0.000000 -1.000000 0.000000
vn 0.000000 -1.000000 0.000000
vn 0.000000 -1.000000 0.000000
vn 0.000000 -1.000000 0.000000
vn 0.000001 -0.047802 0.998857
vn 0.000001 -0.047804 0.998857
vn 0.000001 0.022556 0.999746
vn 0.000001 0.022558 0.999746
vn 0.000000 0.998030 0.062742
vn 0.000000 0.998030 0.062737
vn 0.000000 0.998030 -0.062737
vn 0.000000 0.998030 -0.062740
vn -0.000001 0.022550 -0.999746
vn -0.000001 0.022547 -0.999746
vn -0.000001 -0.047787 -0.998858
vn -0.000001 -0.047784 -0.998858
vn 0.000000 -0.998723 -0.050519
vn 0.000000 -0.998723 -0.050523
vn 0.000000 -0.998723 0.050523
vn 0.000000 -0.998723 0.050519
vn -0.938748 -0.294377 0.179151
vn -0.938421 -0.296758 0.176921
vn -0.956063 -0.292544 0.019001
vn 0.956107 -0.293019 0.000001
vn 0.956107 -0.293018 -0.000001
vn 0.956063 -0.292545 -0.018993
vn -0.956105 -0.293026 -0.000000
vn -0.956105 -0.293026 0.000000
vn 0.938757 -0.294357 -0.179132
vn 0.938438 -0.296715 -0.176901
vn -0.938744 -0.294388 0.179151
vn -0.938422 -0.296755 0.176918
vn -0.956064 -0.292543 0.019002
vn 0.956107 -0.293019 0.000001
vn 0.956107 -0.293019 -0.000001
vn 0.956065 -0.292539 -0.018997
vn -0.956104 -0.293026 -0.000000
vn -0.956105 -0.293026 0.000000
vn 0.928665 -0.299545 -0.218757
vn 0.929055 -0.302750 -0.212602
vn 0.000004 -0.818109 0.575064
vn 0.000004 -0.818108 0.575064
vn 0.000004 -0.818108 0.575064
vn 0.000004 -0.818108 0.575064
vn 0.000006 -0.258789 0.965934
vn 0.000006 -0.258789 0.965934
vn 0.000005 0.258789 0.965934
vn 0.000005 0.258789 0.965934
vn 0.000004 0.818107 0.575065
vn 0.000004 0.818107 0.575065
vn 0.000004 0.818107 0.575065
vn 0.000004 0.818107 0.575065
vn -0.000004 0.818108 -0.575064
vn -0.000004 0.818108 -0.575064
vn -0.000004 0.818108 -0.575064
vn -0.000004 0.818108 -0.575064
vn 0.000000 0.258701 -0.965957
vn 0.000000 0.258701 -0.965957
vn -0.000001 -0.258699 -0.965958
vn -0.000001 -0.258699 -0.965958
vn -0.000004 -0.818108 -0.575064
vn -0.000004 -0.818108 -0.575064
vn -0.000004 -0.818108 -0.575064
vn -0.000004 -0.818108 -0.575064
vn 0.000005 -0.667608 0.744513
vn 0.000005 -0.667600 0.744520
vn 0.000008 0.583731 0.811948
vn 0.000008 0.583730 0.811948
vn 0.000000 0.818130 -0.575033
vn 0.000000 0.818130 -0.575033
vn -0.000006 0.258789 -0.965934
vn -0.000006 0.258789 -0.965934
vn -0.000006 -0.258789 -0.965934
vn -0.000006 -0.258789 -0.965934
vn 0.000000 -0.818131 -0.575032
vn 0.000000 -0.818131 -0.575032
vn -0.948788 -0.273792 0.157602
vn -0.945709 -0.290614 0.145524
vn 0.936500 -0.287339 0.201008
vn 0.939807 -0.263629 0.217399
vn -0.949586 -0.291674 0.114949
vn -0.943355 -0.307748 0.123988
vn 0.943420 -0.307544 0.123997
vn 0.949596 -0.291629 0.114979
vn -0.943333 -0.307804 -0.124015
vn -0.949575 -0.291702 -0.114967
vn 0.949604 -0.291604 -0.114978
vn 0.943420 -0.307544 -0.123997
vn -0.945679 -0.290697 -0.145558
vn -0.948774 -0.273826 -0.157629
vn 0.948741 -0.273961 -0.157593
vn 0.945692 -0.290682 -0.145501
vn -0.948746 -0.273948 0.157588
vn -0.945678 -0.290715 0.145525
vn 0.945633 -0.290853 0.145543
vn 0.948698 -0.274089 0.157632
vn -0.949616 -0.291587 0.114921
vn -0.943376 -0.307693 0.123965
vn 0.943350 -0.307763 0.123985
vn 0.949572 -0.291710 0.114976
vn -0.943349 -0.307763 -0.123995
vn -0.949573 -0.291709 -0.114968
vn 0.949622 -0.291554 -0.114954
vn 0.943390 -0.307637 -0.123998
vn -0.945715 -0.290582 -0.145551
vn -0.948824 -0.273669 -0.157602
vn 0.939792 -0.263738 -0.217332
vn 0.936491 -0.287403 -0.200959
vn -0.000879 -0.999998 0.002056
vn -0.382547 -0.923935 0.001558
vn -0.382546 -0.923935 -0.001558
vn -0.000879 -0.999998 -0.002056
vn -0.707136 -0.707076 0.001441
vn -0.707135 -0.707077 -0.001441
vn -0.923919 -0.382586 0.001559
vn -0.923918 -0.382586 -0.001559
vn -0.999746 -0.022468 0.002015
vn -0.999746 -0.022468 -0.002015
vn -0.000862 -0.022466 0.999747
vn -0.000667 -0.382628 0.923902
vn 0.000667 -0.382628 0.923902
vn 0.000862 -0.022466 0.999747
vn -0.000616 -0.707137 0.707077
vn 0.000616 -0.707137 0.707077
vn -0.000667 -0.923901 0.382630
vn 0.000666 -0.923901 0.382630
vn 0.000879 -0.999998 0.002056
vn -0.924368 -0.017326 0.381109
vn -0.924368 0.017323 0.381109
vn -0.999746 0.022468 0.002015
vn -0.707019 -0.016082 0.707012
vn -0.707019 0.016082 0.707012
vn -0.381133 -0.017330 0.924358
vn -0.381135 0.017330 0.924357
vn -0.000862 0.022466 0.999747
vn 0.999746 -0.022446 0.002015
vn 0.923953 -0.382502 0.001558
vn 0.923953 -0.382502 -0.001558
vn 0.999746 -0.022446 -0.002015
vn 0.707087 -0.707125 0.001440
vn 0.707086 -0.707126 -0.001440
vn 0.382546 -0.923935 0.001558
vn 0.382546 -0.923935 -0.001558
vn 0.000879 -0.999998 -0.002056
vn 0.381133 -0.017330 0.924358
vn 0.381132 0.017322 0.924359
vn 0.000862 0.022466 0.999747
vn 0.707019 -0.016074 0.707012
vn 0.707019 0.016066 0.707012
vn 0.924368 -0.017307 0.381109
vn 0.924368 0.017307 0.381109
vn 0.999746 0.022446 0.002015
vn -0.923919 0.382586 0.001559
vn -0.923918 0.382586 -0.001558
vn -0.999746 0.022468 -0.002015
vn -0.707136 0.707077 0.001441
vn -0.707135 0.707077 -0.001441
vn -0.382547 0.923935 0.001558
vn -0.382546 0.923935 -0.001558
vn -0.000879 0.999998 0.002056
vn -0.000879 0.999998 -0.002056
vn -0.000666 0.923901 0.382630
vn 0.000667 0.923901 0.382630
vn 0.000879 0.999998 0.002056
vn -0.000616 0.707135 0.707078
vn 0.000616 0.707135 0.707078
vn -0.000667 0.382628 0.923902
vn 0.000667 0.382628 0.923902
vn 0.382547 0.923935 0.001558
vn 0.382546 0.923935 -0.001558
vn 0.000879 0.999998 -0.002056
vn 0.707087 0.707125 0.001440
vn 0.707086 0.707126 -0.001440
vn 0.923953 0.382502 0.001558
vn 0.923953 0.382502 -0.001558
vn 0.999746 0.022446 -0.002015
vn -0.924360 0.017325 -0.381128
vn -0.924360 -0.017324 -0.381129
vn -0.707032 0.016070 -0.706999
vn -0.707033 -0.016074 -0.706998
vn -0.381190 0.017319 -0.924334
vn -0.381194 -0.017323 -0.924333
vn -0.000863 0.022496 -0.999747
vn -0.000863 -0.022496 -0.999747
vn -0.000666 0.382685 -0.923879
vn 0.000667 0.382685 -0.923879
vn 0.000863 0.022496 -0.999747
vn -0.000616 0.707102 -0.707111
vn 0.000616 0.707102 -0.707111
vn -0.000666 0.923901 -0.382630
vn 0.000666 0.923901 -0.382630
vn 0.381193 0.017314 -0.924334
vn 0.381189 -0.017314 -0.924335
vn 0.000863 -0.022496 -0.999747
vn 0.707033 0.016057 -0.706998
vn 0.707033 -0.016066 -0.706999
vn 0.924360 0.017307 -0.381129
vn 0.924360 -0.017316 -0.381128
vn -0.000666 -0.923901 -0.382630
vn 0.000666 -0.923901 -0.382630
vn -0.000616 -0.707103 -0.707110
vn 0.000616 -0.707103 -0.707110
vn -0.000667 -0.382685 -0.923879
vn 0.000666 -0.382685 -0.923879
vn -0.878742 -0.337529 0.337472
vn -0.673172 -0.673124 0.306175
vn -0.337491 -0.878746 0.337499
vn -0.306233 -0.673107 0.673163
vn -0.337518 -0.337491 0.878738
vn -0.673063 -0.306261 0.673194
vn -0.577285 -0.577335 0.577430
vn 0.337455 -0.878765 0.337485
vn 0.673169 -0.673134 0.306160
vn 0.878782 -0.337427 0.337468
vn 0.673060 -0.306278 0.673190
vn 0.337516 -0.337531 0.878724
vn 0.306159 -0.673152 0.673152
vn 0.577254 -0.577394 0.577403
vn -0.337448 0.878765 0.337494
vn -0.673163 0.673139 0.306162
vn -0.878752 0.337512 0.337462
vn -0.673060 0.306268 0.673194
vn -0.337511 0.337493 0.878741
vn -0.306184 0.673122 0.673170
vn -0.577277 0.577350 0.577423
vn 0.878780 0.337427 0.337475
vn 0.673178 0.673126 0.306157
vn 0.337486 0.878758 0.337473
vn 0.306199 0.673129 0.673156
vn 0.337528 0.337477 0.878740
vn 0.673074 0.306222 0.673201
vn 0.577260 0.577390 0.577401
vn -0.337466 0.337410 -0.878790
vn -0.673225 0.306096 -0.673107
vn -0.878793 0.337440 -0.337427
vn -0.673139 0.673153 -0.306183
vn -0.337391 0.878804 -0.337449
vn -0.306118 0.673184 -0.673138
vn -0.577392 0.577309 -0.577351
vn 0.878816 0.337384 -0.337422
vn 0.673211 0.306128 -0.673107
vn 0.337494 0.337440 -0.878768
vn 0.306098 0.673192 -0.673139
vn 0.337435 0.878781 -0.337464
vn 0.673132 0.673173 -0.306156
vn 0.577319 0.577425 -0.577306
vn -0.337406 -0.878799 -0.337447
vn -0.673143 -0.673153 -0.306175
vn -0.878792 -0.337443 -0.337427
vn -0.673212 -0.306130 -0.673105
vn -0.337478 -0.337445 -0.878771
vn -0.306107 -0.673208 -0.673120
vn -0.577365 -0.577338 -0.577348
vn 0.878808 -0.337406 -0.337423
vn 0.673116 -0.673187 -0.306161
vn 0.337411 -0.878792 -0.337459
vn 0.306091 -0.673208 -0.673127
vn 0.337474 -0.337455 -0.878769
vn 0.673208 -0.306161 -0.673095
vn 0.577335 -0.577414 -0.577301
vn 0.000000 1.000000 -0.000000
vn 0.000000 1.000000 -0.000000
vn 0.000001 1.000000 0.000001
vn 0.000000 1.000000 0.000000
vn 0.054635 -0.016784 -0.998365
vn 0.035202 -0.011005 -0.999320
vn -0.051551 0.015663 -0.998548
vn -0.031255 0.009486 -0.999466
vn 0.054672 -0.016784 0.998363
vn -0.031276 0.009486 0.999466
vn -0.051584 0.015663 0.998546
vn 0.035217 -0.011004 0.999319
vn 0.041533 -0.012121 -0.999064
vn 0.035738 -0.037831 -0.998645
vn -0.030736 -0.023340 -0.999255
vn -0.047385 0.014646 -0.998769
vn 0.041541 -0.012120 0.999063
vn -0.047391 0.014646 0.998769
vn -0.030755 -0.023334 0.999255
vn 0.035760 -0.037832 0.998644
vn 0.000000 1.000000 0.000000
vn 0.000000 1.000000 0.000000
vn 0.000000 1.000000 -0.000000
vn 0.000001 1.000000 -0.000001
vn 0.000000 1.000000 0.000001
vn 0.000000 1.000000 -0.000001
vn 0.000000 1.000000 -0.000000
vn 0.000000 1.000000 0.000000
vn 0.956617 -0.291032 0.013600
vn 0.956617 -0.291030 -0.013600
vn 0.956725 -0.290740 -0.012123
vn 0.956724 -0.290743 0.012123
vn 0.953592 -0.300558 0.018111
vn 0.953593 -0.300555 -0.018110
vn 0.956186 -0.292121 -0.019310
vn 0.956418 -0.292000 0.000000
vn 0.956419 -0.291999 -0.000000
vn 0.956184 -0.292129 0.019313
vn -0.048178 -0.998498 -0.026070
vn 0.048178 -0.998498 -0.026070
vn 0.048178 -0.998499 0.026070
vn -0.048178 -0.998498 0.026070
vn -0.955244 0.294850 -0.023919
vn -0.969972 0.242496 -0.018696
vn -0.969972 0.242496 0.018697
vn -0.955245 0.294848 0.023919
vn -0.956613 0.290283 -0.025066
vn -0.956520 0.290701 -0.023697
vn -0.956520 0.290704 0.023698
vn -0.956612 0.290286 0.025067
vn 0.048638 -0.014788 -0.998707
vn -0.042978 0.013234 -0.998988
vn -0.042990 0.013234 0.998988
vn 0.048630 -0.014783 0.998707
vn -0.955345 0.294499 -0.024196
vn -0.955346 0.294499 0.024196
vn -0.720097 0.218839 -0.658460
vn -0.638553 0.193765 -0.744785
vn 0.643308 -0.197580 -0.739673
vn 0.735559 -0.225915 -0.638683
vn 0.643286 -0.197560 0.739698
vn 0.735518 -0.225901 0.638734
vn -0.638523 0.193746 0.744816
vn -0.720058 0.218824 0.658507
vn -0.672873 0.160559 -0.722124
vn -0.704400 0.217429 -0.675682
vn 0.692672 -0.224541 -0.685410
vn 0.513466 -0.155746 -0.843858
vn 0.513423 -0.155741 0.843885
vn 0.692612 -0.224528 0.685475
vn -0.704378 0.217400 0.675714
vn -0.672823 0.160541 0.722174
vn -0.687572 0.211937 -0.694498
vn 0.539289 -0.167097 -0.825376
vn 0.539255 -0.167067 0.825405
vn 0.956068 -0.292529 0.018993
vn -0.687544 0.211920 0.694530
vn 0.938753 -0.294386 0.179110
vn 0.938434 -0.296740 0.176881
vn 0.000000 1.000000 0.000000
vn 0.000003 1.000000 -0.000006
vn 0.000003 1.000000 0.000006
vn 0.000000 1.000000 -0.000000
vn -0.040510 -0.216106 0.975529
vn 0.024963 -0.200847 0.979305
vn 0.024950 -0.200868 -0.979301
vn -0.040487 -0.216150 -0.975520
vn 0.901086 -0.433259 0.018173
vn 0.901086 -0.433260 -0.018173
vn -0.998918 0.042762 -0.018271
vn -0.998918 0.042766 0.018271
vn 0.627412 -0.305617 -0.716207
vn 0.627371 -0.305583 0.716258
vn -0.749562 0.039792 -0.660737
vn -0.749507 0.039815 0.660798
vn 0.000000 1.000000 -0.000000
vn 0.000000 1.000000 -0.000000
vn 0.000001 1.000000 0.000001
vn 0.000000 1.000000 0.000000
vn 0.054599 -0.016777 -0.998367
vn 0.035178 -0.011000 -0.999321
vn -0.051516 0.015656 -0.998549
vn -0.031233 0.009482 -0.999467
vn 0.054635 -0.016781 0.998365
vn -0.031255 0.009484 0.999466
vn -0.051551 0.015660 0.998548
vn 0.035199 -0.011002 0.999320
vn 0.041513 -0.012115 -0.999065
vn 0.035716 -0.037810 -0.998646
vn -0.030717 -0.023320 -0.999256
vn -0.047360 0.014640 -0.998771
vn 0.041533 -0.012120 0.999064
vn -0.047385 0.014646 0.998769
vn -0.030725 -0.023337 0.999255
vn 0.035738 -0.037829 0.998645
vn 0.000000 1.000000 0.000000
vn 0.000000 1.000000 0.000000
vn 0.000000 1.000000 -0.000000
vn 0.000001 1.000000 -0.000001
vn 0.000000 1.000000 0.000001
vn 0.000000 1.000000 -0.000001
vn 0.000000 1.000000 -0.000000
vn 0.000000 1.000000 0.000000
vn 0.956616 -0.291033 0.013600
vn 0.956618 -0.291029 -0.013600
vn 0.956726 -0.290739 -0.012123
vn 0.956724 -0.290744 0.012123
vn 0.953592 -0.300559 0.018110
vn 0.953592 -0.300556 -0.018110
vn 0.956182 -0.292136 -0.019311
vn 0.956415 -0.292012 0.000000
vn 0.956415 -0.292012 -0.000000
vn 0.956182 -0.292136 0.019310
vn -0.048179 -0.998499 -0.026070
vn 0.048179 -0.998498 -0.026069
vn 0.048179 -0.998498 0.026070
vn -0.048178 -0.998498 0.026070
vn -0.955245 0.294848 -0.023919
vn -0.969974 0.242490 -0.018696
vn -0.969973 0.242493 0.018697
vn -0.955245 0.294848 0.023919
vn -0.956613 0.290280 -0.025066
vn -0.956522 0.290698 -0.023697
vn -0.956521 0.290701 0.023697
vn -0.956613 0.290283 0.025066
vn 0.048610 -0.014780 -0.998708
vn -0.042958 0.013228 -0.998989
vn -0.042978 0.013234 0.998988
vn 0.048630 -0.014783 0.998707
vn -0.955346 0.294497 -0.024196
vn -0.955346 0.294497 0.024196
vn -0.720033 0.218833 -0.658532
vn -0.638463 0.193756 -0.744865
vn 0.643232 -0.197564 -0.739744
vn 0.735496 -0.225905 -0.638759
vn 0.643239 -0.197570 0.739736
vn 0.735486 -0.225915 0.638766
vn -0.638473 0.193753 0.744857
vn -0.720027 0.218834 0.658539
vn -0.672831 0.160542 -0.722167
vn -0.704345 0.217423 -0.675741
vn 0.692635 -0.224519 -0.685454
vn 0.513374 -0.155728 -0.843917
vn 0.513400 -0.155738 0.843900
vn 0.692620 -0.224526 0.685468
vn -0.704345 0.217420 0.675742
vn -0.672804 0.160543 0.722192
vn -0.687519 0.211926 -0.694554
vn 0.539210 -0.167076 -0.825432
vn 0.539228 -0.167071 0.825421
vn 0.956068 -0.292531 0.018993
vn -0.687519 0.211927 0.694554
vn 0.938739 -0.294417 0.179129
vn 0.938421 -0.296772 0.176899
vn 0.000000 1.000000 0.000000
vn 0.000003 1.000000 -0.000006
vn 0.000003 1.000000 0.000006
vn 0.000000 1.000000 -0.000000
vn -0.040462 -0.216114 0.975529
vn 0.024950 -0.200850 0.979304
vn 0.024937 -0.200839 -0.979307
vn -0.040464 -0.216114 -0.975529
vn 0.901086 -0.433259 0.018173
vn 0.901088 -0.433256 -0.018173
vn -0.998918 0.042762 -0.018271
vn -0.998918 0.042765 0.018271
vn 0.627384 -0.305601 -0.716239
vn 0.627360 -0.305591 0.716264
vn -0.749540 0.039797 -0.660761
vn -0.749515 0.039808 0.660789
vn 0.000000 1.000000 -0.000000
vn 0.000000 1.000000 -0.000000
vn -0.000001 1.000000 -0.000001
vn -0.000000 1.000000 -0.000000
vn -0.054638 -0.016778 0.998365
vn -0.035197 -0.011000 0.999320
vn 0.051519 0.015656 0.998549
vn 0.031236 0.009482 0.999467
vn -0.054380 -0.016709 -0.998381
vn 0.027484 0.008424 -0.999587
vn 0.041635 0.012734 -0.999052
vn 0.000000 0.000000 -1.000000
vn 0.000000 0.000000 -1.000000
vn -0.034717 -0.010732 -0.999340
vn -0.041514 -0.012116 0.999064
vn -0.035717 -0.037824 0.998646
vn 0.030717 -0.023338 0.999256
vn 0.047359 0.014640 0.998771
vn 0.000000 1.000000 0.000000
vn 0.000000 1.000000 0.000000
vn -0.000000 1.000000 0.000000
vn -0.000001 1.000000 0.000001
vn -0.000000 1.000000 -0.000001
vn -0.000000 1.000000 0.000001
vn 0.000000 1.000000 -0.000000
vn 0.000000 1.000000 0.000000
vn -0.956618 -0.291028 -0.013620
vn -0.956617 -0.291030 0.013619
vn -0.956725 -0.290741 0.012142
vn -0.956726 -0.290738 -0.012142
vn -0.953770 -0.299924 -0.019213
vn -0.953592 -0.300555 0.018127
vn -0.956183 -0.292131 0.019323
vn -0.956415 -0.292011 -0.000000
vn -0.956415 -0.292011 0.000000
vn -0.956627 -0.290429 -0.022705
vn 0.048179 -0.998499 0.026069
vn -0.048178 -0.998498 0.026069
vn -0.048179 -0.998498 -0.026069
vn 0.048179 -0.998499 -0.026070
vn 0.955247 0.294841 0.023904
vn 0.969971 0.242502 0.018681
vn 0.969971 0.242500 -0.018685
vn 0.955247 0.294842 -0.023904
vn 0.956614 0.290279 0.025060
vn 0.956521 0.290700 0.023691
vn 0.956391 0.290679 -0.028660
vn 0.956515 0.290078 -0.030568
vn -0.048611 -0.014780 0.998708
vn 0.042957 0.013228 0.998989
vn 0.955348 0.294492 0.024183
vn 0.955152 0.294893 -0.026876
vn 0.720034 0.218833 0.658531
vn 0.638469 0.193752 0.744861
vn -0.643241 -0.197564 0.739736
vn -0.735484 -0.225912 0.638770
vn -0.739330 -0.226944 -0.633946
vn -0.737519 -0.226537 -0.636198
vn 0.642254 0.194476 -0.741410
vn 0.792371 0.240627 -0.560577
vn 0.672817 0.160530 0.722182
vn 0.704344 0.217414 0.675744
vn -0.692617 -0.224542 0.685465
vn -0.513402 -0.155733 0.843899
vn -0.610177 -0.184945 -0.770376
vn -0.041483 -0.014118 -0.999039
vn -0.034332 -0.038442 -0.998671
vn -0.706443 -0.227036 -0.670368
vn 0.680419 0.162070 -0.714677
vn 0.796309 0.246045 -0.552588
vn 0.687520 0.211935 0.694550
vn -0.539239 -0.167083 0.825412
vn -0.557563 -0.173650 -0.811769
vn -0.956069 -0.292526 -0.019007
vn -0.219209 -0.071437 -0.973059
vn -0.213616 -0.063089 -0.974878
vn 0.702958 0.218506 -0.676835
vn -0.928667 -0.299512 -0.218794
vn -0.929051 -0.302737 -0.212638
vn -0.205495 -0.055889 -0.977061
vn 0.184455 0.054822 -0.981311
vn 0.192416 0.058476 -0.979570
vn 0.000000 1.000000 0.000000
vn -0.000003 1.000000 0.000006
vn -0.000003 1.000000 -0.000006
vn 0.000000 1.000000 -0.000000
vn 0.029415 -0.024383 -0.999270
vn 0.040486 -0.216092 -0.975533
vn -0.024963 -0.200830 -0.979308
vn -0.024935 -0.200836 0.979307
vn 0.040463 -0.216123 0.975527
vn -0.901091 -0.433250 -0.018177
vn -0.901091 -0.433249 0.018190
vn 0.998919 0.042763 0.018256
vn 0.998919 0.042760 -0.018262
vn -0.627349 -0.305611 0.716265
vn -0.627388 -0.305581 -0.716244
vn 0.749514 0.039786 0.660792
vn 0.749522 0.039795 -0.660783
vn 0.000000 1.000000 -0.000000
vn 0.000000 1.000000 -0.000000
vn -0.000001 1.000000 -0.000001
vn -0.000000 1.000000 -0.000000
vn -0.054399 -0.016706 0.998380
vn -0.034729 -0.010730 0.999339
vn 0.000000 0.000000 1.000000
vn 0.000000 0.000000 1.000000
vn 0.041635 0.012734 0.999052
vn 0.027484 0.008424 0.999587
vn -0.054638 -0.016785 -0.998365
vn 0.031255 0.009486 -0.999466
vn 0.051550 0.015663 -0.998548
vn -0.035203 -0.011004 -0.999320
vn -0.041534 -0.012121 -0.999064
vn 0.047383 0.014646 -0.998769
vn 0.030735 -0.023341 -0.999255
vn -0.035739 -0.037831 -0.998645
vn 0.000000 1.000000 0.000000
vn 0.000000 1.000000 0.000000
vn -0.000000 1.000000 0.000000
vn -0.000001 1.000000 0.000001
vn -0.000000 1.000000 -0.000001
vn -0.000000 1.000000 0.000001
vn 0.000000 1.000000 -0.000000
vn 0.000000 1.000000 0.000000
vn -0.956616 -0.291032 -0.013620
vn -0.956615 -0.291037 0.013620
vn -0.956722 -0.290749 0.012143
vn -0.956725 -0.290742 -0.012142
vn -0.953591 -0.300560 -0.018117
vn -0.953765 -0.299940 0.019223
vn -0.956633 -0.290411 0.022703
vn -0.956422 -0.291989 -0.000000
vn -0.956422 -0.291988 0.000000
vn -0.956191 -0.292105 -0.019323
vn 0.048179 -0.998498 0.026070
vn -0.048179 -0.998498 0.026070
vn -0.048180 -0.998498 -0.026070
vn 0.048181 -0.998498 -0.026070
vn 0.955246 0.294844 0.023905
vn 0.969970 0.242506 0.018682
vn 0.969971 0.242504 -0.018685
vn 0.955246 0.294846 -0.023905
vn 0.956515 0.290078 0.030568
vn 0.956391 0.290680 0.028660
vn 0.956520 0.290702 -0.023692
vn 0.956613 0.290282 -0.025061
vn 0.042977 0.013234 -0.998988
vn -0.048640 -0.014783 -0.998707
vn 0.955151 0.294896 0.026876
vn 0.955347 0.294496 -0.024184
vn 0.792403 0.240629 0.560532
vn 0.642292 0.194484 0.741375
vn -0.739348 -0.226940 0.633926
vn -0.737531 -0.226535 0.636184
vn -0.643307 -0.197564 -0.739679
vn -0.735559 -0.225897 -0.638689
vn 0.638475 0.193755 -0.744855
vn 0.720027 0.218833 -0.658538
vn -0.706463 -0.227078 0.670332
vn -0.034350 -0.038438 0.998670
vn -0.041540 -0.014118 0.999037
vn -0.610209 -0.184954 0.770349
vn -0.513436 -0.155730 -0.843879
vn -0.692620 -0.224503 -0.685475
vn 0.704341 0.217419 -0.675746
vn 0.672829 0.160526 -0.722172
vn 0.680444 0.162080 0.714651
vn 0.796323 0.246048 0.552566
vn -0.557576 -0.173658 0.811759
vn -0.213578 -0.063090 0.974887
vn -0.219133 -0.071438 0.973076
vn -0.539279 -0.167082 -0.825386
vn -0.956067 -0.292532 -0.019007
vn 0.687521 0.211930 -0.694551
vn 0.702981 0.218514 0.676809
vn 0.184416 0.054821 0.981318
vn 0.192313 0.058477 0.979590
vn -0.205486 -0.055889 0.977063
vn -0.938727 -0.294393 -0.179231
vn -0.938399 -0.296783 -0.176995
vn 0.000000 1.000000 0.000000
vn -0.000003 1.000000 0.000006
vn -0.000003 1.000000 -0.000006
vn 0.000000 1.000000 -0.000000
vn 0.040487 -0.216109 -0.975529
vn -0.024951 -0.200849 -0.979305
vn -0.024963 -0.200838 0.979307
vn 0.040509 -0.216115 0.975527
vn 0.029427 -0.024375 0.999270
vn -0.901081 -0.433270 -0.018177
vn -0.901079 -0.433273 0.018191
vn 0.998918 0.042766 0.018256
vn 0.998919 0.042758 -0.018262
vn -0.627387 -0.305621 0.716227
vn -0.627347 -0.305597 -0.716273
vn 0.749531 0.039804 0.660771
vn 0.749520 0.039785 -0.660785
vn -0.956122 -0.292969 0.000000
vn -0.963176 -0.268873 0.000000
vn -0.963176 -0.268873 0.000000
vn -0.956122 -0.292969 0.000000
vn -0.039315 0.999227 0.000000
vn -0.039315 0.999227 0.000000
vn 0.028818 0.999585 0.000000
vn 0.028818 0.999585 0.000000
vn 0.950876 0.309571 0.000000
vn 0.950876 0.309571 0.000000
vn 0.956123 0.292966 0.000000
vn 0.956123 0.292966 0.000000
vn 0.955083 0.296340 0.000000
vn 0.962979 0.269575 0.000000
vn 0.962979 0.269575 0.000000
vn 0.955083 0.296340 0.000000
vn 0.039388 -0.999224 0.000000
vn 0.039388 -0.999224 0.000000
vn -0.028762 -0.999586 0.000000
vn -0.028762 -0.999586 0.000000
vn -0.949207 -0.314651 0.000000
vn -0.949207 -0.314651 0.000000
vn -0.955081 -0.296346 0.000000
vn -0.955081 -0.296346 0.000000
vn 0.177585 0.052361 -0.982711
vn 0.177594 0.052359 0.982710
vn 0.036226 0.011976 -0.999272
vn 0.036218 0.011976 0.999272
vn 0.000000 0.000000 -1.000000
vn 0.000000 0.000000 -1.000000
vn -0.000039 0.000000 1.000000
vn -0.000039 0.000000 1.000000
vn -0.997295 -0.073507 0.000000
vn -0.997295 -0.073507 0.000000
vn -0.148922 0.988849 0.000000
vn -0.148922 0.988849 0.000000
vn 0.122144 0.992512 0.000000
vn 0.122144 0.992512 0.000000
vn 0.889693 0.456558 0.000000
vn 0.889693 0.456558 0.000000
vn 0.997020 0.077143 0.000000
vn 0.997020 0.077143 0.000000
vn 0.149009 -0.988836 0.000000
vn 0.149009 -0.988836 0.000000
vn -0.121913 -0.992541 0.000000
vn -0.121913 -0.992541 0.000000
vn -0.888350 -0.459167 0.000000
vn -0.888350 -0.459167 0.000000
vn -0.113394 -0.028118 -0.993152
vn -0.113488 -0.028118 0.993141
vn 0.111747 0.030836 -0.993258
vn 0.111799 0.030836 0.993252
vn 0.113347 0.028373 -0.993150
vn 0.113319 0.028372 0.993153
vn -0.111862 -0.031097 -0.993237
vn -0.111793 -0.031097 0.993245
vn -0.000007 -0.047787 -0.998858
vn -0.000007 -0.047787 -0.998858
vn -0.000007 0.022550 -0.999746
vn -0.000007 0.022550 -0.999746
vn 0.000000 1.000000 0.000000
vn 0.000000 1.000000 0.000000
vn 0.000000 1.000000 0.000000
vn 0.000000 1.000000 0.000000
vn 0.000001 0.022550 0.999746
vn 0.000001 0.022550 0.999746
vn 0.000000 -0.047787 0.998858
vn 0.000000 -0.047787 0.998858
vn 0.000000 -1.000000 0.000000
vn 0.000000 -1.000000 0.000000
vn 0.000000 -1.000000 0.000000
vn 0.000000 -1.000000 0.000000
vn -0.000006 -0.047770 -0.998858
vn -0.000006 -0.047770 -0.998858
vn -0.000006 0.022542 -0.999746
vn -0.000006 0.022542 -0.999746
vn 0.000000 0.998030 -0.062742
vn 0.000000 0.998030 -0.062743
vn 0.000000 0.998030 0.062740
vn 0.000000 0.998030 0.062740
vn 0.000001 0.022550 0.999746
vn 0.000001 0.022550 0.999746
vn 0.000001 -0.047787 0.998858
vn 0.000001 -0.047787 0.998858
vn 0.000000 -0.998723 0.050522
vn 0.000000 -0.998723 0.050523
vn 0.000000 -0.998723 -0.050522
vn 0.000000 -0.998723 -0.050523
vn 0.938752 -0.294391 -0.179107
vn 0.938428 -0.296761 -0.176879
vn 0.956068 -0.292529 -0.018993
vn -0.956112 -0.293002 -0.000000
vn -0.956112 -0.293001 0.000000
vn -0.956070 -0.292521 0.019006
vn 0.956110 -0.293008 0.000000
vn 0.956110 -0.293008 -0.000000
vn -0.938727 -0.294398 0.179228
vn -0.938402 -0.296776 0.176992
vn 0.938765 -0.294360 -0.179088
vn 0.938441 -0.296729 -0.176860
vn 0.956067 -0.292533 -0.018992
vn -0.956110 -0.293008 -0.000000
vn -0.956110 -0.293008 0.000000
vn -0.956068 -0.292527 0.019006
vn 0.956110 -0.293008 0.000000
vn 0.956110 -0.293008 -0.000000
vn -0.928672 -0.299513 0.218769
vn -0.929053 -0.302749 0.212612
vn -0.000004 -0.818108 -0.575065
vn -0.000004 -0.818108 -0.575065
vn -0.000004 -0.818108 -0.575065
vn -0.000004 -0.818108 -0.575065
vn -0.000006 -0.258790 -0.965934
vn -0.000006 -0.258790 -0.965934
vn -0.000006 0.258790 -0.965934
vn -0.000006 0.258790 -0.965934
vn -0.000004 0.818108 -0.575065
vn -0.000004 0.818108 -0.575065
vn -0.000004 0.818108 -0.575065
vn -0.000004 0.818108 -0.575065
vn 0.000004 0.818109 0.575063
vn 0.000004 0.818109 0.575063
vn 0.000004 0.818109 0.575064
vn 0.000004 0.818109 0.575063
vn 0.000006 0.258789 0.965934
vn 0.000006 0.258789 0.965934
vn 0.000002 -0.258789 0.965934
vn 0.000002 -0.258789 0.965934
vn 0.000004 -0.818108 0.575065
vn 0.000004 -0.818108 0.575065
vn 0.000004 -0.818108 0.575065
vn 0.000004 -0.818108 0.575065
vn 0.000000 -0.667522 -0.744590
vn 0.000000 -0.667518 -0.744593
vn 0.000001 0.583613 -0.812032
vn 0.000001 0.583616 -0.812030
vn 0.000004 0.818131 0.575032
vn 0.000004 0.818131 0.575032
vn 0.000006 0.258790 0.965934
vn 0.000006 0.258790 0.965934
vn 0.000007 -0.258790 0.965934
vn 0.000007 -0.258790 0.965934
vn 0.000004 -0.818130 0.575034
vn 0.000004 -0.818130 0.575034
vn 0.948740 -0.274010 -0.157515
vn 0.945694 -0.290700 -0.145450
vn -0.936541 -0.287218 -0.200990
vn -0.939825 -0.263619 -0.217335
vn 0.949589 -0.291678 -0.114910
vn 0.943340 -0.307812 -0.123940
vn -0.943349 -0.307768 -0.123982
vn -0.949591 -0.291653 -0.114960
vn 0.943395 -0.307639 0.123950
vn 0.949612 -0.291599 0.114918
vn -0.949605 -0.291612 0.114947
vn -0.943360 -0.307739 0.123970
vn 0.945678 -0.290742 0.145476
vn 0.948721 -0.274057 0.157546
vn -0.948773 -0.273822 0.157642
vn -0.945709 -0.290588 0.145580
vn 0.948721 -0.274066 -0.157532
vn 0.945664 -0.290774 -0.145499
vn -0.945710 -0.290569 -0.145611
vn -0.948801 -0.273700 -0.157685
vn 0.949578 -0.291708 -0.114928
vn 0.943364 -0.307735 -0.123950
vn -0.943353 -0.307748 -0.123999
vn -0.949594 -0.291639 -0.114970
vn 0.943411 -0.307592 0.123944
vn 0.949603 -0.291630 0.114919
vn -0.949593 -0.291647 0.114957
vn -0.943354 -0.307754 0.123979
vn 0.945677 -0.290746 0.145474
vn 0.948704 -0.274114 0.157555
vn -0.939862 -0.263489 0.217331
vn -0.936566 -0.287124 0.201008
s 1
g TableDetailed
usemtl lambert29SG
f 25/657/1 4/658/2 2/659/3 24/660/4
s 2
f 4/1089/5 6/1090/6 5/1091/7 2/1092/8
f 3/1113/9 1/1114/10 8/1115/11 7/1116/12
f 40/1100/13 10/1104/14 9/1105/15 39/1101/16
f 41/1125/17 42/1124/18 12/1128/19 11/1129/20
s 1
f 3/669/21 15/665/22 14/666/23 1/670/24
f 14/666/23 24/660/4 23/664/25 13/668/26
f 15/665/22 25/657/1 24/660/4 14/666/23
f 26/662/27 25/657/1 15/665/22 16/667/28
s 2
f 17/1/29 27/2/30 26/3/31 16/4/32
f 18/34/33 28/35/34 355/32/35 354/31/36 377/30/37 380/29/38
f 30/673/39 29/674/40 19/675/41 20/676/42
f 44/41/43 31/42/44 21/43/45 43/44/46
f 23/61/47 32/57/48 22/58/49 13/62/50
f 6/1090/6 34/1095/51 33/1096/52 5/1091/7
f 7/1116/12 8/1115/11 36/1119/53 35/1120/54
f 32/57/48 38/51/55 37/52/56 22/58/49
f 34/1095/51 40/1100/13 39/1101/16 33/1096/52
f 35/1120/54 36/1119/53 42/1124/18 41/1125/17
f 38/51/55 44/41/43 43/44/46 37/52/56
f 2/1092/8 5/1091/7 52/1097/57 51/1098/58
f 54/1093/59 6/1090/6 4/1089/5 53/1094/60
f 27/2/30 54/9/59 53/10/60 26/3/31
f 48/1121/61 47/1122/62 3/1113/9 7/1116/12
f 1/1114/10 49/1117/63 50/1118/64 8/1115/11
f 52/59/57 32/57/48 23/61/47 51/63/58
f 39/1101/16 9/1105/15 46/1110/65 57/1106/66
f 45/1107/67 10/1104/14 40/1100/13 58/1103/68
f 28/35/34 45/36/67 58/24/68 355/32/35
f 63/1130/69 41/1125/17 11/1129/20 59/1134/70
f 42/1124/18 64/1127/71 60/1131/72 12/1128/19
f 46/45/65 31/42/44 44/41/43 57/46/66
f 48/11/61 17/1/29 16/4/32 47/12/62
f 59/33/70 18/34/33 380/29/38 63/21/69
f 43/44/46 21/43/45 60/49/72 64/50/71
f 13/62/50 22/58/49 50/60/64 49/64/63
f 5/1091/7 33/1096/52 61/1102/73 52/1097/57
f 62/1099/74 34/1095/51 6/1090/6 54/1093/59
f 55/16/75 371/5/76 17/1/29 48/11/61
f 48/1121/61 7/1116/12 35/1120/54 55/1126/75
f 8/1115/11 50/1118/64 56/1123/77 36/1119/53
f 22/58/49 37/52/56 56/56/77 50/60/64
f 61/54/73 38/51/55 32/57/48 52/59/57
f 33/1096/52 39/1101/16 57/1106/66 61/1102/73
f 58/1103/68 40/1100/13 34/1095/51 62/1099/74
f 63/21/69 379/22/78 372/19/79 55/16/75
f 55/1126/75 35/1120/54 41/1125/17 63/1130/69
f 36/1119/53 56/1123/77 64/1127/71 42/1124/18
f 37/52/56 43/44/46 64/50/71 56/56/77
f 57/46/66 44/41/43 38/51/55 61/54/73
s 1
f 47/671/80 16/667/28 15/665/22 3/669/21
f 1/670/24 14/666/23 13/668/26 49/672/81
f 51/663/82 23/664/25 24/660/4 2/659/3
f 53/661/83 4/658/2 25/657/1 26/662/27
s 2
f 11/1129/20 12/1128/19 65/1132/84 69/1133/85
f 70/677/86 29/674/40 30/673/39 67/678/87
f 10/1104/14 70/1108/86 67/1109/87 9/1105/15
f 20/676/42 19/675/41 69/681/85 65/682/84
f 71/38/88 72/39/89 28/35/34 18/34/33
f 71/679/88 19/675/41 29/674/40 72/680/89
f 74/683/90 30/673/39 20/676/42 73/684/91
f 31/42/44 74/47/90 73/48/91 21/43/45
f 45/1107/67 75/1111/92 70/1108/86 10/1104/14
f 59/1134/70 11/1129/20 69/1133/85 76/1136/93
f 46/45/65 68/53/94 74/47/90 31/42/44
f 72/39/89 75/40/92 45/36/67 28/35/34
f 12/1128/19 60/1131/72 66/1135/95 65/1132/84
f 9/1105/15 67/1109/87 68/1112/94 46/1110/65
f 59/33/70 76/37/93 71/38/88 18/34/33
f 21/43/45 73/48/91 66/55/95 60/49/72
f 75/685/92 72/680/89 29/674/40 70/677/86
f 67/678/87 30/673/39 74/683/90 68/686/94
f 76/687/93 69/681/85 19/675/41 71/679/88
f 66/688/95 73/684/91 20/676/42 65/682/84
s 13
f 101/689/96 80/690/97 78/691/98 100/692/99
s 14
f 80/1137/100 82/1138/101 81/1139/102 78/1140/103
f 79/1161/104 77/1162/105 84/1163/106 83/1164/107
f 116/1148/108 86/1152/109 85/1153/110 115/1149/111
f 117/1173/112 118/1172/113 88/1176/114 87/1177/115
s 13
f 79/701/116 91/697/117 90/698/118 77/702/119
f 90/698/118 100/692/99 99/696/120 89/700/121
f 91/697/117 101/689/96 100/692/99 90/698/118
f 102/694/122 101/689/96 91/697/117 92/699/123
s 14
f 93/65/124 103/66/125 102/67/126 92/68/127
f 94/98/128 104/99/129 323/96/130 322/95/131 345/94/132 348/93/133
f 106/705/134 105/706/135 95/707/136 96/708/137
f 120/105/138 107/106/139 97/107/140 119/108/141
f 99/125/142 108/121/143 98/122/144 89/126/145
f 82/1138/101 110/1143/146 109/1144/147 81/1139/102
f 83/1164/107 84/1163/106 112/1167/148 111/1168/149
f 108/121/143 114/115/150 113/116/151 98/122/144
f 110/1143/146 116/1148/108 115/1149/111 109/1144/147
f 111/1168/149 112/1167/148 118/1172/113 117/1173/112
f 114/115/150 120/105/138 119/108/141 113/116/151
f 78/1140/103 81/1139/102 128/1145/152 127/1146/153
f 130/1141/154 82/1138/101 80/1137/100 129/1142/155
f 103/66/125 130/73/154 129/74/155 102/67/126
f 124/1169/156 123/1170/157 79/1161/104 83/1164/107
f 77/1162/105 125/1165/158 126/1166/159 84/1163/106
f 128/123/152 108/121/143 99/125/142 127/127/153
f 115/1149/111 85/1153/110 122/1158/160 133/1154/161
f 121/1155/162 86/1152/109 116/1148/108 134/1151/163
f 104/99/129 121/100/162 134/88/163 323/96/130
f 139/1178/164 117/1173/112 87/1177/115 135/1182/165
f 118/1172/113 140/1175/166 136/1179/167 88/1176/114
f 122/109/160 107/106/139 120/105/138 133/110/161
f 124/75/156 93/65/124 92/68/127 123/76/157
f 135/97/165 94/98/128 348/93/133 139/85/164
f 119/108/141 97/107/140 136/113/167 140/114/166
f 89/126/145 98/122/144 126/124/159 125/128/158
f 81/1139/102 109/1144/147 137/1150/168 128/1145/152
f 138/1147/169 110/1143/146 82/1138/101 130/1141/154
f 131/80/170 339/69/171 93/65/124 124/75/156
f 124/1169/156 83/1164/107 111/1168/149 131/1174/170
f 84/1163/106 126/1166/159 132/1171/172 112/1167/148
f 98/122/144 113/116/151 132/120/172 126/124/159
f 137/118/168 114/115/150 108/121/143 128/123/152
f 109/1144/147 115/1149/111 133/1154/161 137/1150/168
f 134/1151/163 116/1148/108 110/1143/146 138/1147/169
f 139/85/164 347/86/173 340/83/174 131/80/170
f 131/1174/170 111/1168/149 117/1173/112 139/1178/164
f 112/1167/148 132/1171/172 140/1175/166 118/1172/113
f 113/116/151 119/108/141 140/114/166 132/120/172
f 133/110/161 120/105/138 114/115/150 137/118/168
s 13
f 123/703/175 92/699/123 91/697/117 79/701/116
f 77/702/119 90/698/118 89/700/121 125/704/176
f 127/695/177 99/696/120 100/692/99 78/691/98
f 129/693/178 80/690/97 101/689/96 102/694/122
s 14
f 87/1177/115 88/1176/114 141/1180/179 145/1181/180
f 146/709/181 105/706/135 106/705/134 143/710/182
f 86/1152/109 146/1156/181 143/1157/182 85/1153/110
f 96/708/137 95/707/136 145/713/180 141/714/179
f 147/102/183 148/103/184 104/99/129 94/98/128
f 147/711/183 95/707/136 105/706/135 148/712/184
f 150/715/185 106/705/134 96/708/137 149/716/186
f 107/106/139 150/111/185 149/112/186 97/107/140
f 121/1155/162 151/1159/187 146/1156/181 86/1152/109
f 135/1182/165 87/1177/115 145/1181/180 152/1184/188
f 122/109/160 144/117/189 150/111/185 107/106/139
f 148/103/184 151/104/187 121/100/162 104/99/129
f 88/1176/114 136/1179/167 142/1183/190 141/1180/179
f 85/1153/110 143/1157/182 144/1160/189 122/1158/160
f 135/97/165 152/101/188 147/102/183 94/98/128
f 97/107/140 149/112/186 142/119/190 136/113/167
f 151/717/187 148/712/184 105/706/135 146/709/181
f 143/710/182 106/705/134 150/715/185 144/718/189
f 152/719/188 145/713/180 95/707/136 147/711/183
f 142/720/190 149/716/186 96/708/137 141/714/179
s 25
f 174/721/191 156/722/192 154/723/193 173/724/194
s 26
f 156/1185/195 158/1186/196 157/1187/197 154/1188/198
f 155/1209/199 153/1210/200 299/1211/201 298/1212/202 292/1213/203 291/1214/204
f 188/1196/205 160/1200/206 159/1201/207 187/1197/208
s 25
f 155/733/209 165/729/210 164/730/211 153/734/212
f 164/730/211 173/724/194 172/728/213 163/732/214
f 165/729/210 174/721/191 173/724/194 164/730/211
f 92/726/215 174/721/191 165/729/210 102/731/216
s 26
f 166/129/217 175/130/218 92/131/219 102/132/220
f 167/162/221 176/163/222 351/160/223 350/159/224 325/158/225 328/157/226
f 178/737/227 177/738/228 168/739/229 169/740/230
f 190/169/231 179/170/232 170/171/233 189/172/234
f 172/189/235 180/185/236 171/186/237 163/190/238
f 158/1186/196 182/1191/239 181/1192/240 157/1187/197
f 180/185/236 186/179/241 185/180/242 171/186/237
f 182/1191/239 188/1196/205 187/1197/208 181/1192/240
f 186/179/241 190/169/231 189/172/234 185/180/242
f 154/1188/198 157/1187/197 197/1193/243 196/1194/244
f 198/1189/245 158/1186/196 156/1185/195 123/1190/246
f 175/130/218 198/137/245 123/138/246 92/131/219
f 193/1219/247 129/1220/248 155/1209/199 291/1214/204
f 153/1210/200 194/1215/249 195/1216/250 299/1211/201
f 197/187/243 180/185/236 172/189/235 196/191/244
f 187/1197/208 159/1201/207 192/1206/251 201/1202/252
f 191/1203/253 160/1200/206 188/1196/205 202/1199/254
f 176/163/222 191/164/253 202/152/254 351/160/223
f 207/1230/255 315/1234/256 161/1239/257 203/1240/258
f 192/173/251 179/170/232 190/169/231 201/174/252
f 193/139/247 166/129/217 102/132/220 129/140/248
f 203/161/258 167/162/221 328/157/226 207/149/255
f 189/172/234 170/171/233 204/177/259 208/178/260
f 163/190/238 171/186/237 195/188/250 194/192/249
f 157/1187/197 181/1192/240 205/1198/261 197/1193/243
f 206/1195/262 182/1191/239 158/1186/196 198/1189/245
f 199/144/263 335/133/264 166/129/217 193/139/247
f 193/1219/247 290/1222/265 183/1225/266 199/1226/263
f 171/186/237 185/180/242 200/184/267 195/188/250
f 205/182/261 186/179/241 180/185/236 197/187/243
f 181/1192/240 187/1197/208 201/1202/252 205/1198/261
f 202/1199/254 188/1196/205 182/1191/239 206/1195/262
f 207/149/255 327/150/268 336/147/269 199/144/263
f 199/1226/263 183/1225/266 316/1229/270 207/1230/255
f 184/1224/271 200/1223/267 208/1227/260 306/1228/272
f 185/180/242 189/172/234 208/178/260 200/184/267
f 201/174/252 190/169/231 186/179/241 205/182/261
s 25
f 129/735/273 102/731/216 165/729/210 155/733/209
f 153/734/212 164/730/211 163/732/214 194/736/274
f 196/727/275 172/728/213 173/724/194 154/723/193
f 123/725/276 156/722/192 174/721/191 92/726/215
s 26
f 161/1239/257 162/1237/277 209/1242/278 213/1243/279
f 214/741/280 177/738/228 178/737/227 211/742/281
f 160/1200/206 214/1204/280 211/1205/281 159/1201/207
f 169/740/230 168/739/229 213/745/279 209/746/278
f 215/166/282 216/167/283 176/163/222 167/162/221
f 215/743/282 168/739/229 177/738/228 216/744/283
f 218/747/284 178/737/227 169/740/230 217/748/285
f 179/170/232 218/175/284 217/176/285 170/171/233
f 191/1203/253 219/1207/286 214/1204/280 160/1200/206
f 203/1240/258 161/1239/257 213/1243/279 220/1244/287
f 192/173/251 212/181/288 218/175/284 179/170/232
f 216/167/283 219/168/286 191/164/253 176/163/222
f 162/1237/277 204/1236/259 210/1241/289 209/1242/278
f 159/1201/207 211/1205/281 212/1208/288 192/1206/251
f 203/161/258 220/165/287 215/166/282 167/162/221
f 170/171/233 217/176/285 210/183/289 204/177/259
f 219/749/286 216/744/283 177/738/228 214/741/280
f 211/742/281 178/737/227 218/747/284 212/750/288
f 220/751/287 213/745/279 168/739/229 215/743/282
f 210/752/289 217/748/285 169/740/230 209/746/278
s 37
f 242/753/290 224/754/291 222/755/292 241/756/293
s 38
f 224/1245/294 295/1246/295 294/1247/296 304/1248/297 303/1249/298 222/1250/299
f 223/1281/300 221/1282/301 226/1283/302 225/1284/303
f 255/1293/304 256/1292/305 230/1296/306 229/1297/307
s 37
f 223/765/308 233/761/309 232/762/310 221/766/311
f 232/762/310 241/756/293 240/760/312 231/764/313
f 233/761/309 242/753/290 241/756/293 232/762/310
f 16/758/314 242/753/290 233/761/309 26/763/315
s 38
f 234/193/316 243/194/317 16/195/318 26/196/319
f 235/226/320 244/227/321 383/224/322 382/223/323 357/222/324 360/221/325
f 246/769/326 245/770/327 236/771/328 237/772/329
f 258/233/330 247/234/331 238/235/332 257/236/333
f 240/253/334 248/249/335 239/250/336 231/254/337
f 225/1284/303 226/1283/302 252/1287/338 251/1288/339
f 248/249/335 254/243/340 253/244/341 239/250/336
f 251/1288/339 252/1287/338 256/1292/305 255/1293/304
f 254/243/340 258/233/330 257/236/333 253/244/341
f 222/1250/299 303/1249/298 265/1255/342 264/1256/343
f 266/1251/344 295/1246/295 224/1245/294 47/1252/345
f 243/194/317 266/201/344 47/202/345 16/195/318
f 261/1289/346 53/1290/347 223/1281/300 225/1284/303
f 221/1282/301 262/1285/348 263/1286/349 226/1283/302
f 265/251/342 248/249/335 240/253/334 264/255/343
f 259/1272/350 228/1273/351 319/1269/352 270/1263/353
f 244/227/321 259/228/350 270/216/353 383/224/322
f 275/1298/354 255/1293/304 229/1297/307 271/1302/355
f 256/1292/305 276/1295/356 272/1299/357 230/1296/306
f 260/237/358 247/234/331 258/233/330 269/238/359
f 261/203/346 234/193/316 26/196/319 53/204/347
f 271/225/355 235/226/320 360/221/325 275/213/354
f 257/236/333 238/235/332 272/241/357 276/242/356
f 231/254/337 239/250/336 263/252/349 262/256/348
f 274/1259/360 250/1260/361 296/1257/362 266/1251/344
f 267/208/363 367/197/364 234/193/316 261/203/346
f 261/1289/346 225/1284/303 251/1288/339 267/1294/363
f 226/1283/302 263/1286/349 268/1291/365 252/1287/338
f 239/250/336 253/244/341 268/248/365 263/252/349
f 273/246/366 254/243/340 248/249/335 265/251/342
f 249/1261/367 312/1265/368 269/1266/359 273/1262/366
f 270/1263/353 318/1264/369 250/1260/361 274/1259/360
f 275/213/354 359/214/370 368/211/371 267/208/363
f 267/1294/363 251/1288/339 255/1293/304 275/1298/354
f 252/1287/338 268/1291/365 276/1295/356 256/1292/305
f 253/244/341 257/236/333 276/242/356 268/248/365
f 269/238/359 258/233/330 254/243/340 273/246/366
s 37
f 53/767/372 26/763/315 233/761/309 223/765/308
f 221/766/311 232/762/310 231/764/313 262/768/373
f 264/759/374 240/760/312 241/756/293 222/755/292
f 47/757/375 224/754/291 242/753/290 16/758/314
s 38
f 229/1297/307 230/1296/306 277/1300/376 281/1301/377
f 282/773/378 245/770/327 246/769/326 279/774/379
f 228/1273/351 282/1278/378 279/1279/379 227/1275/380
f 237/772/329 236/771/328 281/777/377 277/778/376
f 283/230/381 284/231/382 244/227/321 235/226/320
f 283/775/381 236/771/328 245/770/327 284/776/382
f 286/779/383 246/769/326 237/772/329 285/780/384
f 247/234/331 286/239/383 285/240/384 238/235/332
f 259/1272/350 287/1277/385 282/1278/378 228/1273/351
f 271/1302/355 229/1297/307 281/1301/377 288/1304/386
f 260/237/358 280/245/387 286/239/383 247/234/331
f 284/231/382 287/232/385 259/228/350 244/227/321
f 230/1296/306 272/1299/357 278/1303/388 277/1300/376
f 227/1275/380 279/1279/379 280/1280/387 260/1276/358
f 271/225/355 288/229/386 283/230/381 235/226/320
f 238/235/332 285/240/384 278/247/388 272/241/357
f 287/781/385 284/776/382 245/770/327 282/773/378
f 279/774/379 246/769/326 286/779/383 280/782/387
f 288/783/386 281/777/377 236/771/328 283/775/381
f 278/784/388 285/780/384 237/772/329 277/778/376
s 51
f 183/257/389 290/258/390 296/259/391 250/260/392
s 52
f 294/785/393 292/786/394 298/787/395 304/788/396
s 53
f 302/267/397 300/268/398 184/269/399 249/270/400
s 54
f 184/269/401 306/273/402 312/274/403 249/270/404
s 55
f 310/793/405 308/794/406 314/795/407 320/796/408
s 56
f 318/263/409 316/264/410 183/257/411 250/260/412
s 26
f 300/1221/413 195/1216/250 200/1223/267 184/1224/271
s 38
f 265/1255/342 302/1258/414 249/1261/367 273/1262/366
s 26
f 307/1233/415 208/1227/260 204/1236/259 162/1237/277
s 38
f 269/1266/359 311/1270/416 227/1275/380 260/1276/358
s 26
f 315/1234/256 314/1238/417 308/1235/418 307/1233/415 162/1237/277 161/1239/257
s 38
f 320/1271/419 319/1269/352 228/1273/351 227/1275/380 311/1270/416 310/1274/420
s 51
f 290/258/390 289/261/421 293/262/422 296/259/391
s 52
f 289/789/423 292/786/394 294/785/393 293/790/424
f 298/787/395 297/791/425 301/792/426 304/788/396
s 53
f 297/271/427 300/268/398 302/267/397 301/272/428
s 54
f 306/273/402 305/275/429 309/276/430 312/274/403
s 55
f 305/797/431 308/794/406 310/793/405 309/798/432
f 314/795/407 313/799/433 317/800/434 320/796/408
s 56
f 313/265/435 316/264/410 318/263/409 317/266/436
s 26
f 292/1213/203 289/1218/437 291/1214/204
f 291/1214/204 289/1218/437 193/1219/247
f 193/1219/247 289/1218/437 290/1222/265
s 38
f 296/1257/362 293/1253/438 266/1251/344
f 266/1251/344 293/1253/438 295/1246/295
f 295/1246/295 293/1253/438 294/1247/296
s 26
f 300/1221/413 297/1217/439 195/1216/250
f 195/1216/250 297/1217/439 299/1211/201
f 299/1211/201 297/1217/439 298/1212/202
s 38
f 304/1248/297 301/1254/440 303/1249/298
f 303/1249/298 301/1254/440 265/1255/342
f 265/1255/342 301/1254/440 302/1258/414
s 26
f 308/1235/418 305/1231/441 307/1233/415
f 307/1233/415 305/1231/441 208/1227/260
f 208/1227/260 305/1231/441 306/1228/272
s 38
f 312/1265/368 309/1268/442 269/1266/359
f 269/1266/359 309/1268/442 311/1270/416
f 311/1270/416 309/1268/442 310/1274/420
s 26
f 316/1229/270 313/1232/443 207/1230/255
f 207/1230/255 313/1232/443 315/1234/256
f 315/1234/256 313/1232/443 314/1238/417
s 38
f 320/1271/419 317/1267/444 319/1269/352
f 319/1269/352 317/1267/444 270/1263/353
f 270/1263/353 317/1267/444 318/1264/369
s 57
f 327/1305/445 324/1306/446 331/1307/447 336/1308/448
s off
f 334/801/449 329/802/450 338/803/451 341/804/452
s 58
f 343/1313/453 340/1314/454 347/1315/455 352/1316/456
s off
f 350/809/457 345/810/458 322/811/459 325/812/460
s 59
f 359/1321/461 356/1322/462 363/1323/463 368/1324/464
f 366/817/465 361/818/466 370/819/467 373/820/468
s 61
f 375/1329/469 372/1330/470 379/1331/471 384/1332/472
s 59
f 382/825/473 377/826/474 354/827/475 357/828/476
s 14
f 324/87/477 134/88/163 138/79/169 331/84/478
f 332/72/479 138/79/169 130/73/154 103/66/125
s 26
f 335/133/264 334/134/480 341/135/481 344/136/482 175/130/218 166/129/217
s 14
f 339/69/171 338/70/483 329/71/484 332/72/479 103/66/125 93/65/124
s 26
f 344/136/482 206/143/262 198/137/245 175/130/218
f 352/151/485 202/152/254 206/143/262 343/148/486
s 2
f 356/23/487 58/24/68 62/15/74 363/20/488
f 364/8/489 62/15/74 54/9/59 27/2/30
s 38
f 367/197/364 366/198/490 373/199/491 376/200/492 243/194/317 234/193/316
s 2
f 371/5/76 370/6/493 361/7/494 364/8/489 27/2/30 17/1/29
s 38
f 376/200/492 274/207/360 266/201/344 243/194/317
f 384/215/495 270/216/353 274/207/360 375/212/496
s off
f 322/811/497 321/815/498 326/816/499 325/812/500
s 57
f 321/1309/501 324/1306/446 327/1305/445 326/1310/502
f 331/1307/447 330/1311/503 333/1312/504 336/1308/448
s off
f 330/805/505 329/802/506 334/801/507 333/806/508
f 338/803/509 337/807/510 342/808/511 341/804/512
s 58
f 337/1317/513 340/1314/454 343/1313/453 342/1318/514
f 347/1315/455 346/1319/515 349/1320/516 352/1316/456
s off
f 346/813/517 345/810/518 350/809/519 349/814/520
s 59
f 354/827/475 353/831/521 358/832/522 357/828/476
f 353/1325/521 356/1322/462 359/1321/461 358/1326/522
f 363/1323/463 362/1327/523 365/1328/524 368/1324/464
f 362/821/523 361/818/466 366/817/465 365/822/524
f 370/819/467 369/823/525 374/824/526 373/820/468
s 61
f 369/1333/527 372/1330/470 375/1329/469 374/1334/528
f 379/1331/471 378/1335/529 381/1336/530 384/1332/472
s 59
f 378/829/531 377/826/474 382/825/473 381/830/532
s 14
f 324/87/477 321/91/533 385/92/534 134/88/163
f 134/88/163 385/92/534 323/96/130
f 323/96/130 385/92/534 322/95/131
f 322/95/131 385/92/534 321/91/533
s 26
f 325/158/225 386/153/535 328/157/226
f 328/157/226 386/153/535 207/149/255
f 207/149/255 386/153/535 326/154/536 327/150/268
f 326/154/536 386/153/535 325/158/225
s 14
f 329/71/484 387/78/537 332/72/479
f 332/72/479 387/78/537 138/79/169
f 138/79/169 387/78/537 330/82/538 331/84/478
f 330/82/538 387/78/537 329/71/484
s 26
f 336/147/269 333/145/539 388/141/540 199/144/263
f 199/144/263 388/141/540 335/133/264
f 335/133/264 388/141/540 334/134/480
f 334/134/480 388/141/540 333/145/539
s 14
f 340/83/174 337/81/541 389/77/542 131/80/170
f 131/80/170 389/77/542 339/69/171
f 339/69/171 389/77/542 338/70/483
f 338/70/483 389/77/542 337/81/541
s 26
f 341/135/481 390/142/543 344/136/482
f 344/136/482 390/142/543 206/143/262
f 206/143/262 390/142/543 342/146/544 343/148/486
f 342/146/544 390/142/543 341/135/481
s 14
f 345/94/132 391/89/545 348/93/133
f 348/93/133 391/89/545 139/85/164
f 139/85/164 391/89/545 346/90/546 347/86/173
f 346/90/546 391/89/545 345/94/132
s 26
f 352/151/485 349/155/547 392/156/548 202/152/254
f 202/152/254 392/156/548 351/160/223
f 351/160/223 392/156/548 350/159/224
f 350/159/224 392/156/548 349/155/547
s 2
f 356/23/487 353/27/549 393/28/550 58/24/68
f 58/24/68 393/28/550 355/32/35
f 355/32/35 393/28/550 354/31/36
f 354/31/36 393/28/550 353/27/549
s 38
f 357/222/324 394/217/551 360/221/325
f 360/221/325 394/217/551 275/213/354
f 275/213/354 394/217/551 358/218/552 359/214/370
f 358/218/552 394/217/551 357/222/324
s 2
f 361/7/494 395/14/553 364/8/489
f 364/8/489 395/14/553 62/15/74
f 62/15/74 395/14/553 362/18/554 363/20/488
f 362/18/554 395/14/553 361/7/494
s 38
f 368/211/371 365/209/555 396/205/556 267/208/363
f 267/208/363 396/205/556 367/197/364
f 367/197/364 396/205/556 366/198/490
f 366/198/490 396/205/556 365/209/555
s 2
f 372/19/79 369/17/557 397/13/558 55/16/75
f 55/16/75 397/13/558 371/5/76
f 371/5/76 397/13/558 370/6/493
f 370/6/493 397/13/558 369/17/557
s 38
f 373/199/491 398/206/559 376/200/492
f 376/200/492 398/206/559 274/207/360
f 274/207/360 398/206/559 374/210/560 375/212/496
f 374/210/560 398/206/559 373/199/491
s 2
f 377/30/37 399/25/561 380/29/38
f 380/29/38 399/25/561 63/21/69
f 63/21/69 399/25/561 378/26/562 379/22/78
f 378/26/562 399/25/561 377/30/37
s 38
f 384/215/495 381/219/563 400/220/564 270/216/353
f 270/216/353 400/220/564 383/224/322
f 383/224/322 400/220/564 382/223/323
f 382/223/323 400/220/564 381/219/563
s 63
f 404/833/565 403/834/566 473/835/567 484/836/568
f 403/299/566 402/287/569 474/288/570 473/300/567
f 402/287/569 401/277/571 475/280/572 474/288/570
f 401/277/571 412/278/573 476/279/574 475/280/572
f 408/1337/575 407/1338/576 421/1339/577 420/1340/578
f 407/853/576 406/844/579 422/852/580 421/864/577
f 406/844/579 405/837/581 423/843/582 422/852/580
f 405/837/581 404/833/565 424/842/583 423/843/582
f 412/278/573 411/281/584 429/289/585 428/283/586
f 411/281/584 410/292/587 430/301/588 429/289/585
f 410/292/587 409/306/589 431/315/590 430/301/588
f 409/1341/589 408/1337/575 432/1346/591 431/1347/590
f 416/329/592 415/330/593 485/331/594 496/332/595
f 415/330/593 414/335/596 486/336/597 485/331/594
f 414/335/596 413/345/598 487/346/599 486/336/597
f 413/849/598 424/842/583 488/841/600 487/850/599
f 420/1340/578 419/1343/601 445/1348/602 444/1345/603
f 419/355/601 418/342/604 446/354/605 445/369/602
f 418/342/604 417/333/606 447/341/607 446/354/605
f 417/333/606 416/329/592 448/340/608 447/341/607
f 428/283/586 427/293/609 453/294/610 452/284/611
f 427/293/609 426/307/612 454/308/613 453/294/610
f 426/307/612 425/318/614 455/319/615 454/308/613
f 425/873/614 436/874/616 456/875/617 455/876/615
f 436/874/616 435/877/618 441/883/619 440/879/620
f 435/877/618 434/885/621 442/891/622 441/883/619
f 434/885/621 433/894/623 443/903/624 442/891/622
f 433/1349/623 432/1346/591 444/1345/603 443/1350/624
f 440/879/620 439/886/625 469/887/626 468/880/627
f 439/373/625 438/365/628 470/366/629 469/374/626
f 438/365/628 437/351/630 471/352/631 470/366/629
f 437/351/630 448/340/608 472/339/632 471/352/631
f 452/284/611 451/295/633 477/285/634 476/279/574
f 451/295/633 450/310/635 478/296/636 477/285/634
f 450/310/635 449/322/637 479/311/638 478/296/636
f 449/1353/637 460/1354/639 480/1355/640 479/1356/638
f 460/1354/639 459/1357/641 465/1363/642 464/1359/643
f 459/899/641 458/889/644 466/898/645 465/906/642
f 458/889/644 457/881/646 467/888/647 466/898/645
f 457/881/646 456/875/617 468/880/627 467/888/647
f 464/1359/643 463/1364/648 493/1365/649 492/1360/650
f 463/372/648 462/362/651 494/350/652 493/364/649
f 462/362/651 461/348/653 495/337/654 494/350/652
f 461/348/653 472/339/632 496/332/595 495/337/654
f 484/836/568 483/839/655 489/846/656 488/841/600
f 483/839/655 482/848/657 490/857/658 489/846/656
f 482/848/657 481/860/659 491/865/660 490/857/658
f 481/1361/659 480/1355/640 492/1360/650 491/1366/660
f 408/1337/575 420/1340/578 444/1345/603 432/1346/591
f 436/874/616 440/879/620 468/880/627 456/875/617
f 460/1354/639 464/1359/643 492/1360/650 480/1355/640
f 484/836/568 488/841/600 424/842/583 404/833/565
f 416/329/592 496/332/595 472/339/632 448/340/608
f 476/279/574 412/278/573 428/283/586 452/284/611
f 411/281/584 412/278/573 401/277/571 497/282/661
f 497/282/661 401/277/571 402/287/569 498/290/662
f 498/290/662 402/287/569 403/299/566 499/303/663
f 403/834/566 404/833/565 405/837/581 499/838/663
f 499/838/663 405/837/581 406/844/579 500/845/664
f 500/845/664 406/844/579 407/853/576 501/854/665
f 407/1338/576 408/1337/575 409/1341/589 501/1342/665
f 501/305/665 409/306/589 410/292/587 502/291/666
f 502/291/666 410/292/587 411/281/584 497/282/661
f 502/291/666 497/282/661 498/290/662 503/304/667
f 498/855/662 499/838/663 500/845/664 503/856/667
f 500/1369/664 501/1370/665 502/1371/666 503/1372/667
f 423/843/582 424/842/583 413/849/598 504/851/668
f 504/358/668 413/345/598 414/335/596 505/344/669
f 505/344/669 414/335/596 415/330/593 506/334/670
f 415/330/593 416/329/592 417/333/606 506/334/670
f 506/334/670 417/333/606 418/342/604 507/343/671
f 507/343/671 418/342/604 419/355/601 508/356/672
f 419/1343/601 420/1340/578 421/1339/577 508/1344/672
f 508/867/672 421/864/577 422/852/580 509/863/673
f 509/863/673 422/852/580 423/843/582 504/851/668
f 509/863/673 504/851/668 505/868/669 510/869/674
f 505/344/669 506/334/670 507/343/671 510/357/674
f 507/1373/671 508/1374/672 509/1375/673 510/1376/674
f 435/877/618 436/874/616 425/873/614 511/878/675
f 511/325/675 425/318/614 426/307/612 512/317/676
f 512/317/676 426/307/612 427/293/609 513/302/677
f 427/293/609 428/283/586 429/289/585 513/302/677
f 513/302/677 429/289/585 430/301/588 514/316/678
f 514/316/678 430/301/588 431/315/590 515/323/679
f 431/1347/590 432/1346/591 433/1349/623 515/1351/679
f 515/893/679 433/894/623 434/885/621 516/884/680
f 516/884/680 434/885/621 435/877/618 511/878/675
f 516/884/680 511/878/675 512/895/676 517/896/681
f 512/317/676 513/302/677 514/316/678 517/324/681
f 514/1377/678 515/1378/679 516/1379/680 517/1380/681
f 447/341/607 448/340/608 437/351/630 518/353/682
f 518/353/682 437/351/630 438/365/628 519/367/683
f 519/367/683 438/365/628 439/373/625 520/375/684
f 439/886/625 440/879/620 441/883/619 520/892/684
f 520/892/684 441/883/619 442/891/622 521/904/685
f 521/904/685 442/891/622 443/903/624 522/907/686
f 443/1350/624 444/1345/603 445/1348/602 522/1352/686
f 522/377/686 445/369/602 446/354/605 523/368/687
f 523/368/687 446/354/605 447/341/607 518/353/682
f 523/368/687 518/353/682 519/367/683 524/376/688
f 519/908/683 520/892/684 521/904/685 524/909/688
f 521/1381/685 522/1382/686 523/1383/687 524/1384/688
f 459/1357/641 460/1354/639 449/1353/637 525/1358/689
f 525/328/689 449/322/637 450/310/635 526/321/690
f 526/321/690 450/310/635 451/295/633 527/309/691
f 451/295/633 452/284/611 453/294/610 527/309/691
f 527/309/691 453/294/610 454/308/613 528/320/692
f 528/320/692 454/308/613 455/319/615 529/326/693
f 455/876/615 456/875/617 457/881/646 529/882/693
f 529/882/693 457/881/646 458/889/644 530/890/694
f 530/890/694 458/889/644 459/899/641 525/900/689
f 530/1385/694 525/1386/689 526/1387/690 531/1388/695
f 526/321/690 527/309/691 528/320/692 531/327/695
f 528/901/692 529/882/693 530/890/694 531/902/695
f 471/352/631 472/339/632 461/348/653 532/361/696
f 532/361/696 461/348/653 462/362/651 533/370/697
f 533/370/697 462/362/651 463/372/648 534/378/698
f 463/1364/648 464/1359/643 465/1363/642 534/1367/698
f 534/910/698 465/906/642 466/898/645 535/905/699
f 535/905/699 466/898/645 467/888/647 536/897/700
f 467/888/647 468/880/627 469/887/626 536/897/700
f 536/380/700 469/374/626 470/366/629 537/371/701
f 537/371/701 470/366/629 471/352/631 532/361/696
f 537/371/701 532/361/696 533/370/697 538/379/702
f 533/1389/697 534/1390/698 535/1391/699 538/1392/702
f 535/905/699 536/897/700 537/911/701 538/912/702
f 483/839/655 484/836/568 473/835/567 539/840/703
f 539/314/703 473/300/567 474/288/570 540/298/704
f 540/298/704 474/288/570 475/280/572 541/286/705
f 475/280/572 476/279/574 477/285/634 541/286/705
f 541/286/705 477/285/634 478/296/636 542/297/706
f 542/297/706 478/296/636 479/311/638 543/312/707
f 479/1356/638 480/1355/640 481/1361/659 543/1362/707
f 543/859/707 481/860/659 482/848/657 544/847/708
f 544/847/708 482/848/657 483/839/655 539/840/703
f 544/847/708 539/840/703 540/861/704 545/862/709
f 540/298/704 541/286/705 542/297/706 545/313/709
f 542/1393/706 543/1394/707 544/1395/708 545/1396/709
f 495/337/654 496/332/595 485/331/594 546/338/710
f 546/338/710 485/331/594 486/336/597 547/347/711
f 547/347/711 486/336/597 487/346/599 548/359/712
f 487/850/599 488/841/600 489/846/656 548/858/712
f 548/858/712 489/846/656 490/857/658 549/866/713
f 549/866/713 490/857/658 491/865/660 550/870/714
f 491/1366/660 492/1360/650 493/1365/649 550/1368/714
f 550/363/714 493/364/649 494/350/652 551/349/715
f 551/349/715 494/350/652 495/337/654 546/338/710
f 551/349/715 546/338/710 547/347/711 552/360/716
f 547/871/711 548/858/712 549/866/713 552/872/716
f 549/1397/713 550/1398/714 551/1399/715 552/1400/716
s 66
f 577/913/717 556/914/718 554/915/719 576/916/720
s 67
f 556/1401/721 558/1402/722 557/1403/723 554/1404/724
f 555/1425/725 553/1426/726 560/1427/727 559/1428/728
f 592/1412/729 562/1416/730 561/1417/731 591/1413/732
f 593/1437/733 594/1436/734 564/1440/735 563/1441/736
s 66
f 555/925/737 567/921/738 566/922/739 553/926/740
f 566/922/739 576/916/720 575/920/741 565/924/742
f 567/921/738 577/913/717 576/916/720 566/922/739
f 578/918/743 577/913/717 567/921/738 568/923/744
s 67
f 569/381/745 579/382/746 578/383/747 568/384/748
f 570/414/749 580/415/750 907/412/751 906/411/752 929/410/753 932/409/754
f 582/929/755 581/930/756 571/931/757 572/932/758
f 596/421/759 583/422/760 573/423/761 595/424/762
f 575/441/763 584/437/764 574/438/765 565/442/766
f 558/1402/722 586/1407/767 585/1408/768 557/1403/723
f 559/1428/728 560/1427/727 588/1431/769 587/1432/770
f 584/437/764 590/431/771 589/432/772 574/438/765
f 586/1407/767 592/1412/729 591/1413/732 585/1408/768
f 587/1432/770 588/1431/769 594/1436/734 593/1437/733
f 590/431/771 596/421/759 595/424/762 589/432/772
f 554/1404/724 557/1403/723 604/1409/773 603/1410/774
f 606/1405/775 558/1402/722 556/1401/721 605/1406/776
f 579/382/746 606/389/775 605/390/776 578/383/747
f 600/1433/777 599/1434/778 555/1425/725 559/1428/728
f 553/1426/726 601/1429/779 602/1430/780 560/1427/727
f 604/439/773 584/437/764 575/441/763 603/443/774
f 591/1413/732 561/1417/731 598/1422/781 609/1418/782
f 597/1419/783 562/1416/730 592/1412/729 610/1415/784
f 580/415/750 597/416/783 610/404/784 907/412/751
f 615/1442/785 593/1437/733 563/1441/736 611/1446/786
f 594/1436/734 616/1439/787 612/1443/788 564/1440/735
f 598/425/781 583/422/760 596/421/759 609/426/782
f 600/391/777 569/381/745 568/384/748 599/392/778
f 611/413/786 570/414/749 932/409/754 615/401/785
f 595/424/762 573/423/761 612/429/788 616/430/787
f 565/442/766 574/438/765 602/440/780 601/444/779
f 557/1403/723 585/1408/768 613/1414/789 604/1409/773
f 614/1411/790 586/1407/767 558/1402/722 606/1405/775
f 607/396/791 923/385/792 569/381/745 600/391/777
f 600/1433/777 559/1428/728 587/1432/770 607/1438/791
f 560/1427/727 602/1430/780 608/1435/793 588/1431/769
f 574/438/765 589/432/772 608/436/793 602/440/780
f 613/434/789 590/431/771 584/437/764 604/439/773
f 585/1408/768 591/1413/732 609/1418/782 613/1414/789
f 610/1415/784 592/1412/729 586/1407/767 614/1411/790
f 615/401/785 931/402/794 924/399/795 607/396/791
f 607/1438/791 587/1432/770 593/1437/733 615/1442/785
f 588/1431/769 608/1435/793 616/1439/787 594/1436/734
f 589/432/772 595/424/762 616/430/787 608/436/793
f 609/426/782 596/421/759 590/431/771 613/434/789
s 66
f 599/927/796 568/923/744 567/921/738 555/925/737
f 553/926/740 566/922/739 565/924/742 601/928/797
f 603/919/798 575/920/741 576/916/720 554/915/719
f 605/917/799 556/914/718 577/913/717 578/918/743
s 67
f 563/1441/736 564/1440/735 617/1444/800 621/1445/801
f 622/933/802 581/930/756 582/929/755 619/934/803
f 562/1416/730 622/1420/802 619/1421/803 561/1417/731
f 572/932/758 571/931/757 621/937/801 617/938/800
f 623/418/804 624/419/805 580/415/750 570/414/749
f 623/935/804 571/931/757 581/930/756 624/936/805
f 626/939/806 582/929/755 572/932/758 625/940/807
f 583/422/760 626/427/806 625/428/807 573/423/761
f 597/1419/783 627/1423/808 622/1420/802 562/1416/730
f 611/1446/786 563/1441/736 621/1445/801 628/1448/809
f 598/425/781 620/433/810 626/427/806 583/422/760
f 624/419/805 627/420/808 597/416/783 580/415/750
f 564/1440/735 612/1443/788 618/1447/811 617/1444/800
f 561/1417/731 619/1421/803 620/1424/810 598/1422/781
f 611/413/786 628/417/809 623/418/804 570/414/749
f 573/423/761 625/428/807 618/435/811 612/429/788
f 627/941/808 624/936/805 581/930/756 622/933/802
f 619/934/803 582/929/755 626/939/806 620/942/810
f 628/943/809 621/937/801 571/931/757 623/935/804
f 618/944/811 625/940/807 572/932/758 617/938/800
s 78
f 653/945/812 632/946/813 630/947/814 652/948/815
s 79
f 632/1449/816 634/1450/817 633/1451/818 630/1452/819
f 631/1473/820 629/1474/821 636/1475/822 635/1476/823
f 668/1460/824 638/1464/825 637/1465/826 667/1461/827
f 669/1485/828 670/1484/829 640/1488/830 639/1489/831
s 78
f 631/957/832 643/953/833 642/954/834 629/958/835
f 642/954/834 652/948/815 651/952/836 641/956/837
f 643/953/833 653/945/812 652/948/815 642/954/834
f 654/950/838 653/945/812 643/953/833 644/955/839
s 79
f 645/445/840 655/446/841 654/447/842 644/448/843
f 646/478/844 656/479/845 875/476/846 874/475/847 897/474/848 900/473/849
f 658/961/850 657/962/851 647/963/852 648/964/853
f 672/485/854 659/486/855 649/487/856 671/488/857
f 651/505/858 660/501/859 650/502/860 641/506/861
f 634/1450/817 662/1455/862 661/1456/863 633/1451/818
f 635/1476/823 636/1475/822 664/1479/864 663/1480/865
f 660/501/859 666/495/866 665/496/867 650/502/860
f 662/1455/862 668/1460/824 667/1461/827 661/1456/863
f 663/1480/865 664/1479/864 670/1484/829 669/1485/828
f 666/495/866 672/485/854 671/488/857 665/496/867
f 630/1452/819 633/1451/818 680/1457/868 679/1458/869
f 682/1453/870 634/1450/817 632/1449/816 681/1454/871
f 655/446/841 682/453/870 681/454/871 654/447/842
f 676/1481/872 675/1482/873 631/1473/820 635/1476/823
f 629/1474/821 677/1477/874 678/1478/875 636/1475/822
f 680/503/868 660/501/859 651/505/858 679/507/869
f 667/1461/827 637/1465/826 674/1470/876 685/1466/877
f 673/1467/878 638/1464/825 668/1460/824 686/1463/879
f 656/479/845 673/480/878 686/468/879 875/476/846
f 691/1490/880 669/1485/828 639/1489/831 687/1494/881
f 670/1484/829 692/1487/882 688/1491/883 640/1488/830
f 674/489/876 659/486/855 672/485/854 685/490/877
f 676/455/872 645/445/840 644/448/843 675/456/873
f 687/477/881 646/478/844 900/473/849 691/465/880
f 671/488/857 649/487/856 688/493/883 692/494/882
f 641/506/861 650/502/860 678/504/875 677/508/874
f 633/1451/818 661/1456/863 689/1462/884 680/1457/868
f 690/1459/885 662/1455/862 634/1450/817 682/1453/870
f 683/460/886 891/449/887 645/445/840 676/455/872
f 676/1481/872 635/1476/823 663/1480/865 683/1486/886
f 636/1475/822 678/1478/875 684/1483/888 664/1479/864
f 650/502/860 665/496/867 684/500/888 678/504/875
f 689/498/884 666/495/866 660/501/859 680/503/868
f 661/1456/863 667/1461/827 685/1466/877 689/1462/884
f 686/1463/879 668/1460/824 662/1455/862 690/1459/885
f 691/465/880 899/466/889 892/463/890 683/460/886
f 683/1486/886 663/1480/865 669/1485/828 691/1490/880
f 664/1479/864 684/1483/888 692/1487/882 670/1484/829
f 665/496/867 671/488/857 692/494/882 684/500/888
f 685/490/877 672/485/854 666/495/866 689/498/884
s 78
f 675/959/891 644/955/839 643/953/833 631/957/832
f 629/958/835 642/954/834 641/956/837 677/960/892
f 679/951/893 651/952/836 652/948/815 630/947/814
f 681/949/894 632/946/813 653/945/812 654/950/838
s 79
f 639/1489/831 640/1488/830 693/1492/895 697/1493/896
f 698/965/897 657/962/851 658/961/850 695/966/898
f 638/1464/825 698/1468/897 695/1469/898 637/1465/826
f 648/964/853 647/963/852 697/969/896 693/970/895
f 699/482/899 700/483/900 656/479/845 646/478/844
f 699/967/899 647/963/852 657/962/851 700/968/900
f 702/971/901 658/961/850 648/964/853 701/972/902
f 659/486/855 702/491/901 701/492/902 649/487/856
f 673/1467/878 703/1471/903 698/1468/897 638/1464/825
f 687/1494/881 639/1489/831 697/1493/896 704/1496/904
f 674/489/876 696/497/905 702/491/901 659/486/855
f 700/483/900 703/484/903 673/480/878 656/479/845
f 640/1488/830 688/1491/883 694/1495/906 693/1492/895
f 637/1465/826 695/1469/898 696/1472/905 674/1470/876
f 687/477/881 704/481/904 699/482/899 646/478/844
f 649/487/856 701/492/902 694/499/906 688/493/883
f 703/973/903 700/968/900 657/962/851 698/965/897
f 695/966/898 658/961/850 702/971/901 696/974/905
f 704/975/904 697/969/896 647/963/852 699/967/899
f 694/976/906 701/972/902 648/964/853 693/970/895
s 90
f 726/977/907 708/978/908 706/979/909 725/980/910
s 91
f 708/1497/911 710/1498/912 709/1499/913 706/1500/914
f 707/1521/915 705/1522/916 851/1523/917 850/1524/918 844/1525/919 843/1526/920
f 740/1508/921 712/1512/922 711/1513/923 739/1509/924
s 90
f 707/989/925 717/985/926 716/986/927 705/990/928
f 716/986/927 725/980/910 724/984/929 715/988/930
f 717/985/926 726/977/907 725/980/910 716/986/927
f 644/982/931 726/977/907 717/985/926 654/987/932
s 91
f 718/509/933 727/510/934 644/511/935 654/512/936
f 719/542/937 728/543/938 903/540/939 902/539/940 877/538/941 880/537/942
f 730/993/943 729/994/944 720/995/945 721/996/946
f 742/549/947 731/550/948 722/551/949 741/552/950
f 724/569/951 732/565/952 723/566/953 715/570/954
f 710/1498/912 734/1503/955 733/1504/956 709/1499/913
f 732/565/952 738/559/957 737/560/958 723/566/953
f 734/1503/955 740/1508/921 739/1509/924 733/1504/956
f 738/559/957 742/549/947 741/552/950 737/560/958
f 706/1500/914 709/1499/913 749/1505/959 748/1506/960
f 750/1501/961 710/1498/912 708/1497/911 675/1502/962
f 727/510/934 750/517/961 675/518/962 644/511/935
f 745/1531/963 681/1532/964 707/1521/915 843/1526/920
f 705/1522/916 746/1527/965 747/1528/966 851/1523/917
f 749/567/959 732/565/952 724/569/951 748/571/960
f 739/1509/924 711/1513/923 744/1518/967 753/1514/968
f 743/1515/969 712/1512/922 740/1508/921 754/1511/970
f 728/543/938 743/544/969 754/532/970 903/540/939
f 759/1542/971 867/1546/972 713/1551/973 755/1552/974
f 744/553/967 731/550/948 742/549/947 753/554/968
f 745/519/963 718/509/933 654/512/936 681/520/964
f 755/541/974 719/542/937 880/537/942 759/529/971
f 741/552/950 722/551/949 756/557/975 760/558/976
f 715/570/954 723/566/953 747/568/966 746/572/965
f 709/1499/913 733/1504/956 757/1510/977 749/1505/959
f 758/1507/978 734/1503/955 710/1498/912 750/1501/961
f 751/524/979 887/513/980 718/509/933 745/519/963
f 745/1531/963 842/1534/981 735/1537/982 751/1538/979
f 723/566/953 737/560/958 752/564/983 747/568/966
f 757/562/977 738/559/957 732/565/952 749/567/959
f 733/1504/956 739/1509/924 753/1514/968 757/1510/977
f 754/1511/970 740/1508/921 734/1503/955 758/1507/978
f 759/529/971 879/530/984 888/527/985 751/524/979
f 751/1538/979 735/1537/982 868/1541/986 759/1542/971
f 736/1536/987 752/1535/983 760/1539/976 858/1540/988
f 737/560/958 741/552/950 760/558/976 752/564/983
f 753/554/968 742/549/947 738/559/957 757/562/977
s 90
f 681/991/989 654/987/932 717/985/926 707/989/925
f 705/990/928 716/986/927 715/988/930 746/992/990
f 748/983/991 724/984/929 725/980/910 706/979/909
f 675/981/992 708/978/908 726/977/907 644/982/931
s 91
f 713/1551/973 714/1549/993 761/1554/994 765/1555/995
f 766/997/996 729/994/944 730/993/943 763/998/997
f 712/1512/922 766/1516/996 763/1517/997 711/1513/923
f 721/996/946 720/995/945 765/1001/995 761/1002/994
f 767/546/998 768/547/999 728/543/938 719/542/937
f 767/999/998 720/995/945 729/994/944 768/1000/999
f 770/1003/1000 730/993/943 721/996/946 769/1004/1001
f 731/550/948 770/555/1000 769/556/1001 722/551/949
f 743/1515/969 771/1519/1002 766/1516/996 712/1512/922
f 755/1552/974 713/1551/973 765/1555/995 772/1556/1003
f 744/553/967 764/561/1004 770/555/1000 731/550/948
f 768/547/999 771/548/1002 743/544/969 728/543/938
f 714/1549/993 756/1548/975 762/1553/1005 761/1554/994
f 711/1513/923 763/1517/997 764/1520/1004 744/1518/967
f 755/541/974 772/545/1003 767/546/998 719/542/937
f 722/551/949 769/556/1001 762/563/1005 756/557/975
f 771/1005/1002 768/1000/999 729/994/944 766/997/996
f 763/998/997 730/993/943 770/1003/1000 764/1006/1004
f 772/1007/1003 765/1001/995 720/995/945 767/999/998
f 762/1008/1005 769/1004/1001 721/996/946 761/1002/994
s 102
f 794/1009/1006 776/1010/1007 774/1011/1008 793/1012/1009
s 103
f 776/1557/1010 847/1558/1011 846/1559/1012 856/1560/1013 855/1561/1014 774/1562/1015
f 775/1593/1016 773/1594/1017 778/1595/1018 777/1596/1019
f 807/1605/1020 808/1604/1021 782/1608/1022 781/1609/1023
s 102
f 775/1021/1024 785/1017/1025 784/1018/1026 773/1022/1027
f 784/1018/1026 793/1012/1009 792/1016/1028 783/1020/1029
f 785/1017/1025 794/1009/1006 793/1012/1009 784/1018/1026
f 568/1014/1030 794/1009/1006 785/1017/1025 578/1019/1031
s 103
f 786/573/1032 795/574/1033 568/575/1034 578/576/1035
f 787/606/1036 796/607/1037 935/604/1038 934/603/1039 909/602/1040 912/601/1041
f 798/1025/1042 797/1026/1043 788/1027/1044 789/1028/1045
f 810/613/1046 799/614/1047 790/615/1048 809/616/1049
f 792/633/1050 800/629/1051 791/630/1052 783/634/1053
f 777/1596/1019 778/1595/1018 804/1599/1054 803/1600/1055
f 800/629/1051 806/623/1056 805/624/1057 791/630/1052
f 803/1600/1055 804/1599/1054 808/1604/1021 807/1605/1020
f 806/623/1056 810/613/1046 809/616/1049 805/624/1057
f 774/1562/1015 855/1561/1014 817/1567/1058 816/1568/1059
f 818/1563/1060 847/1558/1011 776/1557/1010 599/1564/1061
f 795/574/1033 818/581/1060 599/582/1061 568/575/1034
f 813/1601/1062 605/1602/1063 775/1593/1016 777/1596/1019
f 773/1594/1017 814/1597/1064 815/1598/1065 778/1595/1018
f 817/631/1058 800/629/1051 792/633/1050 816/635/1059
f 811/1584/1066 780/1585/1067 871/1581/1068 822/1575/1069
f 796/607/1037 811/608/1066 822/596/1069 935/604/1038
f 827/1610/1070 807/1605/1020 781/1609/1023 823/1614/1071
f 808/1604/1021 828/1607/1072 824/1611/1073 782/1608/1022
f 812/617/1074 799/614/1047 810/613/1046 821/618/1075
f 813/583/1062 786/573/1032 578/576/1035 605/584/1063
f 823/605/1071 787/606/1036 912/601/1041 827/593/1070
f 809/616/1049 790/615/1048 824/621/1073 828/622/1072
f 783/634/1053 791/630/1052 815/632/1065 814/636/1064
f 826/1571/1076 802/1572/1077 848/1569/1078 818/1563/1060
f 819/588/1079 919/577/1080 786/573/1032 813/583/1062
f 813/1601/1062 777/1596/1019 803/1600/1055 819/1606/1079
f 778/1595/1018 815/1598/1065 820/1603/1081 804/1599/1054
f 791/630/1052 805/624/1057 820/628/1081 815/632/1065
f 825/626/1082 806/623/1056 800/629/1051 817/631/1058
f 801/1573/1083 864/1577/1084 821/1578/1075 825/1574/1082
f 822/1575/1069 870/1576/1085 802/1572/1077 826/1571/1076
f 827/593/1070 911/594/1086 920/591/1087 819/588/1079
f 819/1606/1079 803/1600/1055 807/1605/1020 827/1610/1070
f 804/1599/1054 820/1603/1081 828/1607/1072 808/1604/1021
f 805/624/1057 809/616/1049 828/622/1072 820/628/1081
f 821/618/1075 810/613/1046 806/623/1056 825/626/1082
s 102
f 605/1023/1088 578/1019/1031 785/1017/1025 775/1021/1024
f 773/1022/1027 784/1018/1026 783/1020/1029 814/1024/1089
f 816/1015/1090 792/1016/1028 793/1012/1009 774/1011/1008
f 599/1013/1091 776/1010/1007 794/1009/1006 568/1014/1030
s 103
f 781/1609/1023 782/1608/1022 829/1612/1092 833/1613/1093
f 834/1029/1094 797/1026/1043 798/1025/1042 831/1030/1095
f 780/1585/1067 834/1590/1094 831/1591/1095 779/1587/1096
f 789/1028/1045 788/1027/1044 833/1033/1093 829/1034/1092
f 835/610/1097 836/611/1098 796/607/1037 787/606/1036
f 835/1031/1097 788/1027/1044 797/1026/1043 836/1032/1098
f 838/1035/1099 798/1025/1042 789/1028/1045 837/1036/1100
f 799/614/1047 838/619/1099 837/620/1100 790/615/1048
f 811/1584/1066 839/1589/1101 834/1590/1094 780/1585/1067
f 823/1614/1071 781/1609/1023 833/1613/1093 840/1616/1102
f 812/617/1074 832/625/1103 838/619/1099 799/614/1047
f 836/611/1098 839/612/1101 811/608/1066 796/607/1037
f 782/1608/1022 824/1611/1073 830/1615/1104 829/1612/1092
f 779/1587/1096 831/1591/1095 832/1592/1103 812/1588/1074
f 823/605/1071 840/609/1102 835/610/1097 787/606/1036
f 790/615/1048 837/620/1100 830/627/1104 824/621/1073
f 839/1037/1101 836/1032/1098 797/1026/1043 834/1029/1094
f 831/1030/1095 798/1025/1042 838/1035/1099 832/1038/1103
f 840/1039/1102 833/1033/1093 788/1027/1044 835/1031/1097
f 830/1040/1104 837/1036/1100 789/1028/1045 829/1034/1092
s 116
f 735/637/1105 842/638/1106 848/639/1107 802/640/1108
s 117
f 846/1041/1109 844/1042/1110 850/1043/1111 856/1044/1112
s 118
f 854/647/1113 852/648/1114 736/649/1115 801/650/1116
s 119
f 736/649/1117 858/653/1118 864/654/1119 801/650/1120
s 120
f 862/1049/1121 860/1050/1122 866/1051/1123 872/1052/1124
s 121
f 870/643/1125 868/644/1126 735/637/1127 802/640/1128
s 91
f 852/1533/1129 747/1528/966 752/1535/983 736/1536/987
s 103
f 817/1567/1058 854/1570/1130 801/1573/1083 825/1574/1082
s 91
f 859/1545/1131 760/1539/976 756/1548/975 714/1549/993
s 103
f 821/1578/1075 863/1582/1132 779/1587/1096 812/1588/1074
s 91
f 867/1546/972 866/1550/1133 860/1547/1134 859/1545/1131 714/1549/993 713/1551/973
s 103
f 872/1583/1135 871/1581/1068 780/1585/1067 779/1587/1096 863/1582/1132 862/1586/1136
s 116
f 842/638/1106 841/641/1137 845/642/1138 848/639/1107
s 117
f 841/1045/1139 844/1042/1110 846/1041/1109 845/1046/1140
f 850/1043/1111 849/1047/1141 853/1048/1142 856/1044/1112
s 118
f 849/651/1143 852/648/1114 854/647/1113 853/652/1144
s 119
f 858/653/1118 857/655/1145 861/656/1146 864/654/1119
s 120
f 857/1053/1147 860/1050/1122 862/1049/1121 861/1054/1148
f 866/1051/1123 865/1055/1149 869/1056/1150 872/1052/1124
s 121
f 865/645/1151 868/644/1126 870/643/1125 869/646/1152
s 91
f 844/1525/919 841/1530/1153 843/1526/920
f 843/1526/920 841/1530/1153 745/1531/963
f 745/1531/963 841/1530/1153 842/1534/981
s 103
f 848/1569/1078 845/1565/1154 818/1563/1060
f 818/1563/1060 845/1565/1154 847/1558/1011
f 847/1558/1011 845/1565/1154 846/1559/1012
s 91
f 852/1533/1129 849/1529/1155 747/1528/966
f 747/1528/966 849/1529/1155 851/1523/917
f 851/1523/917 849/1529/1155 850/1524/918
s 103
f 856/1560/1013 853/1566/1156 855/1561/1014
f 855/1561/1014 853/1566/1156 817/1567/1058
f 817/1567/1058 853/1566/1156 854/1570/1130
s 91
f 860/1547/1134 857/1543/1157 859/1545/1131
f 859/1545/1131 857/1543/1157 760/1539/976
f 760/1539/976 857/1543/1157 858/1540/988
s 103
f 864/1577/1084 861/1580/1158 821/1578/1075
f 821/1578/1075 861/1580/1158 863/1582/1132
f 863/1582/1132 861/1580/1158 862/1586/1136
s 91
f 868/1541/986 865/1544/1159 759/1542/971
f 759/1542/971 865/1544/1159 867/1546/972
f 867/1546/972 865/1544/1159 866/1550/1133
s 103
f 872/1583/1135 869/1579/1160 871/1581/1068
f 871/1581/1068 869/1579/1160 822/1575/1069
f 822/1575/1069 869/1579/1160 870/1576/1085
s 122
f 879/1617/1161 876/1618/1162 883/1619/1163 888/1620/1164
s off
f 886/1057/1165 881/1058/1166 890/1059/1167 893/1060/1168
s 123
f 895/1625/1169 892/1626/1170 899/1627/1171 904/1628/1172
s off
f 902/1065/1173 897/1066/1174 874/1067/1175 877/1068/1176
s 124
f 911/1633/1177 908/1634/1178 915/1635/1179 920/1636/1180
f 918/1073/1181 913/1074/1182 922/1075/1183 925/1076/1184
s 126
f 927/1641/1185 924/1642/1186 931/1643/1187 936/1644/1188
s 124
f 934/1081/1189 929/1082/1190 906/1083/1191 909/1084/1192
s 79
f 876/467/1193 686/468/879 690/459/885 883/464/1194
f 884/452/1195 690/459/885 682/453/870 655/446/841
s 91
f 887/513/980 886/514/1196 893/515/1197 896/516/1198 727/510/934 718/509/933
s 79
f 891/449/887 890/450/1199 881/451/1200 884/452/1195 655/446/841 645/445/840
s 91
f 896/516/1198 758/523/978 750/517/961 727/510/934
f 904/531/1201 754/532/970 758/523/978 895/528/1202
s 67
f 908/403/1203 610/404/784 614/395/790 915/400/1204
f 916/388/1205 614/395/790 606/389/775 579/382/746
s 103
f 919/577/1080 918/578/1206 925/579/1207 928/580/1208 795/574/1033 786/573/1032
s 67
f 923/385/792 922/386/1209 913/387/1210 916/388/1205 579/382/746 569/381/745
s 103
f 928/580/1208 826/587/1076 818/581/1060 795/574/1033
f 936/595/1211 822/596/1069 826/587/1076 927/592/1212
s off
f 874/1067/1213 873/1071/1214 878/1072/1215 877/1068/1216
s 122
f 873/1621/1217 876/1618/1162 879/1617/1161 878/1622/1218
f 883/1619/1163 882/1623/1219 885/1624/1220 888/1620/1164
s off
f 882/1061/1221 881/1058/1222 886/1057/1223 885/1062/1224
f 890/1059/1225 889/1063/1226 894/1064/1227 893/1060/1228
s 123
f 889/1629/1229 892/1626/1170 895/1625/1169 894/1630/1230
f 899/1627/1171 898/1631/1231 901/1632/1232 904/1628/1172
s off
f 898/1069/1233 897/1066/1234 902/1065/1235 901/1070/1236
s 124
f 906/1083/1191 905/1087/1237 910/1088/1238 909/1084/1192
f 905/1637/1237 908/1634/1178 911/1633/1177 910/1638/1238
f 915/1635/1179 914/1639/1239 917/1640/1240 920/1636/1180
f 914/1077/1239 913/1074/1182 918/1073/1181 917/1078/1240
f 922/1075/1183 921/1079/1241 926/1080/1242 925/1076/1184
s 126
f 921/1645/1243 924/1642/1186 927/1641/1185 926/1646/1244
f 931/1643/1187 930/1647/1245 933/1648/1246 936/1644/1188
s 124
f 930/1085/1247 929/1082/1190 934/1081/1189 933/1086/1248
s 79
f 876/467/1193 873/471/1249 937/472/1250 686/468/879
f 686/468/879 937/472/1250 875/476/846
f 875/476/846 937/472/1250 874/475/847
f 874/475/847 937/472/1250 873/471/1249
s 91
f 877/538/941 938/533/1251 880/537/942
f 880/537/942 938/533/1251 759/529/971
f 759/529/971 938/533/1251 878/534/1252 879/530/984
f 878/534/1252 938/533/1251 877/538/941
s 79
f 881/451/1200 939/458/1253 884/452/1195
f 884/452/1195 939/458/1253 690/459/885
f 690/459/885 939/458/1253 882/462/1254 883/464/1194
f 882/462/1254 939/458/1253 881/451/1200
s 91
f 888/527/985 885/525/1255 940/521/1256 751/524/979
f 751/524/979 940/521/1256 887/513/980
f 887/513/980 940/521/1256 886/514/1196
f 886/514/1196 940/521/1256 885/525/1255
s 79
f 892/463/890 889/461/1257 941/457/1258 683/460/886
f 683/460/886 941/457/1258 891/449/887
f 891/449/887 941/457/1258 890/450/1199
f 890/450/1199 941/457/1258 889/461/1257
s 91
f 893/515/1197 942/522/1259 896/516/1198
f 896/516/1198 942/522/1259 758/523/978
f 758/523/978 942/522/1259 894/526/1260 895/528/1202
f 894/526/1260 942/522/1259 893/515/1197
s 79
f 897/474/848 943/469/1261 900/473/849
f 900/473/849 943/469/1261 691/465/880
f 691/465/880 943/469/1261 898/470/1262 899/466/889
f 898/470/1262 943/469/1261 897/474/848
s 91
f 904/531/1201 901/535/1263 944/536/1264 754/532/970
f 754/532/970 944/536/1264 903/540/939
f 903/540/939 944/536/1264 902/539/940
f 902/539/940 944/536/1264 901/535/1263
s 67
f 908/403/1203 905/407/1265 945/408/1266 610/404/784
f 610/404/784 945/408/1266 907/412/751
f 907/412/751 945/408/1266 906/411/752
f 906/411/752 945/408/1266 905/407/1265
s 103
f 909/602/1040 946/597/1267 912/601/1041
f 912/601/1041 946/597/1267 827/593/1070
f 827/593/1070 946/597/1267 910/598/1268 911/594/1086
f 910/598/1268 946/597/1267 909/602/1040
s 67
f 913/387/1210 947/394/1269 916/388/1205
f 916/388/1205 947/394/1269 614/395/790
f 614/395/790 947/394/1269 914/398/1270 915/400/1204
f 914/398/1270 947/394/1269 913/387/1210
s 103
f 920/591/1087 917/589/1271 948/585/1272 819/588/1079
f 819/588/1079 948/585/1272 919/577/1080
f 919/577/1080 948/585/1272 918/578/1206
f 918/578/1206 948/585/1272 917/589/1271
s 67
f 924/399/795 921/397/1273 949/393/1274 607/396/791
f 607/396/791 949/393/1274 923/385/792
f 923/385/792 949/393/1274 922/386/1209
f 922/386/1209 949/393/1274 921/397/1273
s 103
f 925/579/1207 950/586/1275 928/580/1208
f 928/580/1208 950/586/1275 826/587/1076
f 826/587/1076 950/586/1275 926/590/1276 927/592/1212
f 926/590/1276 950/586/1275 925/579/1207
s 67
f 929/410/753 951/405/1277 932/409/754
f 932/409/754 951/405/1277 615/401/785
f 615/401/785 951/405/1277 930/406/1278 931/402/794
f 930/406/1278 951/405/1277 929/410/753
s 103
f 936/595/1211 933/599/1279 952/600/1280 822/596/1069
f 822/596/1069 952/600/1280 935/604/1038
f 935/604/1038 952/600/1280 934/603/1039
f 934/603/1039 952/600/1280 933/599/1279
