# This file uses centimeters as units for non-parametric coordinates.

mtllib WoodPlacksDock.mtl
g default
v -1.994771 2.123072 -0.284411
v -2.003304 2.111805 -0.286094
v -1.990104 2.125005 0.984952
v -1.999438 2.121139 0.985687
v -2.003304 2.111805 0.985991
v -1.869647 2.111805 1.119648
v -1.869343 2.121139 1.115782
v -1.868608 2.125005 1.106448
v -1.594280 2.125005 1.106448
v -1.593546 2.121139 1.115782
v -1.593242 2.111805 1.119648
v -1.984052 2.125005 1.023164
v -1.993040 2.121139 1.026084
v -1.996763 2.111805 1.027293
v -1.966966 2.125005 1.056697
v -1.974611 2.121139 1.062252
v -1.977778 2.111805 1.064553
v -1.940353 2.125005 1.083310
v -1.945908 2.121139 1.090955
v -1.948209 2.111805 1.094122
v -1.906820 2.125005 1.100396
v -1.909740 2.121139 1.109384
v -1.910950 2.111805 1.113106
v -1.465105 2.123072 -0.284411
v -1.456572 2.111805 -0.286094
v -1.456572 2.111805 0.982979
v -1.460438 2.121139 0.982675
v -1.469772 2.125005 0.981940
v -1.555138 2.125005 1.100249
v -1.552218 2.121139 1.109236
v -1.551008 2.111805 1.112959
v -1.520765 2.125005 1.082735
v -1.515210 2.121139 1.090380
v -1.512909 2.111805 1.093547
v -1.493486 2.125005 1.055455
v -1.485841 2.121139 1.061010
v -1.482674 2.111805 1.063311
v -1.475972 2.125005 1.021082
v -1.466984 2.121139 1.024003
v -1.463261 2.111805 1.025212
v -2.003304 1.936455 -0.286094
v -1.990104 1.923255 -0.286094
v -1.999438 1.927121 -0.286094
v -1.990104 1.923255 0.984952
v -1.999438 1.927121 0.985687
v -2.003304 1.936455 0.985991
v -1.456572 1.936455 -0.286094
v -1.460438 1.927121 -0.286094
v -1.469772 1.923255 -0.286094
v -1.469772 1.923255 0.981940
v -1.460438 1.927121 0.982675
v -1.456572 1.936455 0.982979
v -1.868608 1.923255 1.106448
v -1.869343 1.927121 1.115782
v -1.869647 1.936455 1.119648
v -1.594280 1.923255 1.106448
v -1.593546 1.927121 1.115782
v -1.593242 1.936455 1.119648
v -1.984052 1.923255 1.023164
v -1.993040 1.927121 1.026084
v -1.996763 1.936455 1.027293
v -1.966966 1.923255 1.056697
v -1.974611 1.927121 1.062252
v -1.977778 1.936455 1.064553
v -1.940353 1.923255 1.083310
v -1.945908 1.927121 1.090955
v -1.948209 1.936455 1.094122
v -1.906820 1.923255 1.100396
v -1.909740 1.927121 1.109384
v -1.910950 1.936455 1.113106
v -1.555138 1.923255 1.100249
v -1.552218 1.927121 1.109236
v -1.551008 1.936455 1.112959
v -1.520765 1.923255 1.082735
v -1.515210 1.927121 1.090380
v -1.512909 1.936455 1.093547
v -1.493486 1.923255 1.055455
v -1.485841 1.927121 1.061010
v -1.482674 1.936455 1.063311
v -1.475972 1.923255 1.021082
v -1.466984 1.927121 1.024003
v -1.463261 1.936455 1.025212
vt 0.391015 0.393558
vt 0.388387 0.393558
vt 0.388268 0.037242
vt 0.391099 0.037322
vt 0.339243 0.393590
vt 0.339158 0.037243
vt 0.388274 0.025560
vt 0.391148 0.025579
vt 0.336412 0.393591
vt 0.336327 0.037323
vt 0.339152 0.025566
vt 0.388275 0.013833
vt 0.391138 0.013834
vt 0.336281 0.025588
vt 0.339145 0.013840
vt 0.388287 0.002107
vt 0.391152 0.002296
vt 0.336279 0.013844
vt 0.339130 0.002111
vt 0.336264 0.002296
vt 0.452463 0.002107
vt 0.455294 0.002108
vt 0.455168 0.357618
vt 0.452336 0.357696
vt 0.455174 0.369638
vt 0.452316 0.369637
vt 0.403220 0.357696
vt 0.403093 0.002107
vt 0.455156 0.381568
vt 0.452310 0.381580
vt 0.403240 0.369637
vt 0.400261 0.002108
vt 0.400388 0.357617
vt 0.455220 0.393359
vt 0.452355 0.393549
vt 0.403245 0.381580
vt 0.400382 0.369638
vt 0.403201 0.393549
vt 0.400400 0.381568
vt 0.400336 0.393359
vt 0.037088 0.004680
vt 0.036877 0.001835
vt 0.114528 0.001849
vt 0.114317 0.004694
vt 0.026330 0.006384
vt 0.025439 0.003643
vt 0.126225 0.003700
vt 0.125336 0.006440
vt 0.149367 0.039749
vt 0.150730 0.396231
vt 0.001483 0.396227
vt 0.002879 0.038886
vt 0.004585 0.028128
vt 0.009397 0.018686
vt 0.016889 0.011194
vt 0.135012 0.011372
vt 0.142692 0.019053
vt 0.147622 0.028730
vt 0.015195 0.008862
vt 0.136707 0.009040
vt 0.152211 0.039541
vt 0.000035 0.038679
vt 0.001843 0.027236
vt 0.007066 0.016991
vt 0.145025 0.017359
vt 0.150364 0.027841
vt 0.323850 0.001888
vt 0.326694 0.001888
vt 0.326695 0.359117
vt 0.323850 0.358909
vt 0.324831 0.370810
vt 0.322094 0.369917
vt 0.288789 0.393914
vt 0.211599 0.393889
vt 0.200851 0.392183
vt 0.191413 0.387375
vt 0.183923 0.379888
vt 0.179111 0.370456
vt 0.177402 0.359710
vt 0.177370 0.001903
vt 0.317158 0.379581
vt 0.309477 0.387250
vt 0.299803 0.392173
vt 0.319484 0.381275
vt 0.211387 0.396732
vt 0.289000 0.396757
vt 0.199962 0.394921
vt 0.189722 0.389706
vt 0.181592 0.381582
vt 0.176372 0.371347
vt 0.174558 0.359918
vt 0.174526 0.001904
vt 0.311167 0.389579
vt 0.300689 0.394912
vt 0.059414 0.507247
vt 0.056590 0.507255
vt 0.056513 0.430075
vt 0.059334 0.430134
vt 0.059414 0.518621
vt 0.056558 0.518682
vt 0.007771 0.506925
vt 0.007760 0.430048
vt 0.056484 0.418165
vt 0.059320 0.418173
vt 0.059396 0.530078
vt 0.056539 0.530265
vt 0.007729 0.518489
vt 0.004958 0.506857
vt 0.004946 0.430109
vt 0.007739 0.418151
vt 0.056511 0.406259
vt 0.059349 0.406435
vt 0.007659 0.530121
vt 0.004900 0.518466
vt 0.004898 0.418164
vt 0.007696 0.406251
vt 0.004842 0.529905
vt 0.004854 0.406432
vt 0.123560 0.556267
vt 0.122472 0.558895
vt 0.119844 0.559984
vt 0.070473 0.559984
vt 0.067573 0.558238
vt 0.067573 0.407794
vt 0.070473 0.406049
vt 0.119844 0.406049
vt 0.122472 0.407137
vt 0.123560 0.409765
vn -0.856743 0.515742 -0.001181
vn -0.999520 0.030972 -0.000071
vn -0.999464 0.032373 0.004878
vn -0.858692 0.512486 0.002692
vn -0.000022 1.000000 -0.000477
vn -0.007568 0.924052 0.382192
vn 0.007724 0.924055 0.382181
vn 0.000015 1.000000 -0.000474
vn -0.018852 0.383149 0.923494
vn -0.020573 0.020531 0.999578
vn 0.020975 0.020531 0.999569
vn 0.019224 0.383157 0.923483
vn 0.999520 0.030972 -0.000071
vn 0.856741 0.515746 -0.001183
vn 0.858737 0.512410 0.002784
vn 0.999464 0.032364 0.004998
vn 0.000013 0.999999 -0.001404
vn 0.001964 0.999997 -0.001379
vn 0.382448 0.923970 0.003627
vn -0.000021 0.999999 -0.001404
vn -0.001973 0.999997 -0.001379
vn -0.000245 0.999999 -0.001325
vn -0.000207 0.999999 -0.001256
vn -0.000151 0.999999 -0.001200
vn -0.000082 0.999999 -0.001163
vn 0.000076 0.999999 -0.001157
vn 0.000147 0.999999 -0.001195
vn 0.000204 0.999999 -0.001252
vn 0.000242 0.999999 -0.001323
vn -0.382447 0.923971 0.003541
vn -0.360285 0.925537 0.116521
vn -0.950868 0.020164 0.308940
vn -0.877137 0.386742 0.284714
vn 0.116531 0.925536 0.360283
vn 0.308942 0.020170 0.950867
vn 0.284716 0.386740 0.877137
vn -0.306339 0.925537 0.222568
vn -0.808852 0.020128 0.587667
vn -0.746065 0.386736 0.542054
vn -0.222567 0.925538 0.306339
vn -0.587667 0.020128 0.808852
vn -0.542047 0.386735 0.746070
vn -0.116520 0.925537 0.360283
vn -0.308942 0.020165 0.950867
vn -0.284713 0.386745 0.877136
vn 0.222567 0.925536 0.306343
vn 0.587668 0.020135 0.808852
vn 0.542048 0.386739 0.746068
vn 0.306338 0.925537 0.222574
vn 0.808853 0.020135 0.587667
vn 0.746064 0.386740 0.542052
vn 0.360280 0.925537 0.116534
vn 0.950867 0.020170 0.308941
vn 0.877134 0.386741 0.284724
vn 0.006721 -0.999977 -0.000000
vn 0.382674 -0.923884 0.000000
vn 0.382548 -0.923934 0.001863
vn 0.003845 -0.999993 0.000019
vn 0.923884 -0.382674 0.000000
vn 0.999781 -0.020926 0.000000
vn 0.999776 -0.020547 0.005097
vn 0.923820 -0.382799 0.004664
vn 0.000019 -1.000000 0.000933
vn -0.000018 -1.000000 0.000930
vn -0.000078 -1.000000 0.000242
vn -0.000148 -1.000000 0.000204
vn -0.000204 -1.000000 0.000148
vn -0.000242 -1.000000 0.000078
vn -0.003851 -0.999993 0.000018
vn -0.006737 -0.999977 -0.000000
vn 0.000248 -1.000000 0.000080
vn 0.000209 -1.000000 0.000152
vn 0.000152 -1.000000 0.000209
vn 0.000080 -1.000000 0.000248
vn -0.020573 -0.020530 0.999578
vn 0.020975 -0.020531 0.999569
vn -0.999781 -0.020926 0.000000
vn -0.999777 -0.020547 0.004977
vn -0.950868 -0.020164 0.308940
vn -0.808853 -0.020129 0.587667
vn -0.587668 -0.020129 0.808852
vn -0.308942 -0.020165 0.950867
vn 0.308942 -0.020170 0.950867
vn 0.587668 -0.020135 0.808852
vn 0.808853 -0.020135 0.587667
vn 0.950867 -0.020170 0.308941
vn -0.000000 0.008309 -0.999965
vn -0.000000 0.008309 -0.999966
vn -0.000000 0.008309 -0.999965
vn -0.000000 0.008309 -0.999966
vn -0.000000 0.008309 -0.999966
vn -0.000000 0.008309 -0.999965
vn -0.000000 0.008309 -0.999966
vn -0.000000 0.008309 -0.999965
vn -0.000000 0.008309 -0.999966
vn -0.000000 0.008309 -0.999965
vn -0.923883 -0.382676 0.000000
vn -0.923821 -0.382799 0.004553
vn -0.382676 -0.923882 0.000000
vn -0.382554 -0.923932 0.001817
vn 0.360272 -0.925541 0.116528
vn 0.877137 -0.386738 0.284719
vn -0.007568 -0.924065 0.382160
vn -0.116515 -0.925543 0.360271
vn -0.018852 -0.383148 0.923494
vn -0.284714 -0.386741 0.877137
vn 0.019225 -0.383155 0.923484
vn 0.007724 -0.924069 0.382149
vn -0.877139 -0.386738 0.284712
vn -0.360272 -0.925542 0.116517
vn -0.746067 -0.386738 0.542049
vn -0.306327 -0.925542 0.222568
vn -0.542052 -0.386737 0.746066
vn -0.222560 -0.925543 0.306330
vn 0.284715 -0.386735 0.877139
vn 0.116527 -0.925541 0.360271
vn 0.542047 -0.386741 0.746068
vn 0.222561 -0.925542 0.306330
vn 0.746066 -0.386740 0.542049
vn 0.306331 -0.925542 0.222561
s 1
g WoodDock_Beam1 AllObjects AllObjects Objects
usemtl lambert22SG
f 1/1/1 2/2/2 5/3/3 4/4/4
s 2
f 8/41/5 7/42/6 10/43/7 9/44/8
s 1
f 7/95/9 6/96/10 11/97/11 10/98/12
f 25/21/13 24/22/14 27/23/15 26/24/16
s 2
f 24/50/17 28/49/18 27/61/19
f 28/49/18 24/50/17 1/51/20 3/52/21 12/53/22 15/54/23 18/55/24 21/45/25 8/41/5 9/44/8 29/48/26 32/56/27 35/57/28 38/58/29
f 3/52/21 4/62/30 13/63/31 12/53/22
s 1
f 4/4/4 5/3/3 14/7/32 13/8/33
s 2
f 9/44/8 10/43/7 30/47/34 29/48/26
s 1
f 10/98/12 11/97/11 31/103/35 30/104/36
s 2
f 12/53/22 13/63/31 16/64/37 15/54/23
s 1
f 13/8/33 14/7/32 17/12/38 16/13/39
s 2
f 15/54/23 16/64/37 19/59/40 18/55/24
s 1
f 16/13/39 17/12/38 20/16/41 19/17/42
s 2
f 18/55/24 19/59/40 22/46/43 21/45/25
s 1
f 19/105/42 20/106/41 23/100/44 22/99/45
f 6/96/10 7/95/9 22/99/45 23/100/44
s 2
f 7/42/6 8/41/5 21/45/25 22/46/43
f 29/48/26 30/47/34 33/60/46 32/56/27
s 1
f 30/104/36 31/103/35 34/111/47 33/112/48
s 2
f 32/56/27 33/60/46 36/65/49 35/57/28
s 1
f 33/34/48 34/35/47 37/30/50 36/29/51
s 2
f 35/57/28 36/65/49 39/66/52 38/58/29
s 1
f 36/29/51 37/30/50 40/26/53 39/25/54
f 26/24/16 27/23/15 39/25/54 40/26/53
s 2
f 27/61/19 28/49/18 38/58/29 39/66/52
s 5
f 49/67/55 48/68/56 51/69/57 50/70/58
s 1
f 48/32/59 47/28/60 52/27/61 51/33/62
s 5
f 56/73/63 53/74/64 68/75/65 65/76/66 62/77/67 59/78/68 44/79/69 42/80/70 49/67/55 50/70/58 80/72/71 77/81/72 74/82/73 71/83/74
s 1
f 6/96/10 55/101/75 58/102/76 11/97/11
f 26/24/16 52/27/61 47/28/60 25/21/13
f 41/5/77 46/6/78 5/3/3 2/2/2
f 46/6/78 61/11/79 14/7/32 5/3/3
f 61/11/79 64/15/80 17/12/38 14/7/32
f 64/15/80 67/19/81 20/16/41 17/12/38
f 67/113/81 70/107/82 23/100/44 20/106/41
f 70/107/82 55/101/75 6/96/10 23/100/44
f 58/102/76 73/110/83 31/103/35 11/97/11
f 73/110/83 76/116/84 34/111/47 31/103/35
f 76/38/84 79/36/85 37/30/50 34/35/47
f 79/36/85 82/31/86 40/26/53 37/30/50
f 82/31/86 52/27/61 26/24/16 40/26/53
s off
f 42/119/87 43/120/88 41/121/89 2/122/90 1/123/91 24/124/92 25/125/93 47/126/94 48/127/95 49/128/96
s 1
f 41/5/77 43/9/97 45/10/98 46/6/78
s 5
f 43/92/99 42/80/70 44/79/69 45/91/100
f 50/70/58 51/69/57 81/71/101 80/72/71
s 1
f 51/33/62 52/27/61 82/31/86 81/37/102
s 5
f 53/74/64 54/85/103 69/87/104 68/75/65
s 1
f 54/108/105 55/101/75 70/107/82 69/114/106
f 55/101/75 54/108/105 57/109/107 58/102/76
s 5
f 54/85/103 53/74/64 56/73/63 57/86/108
s 1
f 46/6/78 45/10/98 60/14/109 61/11/79
s 5
f 45/91/100 44/79/69 59/78/68 60/90/110
s 1
f 61/11/79 60/14/109 63/18/111 64/15/80
s 5
f 60/90/110 59/78/68 62/77/67 63/89/112
s 1
f 64/15/80 63/18/111 66/20/113 67/19/81
s 5
f 63/89/112 62/77/67 65/76/66 66/88/114
s 1
f 67/113/81 66/117/113 69/114/106 70/107/82
s 5
f 66/88/114 65/76/66 68/75/65 69/87/104
s 1
f 58/102/76 57/109/107 72/115/115 73/110/83
s 5
f 57/86/108 56/73/63 71/83/74 72/94/116
s 1
f 73/110/83 72/115/115 75/118/117 76/116/84
s 5
f 72/94/116 71/83/74 74/82/73 75/93/118
s 1
f 76/38/84 75/40/117 78/39/119 79/36/85
s 5
f 75/93/118 74/82/73 77/81/72 78/84/120
s 1
f 79/36/85 78/39/119 81/37/102 82/31/86
s 5
f 78/84/120 77/81/72 80/72/71 81/71/101
s 2
f 1/51/20 4/62/30 3/52/21
g default
v -1.456686 2.123072 -0.284411
v -1.465219 2.111805 -0.286094
v -1.452019 2.125005 0.984952
v -1.461353 2.121139 0.985687
v -1.465219 2.111805 0.985991
v -1.331562 2.111805 1.119648
v -1.331258 2.121139 1.115782
v -1.330523 2.125005 1.106448
v -1.056195 2.125005 1.106448
v -1.055461 2.121139 1.115782
v -1.055157 2.111805 1.119648
v -1.445967 2.125005 1.023164
v -1.454955 2.121139 1.026084
v -1.458678 2.111805 1.027293
v -1.428881 2.125005 1.056697
v -1.436526 2.121139 1.062252
v -1.439693 2.111805 1.064553
v -1.402268 2.125005 1.083310
v -1.407823 2.121139 1.090955
v -1.410124 2.111805 1.094122
v -1.368735 2.125005 1.100396
v -1.371655 2.121139 1.109384
v -1.372865 2.111805 1.113106
v -0.927020 2.123072 -0.284411
v -0.918487 2.111805 -0.286094
v -0.918487 2.111805 0.982979
v -0.922353 2.121139 0.982675
v -0.931687 2.125005 0.981940
v -1.017053 2.125005 1.100249
v -1.014133 2.121139 1.109236
v -1.012923 2.111805 1.112959
v -0.982680 2.125005 1.082735
v -0.977125 2.121139 1.090380
v -0.974824 2.111805 1.093547
v -0.955401 2.125005 1.055455
v -0.947756 2.121139 1.061010
v -0.944589 2.111805 1.063311
v -0.937887 2.125005 1.021082
v -0.928899 2.121139 1.024003
v -0.925176 2.111805 1.025212
v -1.465219 1.936455 -0.286094
v -1.452019 1.923255 -0.286094
v -1.461353 1.927121 -0.286094
v -1.452019 1.923255 0.984952
v -1.461353 1.927121 0.985687
v -1.465219 1.936455 0.985991
v -0.918487 1.936455 -0.286094
v -0.922353 1.927121 -0.286094
v -0.931687 1.923255 -0.286094
v -0.931687 1.923255 0.981940
v -0.922353 1.927121 0.982675
v -0.918487 1.936455 0.982979
v -1.330523 1.923255 1.106448
v -1.331258 1.927121 1.115782
v -1.331562 1.936455 1.119648
v -1.056195 1.923255 1.106448
v -1.055461 1.927121 1.115782
v -1.055157 1.936455 1.119648
v -1.445967 1.923255 1.023164
v -1.454955 1.927121 1.026084
v -1.458678 1.936455 1.027293
v -1.428881 1.923255 1.056697
v -1.436526 1.927121 1.062252
v -1.439693 1.936455 1.064553
v -1.402268 1.923255 1.083310
v -1.407823 1.927121 1.090955
v -1.410124 1.936455 1.094122
v -1.368735 1.923255 1.100396
v -1.371655 1.927121 1.109384
v -1.372865 1.936455 1.113106
v -1.017053 1.923255 1.100249
v -1.014133 1.927121 1.109236
v -1.012923 1.936455 1.112959
v -0.982680 1.923255 1.082735
v -0.977125 1.927121 1.090380
v -0.974824 1.936455 1.093547
v -0.955401 1.923255 1.055455
v -0.947756 1.927121 1.061010
v -0.944589 1.936455 1.063311
v -0.937887 1.923255 1.021082
v -0.928899 1.927121 1.024003
v -0.925176 1.936455 1.025212
vt 0.516324 0.393558
vt 0.513696 0.393558
vt 0.513577 0.037242
vt 0.516408 0.037322
vt 0.464552 0.393590
vt 0.464467 0.037243
vt 0.513584 0.025560
vt 0.516457 0.025579
vt 0.461721 0.393591
vt 0.461637 0.037323
vt 0.464461 0.025566
vt 0.513584 0.013833
vt 0.516448 0.013834
vt 0.461590 0.025588
vt 0.464454 0.013840
vt 0.513597 0.002107
vt 0.516461 0.002296
vt 0.461589 0.013844
vt 0.464440 0.002111
vt 0.461574 0.002296
vt 0.577773 0.002107
vt 0.580603 0.002108
vt 0.580477 0.357618
vt 0.577646 0.357696
vt 0.580483 0.369638
vt 0.577625 0.369637
vt 0.528529 0.357696
vt 0.528402 0.002107
vt 0.580466 0.381568
vt 0.577620 0.381581
vt 0.528550 0.369637
vt 0.525571 0.002108
vt 0.525697 0.357618
vt 0.580530 0.393359
vt 0.577664 0.393549
vt 0.528555 0.381581
vt 0.525692 0.369638
vt 0.528511 0.393549
vt 0.525709 0.381568
vt 0.525645 0.393359
vt 0.636025 0.004680
vt 0.635814 0.001835
vt 0.713465 0.001849
vt 0.713253 0.004694
vt 0.625266 0.006384
vt 0.624376 0.003643
vt 0.725162 0.003700
vt 0.724272 0.006440
vt 0.748303 0.039749
vt 0.749666 0.396231
vt 0.600420 0.396226
vt 0.601816 0.038886
vt 0.603521 0.028128
vt 0.608333 0.018686
vt 0.615826 0.011194
vt 0.733949 0.011372
vt 0.741628 0.019053
vt 0.746559 0.028730
vt 0.614132 0.008862
vt 0.735643 0.009040
vt 0.751148 0.039541
vt 0.598971 0.038679
vt 0.600779 0.027236
vt 0.606002 0.016991
vt 0.743961 0.017359
vt 0.749300 0.027841
vt 0.912167 0.001888
vt 0.915012 0.001888
vt 0.915012 0.359117
vt 0.912167 0.358909
vt 0.913149 0.370810
vt 0.910411 0.369917
vt 0.877106 0.393914
vt 0.799916 0.393889
vt 0.789168 0.392183
vt 0.779730 0.387375
vt 0.772240 0.379888
vt 0.767428 0.370456
vt 0.765719 0.359710
vt 0.765688 0.001903
vt 0.905475 0.379581
vt 0.897794 0.387250
vt 0.888120 0.392173
vt 0.907801 0.381275
vt 0.799704 0.396732
vt 0.877317 0.396757
vt 0.788280 0.394921
vt 0.778039 0.389706
vt 0.769910 0.381582
vt 0.764689 0.371347
vt 0.762875 0.359918
vt 0.762843 0.001904
vt 0.899484 0.389579
vt 0.889006 0.394912
vt 0.123131 0.672910
vt 0.120307 0.672919
vt 0.120229 0.595738
vt 0.123051 0.595797
vt 0.123131 0.684284
vt 0.120275 0.684345
vt 0.071487 0.672588
vt 0.071477 0.595711
vt 0.120200 0.583828
vt 0.123036 0.583836
vt 0.123112 0.695742
vt 0.120255 0.695928
vt 0.071446 0.684153
vt 0.068675 0.672521
vt 0.068663 0.595773
vt 0.071456 0.583814
vt 0.120228 0.571922
vt 0.123065 0.572098
vt 0.071375 0.695785
vt 0.068616 0.684129
vt 0.068615 0.583828
vt 0.071413 0.571914
vt 0.068559 0.695569
vt 0.068570 0.572095
vt 0.061967 0.692196
vt 0.060879 0.694824
vt 0.058251 0.695912
vt 0.008880 0.695912
vt 0.005980 0.694167
vt 0.005980 0.543723
vt 0.008880 0.541977
vt 0.058251 0.541977
vt 0.060879 0.543066
vt 0.061967 0.545694
vn -0.856743 0.515742 -0.001181
vn -0.999520 0.030972 -0.000071
vn -0.999464 0.032373 0.004878
vn -0.858692 0.512486 0.002692
vn -0.000022 1.000000 -0.000477
vn -0.007568 0.924052 0.382192
vn 0.007724 0.924055 0.382181
vn 0.000015 1.000000 -0.000474
vn -0.018852 0.383149 0.923494
vn -0.020573 0.020531 0.999578
vn 0.020975 0.020531 0.999569
vn 0.019224 0.383157 0.923483
vn 0.999520 0.030971 -0.000071
vn 0.856744 0.515740 -0.001183
vn 0.858740 0.512404 0.002784
vn 0.999464 0.032364 0.004998
vn 0.000013 0.999999 -0.001404
vn 0.001964 0.999997 -0.001379
vn 0.382441 0.923973 0.003627
vn -0.000021 0.999999 -0.001404
vn -0.001973 0.999997 -0.001379
vn -0.000245 0.999999 -0.001325
vn -0.000207 0.999999 -0.001256
vn -0.000151 0.999999 -0.001200
vn -0.000082 0.999999 -0.001163
vn 0.000076 0.999999 -0.001157
vn 0.000147 0.999999 -0.001195
vn 0.000204 0.999999 -0.001252
vn 0.000242 0.999999 -0.001323
vn -0.382447 0.923971 0.003541
vn -0.360285 0.925537 0.116520
vn -0.950868 0.020165 0.308940
vn -0.877135 0.386746 0.284714
vn 0.116531 0.925536 0.360282
vn 0.308942 0.020170 0.950867
vn 0.284716 0.386741 0.877136
vn -0.306339 0.925537 0.222569
vn -0.808852 0.020129 0.587667
vn -0.746062 0.386744 0.542052
vn -0.222569 0.925536 0.306342
vn -0.587667 0.020129 0.808852
vn -0.542045 0.386742 0.746068
vn -0.116521 0.925536 0.360286
vn -0.308942 0.020165 0.950867
vn -0.284713 0.386746 0.877135
vn 0.222568 0.925536 0.306344
vn 0.587668 0.020135 0.808852
vn 0.542048 0.386739 0.746068
vn 0.306337 0.925537 0.222574
vn 0.808853 0.020135 0.587667
vn 0.746062 0.386746 0.542051
vn 0.360279 0.925537 0.116533
vn 0.950867 0.020170 0.308941
vn 0.877132 0.386745 0.284723
vn 0.006721 -0.999977 -0.000000
vn 0.382677 -0.923882 0.000000
vn 0.382551 -0.923933 0.001863
vn 0.003845 -0.999993 0.000019
vn 0.923884 -0.382674 0.000000
vn 0.999781 -0.020926 0.000000
vn 0.999776 -0.020547 0.005097
vn 0.923820 -0.382799 0.004664
vn 0.000019 -1.000000 0.000933
vn -0.000018 -1.000000 0.000930
vn -0.000078 -1.000000 0.000242
vn -0.000148 -1.000000 0.000204
vn -0.000204 -1.000000 0.000148
vn -0.000242 -1.000000 0.000078
vn -0.003851 -0.999993 0.000018
vn -0.006737 -0.999977 -0.000000
vn 0.000248 -1.000000 0.000080
vn 0.000209 -1.000000 0.000152
vn 0.000152 -1.000000 0.000209
vn 0.000080 -1.000000 0.000248
vn -0.020573 -0.020530 0.999578
vn 0.020975 -0.020531 0.999569
vn -0.999781 -0.020927 0.000000
vn -0.999776 -0.020547 0.004977
vn -0.950868 -0.020165 0.308940
vn -0.808853 -0.020128 0.587667
vn -0.587668 -0.020129 0.808852
vn -0.308942 -0.020165 0.950867
vn 0.308942 -0.020170 0.950867
vn 0.587668 -0.020135 0.808852
vn 0.808853 -0.020135 0.587667
vn 0.950867 -0.020170 0.308941
vn -0.000000 0.008309 -0.999965
vn -0.000000 0.008309 -0.999966
vn -0.000000 0.008309 -0.999965
vn -0.000000 0.008309 -0.999966
vn -0.000000 0.008309 -0.999966
vn -0.000000 0.008309 -0.999965
vn -0.000000 0.008309 -0.999966
vn -0.000000 0.008309 -0.999965
vn -0.000000 0.008309 -0.999966
vn -0.000000 0.008309 -0.999965
vn -0.923879 -0.382684 0.000000
vn -0.923817 -0.382807 0.004553
vn -0.382676 -0.923883 0.000000
vn -0.382554 -0.923931 0.001817
vn 0.360269 -0.925542 0.116527
vn 0.877135 -0.386742 0.284719
vn -0.007568 -0.924065 0.382160
vn -0.116516 -0.925542 0.360273
vn -0.018852 -0.383149 0.923494
vn -0.284714 -0.386742 0.877137
vn 0.019225 -0.383155 0.923484
vn 0.007724 -0.924069 0.382149
vn -0.877139 -0.386738 0.284712
vn -0.360274 -0.925541 0.116518
vn -0.746068 -0.386734 0.542051
vn -0.306329 -0.925541 0.222568
vn -0.542052 -0.386737 0.746066
vn -0.222561 -0.925542 0.306332
vn 0.284715 -0.386736 0.877139
vn 0.116526 -0.925541 0.360270
vn 0.542048 -0.386735 0.746070
vn 0.222560 -0.925543 0.306329
vn 0.746065 -0.386742 0.542049
vn 0.306330 -0.925543 0.222560
s 1
g AllObjects AllObjects Objects WoodDock_Beam2
usemtl lambert22SG
f 83/129/121 84/130/122 87/131/123 86/132/124
s 2
f 90/169/125 89/170/126 92/171/127 91/172/128
s 1
f 89/223/129 88/224/130 93/225/131 92/226/132
f 107/149/133 106/150/134 109/151/135 108/152/136
s 2
f 106/178/137 110/177/138 109/189/139
f 110/177/138 106/178/137 83/179/140 85/180/141 94/181/142 97/182/143 100/183/144 103/173/145 90/169/125 91/172/128 111/176/146 114/184/147 117/185/148 120/186/149
f 85/180/141 86/190/150 95/191/151 94/181/142
s 1
f 86/132/124 87/131/123 96/135/152 95/136/153
s 2
f 91/172/128 92/171/127 112/175/154 111/176/146
s 1
f 92/226/132 93/225/131 113/231/155 112/232/156
s 2
f 94/181/142 95/191/151 98/192/157 97/182/143
s 1
f 95/136/153 96/135/152 99/140/158 98/141/159
s 2
f 97/182/143 98/192/157 101/187/160 100/183/144
s 1
f 98/141/159 99/140/158 102/144/161 101/145/162
s 2
f 100/183/144 101/187/160 104/174/163 103/173/145
s 1
f 101/233/162 102/234/161 105/228/164 104/227/165
f 88/224/130 89/223/129 104/227/165 105/228/164
s 2
f 89/170/126 90/169/125 103/173/145 104/174/163
f 111/176/146 112/175/154 115/188/166 114/184/147
s 1
f 112/232/156 113/231/155 116/239/167 115/240/168
s 2
f 114/184/147 115/188/166 118/193/169 117/185/148
s 1
f 115/162/168 116/163/167 119/158/170 118/157/171
s 2
f 117/185/148 118/193/169 121/194/172 120/186/149
s 1
f 118/157/171 119/158/170 122/154/173 121/153/174
f 108/152/136 109/151/135 121/153/174 122/154/173
s 2
f 109/189/139 110/177/138 120/186/149 121/194/172
s 5
f 131/195/175 130/196/176 133/197/177 132/198/178
s 1
f 130/160/179 129/156/180 134/155/181 133/161/182
s 5
f 138/201/183 135/202/184 150/203/185 147/204/186 144/205/187 141/206/188 126/207/189 124/208/190 131/195/175 132/198/178 162/200/191 159/209/192 156/210/193 153/211/194
s 1
f 88/224/130 137/229/195 140/230/196 93/225/131
f 108/152/136 134/155/181 129/156/180 107/149/133
f 123/133/197 128/134/198 87/131/123 84/130/122
f 128/134/198 143/139/199 96/135/152 87/131/123
f 143/139/199 146/143/200 99/140/158 96/135/152
f 146/143/200 149/147/201 102/144/161 99/140/158
f 149/241/201 152/235/202 105/228/164 102/234/161
f 152/235/202 137/229/195 88/224/130 105/228/164
f 140/230/196 155/238/203 113/231/155 93/225/131
f 155/238/203 158/244/204 116/239/167 113/231/155
f 158/166/204 161/164/205 119/158/170 116/163/167
f 161/164/205 164/159/206 122/154/173 119/158/170
f 164/159/206 134/155/181 108/152/136 122/154/173
s off
f 124/247/207 125/248/208 123/249/209 84/250/210 83/251/211 106/252/212 107/253/213 129/254/214 130/255/215 131/256/216
s 1
f 123/133/197 125/137/217 127/138/218 128/134/198
s 5
f 125/220/219 124/208/190 126/207/189 127/219/220
f 132/198/178 133/197/177 163/199/221 162/200/191
s 1
f 133/161/182 134/155/181 164/159/206 163/165/222
s 5
f 135/202/184 136/213/223 151/215/224 150/203/185
s 1
f 136/236/225 137/229/195 152/235/202 151/242/226
f 137/229/195 136/236/225 139/237/227 140/230/196
s 5
f 136/213/223 135/202/184 138/201/183 139/214/228
s 1
f 128/134/198 127/138/218 142/142/229 143/139/199
s 5
f 127/219/220 126/207/189 141/206/188 142/218/230
s 1
f 143/139/199 142/142/229 145/146/231 146/143/200
s 5
f 142/218/230 141/206/188 144/205/187 145/217/232
s 1
f 146/143/200 145/146/231 148/148/233 149/147/201
s 5
f 145/217/232 144/205/187 147/204/186 148/216/234
s 1
f 149/241/201 148/245/233 151/242/226 152/235/202
s 5
f 148/216/234 147/204/186 150/203/185 151/215/224
s 1
f 140/230/196 139/237/227 154/243/235 155/238/203
s 5
f 139/214/228 138/201/183 153/211/194 154/222/236
s 1
f 155/238/203 154/243/235 157/246/237 158/244/204
s 5
f 154/222/236 153/211/194 156/210/193 157/221/238
s 1
f 158/166/204 157/168/237 160/167/239 161/164/205
s 5
f 157/221/238 156/210/193 159/209/192 160/212/240
s 1
f 161/164/205 160/167/239 163/165/222 164/159/206
s 5
f 160/212/240 159/209/192 162/200/191 163/199/221
s 2
f 83/179/140 86/190/150 85/180/141
g default
v -0.918601 2.123072 -0.284411
v -0.927134 2.111805 -0.286094
v -0.913934 2.125005 0.984952
v -0.923268 2.121139 0.985687
v -0.927134 2.111805 0.985991
v -0.793477 2.111805 1.119648
v -0.793173 2.121139 1.115782
v -0.792438 2.125005 1.106448
v -0.518110 2.125005 1.106448
v -0.517376 2.121139 1.115782
v -0.517072 2.111805 1.119648
v -0.907882 2.125005 1.023164
v -0.916870 2.121139 1.026084
v -0.920593 2.111805 1.027293
v -0.890796 2.125005 1.056697
v -0.898441 2.121139 1.062252
v -0.901608 2.111805 1.064553
v -0.864183 2.125005 1.083310
v -0.869738 2.121139 1.090955
v -0.872039 2.111805 1.094122
v -0.830650 2.125005 1.100396
v -0.833570 2.121139 1.109384
v -0.834780 2.111805 1.113106
v -0.388935 2.123072 -0.284411
v -0.380402 2.111805 -0.286094
v -0.380402 2.111805 0.982979
v -0.384268 2.121139 0.982675
v -0.393602 2.125005 0.981940
v -0.478968 2.125005 1.100249
v -0.476048 2.121139 1.109236
v -0.474838 2.111805 1.112959
v -0.444595 2.125005 1.082735
v -0.439040 2.121139 1.090380
v -0.436739 2.111805 1.093547
v -0.417316 2.125005 1.055455
v -0.409671 2.121139 1.061010
v -0.406504 2.111805 1.063311
v -0.399802 2.125005 1.021082
v -0.390814 2.121139 1.024003
v -0.387091 2.111805 1.025212
v -0.927134 1.936455 -0.286094
v -0.913934 1.923255 -0.286094
v -0.923268 1.927121 -0.286094
v -0.913934 1.923255 0.984952
v -0.923268 1.927121 0.985687
v -0.927134 1.936455 0.985991
v -0.380402 1.936455 -0.286094
v -0.384268 1.927121 -0.286094
v -0.393602 1.923255 -0.286094
v -0.393602 1.923255 0.981940
v -0.384268 1.927121 0.982675
v -0.380402 1.936455 0.982979
v -0.792438 1.923255 1.106448
v -0.793173 1.927121 1.115782
v -0.793477 1.936455 1.119648
v -0.518110 1.923255 1.106448
v -0.517376 1.927121 1.115782
v -0.517072 1.936455 1.119648
v -0.907882 1.923255 1.023164
v -0.916870 1.927121 1.026084
v -0.920593 1.936455 1.027293
v -0.890796 1.923255 1.056697
v -0.898441 1.927121 1.062252
v -0.901608 1.936455 1.064553
v -0.864183 1.923255 1.083310
v -0.869738 1.927121 1.090955
v -0.872039 1.936455 1.094122
v -0.830650 1.923255 1.100396
v -0.833570 1.927121 1.109384
v -0.834780 1.936455 1.113106
v -0.478968 1.923255 1.100249
v -0.476048 1.927121 1.109236
v -0.474838 1.936455 1.112959
v -0.444595 1.923255 1.082735
v -0.439040 1.927121 1.090380
v -0.436739 1.936455 1.093547
v -0.417316 1.923255 1.055455
v -0.409671 1.927121 1.061010
v -0.406504 1.936455 1.063311
v -0.399802 1.923255 1.021082
v -0.390814 1.927121 1.024003
v -0.387091 1.936455 1.025212
vt 0.526263 0.802845
vt 0.523668 0.802845
vt 0.523550 0.450962
vt 0.526346 0.451040
vt 0.475135 0.802876
vt 0.475051 0.450963
vt 0.523556 0.439425
vt 0.526394 0.439444
vt 0.472339 0.802877
vt 0.472256 0.451042
vt 0.475045 0.439432
vt 0.523557 0.427844
vt 0.526385 0.427845
vt 0.472210 0.439453
vt 0.475038 0.427851
vt 0.523569 0.416264
vt 0.526398 0.416451
vt 0.472208 0.427855
vt 0.475024 0.416268
vt 0.472194 0.416451
vt 0.592880 0.414550
vt 0.595675 0.414551
vt 0.595551 0.765637
vt 0.592755 0.765714
vt 0.595557 0.777508
vt 0.592734 0.777506
vt 0.544249 0.765714
vt 0.544124 0.414550
vt 0.595540 0.789289
vt 0.592729 0.789301
vt 0.544270 0.777506
vt 0.541328 0.414551
vt 0.541453 0.765637
vt 0.595603 0.800933
vt 0.592773 0.801121
vt 0.544275 0.789301
vt 0.541447 0.777508
vt 0.544231 0.801121
vt 0.541464 0.789289
vt 0.541401 0.800933
vt 0.170824 0.414200
vt 0.170616 0.411390
vt 0.247301 0.411404
vt 0.247092 0.414214
vt 0.160199 0.415883
vt 0.159320 0.413176
vt 0.258852 0.413232
vt 0.257974 0.415938
vt 0.281706 0.448832
vt 0.283052 0.800880
vt 0.135662 0.800875
vt 0.137041 0.447981
vt 0.138725 0.437356
vt 0.143477 0.428032
vt 0.150877 0.420633
vt 0.267530 0.420809
vt 0.275114 0.428394
vt 0.279983 0.437951
vt 0.149204 0.418330
vt 0.269203 0.418506
vt 0.284515 0.448628
vt 0.134232 0.447776
vt 0.136017 0.436476
vt 0.141175 0.426358
vt 0.277418 0.426721
vt 0.282690 0.437073
vt 0.453403 0.413709
vt 0.456212 0.413709
vt 0.456212 0.766493
vt 0.453403 0.766288
vt 0.454372 0.778040
vt 0.451669 0.777158
vt 0.418778 0.800857
vt 0.342549 0.800832
vt 0.331935 0.799147
vt 0.322614 0.794399
vt 0.315217 0.787005
vt 0.310465 0.777691
vt 0.308777 0.767079
vt 0.308746 0.413724
vt 0.446794 0.786702
vt 0.439209 0.794276
vt 0.429655 0.799138
vt 0.449092 0.788376
vt 0.342339 0.803639
vt 0.418987 0.803665
vt 0.331057 0.801851
vt 0.320944 0.796701
vt 0.312916 0.788679
vt 0.307760 0.778571
vt 0.305969 0.767284
vt 0.305937 0.413724
vt 0.440878 0.796576
vt 0.430530 0.801843
vt 0.122817 0.822274
vt 0.120027 0.822282
vt 0.119951 0.746062
vt 0.122738 0.746120
vt 0.122817 0.833506
vt 0.119996 0.833567
vt 0.071815 0.821956
vt 0.071805 0.746035
vt 0.119922 0.734300
vt 0.122723 0.734308
vt 0.122798 0.844821
vt 0.119977 0.845006
vt 0.071774 0.833376
vt 0.069038 0.821889
vt 0.069026 0.746096
vt 0.071785 0.734286
vt 0.119950 0.722542
vt 0.122752 0.722716
vt 0.071705 0.844863
vt 0.068980 0.833353
vt 0.068978 0.734299
vt 0.071742 0.722534
vt 0.068923 0.844650
vt 0.068935 0.722713
vt 0.059975 0.869729
vt 0.058900 0.872325
vt 0.056305 0.873400
vt 0.007548 0.873400
vt 0.004684 0.871676
vt 0.004684 0.723104
vt 0.007548 0.721380
vt 0.056305 0.721380
vt 0.058900 0.722455
vt 0.059975 0.725050
vn -0.856747 0.515736 -0.001181
vn -0.999520 0.030971 -0.000071
vn -0.999464 0.032372 0.004878
vn -0.858695 0.512480 0.002692
vn -0.000022 1.000000 -0.000477
vn -0.007568 0.924052 0.382192
vn 0.007724 0.924055 0.382181
vn 0.000015 1.000000 -0.000474
vn -0.018852 0.383149 0.923494
vn -0.020573 0.020531 0.999578
vn 0.020975 0.020531 0.999569
vn 0.019224 0.383157 0.923483
vn 0.999520 0.030972 -0.000071
vn 0.856743 0.515743 -0.001183
vn 0.858739 0.512407 0.002784
vn 0.999464 0.032364 0.004998
vn 0.000013 0.999999 -0.001404
vn 0.001964 0.999997 -0.001379
vn 0.382441 0.923973 0.003627
vn -0.000021 0.999999 -0.001404
vn -0.001973 0.999997 -0.001379
vn -0.000245 0.999999 -0.001325
vn -0.000207 0.999999 -0.001256
vn -0.000151 0.999999 -0.001200
vn -0.000082 0.999999 -0.001163
vn 0.000076 0.999999 -0.001157
vn 0.000147 0.999999 -0.001195
vn 0.000204 0.999999 -0.001252
vn 0.000242 0.999999 -0.001323
vn -0.382441 0.923973 0.003541
vn -0.360283 0.925537 0.116519
vn -0.950868 0.020165 0.308940
vn -0.877135 0.386746 0.284714
vn 0.116531 0.925536 0.360283
vn 0.308942 0.020170 0.950867
vn 0.284716 0.386741 0.877136
vn -0.306336 0.925539 0.222567
vn -0.808852 0.020129 0.587667
vn -0.746063 0.386742 0.542053
vn -0.222568 0.925537 0.306340
vn -0.587667 0.020128 0.808852
vn -0.542046 0.386739 0.746069
vn -0.116520 0.925537 0.360284
vn -0.308942 0.020165 0.950867
vn -0.284713 0.386743 0.877136
vn 0.222568 0.925536 0.306344
vn 0.587668 0.020135 0.808852
vn 0.542048 0.386739 0.746068
vn 0.306338 0.925537 0.222574
vn 0.808853 0.020135 0.587667
vn 0.746062 0.386745 0.542051
vn 0.360279 0.925537 0.116533
vn 0.950867 0.020170 0.308941
vn 0.877133 0.386744 0.284724
vn 0.006721 -0.999977 -0.000000
vn 0.382677 -0.923882 0.000000
vn 0.382551 -0.923932 0.001863
vn 0.003845 -0.999993 0.000019
vn 0.923882 -0.382678 0.000000
vn 0.999781 -0.020927 0.000000
vn 0.999776 -0.020547 0.005097
vn 0.923818 -0.382803 0.004664
vn 0.000019 -1.000000 0.000933
vn -0.000018 -1.000000 0.000930
vn -0.000078 -1.000000 0.000242
vn -0.000148 -1.000000 0.000204
vn -0.000204 -1.000000 0.000148
vn -0.000242 -1.000000 0.000078
vn -0.003851 -0.999993 0.000018
vn -0.006737 -0.999977 -0.000000
vn 0.000248 -1.000000 0.000080
vn 0.000209 -1.000000 0.000152
vn 0.000152 -1.000000 0.000209
vn 0.000080 -1.000000 0.000248
vn -0.020573 -0.020530 0.999578
vn 0.020975 -0.020531 0.999569
vn -0.999781 -0.020926 0.000000
vn -0.999776 -0.020547 0.004977
vn -0.950868 -0.020165 0.308940
vn -0.808853 -0.020129 0.587667
vn -0.587668 -0.020129 0.808852
vn -0.308942 -0.020164 0.950867
vn 0.308942 -0.020170 0.950867
vn 0.587668 -0.020135 0.808852
vn 0.808853 -0.020135 0.587667
vn 0.950867 -0.020170 0.308941
vn -0.000000 0.008309 -0.999965
vn -0.000000 0.008309 -0.999966
vn -0.000000 0.008309 -0.999965
vn -0.000000 0.008309 -0.999966
vn -0.000000 0.008309 -0.999966
vn -0.000000 0.008309 -0.999965
vn -0.000000 0.008309 -0.999966
vn -0.000000 0.008309 -0.999965
vn -0.000000 0.008309 -0.999966
vn -0.000000 0.008309 -0.999965
vn -0.923883 -0.382676 0.000000
vn -0.923820 -0.382799 0.004553
vn -0.382673 -0.923884 0.000000
vn -0.382551 -0.923933 0.001817
vn 0.360270 -0.925541 0.116527
vn 0.877136 -0.386740 0.284719
vn -0.007568 -0.924065 0.382160
vn -0.116515 -0.925542 0.360272
vn -0.018852 -0.383148 0.923494
vn -0.284714 -0.386740 0.877138
vn 0.019225 -0.383155 0.923484
vn 0.007724 -0.924069 0.382149
vn -0.877138 -0.386742 0.284711
vn -0.360274 -0.925541 0.116518
vn -0.746067 -0.386739 0.542049
vn -0.306329 -0.925541 0.222568
vn -0.542052 -0.386737 0.746066
vn -0.222560 -0.925542 0.306330
vn 0.284715 -0.386735 0.877139
vn 0.116526 -0.925541 0.360271
vn 0.542048 -0.386734 0.746070
vn 0.222561 -0.925542 0.306330
vn 0.746066 -0.386739 0.542050
vn 0.306330 -0.925542 0.222561
s 1
g AllObjects AllObjects Objects WoodDock_Beam3
usemtl lambert22SG
f 165/257/241 166/258/242 169/259/243 168/260/244
s 2
f 172/297/245 171/298/246 174/299/247 173/300/248
s 1
f 171/351/249 170/352/250 175/353/251 174/354/252
f 189/277/253 188/278/254 191/279/255 190/280/256
s 2
f 188/306/257 192/305/258 191/317/259
f 192/305/258 188/306/257 165/307/260 167/308/261 176/309/262 179/310/263 182/311/264 185/301/265 172/297/245 173/300/248 193/304/266 196/312/267 199/313/268 202/314/269
f 167/308/261 168/318/270 177/319/271 176/309/262
s 1
f 168/260/244 169/259/243 178/263/272 177/264/273
s 2
f 173/300/248 174/299/247 194/303/274 193/304/266
s 1
f 174/354/252 175/353/251 195/359/275 194/360/276
s 2
f 176/309/262 177/319/271 180/320/277 179/310/263
s 1
f 177/264/273 178/263/272 181/268/278 180/269/279
s 2
f 179/310/263 180/320/277 183/315/280 182/311/264
s 1
f 180/269/279 181/268/278 184/272/281 183/273/282
s 2
f 182/311/264 183/315/280 186/302/283 185/301/265
s 1
f 183/361/282 184/362/281 187/356/284 186/355/285
f 170/352/250 171/351/249 186/355/285 187/356/284
s 2
f 171/298/246 172/297/245 185/301/265 186/302/283
f 193/304/266 194/303/274 197/316/286 196/312/267
s 1
f 194/360/276 195/359/275 198/367/287 197/368/288
s 2
f 196/312/267 197/316/286 200/321/289 199/313/268
s 1
f 197/290/288 198/291/287 201/286/290 200/285/291
s 2
f 199/313/268 200/321/289 203/322/292 202/314/269
s 1
f 200/285/291 201/286/290 204/282/293 203/281/294
f 190/280/256 191/279/255 203/281/294 204/282/293
s 2
f 191/317/259 192/305/258 202/314/269 203/322/292
s 5
f 213/323/295 212/324/296 215/325/297 214/326/298
s 1
f 212/288/299 211/284/300 216/283/301 215/289/302
s 5
f 220/329/303 217/330/304 232/331/305 229/332/306 226/333/307 223/334/308 208/335/309 206/336/310 213/323/295 214/326/298 244/328/311 241/337/312 238/338/313 235/339/314
s 1
f 170/352/250 219/357/315 222/358/316 175/353/251
f 190/280/256 216/283/301 211/284/300 189/277/253
f 205/261/317 210/262/318 169/259/243 166/258/242
f 210/262/318 225/267/319 178/263/272 169/259/243
f 225/267/319 228/271/320 181/268/278 178/263/272
f 228/271/320 231/275/321 184/272/281 181/268/278
f 231/369/321 234/363/322 187/356/284 184/362/281
f 234/363/322 219/357/315 170/352/250 187/356/284
f 222/358/316 237/366/323 195/359/275 175/353/251
f 237/366/323 240/372/324 198/367/287 195/359/275
f 240/294/324 243/292/325 201/286/290 198/291/287
f 243/292/325 246/287/326 204/282/293 201/286/290
f 246/287/326 216/283/301 190/280/256 204/282/293
s off
f 206/375/327 207/376/328 205/377/329 166/378/330 165/379/331 188/380/332 189/381/333 211/382/334 212/383/335 213/384/336
s 1
f 205/261/317 207/265/337 209/266/338 210/262/318
s 5
f 207/348/339 206/336/310 208/335/309 209/347/340
f 214/326/298 215/325/297 245/327/341 244/328/311
s 1
f 215/289/302 216/283/301 246/287/326 245/293/342
s 5
f 217/330/304 218/341/343 233/343/344 232/331/305
s 1
f 218/364/345 219/357/315 234/363/322 233/370/346
f 219/357/315 218/364/345 221/365/347 222/358/316
s 5
f 218/341/343 217/330/304 220/329/303 221/342/348
s 1
f 210/262/318 209/266/338 224/270/349 225/267/319
s 5
f 209/347/340 208/335/309 223/334/308 224/346/350
s 1
f 225/267/319 224/270/349 227/274/351 228/271/320
s 5
f 224/346/350 223/334/308 226/333/307 227/345/352
s 1
f 228/271/320 227/274/351 230/276/353 231/275/321
s 5
f 227/345/352 226/333/307 229/332/306 230/344/354
s 1
f 231/369/321 230/373/353 233/370/346 234/363/322
s 5
f 230/344/354 229/332/306 232/331/305 233/343/344
s 1
f 222/358/316 221/365/347 236/371/355 237/366/323
s 5
f 221/342/348 220/329/303 235/339/314 236/350/356
s 1
f 237/366/323 236/371/355 239/374/357 240/372/324
s 5
f 236/350/356 235/339/314 238/338/313 239/349/358
s 1
f 240/294/324 239/296/357 242/295/359 243/292/325
s 5
f 239/349/358 238/338/313 241/337/312 242/340/360
s 1
f 243/292/325 242/295/359 245/293/342 246/287/326
s 5
f 242/340/360 241/337/312 244/328/311 245/327/341
s 2
f 165/307/260 168/318/270 167/308/261
g default
v -0.380516 2.123072 -0.284411
v -0.389049 2.111805 -0.286094
v -0.375849 2.125005 0.984952
v -0.385183 2.121139 0.985687
v -0.389049 2.111805 0.985991
v -0.255392 2.111805 1.119648
v -0.255088 2.121139 1.115782
v -0.254353 2.125005 1.106448
v 0.019975 2.125005 1.106448
v 0.020709 2.121139 1.115782
v 0.021013 2.111805 1.119648
v -0.369797 2.125005 1.023164
v -0.378785 2.121139 1.026084
v -0.382508 2.111805 1.027293
v -0.352711 2.125005 1.056697
v -0.360356 2.121139 1.062252
v -0.363523 2.111805 1.064553
v -0.326098 2.125005 1.083310
v -0.331653 2.121139 1.090955
v -0.333954 2.111805 1.094122
v -0.292565 2.125005 1.100396
v -0.295485 2.121139 1.109384
v -0.296695 2.111805 1.113106
v 0.149150 2.123072 -0.284411
v 0.157683 2.111805 -0.286094
v 0.157683 2.111805 0.982979
v 0.153817 2.121139 0.982675
v 0.144483 2.125005 0.981940
v 0.059117 2.125005 1.100249
v 0.062037 2.121139 1.109236
v 0.063246 2.111805 1.112959
v 0.093490 2.125005 1.082735
v 0.099045 2.121139 1.090380
v 0.101346 2.111805 1.093547
v 0.120769 2.125005 1.055455
v 0.128414 2.121139 1.061010
v 0.131581 2.111805 1.063311
v 0.138283 2.125005 1.021082
v 0.147271 2.121139 1.024003
v 0.150994 2.111805 1.025212
v -0.389049 1.936455 -0.286094
v -0.375849 1.923255 -0.286094
v -0.385183 1.927121 -0.286094
v -0.375849 1.923255 0.984952
v -0.385183 1.927121 0.985687
v -0.389049 1.936455 0.985991
v 0.157683 1.936455 -0.286094
v 0.153817 1.927121 -0.286094
v 0.144483 1.923255 -0.286094
v 0.144483 1.923255 0.981940
v 0.153817 1.927121 0.982675
v 0.157683 1.936455 0.982979
v -0.254353 1.923255 1.106448
v -0.255088 1.927121 1.115782
v -0.255392 1.936455 1.119648
v 0.019975 1.923255 1.106448
v 0.020709 1.927121 1.115782
v 0.021013 1.936455 1.119648
v -0.369797 1.923255 1.023164
v -0.378785 1.927121 1.026084
v -0.382508 1.936455 1.027293
v -0.352711 1.923255 1.056697
v -0.360356 1.927121 1.062252
v -0.363523 1.936455 1.064553
v -0.326098 1.923255 1.083310
v -0.331653 1.927121 1.090955
v -0.333954 1.936455 1.094122
v -0.292565 1.923255 1.100396
v -0.295485 1.927121 1.109384
v -0.296695 1.936455 1.113106
v 0.059117 1.923255 1.100249
v 0.062037 1.927121 1.109236
v 0.063246 1.936455 1.112959
v 0.093490 1.923255 1.082735
v 0.099045 1.927121 1.090380
v 0.101346 1.936455 1.093547
v 0.120769 1.923255 1.055455
v 0.128414 1.927121 1.061010
v 0.131581 1.936455 1.063311
v 0.138283 1.923255 1.021082
v 0.147271 1.927121 1.024003
v 0.150994 1.936455 1.025212
vt 0.391015 0.393558
vt 0.388387 0.393558
vt 0.388268 0.037242
vt 0.391099 0.037322
vt 0.339243 0.393590
vt 0.339158 0.037243
vt 0.388274 0.025560
vt 0.391148 0.025579
vt 0.336412 0.393591
vt 0.336327 0.037323
vt 0.339152 0.025566
vt 0.388275 0.013833
vt 0.391138 0.013834
vt 0.336281 0.025588
vt 0.339145 0.013840
vt 0.388287 0.002107
vt 0.391152 0.002296
vt 0.336279 0.013844
vt 0.339130 0.002111
vt 0.336264 0.002296
vt 0.452463 0.002107
vt 0.455294 0.002108
vt 0.455168 0.357618
vt 0.452336 0.357696
vt 0.455174 0.369638
vt 0.452316 0.369637
vt 0.403220 0.357696
vt 0.403093 0.002107
vt 0.455156 0.381568
vt 0.452310 0.381580
vt 0.403240 0.369637
vt 0.400261 0.002108
vt 0.400388 0.357617
vt 0.455220 0.393359
vt 0.452355 0.393549
vt 0.403246 0.381580
vt 0.400382 0.369638
vt 0.403201 0.393549
vt 0.400400 0.381568
vt 0.400336 0.393359
vt 0.037088 0.004680
vt 0.036877 0.001835
vt 0.114528 0.001849
vt 0.114317 0.004694
vt 0.026330 0.006384
vt 0.025439 0.003643
vt 0.126225 0.003700
vt 0.125336 0.006440
vt 0.149367 0.039749
vt 0.150730 0.396231
vt 0.001483 0.396227
vt 0.002879 0.038886
vt 0.004585 0.028128
vt 0.009397 0.018686
vt 0.016889 0.011194
vt 0.135012 0.011372
vt 0.142692 0.019053
vt 0.147622 0.028730
vt 0.015195 0.008862
vt 0.136707 0.009040
vt 0.152211 0.039541
vt 0.000035 0.038679
vt 0.001843 0.027236
vt 0.007066 0.016991
vt 0.145025 0.017359
vt 0.150364 0.027841
vt 0.323850 0.001888
vt 0.326694 0.001888
vt 0.326695 0.359117
vt 0.323850 0.358909
vt 0.324832 0.370810
vt 0.322094 0.369917
vt 0.288789 0.393914
vt 0.211599 0.393889
vt 0.200851 0.392183
vt 0.191413 0.387375
vt 0.183923 0.379888
vt 0.179111 0.370456
vt 0.177402 0.359710
vt 0.177370 0.001903
vt 0.317158 0.379581
vt 0.309477 0.387250
vt 0.299803 0.392173
vt 0.319484 0.381275
vt 0.211387 0.396732
vt 0.289000 0.396757
vt 0.199963 0.394921
vt 0.189722 0.389706
vt 0.181593 0.381582
vt 0.176372 0.371347
vt 0.174558 0.359918
vt 0.174526 0.001904
vt 0.311167 0.389579
vt 0.300689 0.394912
vt 0.059414 0.507247
vt 0.056590 0.507255
vt 0.056513 0.430075
vt 0.059334 0.430134
vt 0.059414 0.518621
vt 0.056558 0.518682
vt 0.007771 0.506925
vt 0.007761 0.430048
vt 0.056484 0.418165
vt 0.059320 0.418173
vt 0.059396 0.530078
vt 0.056539 0.530265
vt 0.007729 0.518489
vt 0.004958 0.506857
vt 0.004947 0.430109
vt 0.007740 0.418150
vt 0.056511 0.406259
vt 0.059349 0.406435
vt 0.007659 0.530121
vt 0.004900 0.518466
vt 0.004898 0.418164
vt 0.007696 0.406251
vt 0.004842 0.529905
vt 0.004854 0.406432
vt 0.123560 0.556267
vt 0.122472 0.558895
vt 0.119844 0.559984
vt 0.070473 0.559984
vt 0.067573 0.558238
vt 0.067573 0.407794
vt 0.070473 0.406049
vt 0.119844 0.406049
vt 0.122472 0.407137
vt 0.123560 0.409765
vn -0.856747 0.515735 -0.001181
vn -0.999520 0.030971 -0.000071
vn -0.999464 0.032372 0.004878
vn -0.858696 0.512479 0.002692
vn -0.000022 1.000000 -0.000477
vn -0.007568 0.924052 0.382192
vn 0.007724 0.924055 0.382181
vn 0.000015 1.000000 -0.000474
vn -0.018852 0.383149 0.923494
vn -0.020573 0.020531 0.999578
vn 0.020975 0.020531 0.999569
vn 0.019224 0.383157 0.923483
vn 0.999520 0.030971 -0.000071
vn 0.856744 0.515741 -0.001183
vn 0.858740 0.512405 0.002784
vn 0.999464 0.032364 0.004998
vn 0.000013 0.999999 -0.001404
vn 0.001964 0.999997 -0.001379
vn 0.382441 0.923973 0.003627
vn -0.000021 0.999999 -0.001404
vn -0.001973 0.999997 -0.001379
vn -0.000245 0.999999 -0.001325
vn -0.000207 0.999999 -0.001256
vn -0.000151 0.999999 -0.001200
vn -0.000082 0.999999 -0.001163
vn 0.000076 0.999999 -0.001157
vn 0.000147 0.999999 -0.001195
vn 0.000204 0.999999 -0.001252
vn 0.000242 0.999999 -0.001323
vn -0.382445 0.923971 0.003541
vn -0.360283 0.925538 0.116520
vn -0.950868 0.020165 0.308940
vn -0.877135 0.386746 0.284714
vn 0.116531 0.925536 0.360282
vn 0.308942 0.020170 0.950867
vn 0.284716 0.386741 0.877137
vn -0.306338 0.925538 0.222568
vn -0.808852 0.020129 0.587667
vn -0.746062 0.386743 0.542052
vn -0.222568 0.925537 0.306341
vn -0.587667 0.020129 0.808852
vn -0.542046 0.386739 0.746069
vn -0.116520 0.925537 0.360284
vn -0.308942 0.020165 0.950867
vn -0.284713 0.386745 0.877136
vn 0.222568 0.925536 0.306344
vn 0.587668 0.020135 0.808852
vn 0.542048 0.386738 0.746068
vn 0.306338 0.925537 0.222574
vn 0.808853 0.020135 0.587667
vn 0.746063 0.386743 0.542051
vn 0.360279 0.925537 0.116533
vn 0.950867 0.020170 0.308941
vn 0.877132 0.386745 0.284724
vn 0.006721 -0.999977 -0.000000
vn 0.382677 -0.923882 0.000000
vn 0.382551 -0.923933 0.001863
vn 0.003845 -0.999993 0.000019
vn 0.923882 -0.382677 0.000000
vn 0.999781 -0.020926 0.000000
vn 0.999776 -0.020547 0.005097
vn 0.923819 -0.382802 0.004664
vn 0.000019 -1.000000 0.000933
vn -0.000018 -1.000000 0.000930
vn -0.000078 -1.000000 0.000242
vn -0.000148 -1.000000 0.000204
vn -0.000204 -1.000000 0.000148
vn -0.000242 -1.000000 0.000078
vn -0.003851 -0.999993 0.000018
vn -0.006737 -0.999977 -0.000000
vn 0.000248 -1.000000 0.000080
vn 0.000209 -1.000000 0.000152
vn 0.000152 -1.000000 0.000209
vn 0.000080 -1.000000 0.000248
vn -0.020573 -0.020530 0.999578
vn 0.020975 -0.020531 0.999569
vn -0.999781 -0.020926 0.000000
vn -0.999777 -0.020547 0.004977
vn -0.950868 -0.020165 0.308940
vn -0.808853 -0.020129 0.587667
vn -0.587668 -0.020129 0.808852
vn -0.308942 -0.020165 0.950867
vn 0.308942 -0.020170 0.950867
vn 0.587668 -0.020135 0.808852
vn 0.808853 -0.020135 0.587667
vn 0.950867 -0.020170 0.308941
vn -0.000000 0.008309 -0.999965
vn -0.000000 0.008309 -0.999966
vn -0.000000 0.008309 -0.999965
vn -0.000000 0.008309 -0.999966
vn -0.000000 0.008309 -0.999966
vn -0.000000 0.008309 -0.999965
vn -0.000000 0.008309 -0.999966
vn -0.000000 0.008309 -0.999965
vn -0.000000 0.008309 -0.999966
vn -0.000000 0.008309 -0.999965
vn -0.923883 -0.382676 0.000000
vn -0.923820 -0.382799 0.004553
vn -0.382677 -0.923882 0.000000
vn -0.382554 -0.923931 0.001817
vn 0.360270 -0.925542 0.116527
vn 0.877135 -0.386741 0.284719
vn -0.007568 -0.924065 0.382160
vn -0.116516 -0.925542 0.360273
vn -0.018852 -0.383148 0.923494
vn -0.284714 -0.386741 0.877137
vn 0.019225 -0.383155 0.923484
vn 0.007724 -0.924069 0.382149
vn -0.877138 -0.386742 0.284711
vn -0.360274 -0.925541 0.116518
vn -0.746066 -0.386740 0.542049
vn -0.306329 -0.925541 0.222569
vn -0.542052 -0.386737 0.746066
vn -0.222561 -0.925542 0.306331
vn 0.284715 -0.386735 0.877140
vn 0.116527 -0.925541 0.360271
vn 0.542048 -0.386734 0.746070
vn 0.222561 -0.925542 0.306331
vn 0.746066 -0.386739 0.542050
vn 0.306330 -0.925542 0.222561
s 1
g AllObjects AllObjects Objects WoodDock_Beam4
usemtl lambert22SG
f 247/385/361 248/386/362 251/387/363 250/388/364
s 2
f 254/425/365 253/426/366 256/427/367 255/428/368
s 1
f 253/479/369 252/480/370 257/481/371 256/482/372
f 271/405/373 270/406/374 273/407/375 272/408/376
s 2
f 270/434/377 274/433/378 273/445/379
f 274/433/378 270/434/377 247/435/380 249/436/381 258/437/382 261/438/383 264/439/384 267/429/385 254/425/365 255/428/368 275/432/386 278/440/387 281/441/388 284/442/389
f 249/436/381 250/446/390 259/447/391 258/437/382
s 1
f 250/388/364 251/387/363 260/391/392 259/392/393
s 2
f 255/428/368 256/427/367 276/431/394 275/432/386
s 1
f 256/482/372 257/481/371 277/487/395 276/488/396
s 2
f 258/437/382 259/447/391 262/448/397 261/438/383
s 1
f 259/392/393 260/391/392 263/396/398 262/397/399
s 2
f 261/438/383 262/448/397 265/443/400 264/439/384
s 1
f 262/397/399 263/396/398 266/400/401 265/401/402
s 2
f 264/439/384 265/443/400 268/430/403 267/429/385
s 1
f 265/489/402 266/490/401 269/484/404 268/483/405
f 252/480/370 253/479/369 268/483/405 269/484/404
s 2
f 253/426/366 254/425/365 267/429/385 268/430/403
f 275/432/386 276/431/394 279/444/406 278/440/387
s 1
f 276/488/396 277/487/395 280/495/407 279/496/408
s 2
f 278/440/387 279/444/406 282/449/409 281/441/388
s 1
f 279/418/408 280/419/407 283/414/410 282/413/411
s 2
f 281/441/388 282/449/409 285/450/412 284/442/389
s 1
f 282/413/411 283/414/410 286/410/413 285/409/414
f 272/408/376 273/407/375 285/409/414 286/410/413
s 2
f 273/445/379 274/433/378 284/442/389 285/450/412
s 5
f 295/451/415 294/452/416 297/453/417 296/454/418
s 1
f 294/416/419 293/412/420 298/411/421 297/417/422
s 5
f 302/457/423 299/458/424 314/459/425 311/460/426 308/461/427 305/462/428 290/463/429 288/464/430 295/451/415 296/454/418 326/456/431 323/465/432 320/466/433 317/467/434
s 1
f 252/480/370 301/485/435 304/486/436 257/481/371
f 272/408/376 298/411/421 293/412/420 271/405/373
f 287/389/437 292/390/438 251/387/363 248/386/362
f 292/390/438 307/395/439 260/391/392 251/387/363
f 307/395/439 310/399/440 263/396/398 260/391/392
f 310/399/440 313/403/441 266/400/401 263/396/398
f 313/497/441 316/491/442 269/484/404 266/490/401
f 316/491/442 301/485/435 252/480/370 269/484/404
f 304/486/436 319/494/443 277/487/395 257/481/371
f 319/494/443 322/500/444 280/495/407 277/487/395
f 322/422/444 325/420/445 283/414/410 280/419/407
f 325/420/445 328/415/446 286/410/413 283/414/410
f 328/415/446 298/411/421 272/408/376 286/410/413
s off
f 288/503/447 289/504/448 287/505/449 248/506/450 247/507/451 270/508/452 271/509/453 293/510/454 294/511/455 295/512/456
s 1
f 287/389/437 289/393/457 291/394/458 292/390/438
s 5
f 289/476/459 288/464/430 290/463/429 291/475/460
f 296/454/418 297/453/417 327/455/461 326/456/431
s 1
f 297/417/422 298/411/421 328/415/446 327/421/462
s 5
f 299/458/424 300/469/463 315/471/464 314/459/425
s 1
f 300/492/465 301/485/435 316/491/442 315/498/466
f 301/485/435 300/492/465 303/493/467 304/486/436
s 5
f 300/469/463 299/458/424 302/457/423 303/470/468
s 1
f 292/390/438 291/394/458 306/398/469 307/395/439
s 5
f 291/475/460 290/463/429 305/462/428 306/474/470
s 1
f 307/395/439 306/398/469 309/402/471 310/399/440
s 5
f 306/474/470 305/462/428 308/461/427 309/473/472
s 1
f 310/399/440 309/402/471 312/404/473 313/403/441
s 5
f 309/473/472 308/461/427 311/460/426 312/472/474
s 1
f 313/497/441 312/501/473 315/498/466 316/491/442
s 5
f 312/472/474 311/460/426 314/459/425 315/471/464
s 1
f 304/486/436 303/493/467 318/499/475 319/494/443
s 5
f 303/470/468 302/457/423 317/467/434 318/478/476
s 1
f 319/494/443 318/499/475 321/502/477 322/500/444
s 5
f 318/478/476 317/467/434 320/466/433 321/477/478
s 1
f 322/422/444 321/424/477 324/423/479 325/420/445
s 5
f 321/477/478 320/466/433 323/465/432 324/468/480
s 1
f 325/420/445 324/423/479 327/421/462 328/415/446
s 5
f 324/468/480 323/465/432 326/456/431 327/455/461
s 2
f 247/435/380 250/446/390 249/436/381
g default
v 0.157569 2.123072 -0.284411
v 0.149036 2.111805 -0.286094
v 0.162235 2.125005 0.984952
v 0.152902 2.121139 0.985687
v 0.149036 2.111805 0.985991
v 0.282693 2.111805 1.119648
v 0.282997 2.121139 1.115782
v 0.283732 2.125005 1.106448
v 0.558060 2.125005 1.106448
v 0.558794 2.121139 1.115782
v 0.559098 2.111805 1.119648
v 0.168288 2.125005 1.023164
v 0.159300 2.121139 1.026084
v 0.155577 2.111805 1.027293
v 0.185374 2.125005 1.056697
v 0.177729 2.121139 1.062252
v 0.174562 2.111805 1.064553
v 0.211987 2.125005 1.083310
v 0.206432 2.121139 1.090955
v 0.204131 2.111805 1.094122
v 0.245520 2.125005 1.100396
v 0.242600 2.121139 1.109384
v 0.241390 2.111805 1.113106
v 0.687235 2.123072 -0.284411
v 0.695768 2.111805 -0.286094
v 0.695768 2.111805 0.982979
v 0.691902 2.121139 0.982675
v 0.682568 2.125005 0.981940
v 0.597202 2.125005 1.100249
v 0.600122 2.121139 1.109236
v 0.601331 2.111805 1.112959
v 0.631575 2.125005 1.082735
v 0.637130 2.121139 1.090380
v 0.639431 2.111805 1.093547
v 0.658854 2.125005 1.055455
v 0.666499 2.121139 1.061010
v 0.669666 2.111805 1.063311
v 0.676368 2.125005 1.021082
v 0.685356 2.121139 1.024003
v 0.689079 2.111805 1.025212
v 0.149036 1.936455 -0.286094
v 0.162235 1.923255 -0.286094
v 0.152902 1.927121 -0.286094
v 0.162235 1.923255 0.984952
v 0.152902 1.927121 0.985687
v 0.149036 1.936455 0.985991
v 0.695768 1.936455 -0.286094
v 0.691902 1.927121 -0.286094
v 0.682568 1.923255 -0.286094
v 0.682568 1.923255 0.981940
v 0.691902 1.927121 0.982675
v 0.695768 1.936455 0.982979
v 0.283732 1.923255 1.106448
v 0.282997 1.927121 1.115782
v 0.282693 1.936455 1.119648
v 0.558060 1.923255 1.106448
v 0.558794 1.927121 1.115782
v 0.559098 1.936455 1.119648
v 0.168288 1.923255 1.023164
v 0.159300 1.927121 1.026084
v 0.155577 1.936455 1.027293
v 0.185374 1.923255 1.056697
v 0.177729 1.927121 1.062252
v 0.174562 1.936455 1.064553
v 0.211987 1.923255 1.083310
v 0.206432 1.927121 1.090955
v 0.204131 1.936455 1.094122
v 0.245520 1.923255 1.100396
v 0.242600 1.927121 1.109384
v 0.241390 1.936455 1.113106
v 0.597202 1.923255 1.100249
v 0.600122 1.927121 1.109236
v 0.601331 1.936455 1.112959
v 0.631575 1.923255 1.082735
v 0.637130 1.927121 1.090380
v 0.639431 1.936455 1.093547
v 0.658854 1.923255 1.055455
v 0.666499 1.927121 1.061010
v 0.669666 1.936455 1.063311
v 0.676368 1.923255 1.021082
v 0.685356 1.927121 1.024003
v 0.689079 1.936455 1.025212
vt 0.516324 0.393558
vt 0.513696 0.393558
vt 0.513577 0.037242
vt 0.516408 0.037322
vt 0.464552 0.393590
vt 0.464467 0.037243
vt 0.513584 0.025560
vt 0.516457 0.025579
vt 0.461721 0.393591
vt 0.461637 0.037323
vt 0.464461 0.025566
vt 0.513584 0.013833
vt 0.516448 0.013834
vt 0.461590 0.025588
vt 0.464454 0.013840
vt 0.513597 0.002107
vt 0.516461 0.002296
vt 0.461589 0.013844
vt 0.464440 0.002111
vt 0.461574 0.002296
vt 0.577773 0.002107
vt 0.580603 0.002108
vt 0.580477 0.357618
vt 0.577646 0.357696
vt 0.580483 0.369638
vt 0.577625 0.369637
vt 0.528529 0.357696
vt 0.528402 0.002107
vt 0.580466 0.381568
vt 0.577620 0.381581
vt 0.528550 0.369637
vt 0.525571 0.002108
vt 0.525697 0.357618
vt 0.580530 0.393359
vt 0.577664 0.393549
vt 0.528555 0.381581
vt 0.525692 0.369638
vt 0.528511 0.393549
vt 0.525709 0.381568
vt 0.525645 0.393359
vt 0.636025 0.004680
vt 0.635814 0.001835
vt 0.713465 0.001849
vt 0.713253 0.004694
vt 0.625266 0.006384
vt 0.624376 0.003643
vt 0.725162 0.003700
vt 0.724272 0.006440
vt 0.748303 0.039749
vt 0.749666 0.396231
vt 0.600420 0.396226
vt 0.601816 0.038886
vt 0.603521 0.028128
vt 0.608333 0.018686
vt 0.615826 0.011194
vt 0.733949 0.011372
vt 0.741628 0.019053
vt 0.746559 0.028730
vt 0.614132 0.008862
vt 0.735643 0.009040
vt 0.751148 0.039541
vt 0.598971 0.038679
vt 0.600779 0.027236
vt 0.606002 0.016991
vt 0.743961 0.017359
vt 0.749300 0.027841
vt 0.912167 0.001888
vt 0.915012 0.001888
vt 0.915012 0.359117
vt 0.912167 0.358909
vt 0.913149 0.370810
vt 0.910411 0.369917
vt 0.877106 0.393914
vt 0.799916 0.393889
vt 0.789168 0.392183
vt 0.779730 0.387375
vt 0.772240 0.379888
vt 0.767428 0.370456
vt 0.765719 0.359710
vt 0.765688 0.001903
vt 0.905475 0.379581
vt 0.897794 0.387250
vt 0.888120 0.392173
vt 0.907801 0.381275
vt 0.799704 0.396732
vt 0.877317 0.396757
vt 0.788280 0.394921
vt 0.778039 0.389706
vt 0.769910 0.381582
vt 0.764689 0.371347
vt 0.762875 0.359918
vt 0.762843 0.001904
vt 0.899484 0.389579
vt 0.889006 0.394912
vt 0.123131 0.672910
vt 0.120307 0.672919
vt 0.120229 0.595738
vt 0.123051 0.595797
vt 0.123131 0.684284
vt 0.120275 0.684345
vt 0.071487 0.672588
vt 0.071477 0.595711
vt 0.120200 0.583828
vt 0.123036 0.583836
vt 0.123112 0.695742
vt 0.120255 0.695928
vt 0.071446 0.684153
vt 0.068675 0.672521
vt 0.068663 0.595773
vt 0.071456 0.583814
vt 0.120228 0.571922
vt 0.123065 0.572098
vt 0.071375 0.695785
vt 0.068616 0.684129
vt 0.068615 0.583828
vt 0.071413 0.571914
vt 0.068559 0.695569
vt 0.068570 0.572095
vt 0.061967 0.692196
vt 0.060879 0.694824
vt 0.058251 0.695912
vt 0.008880 0.695912
vt 0.005980 0.694167
vt 0.005980 0.543723
vt 0.008880 0.541977
vt 0.058251 0.541977
vt 0.060879 0.543066
vt 0.061967 0.545694
vn -0.856746 0.515738 -0.001181
vn -0.999520 0.030971 -0.000071
vn -0.999464 0.032373 0.004878
vn -0.858694 0.512481 0.002692
vn -0.000022 1.000000 -0.000477
vn -0.007568 0.924052 0.382192
vn 0.007724 0.924055 0.382181
vn 0.000015 1.000000 -0.000474
vn -0.018852 0.383149 0.923494
vn -0.020573 0.020531 0.999578
vn 0.020975 0.020531 0.999569
vn 0.019224 0.383157 0.923483
vn 0.999520 0.030972 -0.000071
vn 0.856743 0.515743 -0.001183
vn 0.858739 0.512407 0.002784
vn 0.999464 0.032364 0.004998
vn 0.000013 0.999999 -0.001404
vn 0.001964 0.999997 -0.001379
vn 0.382438 0.923974 0.003627
vn -0.000021 0.999999 -0.001404
vn -0.001973 0.999997 -0.001379
vn -0.000245 0.999999 -0.001325
vn -0.000207 0.999999 -0.001256
vn -0.000151 0.999999 -0.001200
vn -0.000082 0.999999 -0.001163
vn 0.000076 0.999999 -0.001157
vn 0.000147 0.999999 -0.001195
vn 0.000204 0.999999 -0.001252
vn 0.000242 0.999999 -0.001323
vn -0.382446 0.923971 0.003541
vn -0.360283 0.925537 0.116520
vn -0.950868 0.020165 0.308940
vn -0.877136 0.386745 0.284714
vn 0.116531 0.925536 0.360282
vn 0.308942 0.020170 0.950867
vn 0.284716 0.386740 0.877137
vn -0.306338 0.925538 0.222568
vn -0.808852 0.020129 0.587667
vn -0.746062 0.386743 0.542053
vn -0.222568 0.925537 0.306341
vn -0.587667 0.020128 0.808852
vn -0.542046 0.386739 0.746069
vn -0.116520 0.925537 0.360284
vn -0.308942 0.020165 0.950867
vn -0.284713 0.386744 0.877136
vn 0.222568 0.925536 0.306344
vn 0.587668 0.020135 0.808852
vn 0.542048 0.386738 0.746068
vn 0.306338 0.925537 0.222574
vn 0.808853 0.020135 0.587667
vn 0.746063 0.386742 0.542052
vn 0.360279 0.925537 0.116533
vn 0.950867 0.020170 0.308941
vn 0.877133 0.386743 0.284724
vn 0.006721 -0.999977 -0.000000
vn 0.382675 -0.923883 0.000000
vn 0.382549 -0.923933 0.001863
vn 0.003845 -0.999993 0.000019
vn 0.923882 -0.382678 0.000000
vn 0.999781 -0.020927 0.000000
vn 0.999776 -0.020547 0.005097
vn 0.923818 -0.382803 0.004664
vn 0.000019 -1.000000 0.000933
vn -0.000018 -1.000000 0.000930
vn -0.000078 -1.000000 0.000242
vn -0.000148 -1.000000 0.000204
vn -0.000204 -1.000000 0.000148
vn -0.000242 -1.000000 0.000078
vn -0.003851 -0.999993 0.000018
vn -0.006737 -0.999977 -0.000000
vn 0.000248 -1.000000 0.000080
vn 0.000209 -1.000000 0.000152
vn 0.000152 -1.000000 0.000209
vn 0.000080 -1.000000 0.000248
vn -0.020573 -0.020530 0.999578
vn 0.020975 -0.020531 0.999569
vn -0.999781 -0.020926 0.000000
vn -0.999776 -0.020547 0.004977
vn -0.950868 -0.020165 0.308940
vn -0.808853 -0.020129 0.587667
vn -0.587668 -0.020129 0.808852
vn -0.308942 -0.020165 0.950867
vn 0.308942 -0.020170 0.950867
vn 0.587668 -0.020135 0.808852
vn 0.808853 -0.020135 0.587667
vn 0.950867 -0.020170 0.308941
vn -0.000000 0.008309 -0.999965
vn -0.000000 0.008309 -0.999966
vn -0.000000 0.008309 -0.999965
vn -0.000000 0.008309 -0.999966
vn -0.000000 0.008309 -0.999966
vn -0.000000 0.008309 -0.999965
vn -0.000000 0.008309 -0.999966
vn -0.000000 0.008309 -0.999965
vn -0.000000 0.008309 -0.999966
vn -0.000000 0.008309 -0.999965
vn -0.923883 -0.382676 0.000000
vn -0.923821 -0.382799 0.004553
vn -0.382676 -0.923883 0.000000
vn -0.382554 -0.923931 0.001817
vn 0.360270 -0.925541 0.116527
vn 0.877136 -0.386740 0.284719
vn -0.007568 -0.924065 0.382160
vn -0.116516 -0.925542 0.360272
vn -0.018852 -0.383148 0.923494
vn -0.284714 -0.386740 0.877138
vn 0.019225 -0.383155 0.923484
vn 0.007724 -0.924069 0.382149
vn -0.877138 -0.386741 0.284711
vn -0.360274 -0.925541 0.116518
vn -0.746066 -0.386740 0.542049
vn -0.306329 -0.925541 0.222569
vn -0.542052 -0.386737 0.746066
vn -0.222561 -0.925542 0.306331
vn 0.284715 -0.386734 0.877140
vn 0.116526 -0.925541 0.360271
vn 0.542048 -0.386736 0.746069
vn 0.222561 -0.925542 0.306331
vn 0.746066 -0.386740 0.542049
vn 0.306331 -0.925542 0.222562
s 1
g AllObjects AllObjects Objects WoodDock_Beam5
usemtl lambert22SG
f 329/513/481 330/514/482 333/515/483 332/516/484
s 2
f 336/553/485 335/554/486 338/555/487 337/556/488
s 1
f 335/607/489 334/608/490 339/609/491 338/610/492
f 353/533/493 352/534/494 355/535/495 354/536/496
s 2
f 352/562/497 356/561/498 355/573/499
f 356/561/498 352/562/497 329/563/500 331/564/501 340/565/502 343/566/503 346/567/504 349/557/505 336/553/485 337/556/488 357/560/506 360/568/507 363/569/508 366/570/509
f 331/564/501 332/574/510 341/575/511 340/565/502
s 1
f 332/516/484 333/515/483 342/519/512 341/520/513
s 2
f 337/556/488 338/555/487 358/559/514 357/560/506
s 1
f 338/610/492 339/609/491 359/615/515 358/616/516
s 2
f 340/565/502 341/575/511 344/576/517 343/566/503
s 1
f 341/520/513 342/519/512 345/524/518 344/525/519
s 2
f 343/566/503 344/576/517 347/571/520 346/567/504
s 1
f 344/525/519 345/524/518 348/528/521 347/529/522
s 2
f 346/567/504 347/571/520 350/558/523 349/557/505
s 1
f 347/617/522 348/618/521 351/612/524 350/611/525
f 334/608/490 335/607/489 350/611/525 351/612/524
s 2
f 335/554/486 336/553/485 349/557/505 350/558/523
f 357/560/506 358/559/514 361/572/526 360/568/507
s 1
f 358/616/516 359/615/515 362/623/527 361/624/528
s 2
f 360/568/507 361/572/526 364/577/529 363/569/508
s 1
f 361/546/528 362/547/527 365/542/530 364/541/531
s 2
f 363/569/508 364/577/529 367/578/532 366/570/509
s 1
f 364/541/531 365/542/530 368/538/533 367/537/534
f 354/536/496 355/535/495 367/537/534 368/538/533
s 2
f 355/573/499 356/561/498 366/570/509 367/578/532
s 5
f 377/579/535 376/580/536 379/581/537 378/582/538
s 1
f 376/544/539 375/540/540 380/539/541 379/545/542
s 5
f 384/585/543 381/586/544 396/587/545 393/588/546 390/589/547 387/590/548 372/591/549 370/592/550 377/579/535 378/582/538 408/584/551 405/593/552 402/594/553 399/595/554
s 1
f 334/608/490 383/613/555 386/614/556 339/609/491
f 354/536/496 380/539/541 375/540/540 353/533/493
f 369/517/557 374/518/558 333/515/483 330/514/482
f 374/518/558 389/523/559 342/519/512 333/515/483
f 389/523/559 392/527/560 345/524/518 342/519/512
f 392/527/560 395/531/561 348/528/521 345/524/518
f 395/625/561 398/619/562 351/612/524 348/618/521
f 398/619/562 383/613/555 334/608/490 351/612/524
f 386/614/556 401/622/563 359/615/515 339/609/491
f 401/622/563 404/628/564 362/623/527 359/615/515
f 404/550/564 407/548/565 365/542/530 362/547/527
f 407/548/565 410/543/566 368/538/533 365/542/530
f 410/543/566 380/539/541 354/536/496 368/538/533
s off
f 370/631/567 371/632/568 369/633/569 330/634/570 329/635/571 352/636/572 353/637/573 375/638/574 376/639/575 377/640/576
s 1
f 369/517/557 371/521/577 373/522/578 374/518/558
s 5
f 371/604/579 370/592/550 372/591/549 373/603/580
f 378/582/538 379/581/537 409/583/581 408/584/551
s 1
f 379/545/542 380/539/541 410/543/566 409/549/582
s 5
f 381/586/544 382/597/583 397/599/584 396/587/545
s 1
f 382/620/585 383/613/555 398/619/562 397/626/586
f 383/613/555 382/620/585 385/621/587 386/614/556
s 5
f 382/597/583 381/586/544 384/585/543 385/598/588
s 1
f 374/518/558 373/522/578 388/526/589 389/523/559
s 5
f 373/603/580 372/591/549 387/590/548 388/602/590
s 1
f 389/523/559 388/526/589 391/530/591 392/527/560
s 5
f 388/602/590 387/590/548 390/589/547 391/601/592
s 1
f 392/527/560 391/530/591 394/532/593 395/531/561
s 5
f 391/601/592 390/589/547 393/588/546 394/600/594
s 1
f 395/625/561 394/629/593 397/626/586 398/619/562
s 5
f 394/600/594 393/588/546 396/587/545 397/599/584
s 1
f 386/614/556 385/621/587 400/627/595 401/622/563
s 5
f 385/598/588 384/585/543 399/595/554 400/606/596
s 1
f 401/622/563 400/627/595 403/630/597 404/628/564
s 5
f 400/606/596 399/595/554 402/594/553 403/605/598
s 1
f 404/550/564 403/552/597 406/551/599 407/548/565
s 5
f 403/605/598 402/594/553 405/593/552 406/596/600
s 1
f 407/548/565 406/551/599 409/549/582 410/543/566
s 5
f 406/596/600 405/593/552 408/584/551 409/583/581
s 2
f 329/563/500 332/574/510 331/564/501
g default
v 0.675135 2.123072 -0.284411
v 0.666602 2.111805 -0.286094
v 0.679802 2.125005 0.984952
v 0.670468 2.121139 0.985687
v 0.666602 2.111805 0.985991
v 0.800259 2.111805 1.119648
v 0.800563 2.121139 1.115782
v 0.801298 2.125005 1.106448
v 1.075626 2.125005 1.106448
v 1.076360 2.121139 1.115782
v 1.076665 2.111805 1.119648
v 0.685854 2.125005 1.023164
v 0.676866 2.121139 1.026084
v 0.673144 2.111805 1.027293
v 0.702940 2.125005 1.056697
v 0.695295 2.121139 1.062252
v 0.692128 2.111805 1.064553
v 0.729553 2.125005 1.083310
v 0.723998 2.121139 1.090955
v 0.721697 2.111805 1.094122
v 0.763086 2.125005 1.100396
v 0.760166 2.121139 1.109384
v 0.758957 2.111805 1.113106
v 1.204801 2.123072 -0.284411
v 1.213334 2.111805 -0.286094
v 1.213334 2.111805 0.982979
v 1.209468 2.121139 0.982675
v 1.200134 2.125005 0.981940
v 1.114768 2.125005 1.100249
v 1.117688 2.121139 1.109236
v 1.118898 2.111805 1.112959
v 1.149141 2.125005 1.082735
v 1.154696 2.121139 1.090380
v 1.156997 2.111805 1.093547
v 1.176420 2.125005 1.055455
v 1.184066 2.121139 1.061010
v 1.187232 2.111805 1.063311
v 1.193935 2.125005 1.021082
v 1.202922 2.121139 1.024003
v 1.206645 2.111805 1.025212
v 0.666602 1.936455 -0.286094
v 0.679802 1.923255 -0.286094
v 0.670468 1.927121 -0.286094
v 0.679802 1.923255 0.984952
v 0.670468 1.927121 0.985687
v 0.666602 1.936455 0.985991
v 1.213334 1.936455 -0.286094
v 1.209468 1.927121 -0.286094
v 1.200134 1.923255 -0.286094
v 1.200134 1.923255 0.981940
v 1.209468 1.927121 0.982675
v 1.213334 1.936455 0.982979
v 0.801298 1.923255 1.106448
v 0.800563 1.927121 1.115782
v 0.800259 1.936455 1.119648
v 1.075626 1.923255 1.106448
v 1.076360 1.927121 1.115782
v 1.076665 1.936455 1.119648
v 0.685854 1.923255 1.023164
v 0.676866 1.927121 1.026084
v 0.673144 1.936455 1.027293
v 0.702940 1.923255 1.056697
v 0.695295 1.927121 1.062252
v 0.692128 1.936455 1.064553
v 0.729553 1.923255 1.083310
v 0.723998 1.927121 1.090955
v 0.721697 1.936455 1.094122
v 0.763086 1.923255 1.100396
v 0.760166 1.927121 1.109384
v 0.758957 1.936455 1.113106
v 1.114768 1.923255 1.100249
v 1.117688 1.927121 1.109236
v 1.118898 1.936455 1.112959
v 1.149141 1.923255 1.082735
v 1.154696 1.927121 1.090380
v 1.156997 1.936455 1.093547
v 1.176420 1.923255 1.055455
v 1.184066 1.927121 1.061010
v 1.187232 1.936455 1.063311
v 1.193935 1.923255 1.021082
v 1.202922 1.927121 1.024003
v 1.206645 1.936455 1.025212
vt 0.526263 0.802845
vt 0.523667 0.802845
vt 0.523550 0.450962
vt 0.526346 0.451040
vt 0.475135 0.802876
vt 0.475051 0.450963
vt 0.523556 0.439425
vt 0.526394 0.439444
vt 0.472339 0.802877
vt 0.472256 0.451042
vt 0.475045 0.439432
vt 0.523557 0.427844
vt 0.526385 0.427845
vt 0.472210 0.439453
vt 0.475038 0.427851
vt 0.523569 0.416265
vt 0.526398 0.416451
vt 0.472208 0.427855
vt 0.475024 0.416268
vt 0.472194 0.416451
vt 0.592880 0.414550
vt 0.595675 0.414551
vt 0.595551 0.765637
vt 0.592755 0.765714
vt 0.595557 0.777508
vt 0.592734 0.777506
vt 0.544249 0.765714
vt 0.544124 0.414550
vt 0.595540 0.789289
vt 0.592729 0.789301
vt 0.544270 0.777506
vt 0.541328 0.414551
vt 0.541453 0.765637
vt 0.595603 0.800933
vt 0.592773 0.801121
vt 0.544275 0.789301
vt 0.541447 0.777508
vt 0.544231 0.801121
vt 0.541464 0.789289
vt 0.541401 0.800933
vt 0.170824 0.414200
vt 0.170616 0.411390
vt 0.247301 0.411404
vt 0.247092 0.414214
vt 0.160199 0.415883
vt 0.159320 0.413176
vt 0.258852 0.413232
vt 0.257973 0.415938
vt 0.281706 0.448832
vt 0.283052 0.800880
vt 0.135662 0.800875
vt 0.137041 0.447981
vt 0.138725 0.437356
vt 0.143477 0.428032
vt 0.150877 0.420633
vt 0.267530 0.420809
vt 0.275114 0.428394
vt 0.279983 0.437951
vt 0.149204 0.418330
vt 0.269203 0.418506
vt 0.284515 0.448628
vt 0.134232 0.447776
vt 0.136017 0.436476
vt 0.141175 0.426358
vt 0.277418 0.426721
vt 0.282690 0.437073
vt 0.453403 0.413709
vt 0.456212 0.413709
vt 0.456212 0.766493
vt 0.453403 0.766288
vt 0.454372 0.778040
vt 0.451669 0.777158
vt 0.418778 0.800857
vt 0.342549 0.800832
vt 0.331935 0.799147
vt 0.322614 0.794399
vt 0.315217 0.787005
vt 0.310465 0.777691
vt 0.308777 0.767079
vt 0.308746 0.413724
vt 0.446794 0.786702
vt 0.439209 0.794276
vt 0.429655 0.799138
vt 0.449092 0.788376
vt 0.342339 0.803639
vt 0.418986 0.803665
vt 0.331057 0.801851
vt 0.320944 0.796701
vt 0.312916 0.788679
vt 0.307760 0.778571
vt 0.305969 0.767284
vt 0.305937 0.413724
vt 0.440878 0.796576
vt 0.430530 0.801843
vt 0.122817 0.822274
vt 0.120027 0.822282
vt 0.119951 0.746062
vt 0.122738 0.746120
vt 0.122817 0.833506
vt 0.119996 0.833567
vt 0.071815 0.821956
vt 0.071805 0.746035
vt 0.119922 0.734300
vt 0.122723 0.734308
vt 0.122798 0.844821
vt 0.119977 0.845006
vt 0.071774 0.833376
vt 0.069038 0.821889
vt 0.069026 0.746096
vt 0.071785 0.734286
vt 0.119950 0.722542
vt 0.122752 0.722716
vt 0.071705 0.844864
vt 0.068980 0.833354
vt 0.068978 0.734300
vt 0.071742 0.722534
vt 0.068923 0.844650
vt 0.068935 0.722713
vt 0.059975 0.869729
vt 0.058900 0.872325
vt 0.056305 0.873400
vt 0.007548 0.873400
vt 0.004684 0.871676
vt 0.004684 0.723104
vt 0.007548 0.721380
vt 0.056305 0.721380
vt 0.058900 0.722455
vt 0.059975 0.725050
vn -0.856745 0.515739 -0.001181
vn -0.999520 0.030971 -0.000071
vn -0.999464 0.032373 0.004878
vn -0.858693 0.512483 0.002692
vn -0.000022 1.000000 -0.000477
vn -0.007568 0.924052 0.382192
vn 0.007724 0.924055 0.382181
vn 0.000015 1.000000 -0.000474
vn -0.018852 0.383149 0.923494
vn -0.020573 0.020531 0.999578
vn 0.020975 0.020531 0.999569
vn 0.019224 0.383157 0.923483
vn 0.999520 0.030971 -0.000071
vn 0.856744 0.515740 -0.001183
vn 0.858740 0.512404 0.002784
vn 0.999464 0.032364 0.004998
vn 0.000013 0.999999 -0.001404
vn 0.001964 0.999997 -0.001379
vn 0.382448 0.923970 0.003627
vn -0.000021 0.999999 -0.001404
vn -0.001973 0.999997 -0.001379
vn -0.000245 0.999999 -0.001325
vn -0.000207 0.999999 -0.001256
vn -0.000151 0.999999 -0.001200
vn -0.000082 0.999999 -0.001163
vn 0.000076 0.999999 -0.001157
vn 0.000147 0.999999 -0.001195
vn 0.000204 0.999999 -0.001252
vn 0.000242 0.999999 -0.001323
vn -0.382447 0.923971 0.003541
vn -0.360283 0.925537 0.116520
vn -0.950868 0.020165 0.308940
vn -0.877135 0.386746 0.284714
vn 0.116531 0.925536 0.360283
vn 0.308942 0.020170 0.950867
vn 0.284716 0.386741 0.877136
vn -0.306338 0.925538 0.222568
vn -0.808852 0.020129 0.587667
vn -0.746061 0.386746 0.542052
vn -0.222569 0.925537 0.306341
vn -0.587667 0.020129 0.808852
vn -0.542045 0.386741 0.746068
vn -0.116520 0.925537 0.360284
vn -0.308942 0.020165 0.950867
vn -0.284713 0.386744 0.877136
vn 0.222569 0.925535 0.306345
vn 0.587668 0.020135 0.808852
vn 0.542047 0.386741 0.746067
vn 0.306338 0.925537 0.222574
vn 0.808853 0.020135 0.587667
vn 0.746065 0.386737 0.542053
vn 0.360280 0.925537 0.116533
vn 0.950867 0.020170 0.308941
vn 0.877135 0.386738 0.284725
vn 0.006721 -0.999977 -0.000000
vn 0.382677 -0.923882 0.000000
vn 0.382551 -0.923932 0.001863
vn 0.003845 -0.999993 0.000019
vn 0.923884 -0.382674 0.000000
vn 0.999781 -0.020926 0.000000
vn 0.999776 -0.020546 0.005097
vn 0.923820 -0.382800 0.004664
vn 0.000019 -1.000000 0.000933
vn -0.000018 -1.000000 0.000930
vn -0.000078 -1.000000 0.000242
vn -0.000148 -1.000000 0.000204
vn -0.000204 -1.000000 0.000148
vn -0.000242 -1.000000 0.000078
vn -0.003851 -0.999993 0.000018
vn -0.006737 -0.999977 -0.000000
vn 0.000248 -1.000000 0.000080
vn 0.000209 -1.000000 0.000152
vn 0.000152 -1.000000 0.000209
vn 0.000080 -1.000000 0.000248
vn -0.020573 -0.020530 0.999578
vn 0.020975 -0.020531 0.999569
vn -0.999781 -0.020926 0.000000
vn -0.999777 -0.020547 0.004977
vn -0.950868 -0.020165 0.308940
vn -0.808853 -0.020129 0.587667
vn -0.587668 -0.020129 0.808852
vn -0.308942 -0.020165 0.950867
vn 0.308942 -0.020170 0.950867
vn 0.587668 -0.020135 0.808852
vn 0.808853 -0.020135 0.587667
vn 0.950867 -0.020170 0.308941
vn -0.000000 0.008309 -0.999965
vn -0.000000 0.008309 -0.999966
vn -0.000000 0.008309 -0.999965
vn -0.000000 0.008309 -0.999966
vn -0.000000 0.008309 -0.999966
vn -0.000000 0.008309 -0.999965
vn -0.000000 0.008309 -0.999966
vn -0.000000 0.008309 -0.999965
vn -0.000000 0.008309 -0.999966
vn -0.000000 0.008309 -0.999965
vn -0.923883 -0.382676 0.000000
vn -0.923820 -0.382799 0.004553
vn -0.382676 -0.923883 0.000000
vn -0.382554 -0.923931 0.001817
vn 0.360271 -0.925541 0.116527
vn 0.877138 -0.386734 0.284720
vn -0.007568 -0.924065 0.382160
vn -0.116515 -0.925542 0.360272
vn -0.018852 -0.383148 0.923494
vn -0.284714 -0.386740 0.877137
vn 0.019225 -0.383155 0.923484
vn 0.007724 -0.924069 0.382149
vn -0.877138 -0.386742 0.284711
vn -0.360274 -0.925541 0.116518
vn -0.746066 -0.386741 0.542049
vn -0.306329 -0.925541 0.222568
vn -0.542052 -0.386738 0.746065
vn -0.222561 -0.925542 0.306331
vn 0.284715 -0.386735 0.877140
vn 0.116527 -0.925541 0.360272
vn 0.542048 -0.386737 0.746069
vn 0.222562 -0.925541 0.306332
vn 0.746068 -0.386733 0.542051
vn 0.306331 -0.925542 0.222562
s 1
g AllObjects AllObjects Objects WoodDock_Beam6
usemtl lambert22SG
f 411/641/601 412/642/602 415/643/603 414/644/604
s 2
f 418/681/605 417/682/606 420/683/607 419/684/608
s 1
f 417/735/609 416/736/610 421/737/611 420/738/612
f 435/661/613 434/662/614 437/663/615 436/664/616
s 2
f 434/690/617 438/689/618 437/701/619
f 438/689/618 434/690/617 411/691/620 413/692/621 422/693/622 425/694/623 428/695/624 431/685/625 418/681/605 419/684/608 439/688/626 442/696/627 445/697/628 448/698/629
f 413/692/621 414/702/630 423/703/631 422/693/622
s 1
f 414/644/604 415/643/603 424/647/632 423/648/633
s 2
f 419/684/608 420/683/607 440/687/634 439/688/626
s 1
f 420/738/612 421/737/611 441/743/635 440/744/636
s 2
f 422/693/622 423/703/631 426/704/637 425/694/623
s 1
f 423/648/633 424/647/632 427/652/638 426/653/639
s 2
f 425/694/623 426/704/637 429/699/640 428/695/624
s 1
f 426/653/639 427/652/638 430/656/641 429/657/642
s 2
f 428/695/624 429/699/640 432/686/643 431/685/625
s 1
f 429/745/642 430/746/641 433/740/644 432/739/645
f 416/736/610 417/735/609 432/739/645 433/740/644
s 2
f 417/682/606 418/681/605 431/685/625 432/686/643
f 439/688/626 440/687/634 443/700/646 442/696/627
s 1
f 440/744/636 441/743/635 444/751/647 443/752/648
s 2
f 442/696/627 443/700/646 446/705/649 445/697/628
s 1
f 443/674/648 444/675/647 447/670/650 446/669/651
s 2
f 445/697/628 446/705/649 449/706/652 448/698/629
s 1
f 446/669/651 447/670/650 450/666/653 449/665/654
f 436/664/616 437/663/615 449/665/654 450/666/653
s 2
f 437/701/619 438/689/618 448/698/629 449/706/652
s 5
f 459/707/655 458/708/656 461/709/657 460/710/658
s 1
f 458/672/659 457/668/660 462/667/661 461/673/662
s 5
f 466/713/663 463/714/664 478/715/665 475/716/666 472/717/667 469/718/668 454/719/669 452/720/670 459/707/655 460/710/658 490/712/671 487/721/672 484/722/673 481/723/674
s 1
f 416/736/610 465/741/675 468/742/676 421/737/611
f 436/664/616 462/667/661 457/668/660 435/661/613
f 451/645/677 456/646/678 415/643/603 412/642/602
f 456/646/678 471/651/679 424/647/632 415/643/603
f 471/651/679 474/655/680 427/652/638 424/647/632
f 474/655/680 477/659/681 430/656/641 427/652/638
f 477/753/681 480/747/682 433/740/644 430/746/641
f 480/747/682 465/741/675 416/736/610 433/740/644
f 468/742/676 483/750/683 441/743/635 421/737/611
f 483/750/683 486/756/684 444/751/647 441/743/635
f 486/678/684 489/676/685 447/670/650 444/675/647
f 489/676/685 492/671/686 450/666/653 447/670/650
f 492/671/686 462/667/661 436/664/616 450/666/653
s off
f 452/759/687 453/760/688 451/761/689 412/762/690 411/763/691 434/764/692 435/765/693 457/766/694 458/767/695 459/768/696
s 1
f 451/645/677 453/649/697 455/650/698 456/646/678
s 5
f 453/732/699 452/720/670 454/719/669 455/731/700
f 460/710/658 461/709/657 491/711/701 490/712/671
s 1
f 461/673/662 462/667/661 492/671/686 491/677/702
s 5
f 463/714/664 464/725/703 479/727/704 478/715/665
s 1
f 464/748/705 465/741/675 480/747/682 479/754/706
f 465/741/675 464/748/705 467/749/707 468/742/676
s 5
f 464/725/703 463/714/664 466/713/663 467/726/708
s 1
f 456/646/678 455/650/698 470/654/709 471/651/679
s 5
f 455/731/700 454/719/669 469/718/668 470/730/710
s 1
f 471/651/679 470/654/709 473/658/711 474/655/680
s 5
f 470/730/710 469/718/668 472/717/667 473/729/712
s 1
f 474/655/680 473/658/711 476/660/713 477/659/681
s 5
f 473/729/712 472/717/667 475/716/666 476/728/714
s 1
f 477/753/681 476/757/713 479/754/706 480/747/682
s 5
f 476/728/714 475/716/666 478/715/665 479/727/704
s 1
f 468/742/676 467/749/707 482/755/715 483/750/683
s 5
f 467/726/708 466/713/663 481/723/674 482/734/716
s 1
f 483/750/683 482/755/715 485/758/717 486/756/684
s 5
f 482/734/716 481/723/674 484/722/673 485/733/718
s 1
f 486/678/684 485/680/717 488/679/719 489/676/685
s 5
f 485/733/718 484/722/673 487/721/672 488/724/720
s 1
f 489/676/685 488/679/719 491/677/702 492/671/686
s 5
f 488/724/720 487/721/672 490/712/671 491/711/701
s 2
f 411/691/620 414/702/630 413/692/621
g default
v 1.209354 2.123072 -0.284411
v 1.200821 2.111805 -0.286094
v 1.214020 2.125005 0.984952
v 1.204687 2.121139 0.985687
v 1.200821 2.111805 0.985991
v 1.334478 2.111805 1.119648
v 1.334782 2.121139 1.115782
v 1.335517 2.125005 1.106448
v 1.609845 2.125005 1.106448
v 1.610579 2.121139 1.115782
v 1.610883 2.111805 1.119648
v 1.220073 2.125005 1.023164
v 1.211085 2.121139 1.026084
v 1.207362 2.111805 1.027293
v 1.237159 2.125005 1.056697
v 1.229514 2.121139 1.062252
v 1.226347 2.111805 1.064553
v 1.263772 2.125005 1.083310
v 1.258217 2.121139 1.090955
v 1.255916 2.111805 1.094122
v 1.297305 2.125005 1.100396
v 1.294385 2.121139 1.109384
v 1.293175 2.111805 1.113106
v 1.739020 2.123072 -0.284411
v 1.747553 2.111805 -0.286094
v 1.747553 2.111805 0.982979
v 1.743687 2.121139 0.982675
v 1.734353 2.125005 0.981940
v 1.648987 2.125005 1.100249
v 1.651907 2.121139 1.109236
v 1.653116 2.111805 1.112959
v 1.683360 2.125005 1.082735
v 1.688915 2.121139 1.090380
v 1.691216 2.111805 1.093547
v 1.710639 2.125005 1.055455
v 1.718284 2.121139 1.061010
v 1.721451 2.111805 1.063311
v 1.728153 2.125005 1.021082
v 1.737141 2.121139 1.024003
v 1.740864 2.111805 1.025212
v 1.200821 1.936455 -0.286094
v 1.214020 1.923255 -0.286094
v 1.204687 1.927121 -0.286094
v 1.214020 1.923255 0.984952
v 1.204687 1.927121 0.985687
v 1.200821 1.936455 0.985991
v 1.747553 1.936455 -0.286094
v 1.743687 1.927121 -0.286094
v 1.734353 1.923255 -0.286094
v 1.734353 1.923255 0.981940
v 1.743687 1.927121 0.982675
v 1.747553 1.936455 0.982979
v 1.335517 1.923255 1.106448
v 1.334782 1.927121 1.115782
v 1.334478 1.936455 1.119648
v 1.609845 1.923255 1.106448
v 1.610579 1.927121 1.115782
v 1.610883 1.936455 1.119648
v 1.220073 1.923255 1.023164
v 1.211085 1.927121 1.026084
v 1.207362 1.936455 1.027293
v 1.237159 1.923255 1.056697
v 1.229514 1.927121 1.062252
v 1.226347 1.936455 1.064553
v 1.263772 1.923255 1.083310
v 1.258217 1.927121 1.090955
v 1.255916 1.936455 1.094122
v 1.297305 1.923255 1.100396
v 1.294385 1.927121 1.109384
v 1.293175 1.936455 1.113106
v 1.648987 1.923255 1.100249
v 1.651907 1.927121 1.109236
v 1.653116 1.936455 1.112959
v 1.683360 1.923255 1.082735
v 1.688915 1.927121 1.090380
v 1.691216 1.936455 1.093547
v 1.710639 1.923255 1.055455
v 1.718284 1.927121 1.061010
v 1.721451 1.936455 1.063311
v 1.728153 1.923255 1.021082
v 1.737141 1.927121 1.024003
v 1.740864 1.936455 1.025212
vt 0.391015 0.393558
vt 0.388387 0.393558
vt 0.388268 0.037242
vt 0.391099 0.037322
vt 0.339243 0.393590
vt 0.339158 0.037243
vt 0.388274 0.025560
vt 0.391148 0.025579
vt 0.336412 0.393591
vt 0.336327 0.037323
vt 0.339152 0.025566
vt 0.388275 0.013833
vt 0.391138 0.013834
vt 0.336281 0.025588
vt 0.339145 0.013840
vt 0.388287 0.002107
vt 0.391152 0.002296
vt 0.336279 0.013844
vt 0.339130 0.002111
vt 0.336264 0.002296
vt 0.452463 0.002107
vt 0.455294 0.002108
vt 0.455168 0.357618
vt 0.452336 0.357696
vt 0.455174 0.369638
vt 0.452316 0.369637
vt 0.403220 0.357696
vt 0.403093 0.002107
vt 0.455156 0.381568
vt 0.452310 0.381580
vt 0.403240 0.369637
vt 0.400261 0.002108
vt 0.400388 0.357617
vt 0.455220 0.393359
vt 0.452355 0.393549
vt 0.403246 0.381580
vt 0.400382 0.369638
vt 0.403201 0.393549
vt 0.400400 0.381568
vt 0.400336 0.393359
vt 0.037088 0.004680
vt 0.036877 0.001835
vt 0.114528 0.001849
vt 0.114317 0.004694
vt 0.026330 0.006384
vt 0.025439 0.003643
vt 0.126225 0.003700
vt 0.125336 0.006440
vt 0.149367 0.039749
vt 0.150730 0.396231
vt 0.001483 0.396227
vt 0.002879 0.038886
vt 0.004585 0.028128
vt 0.009397 0.018686
vt 0.016889 0.011194
vt 0.135012 0.011372
vt 0.142692 0.019053
vt 0.147622 0.028730
vt 0.015195 0.008862
vt 0.136707 0.009040
vt 0.152211 0.039541
vt 0.000035 0.038679
vt 0.001843 0.027236
vt 0.007066 0.016991
vt 0.145025 0.017359
vt 0.150364 0.027841
vt 0.323850 0.001888
vt 0.326694 0.001888
vt 0.326695 0.359117
vt 0.323850 0.358909
vt 0.324832 0.370810
vt 0.322094 0.369917
vt 0.288789 0.393914
vt 0.211599 0.393889
vt 0.200851 0.392183
vt 0.191413 0.387375
vt 0.183923 0.379888
vt 0.179111 0.370456
vt 0.177402 0.359710
vt 0.177370 0.001903
vt 0.317158 0.379581
vt 0.309477 0.387250
vt 0.299803 0.392173
vt 0.319484 0.381275
vt 0.211387 0.396731
vt 0.289000 0.396757
vt 0.199962 0.394921
vt 0.189722 0.389706
vt 0.181592 0.381582
vt 0.176372 0.371347
vt 0.174558 0.359918
vt 0.174526 0.001904
vt 0.311167 0.389579
vt 0.300689 0.394912
vt 0.059414 0.507247
vt 0.056590 0.507255
vt 0.056513 0.430075
vt 0.059334 0.430134
vt 0.059414 0.518621
vt 0.056558 0.518682
vt 0.007771 0.506925
vt 0.007760 0.430048
vt 0.056484 0.418165
vt 0.059320 0.418173
vt 0.059396 0.530078
vt 0.056539 0.530265
vt 0.007729 0.518489
vt 0.004958 0.506857
vt 0.004946 0.430109
vt 0.007739 0.418150
vt 0.056511 0.406259
vt 0.059349 0.406435
vt 0.007659 0.530121
vt 0.004900 0.518466
vt 0.004898 0.418164
vt 0.007696 0.406251
vt 0.004842 0.529905
vt 0.004854 0.406432
vt 0.123560 0.556267
vt 0.122472 0.558895
vt 0.119844 0.559984
vt 0.070473 0.559984
vt 0.067573 0.558238
vt 0.067573 0.407794
vt 0.070473 0.406049
vt 0.119844 0.406049
vt 0.122472 0.407137
vt 0.123560 0.409765
vn -0.856743 0.515742 -0.001181
vn -0.999520 0.030972 -0.000071
vn -0.999464 0.032373 0.004878
vn -0.858692 0.512486 0.002692
vn -0.000022 1.000000 -0.000477
vn -0.007568 0.924052 0.382192
vn 0.007724 0.924055 0.382181
vn 0.000015 1.000000 -0.000474
vn -0.018852 0.383149 0.923494
vn -0.020573 0.020531 0.999578
vn 0.020975 0.020531 0.999569
vn 0.019224 0.383157 0.923483
vn 0.999520 0.030972 -0.000071
vn 0.856741 0.515746 -0.001183
vn 0.858737 0.512409 0.002784
vn 0.999464 0.032364 0.004998
vn 0.000013 0.999999 -0.001404
vn 0.001964 0.999997 -0.001379
vn 0.382442 0.923973 0.003627
vn -0.000021 0.999999 -0.001404
vn -0.001973 0.999997 -0.001379
vn -0.000245 0.999999 -0.001325
vn -0.000207 0.999999 -0.001256
vn -0.000151 0.999999 -0.001200
vn -0.000082 0.999999 -0.001163
vn 0.000076 0.999999 -0.001157
vn 0.000147 0.999999 -0.001195
vn 0.000204 0.999999 -0.001252
vn 0.000242 0.999999 -0.001323
vn -0.382453 0.923968 0.003541
vn -0.360282 0.925538 0.116519
vn -0.950868 0.020164 0.308940
vn -0.877137 0.386742 0.284714
vn 0.116531 0.925536 0.360282
vn 0.308942 0.020170 0.950867
vn 0.284717 0.386738 0.877138
vn -0.306338 0.925538 0.222568
vn -0.808852 0.020129 0.587667
vn -0.746063 0.386740 0.542053
vn -0.222569 0.925537 0.306342
vn -0.587667 0.020128 0.808852
vn -0.542047 0.386737 0.746070
vn -0.116520 0.925537 0.360285
vn -0.308942 0.020165 0.950867
vn -0.284713 0.386743 0.877137
vn 0.222568 0.925536 0.306345
vn 0.587668 0.020135 0.808852
vn 0.542048 0.386737 0.746069
vn 0.306339 0.925536 0.222575
vn 0.808853 0.020135 0.587667
vn 0.746063 0.386744 0.542051
vn 0.360282 0.925536 0.116534
vn 0.950867 0.020170 0.308941
vn 0.877134 0.386741 0.284724
vn 0.006721 -0.999977 -0.000000
vn 0.382677 -0.923882 0.000000
vn 0.382551 -0.923933 0.001863
vn 0.003845 -0.999993 0.000019
vn 0.923884 -0.382674 0.000000
vn 0.999781 -0.020926 0.000000
vn 0.999776 -0.020546 0.005097
vn 0.923820 -0.382799 0.004664
vn 0.000019 -1.000000 0.000933
vn -0.000018 -1.000000 0.000930
vn -0.000078 -1.000000 0.000242
vn -0.000148 -1.000000 0.000204
vn -0.000204 -1.000000 0.000148
vn -0.000242 -1.000000 0.000078
vn -0.003851 -0.999993 0.000018
vn -0.006737 -0.999977 -0.000000
vn 0.000248 -1.000000 0.000080
vn 0.000209 -1.000000 0.000152
vn 0.000152 -1.000000 0.000209
vn 0.000080 -1.000000 0.000248
vn -0.020573 -0.020530 0.999578
vn 0.020975 -0.020531 0.999569
vn -0.999781 -0.020926 0.000000
vn -0.999777 -0.020546 0.004977
vn -0.950868 -0.020164 0.308940
vn -0.808853 -0.020129 0.587667
vn -0.587668 -0.020129 0.808852
vn -0.308942 -0.020165 0.950867
vn 0.308942 -0.020170 0.950867
vn 0.587668 -0.020135 0.808852
vn 0.808853 -0.020135 0.587667
vn 0.950867 -0.020170 0.308941
vn -0.000000 0.008309 -0.999965
vn -0.000000 0.008309 -0.999966
vn -0.000000 0.008309 -0.999965
vn -0.000000 0.008309 -0.999966
vn -0.000000 0.008309 -0.999966
vn -0.000000 0.008309 -0.999965
vn -0.000000 0.008309 -0.999966
vn -0.000000 0.008309 -0.999965
vn -0.000000 0.008309 -0.999966
vn -0.000000 0.008309 -0.999965
vn -0.923886 -0.382668 0.000000
vn -0.923824 -0.382791 0.004553
vn -0.382676 -0.923882 0.000000
vn -0.382554 -0.923932 0.001817
vn 0.360272 -0.925541 0.116528
vn 0.877137 -0.386738 0.284719
vn -0.007568 -0.924065 0.382160
vn -0.116515 -0.925542 0.360272
vn -0.018852 -0.383148 0.923494
vn -0.284714 -0.386741 0.877137
vn 0.019225 -0.383155 0.923484
vn 0.007724 -0.924069 0.382149
vn -0.877139 -0.386738 0.284712
vn -0.360272 -0.925542 0.116517
vn -0.746067 -0.386738 0.542050
vn -0.306329 -0.925541 0.222568
vn -0.542052 -0.386737 0.746066
vn -0.222561 -0.925542 0.306332
vn 0.284715 -0.386734 0.877140
vn 0.116527 -0.925541 0.360271
vn 0.542049 -0.386733 0.746070
vn 0.222562 -0.925542 0.306331
vn 0.746067 -0.386737 0.542051
vn 0.306332 -0.925541 0.222562
s 1
g AllObjects AllObjects Objects WoodDock_Beam7
usemtl lambert22SG
f 493/769/721 494/770/722 497/771/723 496/772/724
s 2
f 500/809/725 499/810/726 502/811/727 501/812/728
s 1
f 499/863/729 498/864/730 503/865/731 502/866/732
f 517/789/733 516/790/734 519/791/735 518/792/736
s 2
f 516/818/737 520/817/738 519/829/739
f 520/817/738 516/818/737 493/819/740 495/820/741 504/821/742 507/822/743 510/823/744 513/813/745 500/809/725 501/812/728 521/816/746 524/824/747 527/825/748 530/826/749
f 495/820/741 496/830/750 505/831/751 504/821/742
s 1
f 496/772/724 497/771/723 506/775/752 505/776/753
s 2
f 501/812/728 502/811/727 522/815/754 521/816/746
s 1
f 502/866/732 503/865/731 523/871/755 522/872/756
s 2
f 504/821/742 505/831/751 508/832/757 507/822/743
s 1
f 505/776/753 506/775/752 509/780/758 508/781/759
s 2
f 507/822/743 508/832/757 511/827/760 510/823/744
s 1
f 508/781/759 509/780/758 512/784/761 511/785/762
s 2
f 510/823/744 511/827/760 514/814/763 513/813/745
s 1
f 511/873/762 512/874/761 515/868/764 514/867/765
f 498/864/730 499/863/729 514/867/765 515/868/764
s 2
f 499/810/726 500/809/725 513/813/745 514/814/763
f 521/816/746 522/815/754 525/828/766 524/824/747
s 1
f 522/872/756 523/871/755 526/879/767 525/880/768
s 2
f 524/824/747 525/828/766 528/833/769 527/825/748
s 1
f 525/802/768 526/803/767 529/798/770 528/797/771
s 2
f 527/825/748 528/833/769 531/834/772 530/826/749
s 1
f 528/797/771 529/798/770 532/794/773 531/793/774
f 518/792/736 519/791/735 531/793/774 532/794/773
s 2
f 519/829/739 520/817/738 530/826/749 531/834/772
s 5
f 541/835/775 540/836/776 543/837/777 542/838/778
s 1
f 540/800/779 539/796/780 544/795/781 543/801/782
s 5
f 548/841/783 545/842/784 560/843/785 557/844/786 554/845/787 551/846/788 536/847/789 534/848/790 541/835/775 542/838/778 572/840/791 569/849/792 566/850/793 563/851/794
s 1
f 498/864/730 547/869/795 550/870/796 503/865/731
f 518/792/736 544/795/781 539/796/780 517/789/733
f 533/773/797 538/774/798 497/771/723 494/770/722
f 538/774/798 553/779/799 506/775/752 497/771/723
f 553/779/799 556/783/800 509/780/758 506/775/752
f 556/783/800 559/787/801 512/784/761 509/780/758
f 559/881/801 562/875/802 515/868/764 512/874/761
f 562/875/802 547/869/795 498/864/730 515/868/764
f 550/870/796 565/878/803 523/871/755 503/865/731
f 565/878/803 568/884/804 526/879/767 523/871/755
f 568/806/804 571/804/805 529/798/770 526/803/767
f 571/804/805 574/799/806 532/794/773 529/798/770
f 574/799/806 544/795/781 518/792/736 532/794/773
s off
f 534/887/807 535/888/808 533/889/809 494/890/810 493/891/811 516/892/812 517/893/813 539/894/814 540/895/815 541/896/816
s 1
f 533/773/797 535/777/817 537/778/818 538/774/798
s 5
f 535/860/819 534/848/790 536/847/789 537/859/820
f 542/838/778 543/837/777 573/839/821 572/840/791
s 1
f 543/801/782 544/795/781 574/799/806 573/805/822
s 5
f 545/842/784 546/853/823 561/855/824 560/843/785
s 1
f 546/876/825 547/869/795 562/875/802 561/882/826
f 547/869/795 546/876/825 549/877/827 550/870/796
s 5
f 546/853/823 545/842/784 548/841/783 549/854/828
s 1
f 538/774/798 537/778/818 552/782/829 553/779/799
s 5
f 537/859/820 536/847/789 551/846/788 552/858/830
s 1
f 553/779/799 552/782/829 555/786/831 556/783/800
s 5
f 552/858/830 551/846/788 554/845/787 555/857/832
s 1
f 556/783/800 555/786/831 558/788/833 559/787/801
s 5
f 555/857/832 554/845/787 557/844/786 558/856/834
s 1
f 559/881/801 558/885/833 561/882/826 562/875/802
s 5
f 558/856/834 557/844/786 560/843/785 561/855/824
s 1
f 550/870/796 549/877/827 564/883/835 565/878/803
s 5
f 549/854/828 548/841/783 563/851/794 564/862/836
s 1
f 565/878/803 564/883/835 567/886/837 568/884/804
s 5
f 564/862/836 563/851/794 566/850/793 567/861/838
s 1
f 568/806/804 567/808/837 570/807/839 571/804/805
s 5
f 567/861/838 566/850/793 569/849/792 570/852/840
s 1
f 571/804/805 570/807/839 573/805/822 574/799/806
s 5
f 570/852/840 569/849/792 572/840/791 573/839/821
s 2
f 493/819/740 496/830/750 495/820/741
g default
v 2.285524 2.123072 -0.284411
v 2.276991 2.111805 -0.286094
v 2.290190 2.125005 0.984952
v 2.280857 2.121139 0.985687
v 2.276991 2.111805 0.985991
v 2.410648 2.111805 1.119648
v 2.410952 2.121139 1.115782
v 2.411686 2.125005 1.106448
v 2.686015 2.125005 1.106448
v 2.686749 2.121139 1.115782
v 2.687053 2.111805 1.119648
v 2.296242 2.125005 1.023164
v 2.287255 2.121139 1.026084
v 2.283532 2.111805 1.027293
v 2.313329 2.125005 1.056697
v 2.305684 2.121139 1.062252
v 2.302517 2.111805 1.064553
v 2.339942 2.125005 1.083310
v 2.334387 2.121139 1.090955
v 2.332086 2.111805 1.094122
v 2.373475 2.125005 1.100396
v 2.370555 2.121139 1.109384
v 2.369345 2.111805 1.113106
v 2.815189 2.123072 -0.284411
v 2.823723 2.111805 -0.286094
v 2.823723 2.111805 0.982979
v 2.819857 2.121139 0.982675
v 2.810523 2.125005 0.981940
v 2.725157 2.125005 1.100249
v 2.728077 2.121139 1.109236
v 2.729286 2.111805 1.112959
v 2.759530 2.125005 1.082735
v 2.765085 2.121139 1.090380
v 2.767385 2.111805 1.093547
v 2.786809 2.125005 1.055455
v 2.794454 2.121139 1.061010
v 2.797621 2.111805 1.063311
v 2.804323 2.125005 1.021082
v 2.813311 2.121139 1.024003
v 2.817034 2.111805 1.025212
v 2.276991 1.936455 -0.286094
v 2.290190 1.923255 -0.286094
v 2.280857 1.927121 -0.286094
v 2.290190 1.923255 0.984952
v 2.280857 1.927121 0.985687
v 2.276991 1.936455 0.985991
v 2.823723 1.936455 -0.286094
v 2.819857 1.927121 -0.286094
v 2.810523 1.923255 -0.286094
v 2.810523 1.923255 0.981940
v 2.819857 1.927121 0.982675
v 2.823723 1.936455 0.982979
v 2.411686 1.923255 1.106448
v 2.410952 1.927121 1.115782
v 2.410648 1.936455 1.119648
v 2.686015 1.923255 1.106448
v 2.686749 1.927121 1.115782
v 2.687053 1.936455 1.119648
v 2.296242 1.923255 1.023164
v 2.287255 1.927121 1.026084
v 2.283532 1.936455 1.027293
v 2.313329 1.923255 1.056697
v 2.305684 1.927121 1.062252
v 2.302517 1.936455 1.064553
v 2.339942 1.923255 1.083310
v 2.334387 1.927121 1.090955
v 2.332086 1.936455 1.094122
v 2.373475 1.923255 1.100396
v 2.370555 1.927121 1.109384
v 2.369345 1.936455 1.113106
v 2.725157 1.923255 1.100249
v 2.728077 1.927121 1.109236
v 2.729286 1.936455 1.112959
v 2.759530 1.923255 1.082735
v 2.765085 1.927121 1.090380
v 2.767385 1.936455 1.093547
v 2.786809 1.923255 1.055455
v 2.794454 1.927121 1.061010
v 2.797621 1.936455 1.063311
v 2.804323 1.923255 1.021082
v 2.813311 1.927121 1.024003
v 2.817034 1.936455 1.025212
vt 0.526263 0.802845
vt 0.523667 0.802845
vt 0.523550 0.450962
vt 0.526346 0.451040
vt 0.475135 0.802876
vt 0.475051 0.450963
vt 0.523556 0.439425
vt 0.526394 0.439444
vt 0.472339 0.802877
vt 0.472256 0.451042
vt 0.475045 0.439432
vt 0.523557 0.427844
vt 0.526385 0.427845
vt 0.472210 0.439453
vt 0.475038 0.427851
vt 0.523569 0.416265
vt 0.526398 0.416451
vt 0.472208 0.427855
vt 0.475024 0.416268
vt 0.472194 0.416451
vt 0.592880 0.414550
vt 0.595675 0.414551
vt 0.595551 0.765637
vt 0.592755 0.765714
vt 0.595557 0.777508
vt 0.592734 0.777506
vt 0.544249 0.765714
vt 0.544124 0.414550
vt 0.595540 0.789289
vt 0.592729 0.789302
vt 0.544270 0.777506
vt 0.541328 0.414551
vt 0.541453 0.765637
vt 0.595603 0.800933
vt 0.592773 0.801121
vt 0.544275 0.789302
vt 0.541447 0.777508
vt 0.544231 0.801121
vt 0.541464 0.789289
vt 0.541401 0.800933
vt 0.170824 0.414200
vt 0.170616 0.411390
vt 0.247301 0.411404
vt 0.247092 0.414214
vt 0.160199 0.415883
vt 0.159320 0.413176
vt 0.258852 0.413232
vt 0.257973 0.415938
vt 0.281706 0.448832
vt 0.283052 0.800880
vt 0.135662 0.800875
vt 0.137041 0.447981
vt 0.138725 0.437356
vt 0.143477 0.428032
vt 0.150877 0.420633
vt 0.267530 0.420809
vt 0.275114 0.428394
vt 0.279983 0.437951
vt 0.149204 0.418330
vt 0.269203 0.418506
vt 0.284515 0.448628
vt 0.134232 0.447776
vt 0.136017 0.436476
vt 0.141175 0.426358
vt 0.277418 0.426721
vt 0.282690 0.437073
vt 0.453403 0.413709
vt 0.456212 0.413709
vt 0.456212 0.766493
vt 0.453403 0.766288
vt 0.454372 0.778040
vt 0.451669 0.777158
vt 0.418778 0.800857
vt 0.342549 0.800832
vt 0.331935 0.799147
vt 0.322614 0.794399
vt 0.315217 0.787005
vt 0.310465 0.777691
vt 0.308777 0.767079
vt 0.308746 0.413724
vt 0.446794 0.786702
vt 0.439209 0.794276
vt 0.429655 0.799138
vt 0.449092 0.788376
vt 0.342339 0.803639
vt 0.418987 0.803665
vt 0.331057 0.801851
vt 0.320944 0.796701
vt 0.312916 0.788679
vt 0.307760 0.778571
vt 0.305969 0.767284
vt 0.305937 0.413724
vt 0.440878 0.796576
vt 0.430530 0.801843
vt 0.122817 0.822274
vt 0.120027 0.822282
vt 0.119951 0.746062
vt 0.122738 0.746120
vt 0.122817 0.833506
vt 0.119996 0.833567
vt 0.071815 0.821956
vt 0.071805 0.746035
vt 0.119922 0.734300
vt 0.122723 0.734308
vt 0.122798 0.844821
vt 0.119977 0.845006
vt 0.071774 0.833376
vt 0.069038 0.821889
vt 0.069026 0.746096
vt 0.071785 0.734286
vt 0.119950 0.722542
vt 0.122752 0.722716
vt 0.071705 0.844863
vt 0.068980 0.833354
vt 0.068979 0.734299
vt 0.071742 0.722534
vt 0.068923 0.844650
vt 0.068935 0.722713
vt 0.059975 0.869729
vt 0.058900 0.872325
vt 0.056305 0.873400
vt 0.007548 0.873400
vt 0.004684 0.871676
vt 0.004684 0.723104
vt 0.007548 0.721380
vt 0.056305 0.721380
vt 0.058900 0.722455
vt 0.059975 0.725050
vn -0.856743 0.515742 -0.001181
vn -0.999520 0.030972 -0.000071
vn -0.999464 0.032373 0.004878
vn -0.858692 0.512486 0.002692
vn -0.000022 1.000000 -0.000477
vn -0.007568 0.924065 0.382160
vn 0.007724 0.924068 0.382150
vn 0.000015 1.000000 -0.000474
vn -0.018851 0.383149 0.923494
vn -0.020573 0.020530 0.999578
vn 0.020975 0.020531 0.999569
vn 0.019224 0.383156 0.923484
vn 0.999520 0.030971 -0.000071
vn 0.856748 0.515734 -0.001184
vn 0.858744 0.512398 0.002784
vn 0.999464 0.032363 0.004998
vn 0.000013 0.999999 -0.001404
vn 0.001964 0.999997 -0.001379
vn 0.382453 0.923968 0.003627
vn -0.000021 0.999999 -0.001404
vn -0.001973 0.999997 -0.001379
vn -0.000245 0.999999 -0.001325
vn -0.000207 0.999999 -0.001256
vn -0.000151 0.999999 -0.001200
vn -0.000082 0.999999 -0.001162
vn 0.000076 0.999999 -0.001157
vn 0.000147 0.999999 -0.001195
vn 0.000204 0.999999 -0.001252
vn 0.000242 0.999999 -0.001323
vn -0.382446 0.923971 0.003541
vn -0.360275 0.925541 0.116517
vn -0.950867 0.020164 0.308941
vn -0.877137 0.386742 0.284712
vn 0.116532 0.925535 0.360284
vn 0.308942 0.020170 0.950867
vn 0.284717 0.386742 0.877136
vn -0.306335 0.925539 0.222566
vn -0.808852 0.020129 0.587668
vn -0.746063 0.386749 0.542047
vn -0.222568 0.925537 0.306340
vn -0.587669 0.020129 0.808851
vn -0.542045 0.386742 0.746068
vn -0.116519 0.925537 0.360283
vn -0.308942 0.020164 0.950867
vn -0.284710 0.386740 0.877139
vn 0.222567 0.925536 0.306344
vn 0.587668 0.020135 0.808852
vn 0.542052 0.386740 0.746064
vn 0.306334 0.925538 0.222571
vn 0.808853 0.020135 0.587667
vn 0.746067 0.386742 0.542046
vn 0.360275 0.925539 0.116533
vn 0.950868 0.020170 0.308940
vn 0.877138 0.386735 0.284718
vn 0.006721 -0.999977 -0.000000
vn 0.382670 -0.923885 0.000000
vn 0.382545 -0.923935 0.001863
vn 0.003845 -0.999993 0.000019
vn 0.923890 -0.382658 0.000000
vn 0.999781 -0.020925 0.000000
vn 0.999776 -0.020546 0.005097
vn 0.923826 -0.382783 0.004664
vn 0.000019 -1.000000 0.000933
vn -0.000018 -1.000000 0.000930
vn -0.000078 -1.000000 0.000242
vn -0.000148 -1.000000 0.000204
vn -0.000204 -1.000000 0.000148
vn -0.000242 -1.000000 0.000078
vn -0.003851 -0.999993 0.000018
vn -0.006737 -0.999977 -0.000000
vn 0.000248 -1.000000 0.000080
vn 0.000209 -1.000000 0.000152
vn 0.000152 -1.000000 0.000209
vn 0.000080 -1.000000 0.000248
vn -0.020573 -0.020530 0.999578
vn 0.020975 -0.020531 0.999569
vn -0.999781 -0.020926 0.000000
vn -0.999776 -0.020546 0.004977
vn -0.950867 -0.020164 0.308942
vn -0.808852 -0.020129 0.587668
vn -0.587669 -0.020129 0.808851
vn -0.308942 -0.020165 0.950867
vn 0.308942 -0.020170 0.950867
vn 0.587667 -0.020135 0.808852
vn 0.808852 -0.020135 0.587667
vn 0.950868 -0.020169 0.308940
vn -0.000000 0.008309 -0.999966
vn -0.000000 0.008309 -0.999966
vn -0.000000 0.008309 -0.999965
vn -0.000000 0.008309 -0.999965
vn -0.000000 0.008309 -0.999965
vn -0.000000 0.008309 -0.999966
vn -0.000000 0.008309 -0.999966
vn -0.000000 0.008309 -0.999965
vn -0.000000 0.008309 -0.999966
vn -0.000000 0.008309 -0.999966
vn -0.923883 -0.382676 0.000000
vn -0.923821 -0.382799 0.004553
vn -0.382670 -0.923885 0.000000
vn -0.382547 -0.923934 0.001817
vn 0.360266 -0.925543 0.116527
vn 0.877138 -0.386730 0.284726
vn -0.007567 -0.924059 0.382176
vn -0.116516 -0.925542 0.360273
vn -0.018851 -0.383147 0.923495
vn -0.284712 -0.386739 0.877138
vn 0.019225 -0.383155 0.923484
vn 0.007723 -0.924061 0.382167
vn -0.877137 -0.386737 0.284719
vn -0.360266 -0.925544 0.116519
vn -0.746063 -0.386744 0.542050
vn -0.306328 -0.925542 0.222568
vn -0.542053 -0.386747 0.746060
vn -0.222562 -0.925541 0.306334
vn 0.284717 -0.386731 0.877140
vn 0.116526 -0.925538 0.360278
vn 0.542050 -0.386729 0.746072
vn 0.222560 -0.925543 0.306329
vn 0.746065 -0.386736 0.542055
vn 0.306327 -0.925544 0.222558
s 1
g AllObjects AllObjects Objects WoodDock_Beam9
usemtl lambert22SG
f 575/897/841 576/898/842 579/899/843 578/900/844
s 2
f 582/937/845 581/938/846 584/939/847 583/940/848
s 1
f 581/991/849 580/992/850 585/993/851 584/994/852
f 599/917/853 598/918/854 601/919/855 600/920/856
s 2
f 598/946/857 602/945/858 601/957/859
f 602/945/858 598/946/857 575/947/860 577/948/861 586/949/862 589/950/863 592/951/864 595/941/865 582/937/845 583/940/848 603/944/866 606/952/867 609/953/868 612/954/869
f 577/948/861 578/958/870 587/959/871 586/949/862
s 1
f 578/900/844 579/899/843 588/903/872 587/904/873
s 2
f 583/940/848 584/939/847 604/943/874 603/944/866
s 1
f 584/994/852 585/993/851 605/999/875 604/1000/876
s 2
f 586/949/862 587/959/871 590/960/877 589/950/863
s 1
f 587/904/873 588/903/872 591/908/878 590/909/879
s 2
f 589/950/863 590/960/877 593/955/880 592/951/864
s 1
f 590/909/879 591/908/878 594/912/881 593/913/882
s 2
f 592/951/864 593/955/880 596/942/883 595/941/865
s 1
f 593/1001/882 594/1002/881 597/996/884 596/995/885
f 580/992/850 581/991/849 596/995/885 597/996/884
s 2
f 581/938/846 582/937/845 595/941/865 596/942/883
f 603/944/866 604/943/874 607/956/886 606/952/867
s 1
f 604/1000/876 605/999/875 608/1007/887 607/1008/888
s 2
f 606/952/867 607/956/886 610/961/889 609/953/868
s 1
f 607/930/888 608/931/887 611/926/890 610/925/891
s 2
f 609/953/868 610/961/889 613/962/892 612/954/869
s 1
f 610/925/891 611/926/890 614/922/893 613/921/894
f 600/920/856 601/919/855 613/921/894 614/922/893
s 2
f 601/957/859 602/945/858 612/954/869 613/962/892
s 5
f 623/963/895 622/964/896 625/965/897 624/966/898
s 1
f 622/928/899 621/924/900 626/923/901 625/929/902
s 5
f 630/969/903 627/970/904 642/971/905 639/972/906 636/973/907 633/974/908 618/975/909 616/976/910 623/963/895 624/966/898 654/968/911 651/977/912 648/978/913 645/979/914
s 1
f 580/992/850 629/997/915 632/998/916 585/993/851
f 600/920/856 626/923/901 621/924/900 599/917/853
f 615/901/917 620/902/918 579/899/843 576/898/842
f 620/902/918 635/907/919 588/903/872 579/899/843
f 635/907/919 638/911/920 591/908/878 588/903/872
f 638/911/920 641/915/921 594/912/881 591/908/878
f 641/1009/921 644/1003/922 597/996/884 594/1002/881
f 644/1003/922 629/997/915 580/992/850 597/996/884
f 632/998/916 647/1006/923 605/999/875 585/993/851
f 647/1006/923 650/1012/924 608/1007/887 605/999/875
f 650/934/924 653/932/925 611/926/890 608/931/887
f 653/932/925 656/927/926 614/922/893 611/926/890
f 656/927/926 626/923/901 600/920/856 614/922/893
s off
f 616/1015/927 617/1016/928 615/1017/929 576/1018/930 575/1019/931 598/1020/932 599/1021/933 621/1022/934 622/1023/935 623/1024/936
s 1
f 615/901/917 617/905/937 619/906/938 620/902/918
s 5
f 617/988/939 616/976/910 618/975/909 619/987/940
f 624/966/898 625/965/897 655/967/941 654/968/911
s 1
f 625/929/902 626/923/901 656/927/926 655/933/942
s 5
f 627/970/904 628/981/943 643/983/944 642/971/905
s 1
f 628/1004/945 629/997/915 644/1003/922 643/1010/946
f 629/997/915 628/1004/945 631/1005/947 632/998/916
s 5
f 628/981/943 627/970/904 630/969/903 631/982/948
s 1
f 620/902/918 619/906/938 634/910/949 635/907/919
s 5
f 619/987/940 618/975/909 633/974/908 634/986/950
s 1
f 635/907/919 634/910/949 637/914/951 638/911/920
s 5
f 634/986/950 633/974/908 636/973/907 637/985/952
s 1
f 638/911/920 637/914/951 640/916/953 641/915/921
s 5
f 637/985/952 636/973/907 639/972/906 640/984/954
s 1
f 641/1009/921 640/1013/953 643/1010/946 644/1003/922
s 5
f 640/984/954 639/972/906 642/971/905 643/983/944
s 1
f 632/998/916 631/1005/947 646/1011/955 647/1006/923
s 5
f 631/982/948 630/969/903 645/979/914 646/990/956
s 1
f 647/1006/923 646/1011/955 649/1014/957 650/1012/924
s 5
f 646/990/956 645/979/914 648/978/913 649/989/958
s 1
f 650/934/924 649/936/957 652/935/959 653/932/925
s 5
f 649/989/958 648/978/913 651/977/912 652/980/960
s 1
f 653/932/925 652/935/959 655/933/942 656/927/926
s 5
f 652/980/960 651/977/912 654/968/911 655/967/941
s 2
f 575/947/860 578/958/870 577/948/861
g default
v 2.823609 2.123072 -0.284411
v 2.815076 2.111805 -0.286094
v 2.828275 2.125005 0.984952
v 2.818942 2.121139 0.985687
v 2.815076 2.111805 0.985991
v 2.948733 2.111805 1.119648
v 2.949037 2.121139 1.115782
v 2.949771 2.125005 1.106448
v 3.224100 2.125005 1.106448
v 3.224834 2.121139 1.115782
v 3.225138 2.111805 1.119648
v 2.834327 2.125005 1.023164
v 2.825340 2.121139 1.026084
v 2.821617 2.111805 1.027293
v 2.851414 2.125005 1.056697
v 2.843769 2.121139 1.062252
v 2.840602 2.111805 1.064553
v 2.878026 2.125005 1.083310
v 2.872472 2.121139 1.090955
v 2.870171 2.111805 1.094122
v 2.911560 2.125005 1.100396
v 2.908640 2.121139 1.109384
v 2.907430 2.111805 1.113106
v 3.353274 2.123072 -0.284411
v 3.361808 2.111805 -0.286094
v 3.361808 2.111805 0.982979
v 3.357942 2.121139 0.982675
v 3.348608 2.125005 0.981940
v 3.263242 2.125005 1.100249
v 3.266162 2.121139 1.109236
v 3.267371 2.111805 1.112959
v 3.297615 2.125005 1.082735
v 3.303170 2.121139 1.090380
v 3.305470 2.111805 1.093547
v 3.324894 2.125005 1.055455
v 3.332539 2.121139 1.061010
v 3.335706 2.111805 1.063311
v 3.342408 2.125005 1.021082
v 3.351396 2.121139 1.024003
v 3.355119 2.111805 1.025212
v 2.815076 1.936455 -0.286094
v 2.828275 1.923255 -0.286094
v 2.818942 1.927121 -0.286094
v 2.828275 1.923255 0.984952
v 2.818942 1.927121 0.985687
v 2.815076 1.936455 0.985991
v 3.361808 1.936455 -0.286094
v 3.357942 1.927121 -0.286094
v 3.348608 1.923255 -0.286094
v 3.348608 1.923255 0.981940
v 3.357942 1.927121 0.982675
v 3.361808 1.936455 0.982979
v 2.949771 1.923255 1.106448
v 2.949037 1.927121 1.115782
v 2.948733 1.936455 1.119648
v 3.224100 1.923255 1.106448
v 3.224834 1.927121 1.115782
v 3.225138 1.936455 1.119648
v 2.834327 1.923255 1.023164
v 2.825340 1.927121 1.026084
v 2.821617 1.936455 1.027293
v 2.851414 1.923255 1.056697
v 2.843769 1.927121 1.062252
v 2.840602 1.936455 1.064553
v 2.878026 1.923255 1.083310
v 2.872472 1.927121 1.090955
v 2.870171 1.936455 1.094122
v 2.911560 1.923255 1.100396
v 2.908640 1.927121 1.109384
v 2.907430 1.936455 1.113106
v 3.263242 1.923255 1.100249
v 3.266162 1.927121 1.109236
v 3.267371 1.936455 1.112959
v 3.297615 1.923255 1.082735
v 3.303170 1.927121 1.090380
v 3.305470 1.936455 1.093547
v 3.324894 1.923255 1.055455
v 3.332539 1.927121 1.061010
v 3.335706 1.936455 1.063311
v 3.342408 1.923255 1.021082
v 3.351396 1.927121 1.024003
v 3.355119 1.936455 1.025212
vt 0.391015 0.393558
vt 0.388387 0.393558
vt 0.388268 0.037242
vt 0.391099 0.037322
vt 0.339243 0.393590
vt 0.339158 0.037243
vt 0.388274 0.025560
vt 0.391148 0.025579
vt 0.336412 0.393591
vt 0.336327 0.037323
vt 0.339152 0.025566
vt 0.388275 0.013833
vt 0.391138 0.013834
vt 0.336281 0.025588
vt 0.339145 0.013840
vt 0.388287 0.002107
vt 0.391152 0.002296
vt 0.336279 0.013844
vt 0.339130 0.002111
vt 0.336264 0.002296
vt 0.452463 0.002107
vt 0.455294 0.002108
vt 0.455168 0.357618
vt 0.452336 0.357696
vt 0.455174 0.369638
vt 0.452316 0.369637
vt 0.403220 0.357696
vt 0.403093 0.002107
vt 0.455156 0.381568
vt 0.452310 0.381580
vt 0.403240 0.369637
vt 0.400261 0.002108
vt 0.400388 0.357617
vt 0.455220 0.393359
vt 0.452355 0.393549
vt 0.403246 0.381580
vt 0.400382 0.369638
vt 0.403201 0.393549
vt 0.400400 0.381568
vt 0.400336 0.393359
vt 0.037088 0.004680
vt 0.036877 0.001835
vt 0.114529 0.001849
vt 0.114317 0.004694
vt 0.026330 0.006384
vt 0.025439 0.003643
vt 0.126226 0.003700
vt 0.125336 0.006440
vt 0.149367 0.039749
vt 0.150730 0.396231
vt 0.001483 0.396227
vt 0.002879 0.038886
vt 0.004585 0.028128
vt 0.009397 0.018686
vt 0.016889 0.011194
vt 0.135012 0.011372
vt 0.142692 0.019053
vt 0.147622 0.028730
vt 0.015195 0.008862
vt 0.136707 0.009040
vt 0.152211 0.039541
vt 0.000035 0.038679
vt 0.001843 0.027236
vt 0.007066 0.016991
vt 0.145025 0.017359
vt 0.150364 0.027841
vt 0.323850 0.001888
vt 0.326694 0.001888
vt 0.326695 0.359117
vt 0.323850 0.358909
vt 0.324831 0.370810
vt 0.322094 0.369917
vt 0.288789 0.393914
vt 0.211599 0.393889
vt 0.200851 0.392183
vt 0.191413 0.387375
vt 0.183923 0.379888
vt 0.179111 0.370456
vt 0.177402 0.359710
vt 0.177370 0.001903
vt 0.317158 0.379581
vt 0.309477 0.387250
vt 0.299803 0.392173
vt 0.319484 0.381275
vt 0.211387 0.396731
vt 0.289000 0.396757
vt 0.199963 0.394921
vt 0.189722 0.389706
vt 0.181593 0.381582
vt 0.176372 0.371347
vt 0.174558 0.359918
vt 0.174526 0.001904
vt 0.311167 0.389579
vt 0.300689 0.394912
vt 0.059414 0.507247
vt 0.056590 0.507255
vt 0.056513 0.430075
vt 0.059334 0.430134
vt 0.059414 0.518621
vt 0.056558 0.518682
vt 0.007771 0.506925
vt 0.007760 0.430048
vt 0.056484 0.418165
vt 0.059320 0.418173
vt 0.059396 0.530078
vt 0.056539 0.530265
vt 0.007729 0.518489
vt 0.004958 0.506857
vt 0.004946 0.430109
vt 0.007739 0.418150
vt 0.056511 0.406259
vt 0.059349 0.406435
vt 0.007659 0.530121
vt 0.004900 0.518466
vt 0.004898 0.418164
vt 0.007696 0.406251
vt 0.004842 0.529905
vt 0.004854 0.406432
vt 0.123560 0.556267
vt 0.122472 0.558895
vt 0.119844 0.559984
vt 0.070473 0.559984
vt 0.067573 0.558238
vt 0.067573 0.407794
vt 0.070473 0.406049
vt 0.119844 0.406049
vt 0.122472 0.407137
vt 0.123560 0.409765
vn -0.856743 0.515742 -0.001181
vn -0.999520 0.030971 -0.000071
vn -0.999464 0.032373 0.004878
vn -0.858692 0.512485 0.002692
vn -0.000022 1.000000 -0.000477
vn -0.007568 0.924065 0.382161
vn 0.007724 0.924068 0.382149
vn 0.000015 1.000000 -0.000474
vn -0.018851 0.383149 0.923494
vn -0.020573 0.020530 0.999578
vn 0.020975 0.020531 0.999569
vn 0.019224 0.383156 0.923484
vn 0.999520 0.030969 -0.000071
vn 0.856762 0.515711 -0.001184
vn 0.858756 0.512376 0.002784
vn 0.999464 0.032361 0.004998
vn 0.000013 0.999999 -0.001404
vn 0.001964 0.999997 -0.001379
vn 0.382454 0.923968 0.003627
vn -0.000021 0.999999 -0.001404
vn -0.001973 0.999997 -0.001379
vn -0.000245 0.999999 -0.001325
vn -0.000207 0.999999 -0.001256
vn -0.000151 0.999999 -0.001200
vn -0.000082 0.999999 -0.001162
vn 0.000076 0.999999 -0.001157
vn 0.000147 0.999999 -0.001195
vn 0.000204 0.999999 -0.001252
vn 0.000242 0.999999 -0.001323
vn -0.382446 0.923971 0.003541
vn -0.360272 0.925542 0.116516
vn -0.950867 0.020164 0.308941
vn -0.877140 0.386734 0.284712
vn 0.116531 0.925536 0.360283
vn 0.308942 0.020170 0.950867
vn 0.284718 0.386742 0.877136
vn -0.306331 0.925542 0.222563
vn -0.808852 0.020128 0.587668
vn -0.746068 0.386733 0.542051
vn -0.222568 0.925537 0.306340
vn -0.587669 0.020128 0.808851
vn -0.542049 0.386727 0.746073
vn -0.116521 0.925536 0.360287
vn -0.308942 0.020164 0.950867
vn -0.284710 0.386740 0.877139
vn 0.222569 0.925535 0.306346
vn 0.587668 0.020135 0.808852
vn 0.542050 0.386747 0.746062
vn 0.306337 0.925537 0.222574
vn 0.808853 0.020135 0.587666
vn 0.746067 0.386742 0.542046
vn 0.360279 0.925537 0.116534
vn 0.950868 0.020170 0.308940
vn 0.877132 0.386750 0.284716
vn 0.006721 -0.999977 -0.000000
vn 0.382677 -0.923882 0.000000
vn 0.382551 -0.923932 0.001863
vn 0.003845 -0.999993 0.000019
vn 0.923897 -0.382642 0.000000
vn 0.999781 -0.020924 0.000000
vn 0.999776 -0.020545 0.005097
vn 0.923832 -0.382769 0.004664
vn 0.000019 -1.000000 0.000933
vn -0.000018 -1.000000 0.000930
vn -0.000078 -1.000000 0.000242
vn -0.000148 -1.000000 0.000204
vn -0.000204 -1.000000 0.000148
vn -0.000242 -1.000000 0.000078
vn -0.003851 -0.999993 0.000018
vn -0.006737 -0.999977 -0.000000
vn 0.000248 -1.000000 0.000080
vn 0.000209 -1.000000 0.000152
vn 0.000152 -1.000000 0.000209
vn 0.000080 -1.000000 0.000248
vn -0.020573 -0.020530 0.999578
vn 0.020975 -0.020531 0.999569
vn -0.999781 -0.020926 0.000000
vn -0.999776 -0.020546 0.004977
vn -0.950867 -0.020164 0.308942
vn -0.808852 -0.020129 0.587668
vn -0.587669 -0.020129 0.808851
vn -0.308942 -0.020165 0.950867
vn 0.308942 -0.020170 0.950867
vn 0.587667 -0.020135 0.808852
vn 0.808853 -0.020134 0.587667
vn 0.950868 -0.020170 0.308940
vn -0.000000 0.008309 -0.999966
vn -0.000000 0.008309 -0.999966
vn -0.000000 0.008309 -0.999965
vn -0.000000 0.008309 -0.999965
vn -0.000000 0.008309 -0.999965
vn -0.000000 0.008309 -0.999966
vn -0.000000 0.008309 -0.999966
vn -0.000000 0.008309 -0.999965
vn -0.000000 0.008309 -0.999966
vn -0.000000 0.008309 -0.999966
vn -0.923883 -0.382676 0.000000
vn -0.923821 -0.382798 0.004553
vn -0.382670 -0.923885 0.000000
vn -0.382547 -0.923934 0.001817
vn 0.360272 -0.925540 0.116530
vn 0.877135 -0.386737 0.284726
vn -0.007567 -0.924059 0.382176
vn -0.116516 -0.925542 0.360273
vn -0.018851 -0.383147 0.923495
vn -0.284712 -0.386740 0.877138
vn 0.019225 -0.383155 0.923484
vn 0.007723 -0.924061 0.382166
vn -0.877140 -0.386729 0.284720
vn -0.360263 -0.925545 0.116517
vn -0.746066 -0.386737 0.542052
vn -0.306322 -0.925544 0.222563
vn -0.542055 -0.386740 0.746062
vn -0.222560 -0.925542 0.306331
vn 0.284716 -0.386735 0.877139
vn 0.116527 -0.925538 0.360280
vn 0.542047 -0.386741 0.746068
vn 0.222563 -0.925541 0.306333
vn 0.746068 -0.386728 0.542056
vn 0.306332 -0.925541 0.222562
s 1
g AllObjects AllObjects Objects WoodDock_Beam10
usemtl lambert22SG
f 657/1025/961 658/1026/962 661/1027/963 660/1028/964
s 2
f 664/1065/965 663/1066/966 666/1067/967 665/1068/968
s 1
f 663/1119/969 662/1120/970 667/1121/971 666/1122/972
f 681/1045/973 680/1046/974 683/1047/975 682/1048/976
s 2
f 680/1074/977 684/1073/978 683/1085/979
f 684/1073/978 680/1074/977 657/1075/980 659/1076/981 668/1077/982 671/1078/983 674/1079/984 677/1069/985 664/1065/965 665/1068/968 685/1072/986 688/1080/987 691/1081/988 694/1082/989
f 659/1076/981 660/1086/990 669/1087/991 668/1077/982
s 1
f 660/1028/964 661/1027/963 670/1031/992 669/1032/993
s 2
f 665/1068/968 666/1067/967 686/1071/994 685/1072/986
s 1
f 666/1122/972 667/1121/971 687/1127/995 686/1128/996
s 2
f 668/1077/982 669/1087/991 672/1088/997 671/1078/983
s 1
f 669/1032/993 670/1031/992 673/1036/998 672/1037/999
s 2
f 671/1078/983 672/1088/997 675/1083/1000 674/1079/984
s 1
f 672/1037/999 673/1036/998 676/1040/1001 675/1041/1002
s 2
f 674/1079/984 675/1083/1000 678/1070/1003 677/1069/985
s 1
f 675/1129/1002 676/1130/1001 679/1124/1004 678/1123/1005
f 662/1120/970 663/1119/969 678/1123/1005 679/1124/1004
s 2
f 663/1066/966 664/1065/965 677/1069/985 678/1070/1003
f 685/1072/986 686/1071/994 689/1084/1006 688/1080/987
s 1
f 686/1128/996 687/1127/995 690/1135/1007 689/1136/1008
s 2
f 688/1080/987 689/1084/1006 692/1089/1009 691/1081/988
s 1
f 689/1058/1008 690/1059/1007 693/1054/1010 692/1053/1011
s 2
f 691/1081/988 692/1089/1009 695/1090/1012 694/1082/989
s 1
f 692/1053/1011 693/1054/1010 696/1050/1013 695/1049/1014
f 682/1048/976 683/1047/975 695/1049/1014 696/1050/1013
s 2
f 683/1085/979 684/1073/978 694/1082/989 695/1090/1012
s 5
f 705/1091/1015 704/1092/1016 707/1093/1017 706/1094/1018
s 1
f 704/1056/1019 703/1052/1020 708/1051/1021 707/1057/1022
s 5
f 712/1097/1023 709/1098/1024 724/1099/1025 721/1100/1026 718/1101/1027 715/1102/1028 700/1103/1029 698/1104/1030 705/1091/1015 706/1094/1018 736/1096/1031 733/1105/1032 730/1106/1033 727/1107/1034
s 1
f 662/1120/970 711/1125/1035 714/1126/1036 667/1121/971
f 682/1048/976 708/1051/1021 703/1052/1020 681/1045/973
f 697/1029/1037 702/1030/1038 661/1027/963 658/1026/962
f 702/1030/1038 717/1035/1039 670/1031/992 661/1027/963
f 717/1035/1039 720/1039/1040 673/1036/998 670/1031/992
f 720/1039/1040 723/1043/1041 676/1040/1001 673/1036/998
f 723/1137/1041 726/1131/1042 679/1124/1004 676/1130/1001
f 726/1131/1042 711/1125/1035 662/1120/970 679/1124/1004
f 714/1126/1036 729/1134/1043 687/1127/995 667/1121/971
f 729/1134/1043 732/1140/1044 690/1135/1007 687/1127/995
f 732/1062/1044 735/1060/1045 693/1054/1010 690/1059/1007
f 735/1060/1045 738/1055/1046 696/1050/1013 693/1054/1010
f 738/1055/1046 708/1051/1021 682/1048/976 696/1050/1013
s off
f 698/1143/1047 699/1144/1048 697/1145/1049 658/1146/1050 657/1147/1051 680/1148/1052 681/1149/1053 703/1150/1054 704/1151/1055 705/1152/1056
s 1
f 697/1029/1037 699/1033/1057 701/1034/1058 702/1030/1038
s 5
f 699/1116/1059 698/1104/1030 700/1103/1029 701/1115/1060
f 706/1094/1018 707/1093/1017 737/1095/1061 736/1096/1031
s 1
f 707/1057/1022 708/1051/1021 738/1055/1046 737/1061/1062
s 5
f 709/1098/1024 710/1109/1063 725/1111/1064 724/1099/1025
s 1
f 710/1132/1065 711/1125/1035 726/1131/1042 725/1138/1066
f 711/1125/1035 710/1132/1065 713/1133/1067 714/1126/1036
s 5
f 710/1109/1063 709/1098/1024 712/1097/1023 713/1110/1068
s 1
f 702/1030/1038 701/1034/1058 716/1038/1069 717/1035/1039
s 5
f 701/1115/1060 700/1103/1029 715/1102/1028 716/1114/1070
s 1
f 717/1035/1039 716/1038/1069 719/1042/1071 720/1039/1040
s 5
f 716/1114/1070 715/1102/1028 718/1101/1027 719/1113/1072
s 1
f 720/1039/1040 719/1042/1071 722/1044/1073 723/1043/1041
s 5
f 719/1113/1072 718/1101/1027 721/1100/1026 722/1112/1074
s 1
f 723/1137/1041 722/1141/1073 725/1138/1066 726/1131/1042
s 5
f 722/1112/1074 721/1100/1026 724/1099/1025 725/1111/1064
s 1
f 714/1126/1036 713/1133/1067 728/1139/1075 729/1134/1043
s 5
f 713/1110/1068 712/1097/1023 727/1107/1034 728/1118/1076
s 1
f 729/1134/1043 728/1139/1075 731/1142/1077 732/1140/1044
s 5
f 728/1118/1076 727/1107/1034 730/1106/1033 731/1117/1078
s 1
f 732/1062/1044 731/1064/1077 734/1063/1079 735/1060/1045
s 5
f 731/1117/1078 730/1106/1033 733/1105/1032 734/1108/1080
s 1
f 735/1060/1045 734/1063/1079 737/1061/1062 738/1055/1046
s 5
f 734/1108/1080 733/1105/1032 736/1096/1031 737/1095/1061
s 2
f 657/1075/980 660/1086/990 659/1076/981
g default
v 3.361670 2.123072 -0.284411
v 3.351400 2.111805 -0.286094
v 3.367287 2.125005 0.984952
v 3.356053 2.121139 0.985687
v 3.351400 2.111805 0.985991
v 3.512267 2.111805 1.119648
v 3.512633 2.121139 1.115782
v 3.513517 2.125005 1.106448
v 3.843693 2.125005 1.106448
v 3.844577 2.121139 1.115782
v 3.844943 2.111805 1.119648
v 3.374571 2.125005 1.023164
v 3.363754 2.121139 1.026084
v 3.359273 2.111805 1.027293
v 3.395136 2.125005 1.056697
v 3.385935 2.121139 1.062252
v 3.382123 2.111805 1.064553
v 3.427167 2.125005 1.083310
v 3.420481 2.121139 1.090955
v 3.417712 2.111805 1.094122
v 3.467527 2.125005 1.100396
v 3.464012 2.121139 1.109384
v 3.462556 2.111805 1.113106
v 3.999165 2.123072 -0.284411
v 4.009435 2.111805 -0.286094
v 4.009435 2.111805 0.982979
v 4.004782 2.121139 0.982675
v 3.993548 2.125005 0.981940
v 3.890804 2.125005 1.100249
v 3.894318 2.121139 1.109236
v 3.895774 2.111805 1.112959
v 3.932175 2.125005 1.082735
v 3.938860 2.121139 1.090380
v 3.941629 2.111805 1.093547
v 3.965007 2.125005 1.055455
v 3.974209 2.121139 1.061010
v 3.978020 2.111805 1.063311
v 3.986087 2.125005 1.021082
v 3.996904 2.121139 1.024003
v 4.001384 2.111805 1.025212
v 3.351400 1.936455 -0.286094
v 3.367287 1.923255 -0.286094
v 3.356053 1.927121 -0.286094
v 3.367287 1.923255 0.984952
v 3.356053 1.927121 0.985687
v 3.351400 1.936455 0.985991
v 4.009435 1.936455 -0.286094
v 4.004782 1.927121 -0.286094
v 3.993548 1.923255 -0.286094
v 3.993548 1.923255 0.981940
v 4.004782 1.927121 0.982675
v 4.009435 1.936455 0.982979
v 3.513517 1.923255 1.106448
v 3.512633 1.927121 1.115782
v 3.512267 1.936455 1.119648
v 3.843693 1.923255 1.106448
v 3.844577 1.927121 1.115782
v 3.844943 1.936455 1.119648
v 3.374571 1.923255 1.023164
v 3.363754 1.927121 1.026084
v 3.359273 1.936455 1.027293
v 3.395136 1.923255 1.056697
v 3.385935 1.927121 1.062252
v 3.382123 1.936455 1.064553
v 3.427167 1.923255 1.083310
v 3.420481 1.927121 1.090955
v 3.417712 1.936455 1.094122
v 3.467527 1.923255 1.100396
v 3.464012 1.927121 1.109384
v 3.462556 1.936455 1.113106
v 3.890804 1.923255 1.100249
v 3.894318 1.927121 1.109236
v 3.895774 1.936455 1.112959
v 3.932175 1.923255 1.082735
v 3.938860 1.927121 1.090380
v 3.941629 1.936455 1.093547
v 3.965007 1.923255 1.055455
v 3.974209 1.927121 1.061010
v 3.978020 1.936455 1.063311
v 3.986087 1.923255 1.021082
v 3.996904 1.927121 1.024003
v 4.001384 1.936455 1.025212
vt 0.516324 0.393558
vt 0.513696 0.393558
vt 0.513577 0.037242
vt 0.516408 0.037322
vt 0.464552 0.393590
vt 0.464467 0.037243
vt 0.513584 0.025560
vt 0.516457 0.025579
vt 0.461721 0.393591
vt 0.461637 0.037323
vt 0.464461 0.025566
vt 0.513584 0.013833
vt 0.516448 0.013834
vt 0.461590 0.025588
vt 0.464454 0.013840
vt 0.513597 0.002107
vt 0.516461 0.002296
vt 0.461589 0.013844
vt 0.464440 0.002111
vt 0.461574 0.002296
vt 0.577773 0.002107
vt 0.580603 0.002108
vt 0.580477 0.357618
vt 0.577646 0.357696
vt 0.580483 0.369638
vt 0.577625 0.369637
vt 0.528529 0.357696
vt 0.528402 0.002107
vt 0.580466 0.381568
vt 0.577620 0.381581
vt 0.528550 0.369637
vt 0.525571 0.002108
vt 0.525697 0.357618
vt 0.580529 0.393359
vt 0.577664 0.393549
vt 0.528555 0.381581
vt 0.525692 0.369638
vt 0.528511 0.393549
vt 0.525709 0.381568
vt 0.525645 0.393359
vt 0.636025 0.004680
vt 0.635814 0.001835
vt 0.713465 0.001849
vt 0.713253 0.004694
vt 0.625266 0.006384
vt 0.624376 0.003643
vt 0.725162 0.003700
vt 0.724272 0.006440
vt 0.748303 0.039749
vt 0.749666 0.396231
vt 0.600420 0.396226
vt 0.601816 0.038886
vt 0.603521 0.028128
vt 0.608333 0.018686
vt 0.615826 0.011194
vt 0.733949 0.011372
vt 0.741628 0.019053
vt 0.746559 0.028730
vt 0.614132 0.008862
vt 0.735643 0.009040
vt 0.751148 0.039541
vt 0.598971 0.038679
vt 0.600779 0.027236
vt 0.606002 0.016991
vt 0.743961 0.017359
vt 0.749300 0.027841
vt 0.912167 0.001888
vt 0.915012 0.001888
vt 0.915012 0.359117
vt 0.912167 0.358909
vt 0.913149 0.370810
vt 0.910411 0.369917
vt 0.877106 0.393914
vt 0.799916 0.393889
vt 0.789168 0.392183
vt 0.779730 0.387375
vt 0.772240 0.379888
vt 0.767428 0.370456
vt 0.765719 0.359710
vt 0.765688 0.001903
vt 0.905475 0.379581
vt 0.897794 0.387250
vt 0.888120 0.392173
vt 0.907801 0.381275
vt 0.799704 0.396731
vt 0.877317 0.396757
vt 0.788280 0.394921
vt 0.778039 0.389706
vt 0.769910 0.381582
vt 0.764689 0.371347
vt 0.762875 0.359918
vt 0.762843 0.001904
vt 0.899484 0.389579
vt 0.889006 0.394912
vt 0.123131 0.672910
vt 0.120307 0.672919
vt 0.120229 0.595738
vt 0.123051 0.595797
vt 0.123131 0.684284
vt 0.120275 0.684345
vt 0.071487 0.672588
vt 0.071477 0.595711
vt 0.120200 0.583828
vt 0.123036 0.583836
vt 0.123112 0.695742
vt 0.120255 0.695928
vt 0.071446 0.684153
vt 0.068675 0.672521
vt 0.068663 0.595773
vt 0.071456 0.583814
vt 0.120228 0.571922
vt 0.123065 0.572098
vt 0.071375 0.695785
vt 0.068616 0.684129
vt 0.068615 0.583828
vt 0.071413 0.571914
vt 0.068559 0.695569
vt 0.068570 0.572095
vt 0.061968 0.692196
vt 0.060879 0.694824
vt 0.058251 0.695912
vt 0.008880 0.695912
vt 0.005980 0.694167
vt 0.005980 0.543723
vt 0.008880 0.541977
vt 0.058251 0.541977
vt 0.060879 0.543066
vt 0.061968 0.545694
vn -0.809782 0.586729 -0.001343
vn -0.999305 0.037270 -0.000085
vn -0.999224 0.038955 0.005870
vn -0.812169 0.583414 0.003064
vn -0.000019 1.000000 -0.000477
vn -0.006288 0.924073 0.382164
vn 0.006417 0.924077 0.382153
vn 0.000012 1.000000 -0.000474
vn -0.015664 0.383169 0.923545
vn -0.017094 0.020532 0.999643
vn 0.017428 0.020533 0.999637
vn 0.015973 0.383178 0.923537
vn 0.999305 0.037268 -0.000086
vn 0.809796 0.586710 -0.001346
vn 0.812239 0.583315 0.003169
vn 0.999223 0.038942 0.006014
vn 0.000011 0.999999 -0.001404
vn 0.001631 0.999998 -0.001379
vn 0.325215 0.945633 0.003712
vn -0.000018 0.999999 -0.001404
vn -0.001639 0.999998 -0.001379
vn -0.000203 0.999999 -0.001325
vn -0.000172 0.999999 -0.001256
vn -0.000126 0.999999 -0.001200
vn -0.000068 0.999999 -0.001162
vn 0.000063 0.999999 -0.001157
vn 0.000122 0.999999 -0.001195
vn 0.000169 0.999999 -0.001252
vn 0.000201 0.999999 -0.001323
vn -0.325208 0.945635 0.003624
vn -0.305543 0.944721 0.118933
vn -0.931061 0.023762 0.364090
vn -0.835017 0.443091 0.326217
vn 0.097024 0.927489 0.361041
vn 0.260566 0.020474 0.965239
vn 0.239587 0.391682 0.888360
vn -0.258300 0.939289 0.225871
vn -0.752589 0.022541 0.658105
vn -0.681373 0.425111 0.595829
vn -0.186355 0.932720 0.308715
vn -0.516678 0.021299 0.855915
vn -0.472366 0.405624 0.782521
vn -0.097015 0.927490 0.361041
vn -0.260566 0.020469 0.965239
vn -0.239580 0.391681 0.888362
vn 0.186356 0.932719 0.308719
vn 0.516677 0.021307 0.855915
vn 0.472368 0.405642 0.782511
vn 0.258303 0.939286 0.225879
vn 0.752590 0.022548 0.658104
vn 0.681375 0.425113 0.595825
vn 0.305546 0.944718 0.118951
vn 0.931061 0.023770 0.364088
vn 0.835002 0.443116 0.326220
vn 0.005584 -0.999984 -0.000000
vn 0.325413 -0.945572 0.000000
vn 0.325301 -0.945608 0.001907
vn 0.003195 -0.999995 0.000019
vn 0.894955 -0.446156 0.000000
vn 0.999683 -0.025184 0.000000
vn 0.999675 -0.024727 0.006134
vn 0.894870 -0.446293 0.005438
vn 0.000016 -1.000000 0.000933
vn -0.000015 -1.000000 0.000930
vn -0.000065 -1.000000 0.000242
vn -0.000123 -1.000000 0.000204
vn -0.000170 -1.000000 0.000148
vn -0.000201 -1.000000 0.000078
vn -0.003200 -0.999995 0.000018
vn -0.005597 -0.999984 -0.000000
vn 0.000206 -1.000000 0.000080
vn 0.000174 -1.000000 0.000152
vn 0.000126 -1.000000 0.000209
vn 0.000067 -1.000000 0.000248
vn -0.017094 -0.020532 0.999643
vn 0.017428 -0.020533 0.999637
vn -0.999683 -0.025185 0.000000
vn -0.999676 -0.024728 0.005990
vn -0.931060 -0.023762 0.364090
vn -0.752589 -0.022541 0.658105
vn -0.516678 -0.021300 0.855915
vn -0.260566 -0.020469 0.965239
vn 0.260566 -0.020475 0.965239
vn 0.516677 -0.021307 0.855915
vn 0.752589 -0.022548 0.658104
vn 0.931061 -0.023770 0.364089
vn -0.000000 0.008309 -0.999966
vn -0.000000 0.008309 -0.999966
vn -0.000000 0.008309 -0.999965
vn -0.000000 0.008309 -0.999965
vn -0.000000 0.008309 -0.999965
vn -0.000000 0.008309 -0.999966
vn -0.000000 0.008309 -0.999966
vn -0.000000 0.008309 -0.999965
vn -0.000000 0.008309 -0.999966
vn -0.000000 0.008309 -0.999966
vn -0.894945 -0.446176 0.000000
vn -0.894864 -0.446306 0.005308
vn -0.325413 -0.945572 0.000000
vn -0.325304 -0.945608 0.001860
vn 0.305538 -0.944722 0.118944
vn 0.835002 -0.443110 0.326230
vn -0.006288 -0.924067 0.382179
vn -0.097011 -0.927494 0.361031
vn -0.015663 -0.383168 0.923546
vn -0.239582 -0.391678 0.888363
vn 0.015974 -0.383177 0.923537
vn 0.006417 -0.924069 0.382171
vn -0.835020 -0.443077 0.326228
vn -0.305538 -0.944723 0.118936
vn -0.681373 -0.425106 0.595831
vn -0.258295 -0.939290 0.225873
vn -0.472372 -0.405634 0.782512
vn -0.186349 -0.932724 0.308706
vn 0.239585 -0.391677 0.888363
vn 0.097020 -0.927491 0.361038
vn 0.472365 -0.405635 0.782517
vn 0.186349 -0.932725 0.308704
vn 0.681372 -0.425105 0.595833
vn 0.258296 -0.939291 0.225866
s 1
g AllObjects AllObjects Objects WoodDock_Beam11
usemtl lambert22SG
f 739/1153/1081 740/1154/1082 743/1155/1083 742/1156/1084
s 2
f 746/1193/1085 745/1194/1086 748/1195/1087 747/1196/1088
s 1
f 745/1247/1089 744/1248/1090 749/1249/1091 748/1250/1092
f 763/1173/1093 762/1174/1094 765/1175/1095 764/1176/1096
s 2
f 762/1202/1097 766/1201/1098 765/1213/1099
f 766/1201/1098 762/1202/1097 739/1203/1100 741/1204/1101 750/1205/1102 753/1206/1103 756/1207/1104 759/1197/1105 746/1193/1085 747/1196/1088 767/1200/1106 770/1208/1107 773/1209/1108 776/1210/1109
f 741/1204/1101 742/1214/1110 751/1215/1111 750/1205/1102
s 1
f 742/1156/1084 743/1155/1083 752/1159/1112 751/1160/1113
s 2
f 747/1196/1088 748/1195/1087 768/1199/1114 767/1200/1106
s 1
f 748/1250/1092 749/1249/1091 769/1255/1115 768/1256/1116
s 2
f 750/1205/1102 751/1215/1111 754/1216/1117 753/1206/1103
s 1
f 751/1160/1113 752/1159/1112 755/1164/1118 754/1165/1119
s 2
f 753/1206/1103 754/1216/1117 757/1211/1120 756/1207/1104
s 1
f 754/1165/1119 755/1164/1118 758/1168/1121 757/1169/1122
s 2
f 756/1207/1104 757/1211/1120 760/1198/1123 759/1197/1105
s 1
f 757/1257/1122 758/1258/1121 761/1252/1124 760/1251/1125
f 744/1248/1090 745/1247/1089 760/1251/1125 761/1252/1124
s 2
f 745/1194/1086 746/1193/1085 759/1197/1105 760/1198/1123
f 767/1200/1106 768/1199/1114 771/1212/1126 770/1208/1107
s 1
f 768/1256/1116 769/1255/1115 772/1263/1127 771/1264/1128
s 2
f 770/1208/1107 771/1212/1126 774/1217/1129 773/1209/1108
s 1
f 771/1186/1128 772/1187/1127 775/1182/1130 774/1181/1131
s 2
f 773/1209/1108 774/1217/1129 777/1218/1132 776/1210/1109
s 1
f 774/1181/1131 775/1182/1130 778/1178/1133 777/1177/1134
f 764/1176/1096 765/1175/1095 777/1177/1134 778/1178/1133
s 2
f 765/1213/1099 766/1201/1098 776/1210/1109 777/1218/1132
s 5
f 787/1219/1135 786/1220/1136 789/1221/1137 788/1222/1138
s 1
f 786/1184/1139 785/1180/1140 790/1179/1141 789/1185/1142
s 5
f 794/1225/1143 791/1226/1144 806/1227/1145 803/1228/1146 800/1229/1147 797/1230/1148 782/1231/1149 780/1232/1150 787/1219/1135 788/1222/1138 818/1224/1151 815/1233/1152 812/1234/1153 809/1235/1154
s 1
f 744/1248/1090 793/1253/1155 796/1254/1156 749/1249/1091
f 764/1176/1096 790/1179/1141 785/1180/1140 763/1173/1093
f 779/1157/1157 784/1158/1158 743/1155/1083 740/1154/1082
f 784/1158/1158 799/1163/1159 752/1159/1112 743/1155/1083
f 799/1163/1159 802/1167/1160 755/1164/1118 752/1159/1112
f 802/1167/1160 805/1171/1161 758/1168/1121 755/1164/1118
f 805/1265/1161 808/1259/1162 761/1252/1124 758/1258/1121
f 808/1259/1162 793/1253/1155 744/1248/1090 761/1252/1124
f 796/1254/1156 811/1262/1163 769/1255/1115 749/1249/1091
f 811/1262/1163 814/1268/1164 772/1263/1127 769/1255/1115
f 814/1190/1164 817/1188/1165 775/1182/1130 772/1187/1127
f 817/1188/1165 820/1183/1166 778/1178/1133 775/1182/1130
f 820/1183/1166 790/1179/1141 764/1176/1096 778/1178/1133
s off
f 780/1271/1167 781/1272/1168 779/1273/1169 740/1274/1170 739/1275/1171 762/1276/1172 763/1277/1173 785/1278/1174 786/1279/1175 787/1280/1176
s 1
f 779/1157/1157 781/1161/1177 783/1162/1178 784/1158/1158
s 5
f 781/1244/1179 780/1232/1150 782/1231/1149 783/1243/1180
f 788/1222/1138 789/1221/1137 819/1223/1181 818/1224/1151
s 1
f 789/1185/1142 790/1179/1141 820/1183/1166 819/1189/1182
s 5
f 791/1226/1144 792/1237/1183 807/1239/1184 806/1227/1145
s 1
f 792/1260/1185 793/1253/1155 808/1259/1162 807/1266/1186
f 793/1253/1155 792/1260/1185 795/1261/1187 796/1254/1156
s 5
f 792/1237/1183 791/1226/1144 794/1225/1143 795/1238/1188
s 1
f 784/1158/1158 783/1162/1178 798/1166/1189 799/1163/1159
s 5
f 783/1243/1180 782/1231/1149 797/1230/1148 798/1242/1190
s 1
f 799/1163/1159 798/1166/1189 801/1170/1191 802/1167/1160
s 5
f 798/1242/1190 797/1230/1148 800/1229/1147 801/1241/1192
s 1
f 802/1167/1160 801/1170/1191 804/1172/1193 805/1171/1161
s 5
f 801/1241/1192 800/1229/1147 803/1228/1146 804/1240/1194
s 1
f 805/1265/1161 804/1269/1193 807/1266/1186 808/1259/1162
s 5
f 804/1240/1194 803/1228/1146 806/1227/1145 807/1239/1184
s 1
f 796/1254/1156 795/1261/1187 810/1267/1195 811/1262/1163
s 5
f 795/1238/1188 794/1225/1143 809/1235/1154 810/1246/1196
s 1
f 811/1262/1163 810/1267/1195 813/1270/1197 814/1268/1164
s 5
f 810/1246/1196 809/1235/1154 812/1234/1153 813/1245/1198
s 1
f 814/1190/1164 813/1192/1197 816/1191/1199 817/1188/1165
s 5
f 813/1245/1198 812/1234/1153 815/1233/1152 816/1236/1200
s 1
f 817/1188/1165 816/1191/1199 819/1189/1182 820/1183/1166
s 5
f 816/1236/1200 815/1233/1152 818/1224/1151 819/1223/1181
s 2
f 739/1203/1100 742/1214/1110 741/1204/1101
g default
v 1.747439 2.123072 -0.284411
v 1.738906 2.111805 -0.286094
v 1.752105 2.125005 0.984952
v 1.742772 2.121139 0.985687
v 1.738906 2.111805 0.985991
v 1.872563 2.111805 1.119648
v 1.872867 2.121139 1.115782
v 1.873602 2.125005 1.106448
v 2.147930 2.125005 1.106448
v 2.148664 2.121139 1.115782
v 2.148968 2.111805 1.119648
v 1.758157 2.125005 1.023164
v 1.749170 2.121139 1.026084
v 1.745447 2.111805 1.027293
v 1.775244 2.125005 1.056697
v 1.767599 2.121139 1.062252
v 1.764432 2.111805 1.064553
v 1.801857 2.125005 1.083310
v 1.796302 2.121139 1.090955
v 1.794001 2.111805 1.094122
v 1.835390 2.125005 1.100396
v 1.832470 2.121139 1.109384
v 1.831260 2.111805 1.113106
v 2.277104 2.123072 -0.284411
v 2.285638 2.111805 -0.286094
v 2.285638 2.111805 0.982979
v 2.281772 2.121139 0.982675
v 2.272438 2.125005 0.981940
v 2.187072 2.125005 1.100249
v 2.189992 2.121139 1.109236
v 2.191201 2.111805 1.112959
v 2.221445 2.125005 1.082735
v 2.227000 2.121139 1.090380
v 2.229300 2.111805 1.093547
v 2.248724 2.125005 1.055455
v 2.256369 2.121139 1.061010
v 2.259536 2.111805 1.063311
v 2.266238 2.125005 1.021082
v 2.275226 2.121139 1.024003
v 2.278949 2.111805 1.025212
v 1.738906 1.936455 -0.286094
v 1.752105 1.923255 -0.286094
v 1.742772 1.927121 -0.286094
v 1.752105 1.923255 0.984952
v 1.742772 1.927121 0.985687
v 1.738906 1.936455 0.985991
v 2.285638 1.936455 -0.286094
v 2.281772 1.927121 -0.286094
v 2.272438 1.923255 -0.286094
v 2.272438 1.923255 0.981940
v 2.281772 1.927121 0.982675
v 2.285638 1.936455 0.982979
v 1.873602 1.923255 1.106448
v 1.872867 1.927121 1.115782
v 1.872563 1.936455 1.119648
v 2.147930 1.923255 1.106448
v 2.148664 1.927121 1.115782
v 2.148968 1.936455 1.119648
v 1.758157 1.923255 1.023164
v 1.749170 1.927121 1.026084
v 1.745447 1.936455 1.027293
v 1.775244 1.923255 1.056697
v 1.767599 1.927121 1.062252
v 1.764432 1.936455 1.064553
v 1.801857 1.923255 1.083310
v 1.796302 1.927121 1.090955
v 1.794001 1.936455 1.094122
v 1.835390 1.923255 1.100396
v 1.832470 1.927121 1.109384
v 1.831260 1.936455 1.113106
v 2.187072 1.923255 1.100249
v 2.189992 1.927121 1.109236
v 2.191201 1.936455 1.112959
v 2.221445 1.923255 1.082735
v 2.227000 1.927121 1.090380
v 2.229300 1.936455 1.093547
v 2.248724 1.923255 1.055455
v 2.256369 1.927121 1.061010
v 2.259536 1.936455 1.063311
v 2.266238 1.923255 1.021082
v 2.275226 1.927121 1.024003
v 2.278949 1.936455 1.025212
vt 0.516324 0.393558
vt 0.513696 0.393558
vt 0.513577 0.037242
vt 0.516408 0.037322
vt 0.464552 0.393590
vt 0.464467 0.037243
vt 0.513584 0.025560
vt 0.516457 0.025579
vt 0.461721 0.393591
vt 0.461637 0.037323
vt 0.464461 0.025566
vt 0.513584 0.013833
vt 0.516448 0.013834
vt 0.461590 0.025588
vt 0.464454 0.013840
vt 0.513597 0.002107
vt 0.516461 0.002296
vt 0.461589 0.013844
vt 0.464440 0.002111
vt 0.461574 0.002296
vt 0.577773 0.002107
vt 0.580603 0.002108
vt 0.580477 0.357618
vt 0.577646 0.357696
vt 0.580483 0.369638
vt 0.577625 0.369637
vt 0.528529 0.357696
vt 0.528402 0.002107
vt 0.580466 0.381568
vt 0.577620 0.381581
vt 0.528550 0.369637
vt 0.525571 0.002108
vt 0.525697 0.357618
vt 0.580530 0.393359
vt 0.577664 0.393549
vt 0.528555 0.381581
vt 0.525692 0.369638
vt 0.528511 0.393549
vt 0.525709 0.381568
vt 0.525645 0.393359
vt 0.636025 0.004680
vt 0.635814 0.001835
vt 0.713465 0.001849
vt 0.713253 0.004694
vt 0.625266 0.006384
vt 0.624376 0.003643
vt 0.725162 0.003700
vt 0.724272 0.006440
vt 0.748303 0.039749
vt 0.749666 0.396231
vt 0.600420 0.396226
vt 0.601816 0.038886
vt 0.603521 0.028128
vt 0.608333 0.018686
vt 0.615826 0.011194
vt 0.733949 0.011372
vt 0.741628 0.019053
vt 0.746559 0.028730
vt 0.614132 0.008862
vt 0.735643 0.009040
vt 0.751148 0.039541
vt 0.598971 0.038679
vt 0.600779 0.027236
vt 0.606002 0.016991
vt 0.743961 0.017359
vt 0.749300 0.027841
vt 0.912167 0.001888
vt 0.915012 0.001888
vt 0.915012 0.359117
vt 0.912167 0.358909
vt 0.913149 0.370810
vt 0.910412 0.369917
vt 0.877106 0.393914
vt 0.799916 0.393889
vt 0.789168 0.392183
vt 0.779730 0.387375
vt 0.772240 0.379888
vt 0.767428 0.370456
vt 0.765719 0.359710
vt 0.765688 0.001903
vt 0.905475 0.379581
vt 0.897794 0.387250
vt 0.888120 0.392173
vt 0.907801 0.381275
vt 0.799704 0.396731
vt 0.877317 0.396757
vt 0.788280 0.394921
vt 0.778039 0.389706
vt 0.769910 0.381582
vt 0.764689 0.371347
vt 0.762875 0.359918
vt 0.762843 0.001904
vt 0.899484 0.389579
vt 0.889006 0.394912
vt 0.123131 0.672910
vt 0.120307 0.672919
vt 0.120229 0.595738
vt 0.123051 0.595797
vt 0.123131 0.684284
vt 0.120275 0.684345
vt 0.071487 0.672588
vt 0.071477 0.595711
vt 0.120200 0.583828
vt 0.123036 0.583836
vt 0.123112 0.695742
vt 0.120255 0.695928
vt 0.071446 0.684153
vt 0.068675 0.672521
vt 0.068663 0.595773
vt 0.071456 0.583814
vt 0.120228 0.571922
vt 0.123065 0.572098
vt 0.071375 0.695785
vt 0.068616 0.684129
vt 0.068615 0.583828
vt 0.071413 0.571914
vt 0.068559 0.695569
vt 0.068570 0.572095
vt 0.061967 0.692196
vt 0.060879 0.694824
vt 0.058251 0.695912
vt 0.008880 0.695912
vt 0.005980 0.694167
vt 0.005980 0.543723
vt 0.008880 0.541977
vt 0.058251 0.541977
vt 0.060879 0.543066
vt 0.061967 0.545694
vn -0.856743 0.515742 -0.001181
vn -0.999520 0.030972 -0.000071
vn -0.999464 0.032373 0.004878
vn -0.858691 0.512486 0.002692
vn -0.000022 1.000000 -0.000477
vn -0.007568 0.924058 0.382176
vn 0.007724 0.924062 0.382165
vn 0.000015 1.000000 -0.000474
vn -0.018852 0.383149 0.923494
vn -0.020573 0.020531 0.999578
vn 0.020975 0.020531 0.999569
vn 0.019224 0.383156 0.923484
vn 0.999520 0.030971 -0.000071
vn 0.856748 0.515734 -0.001184
vn 0.858743 0.512398 0.002784
vn 0.999464 0.032363 0.004998
vn 0.000013 0.999999 -0.001404
vn 0.001964 0.999997 -0.001379
vn 0.382442 0.923973 0.003627
vn -0.000021 0.999999 -0.001404
vn -0.001973 0.999997 -0.001379
vn -0.000245 0.999999 -0.001325
vn -0.000207 0.999999 -0.001256
vn -0.000151 0.999999 -0.001200
vn -0.000082 0.999999 -0.001163
vn 0.000076 0.999999 -0.001157
vn 0.000147 0.999999 -0.001195
vn 0.000204 0.999999 -0.001252
vn 0.000242 0.999999 -0.001323
vn -0.382447 0.923971 0.003541
vn -0.360285 0.925537 0.116520
vn -0.950868 0.020165 0.308940
vn -0.877134 0.386749 0.284713
vn 0.116530 0.925536 0.360282
vn 0.308942 0.020169 0.950867
vn 0.284719 0.386734 0.877138
vn -0.306340 0.925537 0.222570
vn -0.808852 0.020129 0.587667
vn -0.746064 0.386740 0.542053
vn -0.222569 0.925537 0.306341
vn -0.587667 0.020128 0.808852
vn -0.542047 0.386735 0.746071
vn -0.116520 0.925537 0.360284
vn -0.308942 0.020164 0.950867
vn -0.284713 0.386741 0.877137
vn 0.222570 0.925535 0.306346
vn 0.587668 0.020135 0.808852
vn 0.542050 0.386747 0.746062
vn 0.306338 0.925536 0.222574
vn 0.808853 0.020135 0.587666
vn 0.746065 0.386750 0.542044
vn 0.360278 0.925537 0.116534
vn 0.950868 0.020170 0.308940
vn 0.877135 0.386742 0.284718
vn 0.006721 -0.999977 -0.000000
vn 0.382670 -0.923885 0.000000
vn 0.382545 -0.923935 0.001863
vn 0.003845 -0.999993 0.000019
vn 0.923890 -0.382658 0.000000
vn 0.999781 -0.020925 0.000000
vn 0.999776 -0.020546 0.005097
vn 0.923826 -0.382784 0.004664
vn 0.000019 -1.000000 0.000933
vn -0.000018 -1.000000 0.000930
vn -0.000078 -1.000000 0.000242
vn -0.000148 -1.000000 0.000204
vn -0.000204 -1.000000 0.000148
vn -0.000242 -1.000000 0.000078
vn -0.003851 -0.999993 0.000018
vn -0.006737 -0.999977 -0.000000
vn 0.000248 -1.000000 0.000080
vn 0.000209 -1.000000 0.000152
vn 0.000152 -1.000000 0.000209
vn 0.000080 -1.000000 0.000248
vn -0.020573 -0.020530 0.999578
vn 0.020975 -0.020531 0.999569
vn -0.999781 -0.020926 0.000000
vn -0.999777 -0.020547 0.004977
vn -0.950868 -0.020165 0.308940
vn -0.808853 -0.020129 0.587667
vn -0.587668 -0.020129 0.808852
vn -0.308942 -0.020165 0.950867
vn 0.308942 -0.020170 0.950867
vn 0.587667 -0.020135 0.808852
vn 0.808852 -0.020135 0.587667
vn 0.950868 -0.020170 0.308940
vn -0.000000 0.008309 -0.999965
vn -0.000000 0.008309 -0.999966
vn -0.000000 0.008309 -0.999965
vn -0.000000 0.008309 -0.999965
vn -0.000000 0.008309 -0.999965
vn -0.000000 0.008309 -0.999966
vn -0.000000 0.008309 -0.999966
vn -0.000000 0.008309 -0.999965
vn -0.000000 0.008309 -0.999966
vn -0.000000 0.008309 -0.999966
vn -0.923883 -0.382676 0.000000
vn -0.923820 -0.382799 0.004553
vn -0.382676 -0.923882 0.000000
vn -0.382554 -0.923932 0.001817
vn 0.360269 -0.925542 0.116528
vn 0.877135 -0.386737 0.284726
vn -0.007568 -0.924059 0.382176
vn -0.116516 -0.925542 0.360273
vn -0.018852 -0.383148 0.923495
vn -0.284713 -0.386741 0.877137
vn 0.019225 -0.383155 0.923484
vn 0.007723 -0.924061 0.382167
vn -0.877133 -0.386753 0.284709
vn -0.360275 -0.925541 0.116518
vn -0.746064 -0.386745 0.542048
vn -0.306332 -0.925540 0.222570
vn -0.542052 -0.386737 0.746066
vn -0.222561 -0.925541 0.306332
vn 0.284716 -0.386730 0.877141
vn 0.116526 -0.925538 0.360279
vn 0.542046 -0.386744 0.746066
vn 0.222562 -0.925542 0.306331
vn 0.746062 -0.386743 0.542052
vn 0.306330 -0.925543 0.222560
s 1
g AllObjects AllObjects Objects WoodDock_Beam8
usemtl lambert11SG
f 821/1281/1201 822/1282/1202 825/1283/1203 824/1284/1204
s 2
f 828/1321/1205 827/1322/1206 830/1323/1207 829/1324/1208
s 1
f 827/1375/1209 826/1376/1210 831/1377/1211 830/1378/1212
f 845/1301/1213 844/1302/1214 847/1303/1215 846/1304/1216
s 2
f 844/1330/1217 848/1329/1218 847/1341/1219
f 848/1329/1218 844/1330/1217 821/1331/1220 823/1332/1221 832/1333/1222 835/1334/1223 838/1335/1224 841/1325/1225 828/1321/1205 829/1324/1208 849/1328/1226 852/1336/1227 855/1337/1228 858/1338/1229
f 823/1332/1221 824/1342/1230 833/1343/1231 832/1333/1222
s 1
f 824/1284/1204 825/1283/1203 834/1287/1232 833/1288/1233
s 2
f 829/1324/1208 830/1323/1207 850/1327/1234 849/1328/1226
s 1
f 830/1378/1212 831/1377/1211 851/1383/1235 850/1384/1236
s 2
f 832/1333/1222 833/1343/1231 836/1344/1237 835/1334/1223
s 1
f 833/1288/1233 834/1287/1232 837/1292/1238 836/1293/1239
s 2
f 835/1334/1223 836/1344/1237 839/1339/1240 838/1335/1224
s 1
f 836/1293/1239 837/1292/1238 840/1296/1241 839/1297/1242
s 2
f 838/1335/1224 839/1339/1240 842/1326/1243 841/1325/1225
s 1
f 839/1385/1242 840/1386/1241 843/1380/1244 842/1379/1245
f 826/1376/1210 827/1375/1209 842/1379/1245 843/1380/1244
s 2
f 827/1322/1206 828/1321/1205 841/1325/1225 842/1326/1243
f 849/1328/1226 850/1327/1234 853/1340/1246 852/1336/1227
s 1
f 850/1384/1236 851/1383/1235 854/1391/1247 853/1392/1248
s 2
f 852/1336/1227 853/1340/1246 856/1345/1249 855/1337/1228
s 1
f 853/1314/1248 854/1315/1247 857/1310/1250 856/1309/1251
s 2
f 855/1337/1228 856/1345/1249 859/1346/1252 858/1338/1229
s 1
f 856/1309/1251 857/1310/1250 860/1306/1253 859/1305/1254
f 846/1304/1216 847/1303/1215 859/1305/1254 860/1306/1253
s 2
f 847/1341/1219 848/1329/1218 858/1338/1229 859/1346/1252
s 5
f 869/1347/1255 868/1348/1256 871/1349/1257 870/1350/1258
s 1
f 868/1312/1259 867/1308/1260 872/1307/1261 871/1313/1262
s 5
f 876/1353/1263 873/1354/1264 888/1355/1265 885/1356/1266 882/1357/1267 879/1358/1268 864/1359/1269 862/1360/1270 869/1347/1255 870/1350/1258 900/1352/1271 897/1361/1272 894/1362/1273 891/1363/1274
s 1
f 826/1376/1210 875/1381/1275 878/1382/1276 831/1377/1211
f 846/1304/1216 872/1307/1261 867/1308/1260 845/1301/1213
f 861/1285/1277 866/1286/1278 825/1283/1203 822/1282/1202
f 866/1286/1278 881/1291/1279 834/1287/1232 825/1283/1203
f 881/1291/1279 884/1295/1280 837/1292/1238 834/1287/1232
f 884/1295/1280 887/1299/1281 840/1296/1241 837/1292/1238
f 887/1393/1281 890/1387/1282 843/1380/1244 840/1386/1241
f 890/1387/1282 875/1381/1275 826/1376/1210 843/1380/1244
f 878/1382/1276 893/1390/1283 851/1383/1235 831/1377/1211
f 893/1390/1283 896/1396/1284 854/1391/1247 851/1383/1235
f 896/1318/1284 899/1316/1285 857/1310/1250 854/1315/1247
f 899/1316/1285 902/1311/1286 860/1306/1253 857/1310/1250
f 902/1311/1286 872/1307/1261 846/1304/1216 860/1306/1253
s off
f 862/1399/1287 863/1400/1288 861/1401/1289 822/1402/1290 821/1403/1291 844/1404/1292 845/1405/1293 867/1406/1294 868/1407/1295 869/1408/1296
s 1
f 861/1285/1277 863/1289/1297 865/1290/1298 866/1286/1278
s 5
f 863/1372/1299 862/1360/1270 864/1359/1269 865/1371/1300
f 870/1350/1258 871/1349/1257 901/1351/1301 900/1352/1271
s 1
f 871/1313/1262 872/1307/1261 902/1311/1286 901/1317/1302
s 5
f 873/1354/1264 874/1365/1303 889/1367/1304 888/1355/1265
s 1
f 874/1388/1305 875/1381/1275 890/1387/1282 889/1394/1306
f 875/1381/1275 874/1388/1305 877/1389/1307 878/1382/1276
s 5
f 874/1365/1303 873/1354/1264 876/1353/1263 877/1366/1308
s 1
f 866/1286/1278 865/1290/1298 880/1294/1309 881/1291/1279
s 5
f 865/1371/1300 864/1359/1269 879/1358/1268 880/1370/1310
s 1
f 881/1291/1279 880/1294/1309 883/1298/1311 884/1295/1280
s 5
f 880/1370/1310 879/1358/1268 882/1357/1267 883/1369/1312
s 1
f 884/1295/1280 883/1298/1311 886/1300/1313 887/1299/1281
s 5
f 883/1369/1312 882/1357/1267 885/1356/1266 886/1368/1314
s 1
f 887/1393/1281 886/1397/1313 889/1394/1306 890/1387/1282
s 5
f 886/1368/1314 885/1356/1266 888/1355/1265 889/1367/1304
s 1
f 878/1382/1276 877/1389/1307 892/1395/1315 893/1390/1283
s 5
f 877/1366/1308 876/1353/1263 891/1363/1274 892/1374/1316
s 1
f 893/1390/1283 892/1395/1315 895/1398/1317 896/1396/1284
s 5
f 892/1374/1316 891/1363/1274 894/1362/1273 895/1373/1318
s 1
f 896/1318/1284 895/1320/1317 898/1319/1319 899/1316/1285
s 5
f 895/1373/1318 894/1362/1273 897/1361/1272 898/1364/1320
s 1
f 899/1316/1285 898/1319/1319 901/1317/1302 902/1311/1286
s 5
f 898/1364/1320 897/1361/1272 900/1352/1271 901/1351/1301
s 2
f 821/1331/1220 824/1342/1230 823/1332/1221
